entity,code,year,share_employed_agriculture
Afghanistan,AFG,1991,65.33395
Afghanistan,AFG,1992,65.26723
Afghanistan,AFG,1993,65.31704
Afghanistan,AFG,1994,65.50639
Afghanistan,AFG,1995,64.83104
Afghanistan,AFG,1996,64.459526
Afghanistan,AFG,1997,64.09079
Afghanistan,AFG,1998,63.874027
Afghanistan,AFG,1999,63.665916
Afghanistan,AFG,2000,63.450775
Afghanistan,AFG,2001,64.52317
Afghanistan,AFG,2002,62.585796
Afghanistan,AFG,2003,62.04283
Afghanistan,AFG,2004,61.981693
Afghanistan,AFG,2005,60.792007
Afghanistan,AFG,2006,60.350628
Afghanistan,AFG,2007,58.74191
Afghanistan,AFG,2008,58.065292
Afghanistan,AFG,2009,54.884262
Afghanistan,AFG,2010,51.856426
Afghanistan,AFG,2011,51.317493
Afghanistan,AFG,2012,48.764168
Afghanistan,AFG,2013,46.577797
Afghanistan,AFG,2014,43.90517
Afghanistan,AFG,2015,43.648743
Afghanistan,AFG,2016,43.411724
Afghanistan,AFG,2017,43.002968
Afghanistan,AFG,2018,43.606915
Afghanistan,AFG,2019,43.87717
Afghanistan,AFG,2020,45.98341
Afghanistan,AFG,2021,50.23177
Afghanistan,AFG,2022,51.536278
Afghanistan,AFG,2023,51.291325
Afghanistan,AFG,2024,51.45441
Afghanistan,AFG,2025,51.62899
Albania,ALB,1991,40.828915
Albania,ALB,1992,40.484447
Albania,ALB,1993,40.925434
Albania,ALB,1994,41.20419
Albania,ALB,1995,42.677906
Albania,ALB,1996,45.769672
Albania,ALB,1997,44.335308
Albania,ALB,1998,45.50512
Albania,ALB,1999,47.15398
Albania,ALB,2000,46.4705
Albania,ALB,2001,46.370995
Albania,ALB,2002,45.653294
Albania,ALB,2003,45.955116
Albania,ALB,2004,46.229164
Albania,ALB,2005,46.34175
Albania,ALB,2006,45.693512
Albania,ALB,2007,45.131237
Albania,ALB,2008,44.626125
Albania,ALB,2009,44.720795
Albania,ALB,2010,42.8547
Albania,ALB,2011,45.440018
Albania,ALB,2012,46.13069
Albania,ALB,2013,43.961674
Albania,ALB,2014,41.904827
Albania,ALB,2015,41.09194
Albania,ALB,2016,39.67758
Albania,ALB,2017,37.811592
Albania,ALB,2018,37.059956
Albania,ALB,2019,36.235134
Albania,ALB,2020,35.861916
Albania,ALB,2021,33.80477
Albania,ALB,2022,33.75425
Albania,ALB,2023,32.03858
Albania,ALB,2024,31.425869
Albania,ALB,2025,30.772284
Algeria,DZA,1991,22.31732
Algeria,DZA,1992,22.201452
Algeria,DZA,1993,22.330214
Algeria,DZA,1994,22.456997
Algeria,DZA,1995,22.381939
Algeria,DZA,1996,22.250137
Algeria,DZA,1997,22.336685
Algeria,DZA,1998,21.948633
Algeria,DZA,1999,21.89817
Algeria,DZA,2000,21.997717
Algeria,DZA,2001,21.717978
Algeria,DZA,2002,21.7513
Algeria,DZA,2003,21.722033
Algeria,DZA,2004,21.340475
Algeria,DZA,2005,19.6464
Algeria,DZA,2006,17.997587
Algeria,DZA,2007,16.368908
Algeria,DZA,2008,14.927335
Algeria,DZA,2009,13.343936
Algeria,DZA,2010,11.999412
Algeria,DZA,2011,10.771955
Algeria,DZA,2012,10.354464
Algeria,DZA,2013,9.929969
Algeria,DZA,2014,9.345166
Algeria,DZA,2015,8.850977
Algeria,DZA,2016,8.536152
Algeria,DZA,2017,10.161292
Algeria,DZA,2018,10.110452
Algeria,DZA,2019,10.00538
Algeria,DZA,2020,10.465228
Algeria,DZA,2021,10.283683
Algeria,DZA,2022,10.169704
Algeria,DZA,2023,9.847864
Algeria,DZA,2024,9.6617985
Algeria,DZA,2025,9.484603
Angola,AGO,1991,29.114954
Angola,AGO,1992,29.694153
Angola,AGO,1993,30.290949
Angola,AGO,1994,30.858088
Angola,AGO,1995,30.625109
Angola,AGO,1996,30.513721
Angola,AGO,1997,30.32497
Angola,AGO,1998,30.195345
Angola,AGO,1999,30.80913
Angola,AGO,2000,30.909449
Angola,AGO,2001,30.724062
Angola,AGO,2002,30.554617
Angola,AGO,2003,30.67204
Angola,AGO,2004,30.888517
Angola,AGO,2005,33.09811
Angola,AGO,2006,35.21286
Angola,AGO,2007,37.28662
Angola,AGO,2008,39.423428
Angola,AGO,2009,41.579163
Angola,AGO,2010,44.10378
Angola,AGO,2011,46.511356
Angola,AGO,2012,48.58361
Angola,AGO,2013,50.624603
Angola,AGO,2014,52.76289
Angola,AGO,2015,52.70021
Angola,AGO,2016,52.92132
Angola,AGO,2017,53.00894
Angola,AGO,2018,53.309143
Angola,AGO,2019,53.423325
Angola,AGO,2020,55.559734
Angola,AGO,2021,56.707508
Angola,AGO,2022,52.48476
Angola,AGO,2023,52.406628
Angola,AGO,2024,52.154747
Angola,AGO,2025,51.94939
Argentina,ARG,1991,14.316247
Argentina,ARG,1992,13.832088
Argentina,ARG,1993,13.352449
Argentina,ARG,1994,12.907026
Argentina,ARG,1995,12.746233
Argentina,ARG,1996,12.3705225
Argentina,ARG,1997,11.977223
Argentina,ARG,1998,11.676456
Argentina,ARG,1999,11.5790415
Argentina,ARG,2000,11.447522
Argentina,ARG,2001,11.406978
Argentina,ARG,2002,11.613125
Argentina,ARG,2003,11.251445
Argentina,ARG,2004,10.7373495
Argentina,ARG,2005,10.270474
Argentina,ARG,2006,9.827026
Argentina,ARG,2007,9.445489
Argentina,ARG,2008,9.169911
Argentina,ARG,2009,9.044341
Argentina,ARG,2010,8.710792
Argentina,ARG,2011,8.533942
Argentina,ARG,2012,8.3882065
Argentina,ARG,2013,8.227696
Argentina,ARG,2014,8.174669
Argentina,ARG,2015,7.9781084
Argentina,ARG,2016,7.939769
Argentina,ARG,2017,7.7678
Argentina,ARG,2018,7.724215
Argentina,ARG,2019,7.613047
Argentina,ARG,2020,7.7668095
Argentina,ARG,2021,7.7500877
Argentina,ARG,2022,7.564841
Argentina,ARG,2023,7.36523
Argentina,ARG,2024,7.248469
Argentina,ARG,2025,7.0009418
Armenia,ARM,1991,46.147408
Armenia,ARM,1992,47.4279
Armenia,ARM,1993,48.217854
Armenia,ARM,1994,48.400635
Armenia,ARM,1995,48.427113
Armenia,ARM,1996,48.404488
Armenia,ARM,1997,48.37915
Armenia,ARM,1998,48.266975
Armenia,ARM,1999,48.11123
Armenia,ARM,2000,48.01142
Armenia,ARM,2001,47.725113
Armenia,ARM,2002,47.156113
Armenia,ARM,2003,45.574314
Armenia,ARM,2004,43.99502
Armenia,ARM,2005,42.154213
Armenia,ARM,2006,40.383316
Armenia,ARM,2007,38.52203
Armenia,ARM,2008,38.012947
Armenia,ARM,2009,38.321148
Armenia,ARM,2010,38.197712
Armenia,ARM,2011,37.789654
Armenia,ARM,2012,36.63312
Armenia,ARM,2013,35.04311
Armenia,ARM,2014,34.825817
Armenia,ARM,2015,35.3288
Armenia,ARM,2016,33.59875
Armenia,ARM,2017,31.343597
Armenia,ARM,2018,32.786396
Armenia,ARM,2019,30.58632
Armenia,ARM,2020,29.386696
Armenia,ARM,2021,28.344164
Armenia,ARM,2022,29.244354
Armenia,ARM,2023,28.066616
Armenia,ARM,2024,27.480968
Armenia,ARM,2025,26.971561
Australia,AUS,1991,5.9457574
Australia,AUS,1992,5.6290164
Australia,AUS,1993,5.697696
Australia,AUS,1994,5.461243
Australia,AUS,1995,5.321305
Australia,AUS,1996,5.396859
Australia,AUS,1997,5.469699
Australia,AUS,1998,5.4027166
Australia,AUS,1999,5.494802
Australia,AUS,2000,5.411927
Australia,AUS,2001,5.2969832
Australia,AUS,2002,4.8860636
Australia,AUS,2003,4.3680663
Australia,AUS,2004,4.174069
Australia,AUS,2005,3.9992774
Australia,AUS,2006,3.8130708
Australia,AUS,2007,3.711927
Australia,AUS,2008,3.6040263
Australia,AUS,2009,3.5285594
Australia,AUS,2010,3.5262835
Australia,AUS,2011,3.0824978
Australia,AUS,2012,3.0639136
Australia,AUS,2013,2.8652775
Australia,AUS,2014,2.7983198
Australia,AUS,2015,2.636508
Australia,AUS,2016,2.6199832
Australia,AUS,2017,2.5960534
Australia,AUS,2018,2.6168506
Australia,AUS,2019,2.5582974
Australia,AUS,2020,2.765998
Australia,AUS,2021,2.4984121
Australia,AUS,2022,2.1974275
Australia,AUS,2023,2.149748
Australia,AUS,2024,2.2305248
Australia,AUS,2025,2.1761203
Austria,AUT,1991,7.3418193
Austria,AUT,1992,7.043202
Austria,AUT,1993,6.871262
Austria,AUT,1994,6.677872
Austria,AUT,1995,6.80472
Austria,AUT,1996,6.8855314
Austria,AUT,1997,6.377302
Austria,AUT,1998,6.0056977
Austria,AUT,1999,5.7603955
Austria,AUT,2000,5.5866485
Austria,AUT,2001,5.3686013
Austria,AUT,2002,5.315052
Austria,AUT,2003,5.0842414
Austria,AUT,2004,4.950244
Austria,AUT,2005,5.274581
Austria,AUT,2006,5.24448
Austria,AUT,2007,5.5268526
Austria,AUT,2008,5.451275
Austria,AUT,2009,5.567568
Austria,AUT,2010,5.429753
Austria,AUT,2011,4.937555
Austria,AUT,2012,4.6752453
Austria,AUT,2013,4.5757117
Austria,AUT,2014,4.8368874
Austria,AUT,2015,4.531006
Austria,AUT,2016,4.348161
Austria,AUT,2017,3.929853
Austria,AUT,2018,3.694109
Austria,AUT,2019,3.6561399
Austria,AUT,2020,3.8638315
Austria,AUT,2021,3.7348094
Austria,AUT,2022,3.5385594
Austria,AUT,2023,3.1171937
Austria,AUT,2024,2.827109
Austria,AUT,2025,2.766473
Azerbaijan,AZE,1991,44.920727
Azerbaijan,AZE,1992,48.012012
Azerbaijan,AZE,1993,45.311604
Azerbaijan,AZE,1994,44.1226
Azerbaijan,AZE,1995,43.72117
Azerbaijan,AZE,1996,44.37739
Azerbaijan,AZE,1997,43.859165
Azerbaijan,AZE,1998,42.911255
Azerbaijan,AZE,1999,42.313923
Azerbaijan,AZE,2000,41.00958
Azerbaijan,AZE,2001,39.95425
Azerbaijan,AZE,2002,40.185177
Azerbaijan,AZE,2003,38.202393
Azerbaijan,AZE,2004,39.536892
Azerbaijan,AZE,2005,39.317448
Azerbaijan,AZE,2006,39.546886
Azerbaijan,AZE,2007,38.549126
Azerbaijan,AZE,2008,39.59321
Azerbaijan,AZE,2009,38.12479
Azerbaijan,AZE,2010,38.22998
Azerbaijan,AZE,2011,37.882774
Azerbaijan,AZE,2012,37.653336
Azerbaijan,AZE,2013,37.100548
Azerbaijan,AZE,2014,36.753456
Azerbaijan,AZE,2015,36.355854
Azerbaijan,AZE,2016,36.336895
Azerbaijan,AZE,2017,36.35064
Azerbaijan,AZE,2018,36.261356
Azerbaijan,AZE,2019,35.94952
Azerbaijan,AZE,2020,35.932903
Azerbaijan,AZE,2021,35.869675
Azerbaijan,AZE,2022,35.769295
Azerbaijan,AZE,2023,35.138557
Azerbaijan,AZE,2024,34.691677
Azerbaijan,AZE,2025,34.22684
Bahamas,BHS,1991,5.2537556
Bahamas,BHS,1992,5.2511363
Bahamas,BHS,1993,5.4587455
Bahamas,BHS,1994,5.4304705
Bahamas,BHS,1995,4.338323
Bahamas,BHS,1996,4.9918485
Bahamas,BHS,1997,3.8385642
Bahamas,BHS,1998,3.5300713
Bahamas,BHS,1999,4.0319676
Bahamas,BHS,2000,4.108961
Bahamas,BHS,2001,4.2027683
Bahamas,BHS,2002,3.7115953
Bahamas,BHS,2003,2.9993982
Bahamas,BHS,2004,4.431786
Bahamas,BHS,2005,3.494095
Bahamas,BHS,2006,2.5057127
Bahamas,BHS,2007,2.302944
Bahamas,BHS,2008,2.9370408
Bahamas,BHS,2009,2.8811257
Bahamas,BHS,2010,3.2853725
Bahamas,BHS,2011,3.7420304
Bahamas,BHS,2012,3.1320636
Bahamas,BHS,2013,2.6756968
Bahamas,BHS,2014,2.2401123
Bahamas,BHS,2015,1.8800821
Bahamas,BHS,2016,1.5853566
Bahamas,BHS,2017,1.3129609
Bahamas,BHS,2018,1.0905828
Bahamas,BHS,2019,0.91104645
Bahamas,BHS,2020,0.9339088
Bahamas,BHS,2021,0.9212713
Bahamas,BHS,2022,0.86221176
Bahamas,BHS,2023,0.8305836
Bahamas,BHS,2024,0.801097
Bahamas,BHS,2025,0.7749709
Bahrain,BHR,1991,2.4266233
Bahrain,BHR,1992,2.3090193
Bahrain,BHR,1993,2.1789243
Bahrain,BHR,1994,2.0903914
Bahrain,BHR,1995,2.0026553
Bahrain,BHR,1996,1.9218861
Bahrain,BHR,1997,1.8472052
Bahrain,BHR,1998,1.76883
Bahrain,BHR,1999,1.7022878
Bahrain,BHR,2000,1.639468
Bahrain,BHR,2001,1.5676053
Bahrain,BHR,2002,1.522779
Bahrain,BHR,2003,1.4727434
Bahrain,BHR,2004,1.4118072
Bahrain,BHR,2005,1.3549925
Bahrain,BHR,2006,1.2966757
Bahrain,BHR,2007,1.2386278
Bahrain,BHR,2008,1.1830664
Bahrain,BHR,2009,1.1415726
Bahrain,BHR,2010,1.0875672
Bahrain,BHR,2011,1.0903844
Bahrain,BHR,2012,1.0857376
Bahrain,BHR,2013,1.0821193
Bahrain,BHR,2014,1.0781766
Bahrain,BHR,2015,1.0745169
Bahrain,BHR,2016,1.0449321
Bahrain,BHR,2017,1.0200554
Bahrain,BHR,2018,0.9933535
Bahrain,BHR,2019,0.96334463
Bahrain,BHR,2020,0.95258605
Bahrain,BHR,2021,0.9363494
Bahrain,BHR,2022,0.90963036
Bahrain,BHR,2023,0.88100326
Bahrain,BHR,2024,0.85598034
Bahrain,BHR,2025,0.8343525
Bangladesh,BGD,1991,69.92132
Bangladesh,BGD,1992,69.71018
Bangladesh,BGD,1993,69.39548
Bangladesh,BGD,1994,68.8756
Bangladesh,BGD,1995,68.01809
Bangladesh,BGD,1996,66.98697
Bangladesh,BGD,1997,67.29939
Bangladesh,BGD,1998,67.51579
Bangladesh,BGD,1999,67.56904
Bangladesh,BGD,2000,67.59569
Bangladesh,BGD,2001,63.663765
Bangladesh,BGD,2002,59.42198
Bangladesh,BGD,2003,54.813675
Bangladesh,BGD,2004,53.175076
Bangladesh,BGD,2005,51.359688
Bangladesh,BGD,2006,50.485725
Bangladesh,BGD,2007,49.71491
Bangladesh,BGD,2008,48.985542
Bangladesh,BGD,2009,48.327755
Bangladesh,BGD,2010,47.59255
Bangladesh,BGD,2011,46.773594
Bangladesh,BGD,2012,45.918068
Bangladesh,BGD,2013,45.099182
Bangladesh,BGD,2014,44.40462
Bangladesh,BGD,2015,43.542343
Bangladesh,BGD,2016,42.664745
Bangladesh,BGD,2017,40.597305
Bangladesh,BGD,2018,40.765797
Bangladesh,BGD,2019,40.840134
Bangladesh,BGD,2020,42.547676
Bangladesh,BGD,2021,43.465717
Bangladesh,BGD,2022,43.6687
Bangladesh,BGD,2023,45.36634
Bangladesh,BGD,2024,44.736034
Bangladesh,BGD,2025,44.260124
Barbados,BRB,1991,4.7978683
Barbados,BRB,1992,5.4816585
Barbados,BRB,1993,4.8144655
Barbados,BRB,1994,4.633626
Barbados,BRB,1995,4.0316296
Barbados,BRB,1996,4.8105545
Barbados,BRB,1997,4.664589
Barbados,BRB,1998,3.9061613
Barbados,BRB,1999,3.7822464
Barbados,BRB,2000,3.2563164
Barbados,BRB,2001,3.6488178
Barbados,BRB,2002,3.5391374
Barbados,BRB,2003,4.0188904
Barbados,BRB,2004,3.8927763
Barbados,BRB,2005,2.7578595
Barbados,BRB,2006,4.151782
Barbados,BRB,2007,3.4793925
Barbados,BRB,2008,3.184842
Barbados,BRB,2009,3.3325493
Barbados,BRB,2010,3.2938185
Barbados,BRB,2011,3.1864548
Barbados,BRB,2012,3.1231377
Barbados,BRB,2013,3.0328672
Barbados,BRB,2014,2.9538288
Barbados,BRB,2015,2.8902733
Barbados,BRB,2016,2.8617373
Barbados,BRB,2017,3.1054053
Barbados,BRB,2018,3.0950034
Barbados,BRB,2019,2.827677
Barbados,BRB,2020,2.9699702
Barbados,BRB,2021,2.9308844
Barbados,BRB,2022,2.8516421
Barbados,BRB,2023,1.3696985
Barbados,BRB,2024,1.3019367
Barbados,BRB,2025,1.2453344
Belarus,BLR,1991,22.424105
Belarus,BLR,1992,23.391651
Belarus,BLR,1993,22.763899
Belarus,BLR,1994,22.217138
Belarus,BLR,1995,22.51514
Belarus,BLR,1996,22.049257
Belarus,BLR,1997,21.094364
Belarus,BLR,1998,20.271574
Belarus,BLR,1999,19.727936
Belarus,BLR,2000,19.004717
Belarus,BLR,2001,18.344872
Belarus,BLR,2002,17.66355
Belarus,BLR,2003,16.866827
Belarus,BLR,2004,15.927729
Belarus,BLR,2005,15.050607
Belarus,BLR,2006,14.186452
Belarus,BLR,2007,13.417572
Belarus,BLR,2008,12.609954
Belarus,BLR,2009,12.289739
Belarus,BLR,2010,11.654202
Belarus,BLR,2011,11.183467
Belarus,BLR,2012,10.830643
Belarus,BLR,2013,10.499002
Belarus,BLR,2014,10.193754
Belarus,BLR,2015,9.738285
Belarus,BLR,2016,9.738285
Belarus,BLR,2017,10.69646
Belarus,BLR,2018,11.314737
Belarus,BLR,2019,11.057105
Belarus,BLR,2020,10.892364
Belarus,BLR,2021,10.907211
Belarus,BLR,2022,10.108313
Belarus,BLR,2023,10.112185
Belarus,BLR,2024,9.746538
Belarus,BLR,2025,9.4783745
Belgium,BEL,1991,2.759097
Belgium,BEL,1992,2.6959727
Belgium,BEL,1993,2.6443012
Belgium,BEL,1994,2.888428
Belgium,BEL,1995,2.6786041
Belgium,BEL,1996,2.7410808
Belgium,BEL,1997,2.656529
Belgium,BEL,1998,2.2377887
Belgium,BEL,1999,2.3930178
Belgium,BEL,2000,1.9078853
Belgium,BEL,2001,1.3796303
Belgium,BEL,2002,1.7897705
Belgium,BEL,2003,1.7210968
Belgium,BEL,2004,2.2188327
Belgium,BEL,2005,2.0389504
Belgium,BEL,2006,1.9542733
Belgium,BEL,2007,1.8563157
Belgium,BEL,2008,1.5528103
Belgium,BEL,2009,1.4870305
Belgium,BEL,2010,1.3519728
Belgium,BEL,2011,1.3005244
Belgium,BEL,2012,1.1719985
Belgium,BEL,2013,1.3598408
Belgium,BEL,2014,1.2181708
Belgium,BEL,2015,1.1765262
Belgium,BEL,2016,1.2513446
Belgium,BEL,2017,1.1785253
Belgium,BEL,2018,0.8628608
Belgium,BEL,2019,1.0814513
Belgium,BEL,2020,1.0075073
Belgium,BEL,2021,1.0912539
Belgium,BEL,2022,1.0714128
Belgium,BEL,2023,1.0854945
Belgium,BEL,2024,1.0089492
Belgium,BEL,2025,0.98472244
Belize,BLZ,1991,29.231384
Belize,BLZ,1992,28.671663
Belize,BLZ,1993,28.175785
Belize,BLZ,1994,27.440311
Belize,BLZ,1995,27.153328
Belize,BLZ,1996,28.68161
Belize,BLZ,1997,29.910114
Belize,BLZ,1998,25.015692
Belize,BLZ,1999,27.471487
Belize,BLZ,2000,25.955769
Belize,BLZ,2001,24.578428
Belize,BLZ,2002,23.26515
Belize,BLZ,2003,21.997046
Belize,BLZ,2004,20.771326
Belize,BLZ,2005,19.553858
Belize,BLZ,2006,19.335882
Belize,BLZ,2007,19.079483
Belize,BLZ,2008,18.896408
Belize,BLZ,2009,18.752659
Belize,BLZ,2010,18.592733
Belize,BLZ,2011,18.418455
Belize,BLZ,2012,18.167988
Belize,BLZ,2013,17.895863
Belize,BLZ,2014,17.67061
Belize,BLZ,2015,18.08202
Belize,BLZ,2016,18.561762
Belize,BLZ,2017,17.417618
Belize,BLZ,2018,17.421383
Belize,BLZ,2019,16.860458
Belize,BLZ,2020,17.750654
Belize,BLZ,2021,17.526411
Belize,BLZ,2022,17.079517
Belize,BLZ,2023,16.83667
Belize,BLZ,2024,16.389946
Belize,BLZ,2025,16.13293
Benin,BEN,1991,46.571686
Benin,BEN,1992,46.525063
Benin,BEN,1993,46.38032
Benin,BEN,1994,46.339676
Benin,BEN,1995,45.893517
Benin,BEN,1996,45.839417
Benin,BEN,1997,45.570797
Benin,BEN,1998,45.50558
Benin,BEN,1999,45.317173
Benin,BEN,2000,44.94282
Benin,BEN,2001,44.669193
Benin,BEN,2002,44.51817
Benin,BEN,2003,44.363163
Benin,BEN,2004,44.255547
Benin,BEN,2005,44.361485
Benin,BEN,2006,44.232224
Benin,BEN,2007,43.798336
Benin,BEN,2008,43.502975
Benin,BEN,2009,43.633137
Benin,BEN,2010,43.74191
Benin,BEN,2011,43.62628
Benin,BEN,2012,43.71565
Benin,BEN,2013,43.319633
Benin,BEN,2014,42.91235
Benin,BEN,2015,43.191704
Benin,BEN,2016,43.325653
Benin,BEN,2017,42.944588
Benin,BEN,2018,42.316372
Benin,BEN,2019,41.986515
Benin,BEN,2020,43.308487
Benin,BEN,2021,43.43637
Benin,BEN,2022,42.6711
Benin,BEN,2023,41.857067
Benin,BEN,2024,41.050396
Benin,BEN,2025,40.241047
Bhutan,BTN,1991,67.6612
Bhutan,BTN,1992,67.14469
Bhutan,BTN,1993,66.70712
Bhutan,BTN,1994,66.37774
Bhutan,BTN,1995,65.9599
Bhutan,BTN,1996,65.58579
Bhutan,BTN,1997,65.29276
Bhutan,BTN,1998,64.96063
Bhutan,BTN,1999,64.599174
Bhutan,BTN,2000,64.26422
Bhutan,BTN,2001,63.910984
Bhutan,BTN,2002,63.4946
Bhutan,BTN,2003,63.148426
Bhutan,BTN,2004,62.74673
Bhutan,BTN,2005,62.299805
Bhutan,BTN,2006,62.05245
Bhutan,BTN,2007,61.51503
Bhutan,BTN,2008,61.14164
Bhutan,BTN,2009,60.448677
Bhutan,BTN,2010,59.64251
Bhutan,BTN,2011,60.148216
Bhutan,BTN,2012,58.352802
Bhutan,BTN,2013,56.34438
Bhutan,BTN,2014,56.650955
Bhutan,BTN,2015,57.985653
Bhutan,BTN,2016,56.572548
Bhutan,BTN,2017,55.452686
Bhutan,BTN,2018,54.000286
Bhutan,BTN,2019,51.125904
Bhutan,BTN,2020,49.91541
Bhutan,BTN,2021,49.85916
Bhutan,BTN,2022,43.955746
Bhutan,BTN,2023,43.813488
Bhutan,BTN,2024,43.20375
Bhutan,BTN,2025,42.369984
Bolivia,BOL,1991,35.151306
Bolivia,BOL,1992,37.6213
Bolivia,BOL,1993,35.837822
Bolivia,BOL,1994,33.71012
Bolivia,BOL,1995,38.310146
Bolivia,BOL,1996,37.64273
Bolivia,BOL,1997,38.90199
Bolivia,BOL,1998,37.90354
Bolivia,BOL,1999,37.33018
Bolivia,BOL,2000,36.60996
Bolivia,BOL,2001,41.75943
Bolivia,BOL,2002,39.689842
Bolivia,BOL,2003,32.728554
Bolivia,BOL,2004,32.728695
Bolivia,BOL,2005,36.151306
Bolivia,BOL,2006,37.00849
Bolivia,BOL,2007,33.743507
Bolivia,BOL,2008,28.964563
Bolivia,BOL,2009,27.914244
Bolivia,BOL,2010,29.80402
Bolivia,BOL,2011,31.50875
Bolivia,BOL,2012,29.246117
Bolivia,BOL,2013,31.104826
Bolivia,BOL,2014,29.122946
Bolivia,BOL,2015,27.991392
Bolivia,BOL,2016,27.524544
Bolivia,BOL,2017,28.266115
Bolivia,BOL,2018,28.757027
Bolivia,BOL,2019,25.199188
Bolivia,BOL,2020,27.878464
Bolivia,BOL,2021,27.647419
Bolivia,BOL,2022,24.808136
Bolivia,BOL,2023,25.078905
Bolivia,BOL,2024,24.92252
Bolivia,BOL,2025,24.71439
Bosnia and Herzegovina,BIH,1991,26.922415
Bosnia and Herzegovina,BIH,1992,26.347616
Bosnia and Herzegovina,BIH,1993,25.99081
Bosnia and Herzegovina,BIH,1994,25.89092
Bosnia and Herzegovina,BIH,1995,25.751543
Bosnia and Herzegovina,BIH,1996,25.838572
Bosnia and Herzegovina,BIH,1997,25.614607
Bosnia and Herzegovina,BIH,1998,25.162704
Bosnia and Herzegovina,BIH,1999,24.796257
Bosnia and Herzegovina,BIH,2000,24.260891
Bosnia and Herzegovina,BIH,2001,23.78997
Bosnia and Herzegovina,BIH,2002,23.386778
Bosnia and Herzegovina,BIH,2003,22.967785
Bosnia and Herzegovina,BIH,2004,22.62677
Bosnia and Herzegovina,BIH,2005,22.20016
Bosnia and Herzegovina,BIH,2006,21.700193
Bosnia and Herzegovina,BIH,2007,20.976492
Bosnia and Herzegovina,BIH,2008,21.766855
Bosnia and Herzegovina,BIH,2009,22.434334
Bosnia and Herzegovina,BIH,2010,20.86315
Bosnia and Herzegovina,BIH,2011,20.781858
Bosnia and Herzegovina,BIH,2012,21.751223
Bosnia and Herzegovina,BIH,2013,20.003649
Bosnia and Herzegovina,BIH,2014,18.148026
Bosnia and Herzegovina,BIH,2015,18.979391
Bosnia and Herzegovina,BIH,2016,19.048819
Bosnia and Herzegovina,BIH,2017,19.99703
Bosnia and Herzegovina,BIH,2018,16.73462
Bosnia and Herzegovina,BIH,2019,19.040413
Bosnia and Herzegovina,BIH,2020,12.818847
Bosnia and Herzegovina,BIH,2021,18.550516
Bosnia and Herzegovina,BIH,2022,18.021885
Bosnia and Herzegovina,BIH,2023,17.57255
Bosnia and Herzegovina,BIH,2024,17.116018
Bosnia and Herzegovina,BIH,2025,16.708992
Botswana,BWA,1991,12.578346
Botswana,BWA,1992,12.326244
Botswana,BWA,1993,12.110773
Botswana,BWA,1994,11.824275
Botswana,BWA,1995,11.508137
Botswana,BWA,1996,11.160967
Botswana,BWA,1997,13.09866
Botswana,BWA,1998,15.49659
Botswana,BWA,1999,15.066053
Botswana,BWA,2000,14.785605
Botswana,BWA,2001,8.900217
Botswana,BWA,2002,11.997075
Botswana,BWA,2003,15.874124
Botswana,BWA,2004,18.017056
Botswana,BWA,2005,20.169209
Botswana,BWA,2006,22.39149
Botswana,BWA,2007,21.06479
Botswana,BWA,2008,19.93313
Botswana,BWA,2009,19.123293
Botswana,BWA,2010,18.405611
Botswana,BWA,2011,17.878185
Botswana,BWA,2012,17.757479
Botswana,BWA,2013,16.933056
Botswana,BWA,2014,16.414637
Botswana,BWA,2015,16.533363
Botswana,BWA,2016,15.9770565
Botswana,BWA,2017,15.594549
Botswana,BWA,2018,15.274282
Botswana,BWA,2019,14.888652
Botswana,BWA,2020,19.443403
Botswana,BWA,2021,17.593378
Botswana,BWA,2022,17.638435
Botswana,BWA,2023,17.99888
Botswana,BWA,2024,18.10637
Botswana,BWA,2025,18.028505
Brazil,BRA,1991,16.101215
Brazil,BRA,1992,16.423635
Brazil,BRA,1993,16.217047
Brazil,BRA,1994,15.911161
Brazil,BRA,1995,15.706432
Brazil,BRA,1996,14.706283
Brazil,BRA,1997,14.55393
Brazil,BRA,1998,13.893553
Brazil,BRA,1999,14.376674
Brazil,BRA,2000,14.207836
Brazil,BRA,2001,14.138135
Brazil,BRA,2002,14.220011
Brazil,BRA,2003,14.376949
Brazil,BRA,2004,14.82802
Brazil,BRA,2005,14.328504
Brazil,BRA,2006,13.362628
Brazil,BRA,2007,12.468453
Brazil,BRA,2008,11.671601
Brazil,BRA,2009,11.278703
Brazil,BRA,2010,10.515362
Brazil,BRA,2011,9.913598
Brazil,BRA,2012,9.848147
Brazil,BRA,2013,10.02607
Brazil,BRA,2014,9.306504
Brazil,BRA,2015,9.332392
Brazil,BRA,2016,9.79793
Brazil,BRA,2017,9.191431
Brazil,BRA,2018,9.056943
Brazil,BRA,2019,8.877278
Brazil,BRA,2020,9.3140745
Brazil,BRA,2021,9.495609
Brazil,BRA,2022,8.731441
Brazil,BRA,2023,8.202818
Brazil,BRA,2024,7.7156525
Brazil,BRA,2025,7.6278257
Brunei,BRN,1991,2.6286323
Brunei,BRN,1992,2.5376382
Brunei,BRN,1993,2.4471292
Brunei,BRN,1994,2.3612702
Brunei,BRN,1995,2.2614274
Brunei,BRN,1996,2.1885247
Brunei,BRN,1997,2.1130984
Brunei,BRN,1998,2.032119
Brunei,BRN,1999,1.9771094
Brunei,BRN,2000,1.9129642
Brunei,BRN,2001,1.8393757
Brunei,BRN,2002,1.7971019
Brunei,BRN,2003,1.7637984
Brunei,BRN,2004,1.7319263
Brunei,BRN,2005,1.7033806
Brunei,BRN,2006,1.6701669
Brunei,BRN,2007,1.6363616
Brunei,BRN,2008,1.6129489
Brunei,BRN,2009,1.5713823
Brunei,BRN,2010,1.544715
Brunei,BRN,2011,1.5217415
Brunei,BRN,2012,1.4907917
Brunei,BRN,2013,1.4601814
Brunei,BRN,2014,1.4317526
Brunei,BRN,2015,1.4027984
Brunei,BRN,2016,1.3801521
Brunei,BRN,2017,1.3585348
Brunei,BRN,2018,1.0607816
Brunei,BRN,2019,1.9535826
Brunei,BRN,2020,1.336498
Brunei,BRN,2021,1.4057369
Brunei,BRN,2022,1.5165342
Brunei,BRN,2023,1.2713485
Brunei,BRN,2024,1.2365512
Brunei,BRN,2025,1.2010585
Bulgaria,BGR,1991,9.504939
Bulgaria,BGR,1992,9.962235
Bulgaria,BGR,1993,10.570934
Bulgaria,BGR,1994,11.19403
Bulgaria,BGR,1995,11.864368
Bulgaria,BGR,1996,12.49401
Bulgaria,BGR,1997,13.172869
Bulgaria,BGR,1998,13.741189
Bulgaria,BGR,1999,13.44747
Bulgaria,BGR,2000,13.19636
Bulgaria,BGR,2001,9.69357
Bulgaria,BGR,2002,10.705141
Bulgaria,BGR,2003,11.139506
Bulgaria,BGR,2004,10.745269
Bulgaria,BGR,2005,8.938781
Bulgaria,BGR,2006,8.107979
Bulgaria,BGR,2007,7.5443482
Bulgaria,BGR,2008,7.625506
Bulgaria,BGR,2009,6.8851457
Bulgaria,BGR,2010,6.6893063
Bulgaria,BGR,2011,6.4777236
Bulgaria,BGR,2012,6.5356812
Bulgaria,BGR,2013,6.4910827
Bulgaria,BGR,2014,7.2673306
Bulgaria,BGR,2015,6.8064113
Bulgaria,BGR,2016,6.900656
Bulgaria,BGR,2017,7.1900244
Bulgaria,BGR,2018,6.714854
Bulgaria,BGR,2019,6.788471
Bulgaria,BGR,2020,6.583848
Bulgaria,BGR,2021,6.4223485
Bulgaria,BGR,2022,6.5514417
Bulgaria,BGR,2023,6.245149
Bulgaria,BGR,2024,4.8443146
Bulgaria,BGR,2025,4.6892214
Burkina Faso,BFA,1991,81.91189
Burkina Faso,BFA,1992,82.00615
Burkina Faso,BFA,1993,81.89233
Burkina Faso,BFA,1994,81.89697
Burkina Faso,BFA,1995,81.070946
Burkina Faso,BFA,1996,79.80998
Burkina Faso,BFA,1997,78.75921
Burkina Faso,BFA,1998,77.76168
Burkina Faso,BFA,1999,76.52077
Burkina Faso,BFA,2000,75.75858
Burkina Faso,BFA,2001,74.67183
Burkina Faso,BFA,2002,73.65781
Burkina Faso,BFA,2003,72.28097
Burkina Faso,BFA,2004,71.065636
Burkina Faso,BFA,2005,69.58988
Burkina Faso,BFA,2006,68.14329
Burkina Faso,BFA,2007,67.06611
Burkina Faso,BFA,2008,66.27654
Burkina Faso,BFA,2009,65.26605
Burkina Faso,BFA,2010,63.773315
Burkina Faso,BFA,2011,62.382523
Burkina Faso,BFA,2012,61.076733
Burkina Faso,BFA,2013,59.840935
Burkina Faso,BFA,2014,58.722507
Burkina Faso,BFA,2015,57.610657
Burkina Faso,BFA,2016,56.16077
Burkina Faso,BFA,2017,54.5826
Burkina Faso,BFA,2018,53.035606
Burkina Faso,BFA,2019,51.570133
Burkina Faso,BFA,2020,52.94879
Burkina Faso,BFA,2021,53.401836
Burkina Faso,BFA,2022,53.111107
Burkina Faso,BFA,2023,52.697437
Burkina Faso,BFA,2024,52.233643
Burkina Faso,BFA,2025,51.775444
Burundi,BDI,1991,91.18786
Burundi,BDI,1992,91.25608
Burundi,BDI,1993,91.35771
Burundi,BDI,1994,91.51838
Burundi,BDI,1995,92.01255
Burundi,BDI,1996,92.37137
Burundi,BDI,1997,92.4202
Burundi,BDI,1998,92.20861
Burundi,BDI,1999,92.08429
Burundi,BDI,2000,91.93755
Burundi,BDI,2001,91.630844
Burundi,BDI,2002,91.240974
Burundi,BDI,2003,91.1
Burundi,BDI,2004,90.843834
Burundi,BDI,2005,90.60924
Burundi,BDI,2006,90.117485
Burundi,BDI,2007,89.65624
Burundi,BDI,2008,89.209984
Burundi,BDI,2009,88.88337
Burundi,BDI,2010,88.39823
Burundi,BDI,2011,87.86237
Burundi,BDI,2012,87.2914
Burundi,BDI,2013,86.71359
Burundi,BDI,2014,86.185036
Burundi,BDI,2015,86.41392
Burundi,BDI,2016,86.318535
Burundi,BDI,2017,86.30985
Burundi,BDI,2018,85.72718
Burundi,BDI,2019,85.03754
Burundi,BDI,2020,85.319496
Burundi,BDI,2021,85.660126
Burundi,BDI,2022,85.681854
Burundi,BDI,2023,85.5879
Burundi,BDI,2024,85.39441
Burundi,BDI,2025,85.34106
Cambodia,KHM,1991,75.33442
Cambodia,KHM,1992,75.08358
Cambodia,KHM,1993,75.25987
Cambodia,KHM,1994,77.73623
Cambodia,KHM,1995,77.534256
Cambodia,KHM,1996,77.306854
Cambodia,KHM,1997,71.793304
Cambodia,KHM,1998,77.54225
Cambodia,KHM,1999,75.502716
Cambodia,KHM,2000,73.47631
Cambodia,KHM,2001,68.93379
Cambodia,KHM,2002,67.7764
Cambodia,KHM,2003,66.128426
Cambodia,KHM,2004,64.30185
Cambodia,KHM,2005,62.128998
Cambodia,KHM,2006,60.105927
Cambodia,KHM,2007,58.126957
Cambodia,KHM,2008,55.920597
Cambodia,KHM,2009,58.03858
Cambodia,KHM,2010,54.78568
Cambodia,KHM,2011,56.54766
Cambodia,KHM,2012,53.199238
Cambodia,KHM,2013,49.522682
Cambodia,KHM,2014,45.996017
Cambodia,KHM,2015,42.468426
Cambodia,KHM,2016,37.540264
Cambodia,KHM,2017,38.20639
Cambodia,KHM,2018,38.999256
Cambodia,KHM,2019,39.868095
Cambodia,KHM,2020,36.89998
Cambodia,KHM,2021,37.131588
Cambodia,KHM,2022,36.190643
Cambodia,KHM,2023,35.30462
Cambodia,KHM,2024,34.164955
Cambodia,KHM,2025,33.404747
Cameroon,CMR,1991,64.99663
Cameroon,CMR,1992,65.28209
Cameroon,CMR,1993,65.70467
Cameroon,CMR,1994,65.72598
Cameroon,CMR,1995,65.543236
Cameroon,CMR,1996,65.27524
Cameroon,CMR,1997,65.012184
Cameroon,CMR,1998,64.69787
Cameroon,CMR,1999,64.373764
Cameroon,CMR,2000,64.0711
Cameroon,CMR,2001,63.738377
Cameroon,CMR,2002,63.33834
Cameroon,CMR,2003,62.662968
Cameroon,CMR,2004,61.714996
Cameroon,CMR,2005,60.833763
Cameroon,CMR,2006,60.331093
Cameroon,CMR,2007,59.827347
Cameroon,CMR,2008,58.254627
Cameroon,CMR,2009,56.679977
Cameroon,CMR,2010,55.099995
Cameroon,CMR,2011,53.285034
Cameroon,CMR,2012,51.42115
Cameroon,CMR,2013,49.479183
Cameroon,CMR,2014,47.61304
Cameroon,CMR,2015,46.65404
Cameroon,CMR,2016,45.704453
Cameroon,CMR,2017,44.811256
Cameroon,CMR,2018,43.89192
Cameroon,CMR,2019,43.04507
Cameroon,CMR,2020,44.032
Cameroon,CMR,2021,43.834305
Cameroon,CMR,2022,43.32585
Cameroon,CMR,2023,42.903328
Cameroon,CMR,2024,42.373497
Cameroon,CMR,2025,41.853977
Canada,CAN,1991,3.4892738
Canada,CAN,1992,3.4513295
Canada,CAN,1993,3.4825258
Canada,CAN,1994,3.348043
Canada,CAN,1995,3.1534894
Canada,CAN,1996,3.1122875
Canada,CAN,1997,3.0073085
Canada,CAN,1998,2.9909995
Canada,CAN,1999,2.8059783
Canada,CAN,2000,2.5155048
Canada,CAN,2001,2.1601405
Canada,CAN,2002,2.1168847
Canada,CAN,2003,2.1070545
Canada,CAN,2004,2.0231664
Canada,CAN,2005,2.1220486
Canada,CAN,2006,2.0817893
Canada,CAN,2007,1.9575299
Canada,CAN,2008,1.9145952
Canada,CAN,2009,1.9014459
Canada,CAN,2010,1.778425
Canada,CAN,2011,1.7681674
Canada,CAN,2012,1.7245971
Canada,CAN,2013,1.802621
Canada,CAN,2014,1.7275559
Canada,CAN,2015,1.6439412
Canada,CAN,2016,1.9478924
Canada,CAN,2017,1.5162019
Canada,CAN,2018,1.5188655
Canada,CAN,2019,1.5379617
Canada,CAN,2020,1.5506502
Canada,CAN,2021,1.3648711
Canada,CAN,2022,1.3065561
Canada,CAN,2023,1.271543
Canada,CAN,2024,1.1295216
Canada,CAN,2025,1.1047072
Cape Verde,CPV,1991,27.49601
Cape Verde,CPV,1992,26.512104
Cape Verde,CPV,1993,25.92415
Cape Verde,CPV,1994,24.803888
Cape Verde,CPV,1995,23.847946
Cape Verde,CPV,1996,22.954077
Cape Verde,CPV,1997,22.057343
Cape Verde,CPV,1998,21.19151
Cape Verde,CPV,1999,20.682892
Cape Verde,CPV,2000,19.832783
Cape Verde,CPV,2001,19.407183
Cape Verde,CPV,2002,18.874393
Cape Verde,CPV,2003,18.42573
Cape Verde,CPV,2004,17.742407
Cape Verde,CPV,2005,17.173185
Cape Verde,CPV,2006,16.619326
Cape Verde,CPV,2007,15.821761
Cape Verde,CPV,2008,15.337778
Cape Verde,CPV,2009,15.32974
Cape Verde,CPV,2010,15.109522
Cape Verde,CPV,2011,14.809272
Cape Verde,CPV,2012,14.720375
Cape Verde,CPV,2013,14.600216
Cape Verde,CPV,2014,14.442961
Cape Verde,CPV,2015,14.247781
Cape Verde,CPV,2016,13.918883
Cape Verde,CPV,2017,13.523718
Cape Verde,CPV,2018,11.838461
Cape Verde,CPV,2019,10.6045685
Cape Verde,CPV,2020,11.169716
Cape Verde,CPV,2021,11.111367
Cape Verde,CPV,2022,10.280162
Cape Verde,CPV,2023,9.899732
Cape Verde,CPV,2024,9.566993
Cape Verde,CPV,2025,9.245181
Central African Republic,CAF,1991,63.69081
Central African Republic,CAF,1992,64.9407
Central African Republic,CAF,1993,65.33589
Central African Republic,CAF,1994,65.095345
Central African Republic,CAF,1995,64.714806
Central African Republic,CAF,1996,65.68913
Central African Republic,CAF,1997,65.46377
Central African Republic,CAF,1998,65.28309
Central African Republic,CAF,1999,64.897575
Central African Republic,CAF,2000,65.59436
Central African Republic,CAF,2001,65.43421
Central African Republic,CAF,2002,65.28099
Central African Republic,CAF,2003,66.47152
Central African Republic,CAF,2004,65.98319
Central African Republic,CAF,2005,66.14269
Central African Republic,CAF,2006,65.84388
Central African Republic,CAF,2007,65.53781
Central African Republic,CAF,2008,65.59026
Central African Republic,CAF,2009,64.4233
Central African Republic,CAF,2010,63.650406
Central African Republic,CAF,2011,63.305126
Central African Republic,CAF,2012,62.650604
Central African Republic,CAF,2013,65.63131
Central African Republic,CAF,2014,65.578224
Central African Republic,CAF,2015,64.919914
Central African Republic,CAF,2016,64.53627
Central African Republic,CAF,2017,64.1499
Central African Republic,CAF,2018,63.935513
Central African Republic,CAF,2019,63.62064
Central African Republic,CAF,2020,65.41852
Central African Republic,CAF,2021,66.11722
Central African Republic,CAF,2022,66.02753
Central African Republic,CAF,2023,65.87038
Central African Republic,CAF,2024,66.05278
Central African Republic,CAF,2025,66.060104
Chad,TCD,1991,83.60882
Chad,TCD,1992,83.46425
Chad,TCD,1993,83.353424
Chad,TCD,1994,82.9488
Chad,TCD,1995,82.64555
Chad,TCD,1996,82.31948
Chad,TCD,1997,81.93547
Chad,TCD,1998,81.508804
Chad,TCD,1999,81.135864
Chad,TCD,2000,80.764465
Chad,TCD,2001,80.263626
Chad,TCD,2002,79.765205
Chad,TCD,2003,79.2959
Chad,TCD,2004,78.890495
Chad,TCD,2005,78.3147
Chad,TCD,2006,77.92524
Chad,TCD,2007,77.4349
Chad,TCD,2008,76.96529
Chad,TCD,2009,76.18083
Chad,TCD,2010,75.69157
Chad,TCD,2011,75.220505
Chad,TCD,2012,74.52451
Chad,TCD,2013,73.6629
Chad,TCD,2014,72.99985
Chad,TCD,2015,72.38259
Chad,TCD,2016,71.85209
Chad,TCD,2017,71.127655
Chad,TCD,2018,70.3853
Chad,TCD,2019,70.20439
Chad,TCD,2020,71.66896
Chad,TCD,2021,72.11101
Chad,TCD,2022,72.19755
Chad,TCD,2023,71.92844
Chad,TCD,2024,71.87066
Chad,TCD,2025,71.73596
Channel Islands,OWID_CIS,1991,4.552416
Channel Islands,OWID_CIS,1992,4.440239
Channel Islands,OWID_CIS,1993,4.3265433
Channel Islands,OWID_CIS,1994,4.211539
Channel Islands,OWID_CIS,1995,4.0971074
Channel Islands,OWID_CIS,1996,3.9815571
Channel Islands,OWID_CIS,1997,3.8672855
Channel Islands,OWID_CIS,1998,3.75492
Channel Islands,OWID_CIS,1999,3.6461701
Channel Islands,OWID_CIS,2000,3.5423565
Channel Islands,OWID_CIS,2001,3.4454634
Channel Islands,OWID_CIS,2002,3.3526638
Channel Islands,OWID_CIS,2003,3.2688289
Channel Islands,OWID_CIS,2004,3.1890662
Channel Islands,OWID_CIS,2005,3.1162505
Channel Islands,OWID_CIS,2006,3.0487468
Channel Islands,OWID_CIS,2007,2.988509
Channel Islands,OWID_CIS,2008,2.931688
Channel Islands,OWID_CIS,2009,2.8807027
Channel Islands,OWID_CIS,2010,2.8365116
Channel Islands,OWID_CIS,2011,2.7931168
Channel Islands,OWID_CIS,2012,2.7522323
Channel Islands,OWID_CIS,2013,2.7087855
Channel Islands,OWID_CIS,2014,2.6614294
Channel Islands,OWID_CIS,2015,2.6123729
Channel Islands,OWID_CIS,2016,2.5606031
Channel Islands,OWID_CIS,2017,2.507841
Channel Islands,OWID_CIS,2018,2.4541888
Channel Islands,OWID_CIS,2019,2.39994
Channel Islands,OWID_CIS,2020,2.2969398
Channel Islands,OWID_CIS,2021,2.267447
Channel Islands,OWID_CIS,2022,2.213995
Channel Islands,OWID_CIS,2023,2.16111
Channel Islands,OWID_CIS,2024,2.1094444
Channel Islands,OWID_CIS,2025,2.0609894
Chile,CHL,1991,16.722591
Chile,CHL,1992,15.831663
Chile,CHL,1993,14.487221
Chile,CHL,1994,14.157554
Chile,CHL,1995,13.704046
Chile,CHL,1996,13.425512
Chile,CHL,1997,12.586136
Chile,CHL,1998,12.5767355
Chile,CHL,1999,12.600964
Chile,CHL,2000,12.607807
Chile,CHL,2001,11.851954
Chile,CHL,2002,11.767264
Chile,CHL,2003,11.849612
Chile,CHL,2004,11.388722
Chile,CHL,2005,10.95389
Chile,CHL,2006,10.556448
Chile,CHL,2007,10.145542
Chile,CHL,2008,9.734162
Chile,CHL,2009,9.531898
Chile,CHL,2010,9.190778
Chile,CHL,2011,8.852276
Chile,CHL,2012,8.49483
Chile,CHL,2013,7.7117286
Chile,CHL,2014,7.51092
Chile,CHL,2015,7.4505563
Chile,CHL,2016,7.512606
Chile,CHL,2017,7.4152265
Chile,CHL,2018,7.256072
Chile,CHL,2019,7.0307965
Chile,CHL,2020,7.184744
Chile,CHL,2021,6.5476203
Chile,CHL,2022,6.327571
Chile,CHL,2023,6.208366
Chile,CHL,2024,6.22546
Chile,CHL,2025,6.0655246
China,CHN,1991,59.640083
China,CHN,1992,58.50011
China,CHN,1993,56.400436
China,CHN,1994,54.299904
China,CHN,1995,52.200108
China,CHN,1996,50.50036
China,CHN,1997,49.900455
China,CHN,1998,49.799675
China,CHN,1999,50.09944
China,CHN,2000,50.039562
China,CHN,2001,50.000008
China,CHN,2002,49.999992
China,CHN,2003,49.099487
China,CHN,2004,46.900253
China,CHN,2005,44.800198
China,CHN,2006,42.600487
China,CHN,2007,40.800045
China,CHN,2008,39.60007
China,CHN,2009,38.099884
China,CHN,2010,36.70061
China,CHN,2011,34.79979
China,CHN,2012,33.600594
China,CHN,2013,31.400286
China,CHN,2014,29.500473
China,CHN,2015,28.300472
China,CHN,2016,27.422125
China,CHN,2017,26.683582
China,CHN,2018,25.751495
China,CHN,2019,24.72199
China,CHN,2020,23.59986
China,CHN,2021,22.868778
China,CHN,2022,24.080109
China,CHN,2023,22.800877
China,CHN,2024,22.216497
China,CHN,2025,21.676863
Colombia,COL,1991,19.940247
Colombia,COL,1992,19.851406
Colombia,COL,1993,19.577888
Colombia,COL,1994,19.26736
Colombia,COL,1995,19.04162
Colombia,COL,1996,19.047485
Colombia,COL,1997,18.878658
Colombia,COL,1998,19.067684
Colombia,COL,1999,19.629776
Colombia,COL,2000,19.855133
Colombia,COL,2001,19.916601
Colombia,COL,2002,19.186195
Colombia,COL,2003,19.755121
Colombia,COL,2004,18.983526
Colombia,COL,2005,19.396177
Colombia,COL,2006,18.586067
Colombia,COL,2007,17.527672
Colombia,COL,2008,17.197487
Colombia,COL,2009,17.849976
Colombia,COL,2010,17.507631
Colombia,COL,2011,17.01342
Colombia,COL,2012,16.607664
Colombia,COL,2013,16.047653
Colombia,COL,2014,15.4842415
Colombia,COL,2015,15.3875
Colombia,COL,2016,15.382123
Colombia,COL,2017,15.987982
Colombia,COL,2018,16.028337
Colombia,COL,2019,15.182962
Colombia,COL,2020,15.812283
Colombia,COL,2021,15.114375
Colombia,COL,2022,14.639322
Colombia,COL,2023,14.396497
Colombia,COL,2024,14.253822
Colombia,COL,2025,14.157582
Comoros,COM,1991,57.98385
Comoros,COM,1992,57.35834
Comoros,COM,1993,57.191734
Comoros,COM,1994,57.823906
Comoros,COM,1995,57.625446
Comoros,COM,1996,57.849888
Comoros,COM,1997,57.551273
Comoros,COM,1998,57.51774
Comoros,COM,1999,57.4115
Comoros,COM,2000,56.477108
Comoros,COM,2001,56.310528
Comoros,COM,2002,56.11435
Comoros,COM,2003,55.893776
Comoros,COM,2004,55.64094
Comoros,COM,2005,54.15841
Comoros,COM,2006,52.58236
Comoros,COM,2007,50.951305
Comoros,COM,2008,49.050102
Comoros,COM,2009,47.342323
Comoros,COM,2010,45.498352
Comoros,COM,2011,43.566013
Comoros,COM,2012,41.75315
Comoros,COM,2013,39.817047
Comoros,COM,2014,38.005913
Comoros,COM,2015,37.802444
Comoros,COM,2016,37.11932
Comoros,COM,2017,36.180637
Comoros,COM,2018,35.23768
Comoros,COM,2019,34.563362
Comoros,COM,2020,35.69514
Comoros,COM,2021,35.21265
Comoros,COM,2022,34.932346
Comoros,COM,2023,34.618637
Comoros,COM,2024,34.065434
Comoros,COM,2025,33.556656
Congo,COG,1991,43.34277
Congo,COG,1992,43.190437
Congo,COG,1993,43.173313
Congo,COG,1994,44.099964
Congo,COG,1995,43.90196
Congo,COG,1996,43.23452
Congo,COG,1997,43.378613
Congo,COG,1998,43.06794
Congo,COG,1999,43.241684
Congo,COG,2000,42.276703
Congo,COG,2001,41.747227
Congo,COG,2002,41.23438
Congo,COG,2003,40.988003
Congo,COG,2004,40.623074
Congo,COG,2005,39.968624
Congo,COG,2006,38.80492
Congo,COG,2007,39.25597
Congo,COG,2008,38.627365
Congo,COG,2009,37.44104
Congo,COG,2010,36.473
Congo,COG,2011,36.142937
Congo,COG,2012,35.01342
Congo,COG,2013,35.069534
Congo,COG,2014,34.297886
Congo,COG,2015,34.226784
Congo,COG,2016,35.06129
Congo,COG,2017,35.93035
Congo,COG,2018,36.37559
Congo,COG,2019,36.20679
Congo,COG,2020,37.42743
Congo,COG,2021,37.50974
Congo,COG,2022,37.310516
Congo,COG,2023,37.103848
Congo,COG,2024,36.75812
Congo,COG,2025,36.352352
Costa Rica,CRI,1991,21.30718
Costa Rica,CRI,1992,20.057297
Costa Rica,CRI,1993,18.767736
Costa Rica,CRI,1994,17.607956
Costa Rica,CRI,1995,17.756075
Costa Rica,CRI,1996,17.464817
Costa Rica,CRI,1997,17.129772
Costa Rica,CRI,1998,16.711714
Costa Rica,CRI,1999,16.293419
Costa Rica,CRI,2000,16.94738
Costa Rica,CRI,2001,16.568123
Costa Rica,CRI,2002,16.843138
Costa Rica,CRI,2003,16.1132
Costa Rica,CRI,2004,15.7690935
Costa Rica,CRI,2005,16.134638
Costa Rica,CRI,2006,14.877073
Costa Rica,CRI,2007,14.087996
Costa Rica,CRI,2008,13.178854
Costa Rica,CRI,2009,12.9438715
Costa Rica,CRI,2010,14.6028595
Costa Rica,CRI,2011,14.23235
Costa Rica,CRI,2012,13.621031
Costa Rica,CRI,2013,13.134961
Costa Rica,CRI,2014,14.71151
Costa Rica,CRI,2015,15.790324
Costa Rica,CRI,2016,15.715191
Costa Rica,CRI,2017,15.36154
Costa Rica,CRI,2018,15.783433
Costa Rica,CRI,2019,15.308144
Costa Rica,CRI,2020,16.544497
Costa Rica,CRI,2021,15.204605
Costa Rica,CRI,2022,13.406039
Costa Rica,CRI,2023,13.411145
Costa Rica,CRI,2024,11.773936
Costa Rica,CRI,2025,11.489275
Cote d'Ivoire,CIV,1991,49.85142
Cote d'Ivoire,CIV,1992,49.826054
Cote d'Ivoire,CIV,1993,49.79667
Cote d'Ivoire,CIV,1994,49.600365
Cote d'Ivoire,CIV,1995,49.266117
Cote d'Ivoire,CIV,1996,48.882103
Cote d'Ivoire,CIV,1997,48.28883
Cote d'Ivoire,CIV,1998,48.0572
Cote d'Ivoire,CIV,1999,47.842773
Cote d'Ivoire,CIV,2000,47.906986
Cote d'Ivoire,CIV,2001,48.14228
Cote d'Ivoire,CIV,2002,48.3791
Cote d'Ivoire,CIV,2003,48.719913
Cote d'Ivoire,CIV,2004,48.255413
Cote d'Ivoire,CIV,2005,48.03755
Cote d'Ivoire,CIV,2006,47.848217
Cote d'Ivoire,CIV,2007,47.709133
Cote d'Ivoire,CIV,2008,47.409595
Cote d'Ivoire,CIV,2009,47.027924
Cote d'Ivoire,CIV,2010,46.634304
Cote d'Ivoire,CIV,2011,47.183773
Cote d'Ivoire,CIV,2012,46.271828
Cote d'Ivoire,CIV,2013,45.31017
Cote d'Ivoire,CIV,2014,47.857964
Cote d'Ivoire,CIV,2015,50.53674
Cote d'Ivoire,CIV,2016,52.92405
Cote d'Ivoire,CIV,2017,50.507904
Cote d'Ivoire,CIV,2018,48.404152
Cote d'Ivoire,CIV,2019,45.94494
Cote d'Ivoire,CIV,2020,47.673477
Cote d'Ivoire,CIV,2021,48.22129
Cote d'Ivoire,CIV,2022,47.98178
Cote d'Ivoire,CIV,2023,47.07736
Cote d'Ivoire,CIV,2024,46.258778
Cote d'Ivoire,CIV,2025,45.366505
Croatia,HRV,1991,21.997318
Croatia,HRV,1992,22.026194
Croatia,HRV,1993,21.721146
Croatia,HRV,1994,21.064192
Croatia,HRV,1995,20.428932
Croatia,HRV,1996,19.781221
Croatia,HRV,1997,17.77138
Croatia,HRV,1998,17.349312
Croatia,HRV,1999,17.026691
Croatia,HRV,2000,16.54155
Croatia,HRV,2001,15.993606
Croatia,HRV,2002,15.550812
Croatia,HRV,2003,16.865269
Croatia,HRV,2004,16.965132
Croatia,HRV,2005,17.300068
Croatia,HRV,2006,14.242331
Croatia,HRV,2007,12.354127
Croatia,HRV,2008,12.816901
Croatia,HRV,2009,13.324266
Croatia,HRV,2010,14.254341
Croatia,HRV,2011,14.588304
Croatia,HRV,2012,11.915851
Croatia,HRV,2013,10.383734
Croatia,HRV,2014,9.36176
Croatia,HRV,2015,9.160022
Croatia,HRV,2016,7.475187
Croatia,HRV,2017,7.0058084
Croatia,HRV,2018,6.1494274
Croatia,HRV,2019,6.1042724
Croatia,HRV,2020,6.248008
Croatia,HRV,2021,6.7246795
Croatia,HRV,2022,5.814696
Croatia,HRV,2023,4.6599827
Croatia,HRV,2024,4.48644
Croatia,HRV,2025,4.3277335
Cuba,CUB,1991,22.892061
Cuba,CUB,1992,23.25454
Cuba,CUB,1993,23.793537
Cuba,CUB,1994,23.358562
Cuba,CUB,1995,22.945076
Cuba,CUB,1996,22.94508
Cuba,CUB,1997,22.945097
Cuba,CUB,1998,22.521133
Cuba,CUB,1999,22.064135
Cuba,CUB,2000,22.064133
Cuba,CUB,2001,21.656454
Cuba,CUB,2002,21.656456
Cuba,CUB,2003,21.65646
Cuba,CUB,2004,21.164734
Cuba,CUB,2005,20.249872
Cuba,CUB,2006,20.020605
Cuba,CUB,2007,18.74192
Cuba,CUB,2008,18.574434
Cuba,CUB,2009,18.727736
Cuba,CUB,2010,18.600803
Cuba,CUB,2011,19.688225
Cuba,CUB,2012,19.260738
Cuba,CUB,2013,18.614296
Cuba,CUB,2014,18.899555
Cuba,CUB,2015,18.48466
Cuba,CUB,2016,18.128292
Cuba,CUB,2017,17.746431
Cuba,CUB,2018,17.368824
Cuba,CUB,2019,17.020105
Cuba,CUB,2020,17.037628
Cuba,CUB,2021,16.691736
Cuba,CUB,2022,16.33617
Cuba,CUB,2023,16.138783
Cuba,CUB,2024,15.843347
Cuba,CUB,2025,15.527961
Cyprus,CYP,1991,6.4073987
Cyprus,CYP,1992,6.150326
Cyprus,CYP,1993,5.9823885
Cyprus,CYP,1994,5.547934
Cyprus,CYP,1995,5.386579
Cyprus,CYP,1996,5.2192454
Cyprus,CYP,1997,5.045656
Cyprus,CYP,1998,4.83924
Cyprus,CYP,1999,4.6648216
Cyprus,CYP,2000,5.404352
Cyprus,CYP,2001,4.8383894
Cyprus,CYP,2002,5.2544217
Cyprus,CYP,2003,5.186528
Cyprus,CYP,2004,4.8258033
Cyprus,CYP,2005,4.738441
Cyprus,CYP,2006,4.260478
Cyprus,CYP,2007,4.3850303
Cyprus,CYP,2008,4.2311172
Cyprus,CYP,2009,3.9294972
Cyprus,CYP,2010,3.795264
Cyprus,CYP,2011,3.828275
Cyprus,CYP,2012,2.9124851
Cyprus,CYP,2013,3.1054013
Cyprus,CYP,2014,4.4300804
Cyprus,CYP,2015,3.9952383
Cyprus,CYP,2016,3.6434813
Cyprus,CYP,2017,2.5274792
Cyprus,CYP,2018,2.1657085
Cyprus,CYP,2019,2.4107473
Cyprus,CYP,2020,2.7316806
Cyprus,CYP,2021,2.8532922
Cyprus,CYP,2022,2.373389
Cyprus,CYP,2023,2.4607785
Cyprus,CYP,2024,2.1971173
Cyprus,CYP,2025,2.1546092
Czechia,CZE,1991,7.6738744
Czechia,CZE,1992,7.45015
Czechia,CZE,1993,7.2400947
Czechia,CZE,1994,6.5076327
Czechia,CZE,1995,6.2361426
Czechia,CZE,1996,5.870941
Czechia,CZE,1997,5.446253
Czechia,CZE,1998,5.1701803
Czechia,CZE,1999,4.8782463
Czechia,CZE,2000,4.6618
Czechia,CZE,2001,4.4575562
Czechia,CZE,2002,4.259131
Czechia,CZE,2003,4.065366
Czechia,CZE,2004,3.8768773
Czechia,CZE,2005,3.6791117
Czechia,CZE,2006,3.4955697
Czechia,CZE,2007,3.3302038
Czechia,CZE,2008,3.1742918
Czechia,CZE,2009,3.1169333
Czechia,CZE,2010,3.0961795
Czechia,CZE,2011,2.9891336
Czechia,CZE,2012,3.0502317
Czechia,CZE,2013,3.0303607
Czechia,CZE,2014,2.7485406
Czechia,CZE,2015,2.925509
Czechia,CZE,2016,2.901495
Czechia,CZE,2017,2.802952
Czechia,CZE,2018,2.802193
Czechia,CZE,2019,2.663771
Czechia,CZE,2020,2.6100235
Czechia,CZE,2021,2.5475478
Czechia,CZE,2022,2.6763775
Czechia,CZE,2023,2.907602
Czechia,CZE,2024,2.8158112
Czechia,CZE,2025,2.7089431
Democratic Republic of Congo,COD,1991,58.596134
Democratic Republic of Congo,COD,1992,60.647
Democratic Republic of Congo,COD,1993,62.62334
Democratic Republic of Congo,COD,1994,63.987286
Democratic Republic of Congo,COD,1995,64.42544
Democratic Republic of Congo,COD,1996,63.94173
Democratic Republic of Congo,COD,1997,65.24252
Democratic Republic of Congo,COD,1998,65.62225
Democratic Republic of Congo,COD,1999,66.7173
Democratic Republic of Congo,COD,2000,67.0051
Democratic Republic of Congo,COD,2001,67.81194
Democratic Republic of Congo,COD,2002,67.39555
Democratic Republic of Congo,COD,2003,66.91403
Democratic Republic of Congo,COD,2004,66.29758
Democratic Republic of Congo,COD,2005,65.69475
Democratic Republic of Congo,COD,2006,65.292336
Democratic Republic of Congo,COD,2007,64.84097
Democratic Republic of Congo,COD,2008,64.38511
Democratic Republic of Congo,COD,2009,64.467735
Democratic Republic of Congo,COD,2010,63.70179
Democratic Republic of Congo,COD,2011,63.12775
Democratic Republic of Congo,COD,2012,62.641605
Democratic Republic of Congo,COD,2013,61.818844
Democratic Republic of Congo,COD,2014,60.86056
Democratic Republic of Congo,COD,2015,60.184097
Democratic Republic of Congo,COD,2016,60.31026
Democratic Republic of Congo,COD,2017,60.240803
Democratic Republic of Congo,COD,2018,59.676884
Democratic Republic of Congo,COD,2019,59.35841
Democratic Republic of Congo,COD,2020,60.930115
Democratic Republic of Congo,COD,2021,61.414284
Democratic Republic of Congo,COD,2022,60.38283
Democratic Republic of Congo,COD,2023,59.52427
Democratic Republic of Congo,COD,2024,58.899292
Democratic Republic of Congo,COD,2025,58.52447
Denmark,DNK,1991,5.384345
Denmark,DNK,1992,5.259159
Denmark,DNK,1993,5.1395054
Denmark,DNK,1994,5.0453887
Denmark,DNK,1995,4.394458
Denmark,DNK,1996,3.8771698
Denmark,DNK,1997,3.7369242
Denmark,DNK,1998,3.7065861
Denmark,DNK,1999,3.3216498
Denmark,DNK,2000,3.6682136
Denmark,DNK,2001,3.548268
Denmark,DNK,2002,3.2128892
Denmark,DNK,2003,3.2949457
Denmark,DNK,2004,3.27172
Denmark,DNK,2005,3.1825197
Denmark,DNK,2006,3.088321
Denmark,DNK,2007,2.9637916
Denmark,DNK,2008,2.705829
Denmark,DNK,2009,2.7593246
Denmark,DNK,2010,2.5437262
Denmark,DNK,2011,2.3944626
Denmark,DNK,2012,2.6371734
Denmark,DNK,2013,2.5936005
Denmark,DNK,2014,2.4801812
Denmark,DNK,2015,2.4915767
Denmark,DNK,2016,2.3341618
Denmark,DNK,2017,2.11062
Denmark,DNK,2018,2.1916635
Denmark,DNK,2019,2.222961
Denmark,DNK,2020,2.1027505
Denmark,DNK,2021,2.0393212
Denmark,DNK,2022,2.1170669
Denmark,DNK,2023,2.0202744
Denmark,DNK,2024,1.6664958
Denmark,DNK,2025,1.6204754
Djibouti,DJI,1991,1.9491003
Djibouti,DJI,1992,1.9445113
Djibouti,DJI,1993,2.0097902
Djibouti,DJI,1994,2.0204682
Djibouti,DJI,1995,2.0474923
Djibouti,DJI,1996,2.1057186
Djibouti,DJI,1997,2.12499
Djibouti,DJI,1998,2.1351354
Djibouti,DJI,1999,2.1058738
Djibouti,DJI,2000,2.1011424
Djibouti,DJI,2001,2.0902882
Djibouti,DJI,2002,2.0590253
Djibouti,DJI,2003,2.0240955
Djibouti,DJI,2004,1.9932553
Djibouti,DJI,2005,1.9659107
Djibouti,DJI,2006,1.9179586
Djibouti,DJI,2007,1.8848867
Djibouti,DJI,2008,1.8231692
Djibouti,DJI,2009,1.7902886
Djibouti,DJI,2010,1.7299675
Djibouti,DJI,2011,1.6450456
Djibouti,DJI,2012,1.5828648
Djibouti,DJI,2013,1.5266191
Djibouti,DJI,2014,1.4719707
Djibouti,DJI,2015,1.4105356
Djibouti,DJI,2016,1.3536257
Djibouti,DJI,2017,1.3242487
Djibouti,DJI,2018,1.2919927
Djibouti,DJI,2019,1.2578043
Djibouti,DJI,2020,1.3103223
Djibouti,DJI,2021,1.308699
Djibouti,DJI,2022,1.2831856
Djibouti,DJI,2023,1.2383999
Djibouti,DJI,2024,1.1900603
Djibouti,DJI,2025,1.1510682
Dominican Republic,DOM,1991,18.203043
Dominican Republic,DOM,1992,17.825798
Dominican Republic,DOM,1993,17.47201
Dominican Republic,DOM,1994,17.174524
Dominican Republic,DOM,1995,16.853828
Dominican Republic,DOM,1996,16.509487
Dominican Republic,DOM,1997,16.610819
Dominican Republic,DOM,1998,14.037895
Dominican Republic,DOM,1999,14.459958
Dominican Republic,DOM,2000,14.095584
Dominican Republic,DOM,2001,12.962365
Dominican Republic,DOM,2002,13.743739
Dominican Republic,DOM,2003,12.849642
Dominican Republic,DOM,2004,12.825419
Dominican Republic,DOM,2005,12.31852
Dominican Republic,DOM,2006,12.330682
Dominican Republic,DOM,2007,11.543916
Dominican Republic,DOM,2008,11.383708
Dominican Republic,DOM,2009,11.809781
Dominican Republic,DOM,2010,11.1336775
Dominican Republic,DOM,2011,10.787256
Dominican Republic,DOM,2012,10.148157
Dominican Republic,DOM,2013,9.918146
Dominican Republic,DOM,2014,10.088243
Dominican Republic,DOM,2015,9.824355
Dominican Republic,DOM,2016,9.024198
Dominican Republic,DOM,2017,9.683245
Dominican Republic,DOM,2018,9.43535
Dominican Republic,DOM,2019,8.883314
Dominican Republic,DOM,2020,8.952876
Dominican Republic,DOM,2021,8.0088005
Dominican Republic,DOM,2022,7.7744603
Dominican Republic,DOM,2023,7.3857074
Dominican Republic,DOM,2024,7.189084
Dominican Republic,DOM,2025,7.0088835
East Asia and Pacific (WB),WB_EAP,1991,52.793552
East Asia and Pacific (WB),WB_EAP,1992,51.867714
East Asia and Pacific (WB),WB_EAP,1993,50.202217
East Asia and Pacific (WB),WB_EAP,1994,48.595272
East Asia and Pacific (WB),WB_EAP,1995,46.865856
East Asia and Pacific (WB),WB_EAP,1996,45.45148
East Asia and Pacific (WB),WB_EAP,1997,44.738827
East Asia and Pacific (WB),WB_EAP,1998,45.012547
East Asia and Pacific (WB),WB_EAP,1999,45.136883
East Asia and Pacific (WB),WB_EAP,2000,45.009865
East Asia and Pacific (WB),WB_EAP,2001,44.705753
East Asia and Pacific (WB),WB_EAP,2002,44.63944
East Asia and Pacific (WB),WB_EAP,2003,44.065193
East Asia and Pacific (WB),WB_EAP,2004,42.19831
East Asia and Pacific (WB),WB_EAP,2005,40.676334
East Asia and Pacific (WB),WB_EAP,2006,38.86465
East Asia and Pacific (WB),WB_EAP,2007,37.503296
East Asia and Pacific (WB),WB_EAP,2008,36.578228
East Asia and Pacific (WB),WB_EAP,2009,35.560444
East Asia and Pacific (WB),WB_EAP,2010,34.51682
East Asia and Pacific (WB),WB_EAP,2011,33.175766
East Asia and Pacific (WB),WB_EAP,2012,32.25456
East Asia and Pacific (WB),WB_EAP,2013,30.549767
East Asia and Pacific (WB),WB_EAP,2014,28.9957
East Asia and Pacific (WB),WB_EAP,2015,27.89098
East Asia and Pacific (WB),WB_EAP,2016,26.956
East Asia and Pacific (WB),WB_EAP,2017,26.251856
East Asia and Pacific (WB),WB_EAP,2018,25.391388
East Asia and Pacific (WB),WB_EAP,2019,24.423473
East Asia and Pacific (WB),WB_EAP,2020,23.758776
East Asia and Pacific (WB),WB_EAP,2021,23.075815
East Asia and Pacific (WB),WB_EAP,2022,23.94204
East Asia and Pacific (WB),WB_EAP,2023,22.746193
East Asia and Pacific (WB),WB_EAP,2024,22.149529
East Asia and Pacific (WB),WB_EAP,2025,21.651142
East Timor,TLS,1991,59.741543
East Timor,TLS,1992,59.048992
East Timor,TLS,1993,58.41089
East Timor,TLS,1994,57.77633
East Timor,TLS,1995,57.318058
East Timor,TLS,1996,56.753834
East Timor,TLS,1997,56.63025
East Timor,TLS,1998,56.962997
East Timor,TLS,1999,56.44529
East Timor,TLS,2000,54.504883
East Timor,TLS,2001,53.257114
East Timor,TLS,2002,54.188023
East Timor,TLS,2003,54.506897
East Timor,TLS,2004,54.652245
East Timor,TLS,2005,54.189964
East Timor,TLS,2006,54.723526
East Timor,TLS,2007,53.659065
East Timor,TLS,2008,52.618835
East Timor,TLS,2009,51.108826
East Timor,TLS,2010,50.76246
East Timor,TLS,2011,49.536945
East Timor,TLS,2012,48.798862
East Timor,TLS,2013,47.96886
East Timor,TLS,2014,46.693363
East Timor,TLS,2015,45.37682
East Timor,TLS,2016,44.11402
East Timor,TLS,2017,43.756237
East Timor,TLS,2018,43.066315
East Timor,TLS,2019,39.797287
East Timor,TLS,2020,39.36112
East Timor,TLS,2021,37.84358
East Timor,TLS,2022,48.272034
East Timor,TLS,2023,48.387184
East Timor,TLS,2024,46.34614
East Timor,TLS,2025,46.018578
Ecuador,ECU,1991,29.124615
Ecuador,ECU,1992,27.201775
Ecuador,ECU,1993,28.884666
Ecuador,ECU,1994,28.186028
Ecuador,ECU,1995,26.021101
Ecuador,ECU,1996,27.244484
Ecuador,ECU,1997,27.89552
Ecuador,ECU,1998,28.964125
Ecuador,ECU,1999,29.163792
Ecuador,ECU,2000,31.586914
Ecuador,ECU,2001,31.132063
Ecuador,ECU,2002,31.196705
Ecuador,ECU,2003,31.408726
Ecuador,ECU,2004,32.037575
Ecuador,ECU,2005,31.98744
Ecuador,ECU,2006,31.575546
Ecuador,ECU,2007,30.422132
Ecuador,ECU,2008,29.889778
Ecuador,ECU,2009,30.47772
Ecuador,ECU,2010,29.800804
Ecuador,ECU,2011,29.802353
Ecuador,ECU,2012,29.097342
Ecuador,ECU,2013,27.76708
Ecuador,ECU,2014,26.389555
Ecuador,ECU,2015,27.317194
Ecuador,ECU,2016,28.059378
Ecuador,ECU,2017,28.81562
Ecuador,ECU,2018,29.961214
Ecuador,ECU,2019,30.861065
Ecuador,ECU,2020,31.794655
Ecuador,ECU,2021,32.185482
Ecuador,ECU,2022,31.525183
Ecuador,ECU,2023,29.99781
Ecuador,ECU,2024,32.587334
Ecuador,ECU,2025,32.481224
Egypt,EGY,1991,39.731968
Egypt,EGY,1992,39.157948
Egypt,EGY,1993,36.17062
Egypt,EGY,1994,36.064842
Egypt,EGY,1995,34.86423
Egypt,EGY,1996,32.175976
Egypt,EGY,1997,32.251865
Egypt,EGY,1998,30.677647
Egypt,EGY,1999,29.570059
Egypt,EGY,2000,30.53348
Egypt,EGY,2001,29.4311
Egypt,EGY,2002,28.39937
Egypt,EGY,2003,30.789991
Egypt,EGY,2004,32.770863
Egypt,EGY,2005,31.861868
Egypt,EGY,2006,32.15089
Egypt,EGY,2007,32.693134
Egypt,EGY,2008,31.858036
Egypt,EGY,2009,30.124346
Egypt,EGY,2010,28.41687
Egypt,EGY,2011,29.394571
Egypt,EGY,2012,27.21995
Egypt,EGY,2013,28.103231
Egypt,EGY,2014,27.69046
Egypt,EGY,2015,25.983385
Egypt,EGY,2016,25.573826
Egypt,EGY,2017,25.061792
Egypt,EGY,2018,21.681198
Egypt,EGY,2019,21.158026
Egypt,EGY,2020,20.37913
Egypt,EGY,2021,19.289171
Egypt,EGY,2022,18.934237
Egypt,EGY,2023,18.288013
Egypt,EGY,2024,17.976572
Egypt,EGY,2025,17.524645
El Salvador,SLV,1991,35.622448
El Salvador,SLV,1992,34.770447
El Salvador,SLV,1993,31.031391
El Salvador,SLV,1994,27.192276
El Salvador,SLV,1995,26.233463
El Salvador,SLV,1996,27.455635
El Salvador,SLV,1997,25.779888
El Salvador,SLV,1998,25.152073
El Salvador,SLV,1999,22.212978
El Salvador,SLV,2000,21.698967
El Salvador,SLV,2001,21.879866
El Salvador,SLV,2002,19.812315
El Salvador,SLV,2003,18.324474
El Salvador,SLV,2004,19.203476
El Salvador,SLV,2005,20.086067
El Salvador,SLV,2006,18.939539
El Salvador,SLV,2007,18.090925
El Salvador,SLV,2008,18.755081
El Salvador,SLV,2009,21.020239
El Salvador,SLV,2010,20.778254
El Salvador,SLV,2011,21.593601
El Salvador,SLV,2012,20.970453
El Salvador,SLV,2013,19.585855
El Salvador,SLV,2014,18.764418
El Salvador,SLV,2015,18.110516
El Salvador,SLV,2016,18.678846
El Salvador,SLV,2017,18.574808
El Salvador,SLV,2018,16.708252
El Salvador,SLV,2019,16.293962
El Salvador,SLV,2020,15.7957535
El Salvador,SLV,2021,14.87233
El Salvador,SLV,2022,14.973675
El Salvador,SLV,2023,14.230317
El Salvador,SLV,2024,14.072446
El Salvador,SLV,2025,13.852552
Equatorial Guinea,GNQ,1991,70.88483
Equatorial Guinea,GNQ,1992,70.55923
Equatorial Guinea,GNQ,1993,70.29844
Equatorial Guinea,GNQ,1994,69.7724
Equatorial Guinea,GNQ,1995,69.36727
Equatorial Guinea,GNQ,1996,68.73697
Equatorial Guinea,GNQ,1997,66.667496
Equatorial Guinea,GNQ,1998,65.86845
Equatorial Guinea,GNQ,1999,64.870804
Equatorial Guinea,GNQ,2000,63.67395
Equatorial Guinea,GNQ,2001,61.70598
Equatorial Guinea,GNQ,2002,60.714314
Equatorial Guinea,GNQ,2003,59.938683
Equatorial Guinea,GNQ,2004,58.0811
Equatorial Guinea,GNQ,2005,56.978428
Equatorial Guinea,GNQ,2006,56.506668
Equatorial Guinea,GNQ,2007,55.29255
Equatorial Guinea,GNQ,2008,54.015705
Equatorial Guinea,GNQ,2009,54.195965
Equatorial Guinea,GNQ,2010,55.449596
Equatorial Guinea,GNQ,2011,55.093155
Equatorial Guinea,GNQ,2012,54.50293
Equatorial Guinea,GNQ,2013,54.908493
Equatorial Guinea,GNQ,2014,54.80649
Equatorial Guinea,GNQ,2015,55.39958
Equatorial Guinea,GNQ,2016,56.014748
Equatorial Guinea,GNQ,2017,56.580894
Equatorial Guinea,GNQ,2018,55.399956
Equatorial Guinea,GNQ,2019,55.8356
Equatorial Guinea,GNQ,2020,56.179184
Equatorial Guinea,GNQ,2021,55.52193
Equatorial Guinea,GNQ,2022,55.19483
Equatorial Guinea,GNQ,2023,55.43554
Equatorial Guinea,GNQ,2024,55.106567
Equatorial Guinea,GNQ,2025,55.323463
Eritrea,ERI,1991,59.49382
Eritrea,ERI,1992,60.210392
Eritrea,ERI,1993,58.24654
Eritrea,ERI,1994,56.165665
Eritrea,ERI,1995,56.31329
Eritrea,ERI,1996,55.377537
Eritrea,ERI,1997,54.135674
Eritrea,ERI,1998,54.421345
Eritrea,ERI,1999,54.45234
Eritrea,ERI,2000,54.630627
Eritrea,ERI,2001,53.855873
Eritrea,ERI,2002,53.448605
Eritrea,ERI,2003,54.660767
Eritrea,ERI,2004,54.99514
Eritrea,ERI,2005,55.889412
Eritrea,ERI,2006,56.396297
Eritrea,ERI,2007,56.372177
Eritrea,ERI,2008,57.86601
Eritrea,ERI,2009,57.30406
Eritrea,ERI,2010,57.404995
Eritrea,ERI,2011,56.089596
Eritrea,ERI,2012,55.836464
Eritrea,ERI,2013,57.75407
Eritrea,ERI,2014,54.891636
Eritrea,ERI,2015,57.35168
Eritrea,ERI,2016,56.201256
Eritrea,ERI,2017,57.97831
Eritrea,ERI,2018,56.072548
Eritrea,ERI,2019,55.566875
Eritrea,ERI,2020,57.01564
Eritrea,ERI,2021,57.40751
Eritrea,ERI,2022,56.818012
Eritrea,ERI,2023,56.355354
Eritrea,ERI,2024,55.991703
Eritrea,ERI,2025,55.47604
Estonia,EST,1991,20.081049
Estonia,EST,1992,18.937376
Estonia,EST,1993,16.781189
Estonia,EST,1994,14.881823
Estonia,EST,1995,10.7316475
Estonia,EST,1996,10.253297
Estonia,EST,1997,9.686656
Estonia,EST,1998,9.3001585
Estonia,EST,1999,8.575393
Estonia,EST,2000,6.362002
Estonia,EST,2001,6.3443103
Estonia,EST,2002,6.596521
Estonia,EST,2003,6.2355776
Estonia,EST,2004,5.06229
Estonia,EST,2005,5.1932573
Estonia,EST,2006,5.0639687
Estonia,EST,2007,4.776485
Estonia,EST,2008,3.901571
Estonia,EST,2009,4.0545874
Estonia,EST,2010,4.217
Estonia,EST,2011,4.412399
Estonia,EST,2012,4.4933467
Estonia,EST,2013,4.262017
Estonia,EST,2014,3.8582702
Estonia,EST,2015,4.031556
Estonia,EST,2016,3.8997989
Estonia,EST,2017,3.62576
Estonia,EST,2018,3.4320436
Estonia,EST,2019,3.340088
Estonia,EST,2020,3.082251
Estonia,EST,2021,2.6841733
Estonia,EST,2022,2.603676
Estonia,EST,2023,2.5942554
Estonia,EST,2024,3.0686028
Estonia,EST,2025,2.956841
Eswatini,SWZ,1991,17.185478
Eswatini,SWZ,1992,16.847256
Eswatini,SWZ,1993,16.44276
Eswatini,SWZ,1994,16.458878
Eswatini,SWZ,1995,16.168453
Eswatini,SWZ,1996,16.041964
Eswatini,SWZ,1997,15.878941
Eswatini,SWZ,1998,15.797481
Eswatini,SWZ,1999,15.695035
Eswatini,SWZ,2000,15.941525
Eswatini,SWZ,2001,15.888337
Eswatini,SWZ,2002,15.742188
Eswatini,SWZ,2003,15.565197
Eswatini,SWZ,2004,15.230018
Eswatini,SWZ,2005,15.106724
Eswatini,SWZ,2006,14.902033
Eswatini,SWZ,2007,14.712994
Eswatini,SWZ,2008,14.589281
Eswatini,SWZ,2009,14.41419
Eswatini,SWZ,2010,14.322651
Eswatini,SWZ,2011,14.1438465
Eswatini,SWZ,2012,13.952113
Eswatini,SWZ,2013,13.748028
Eswatini,SWZ,2014,13.54804
Eswatini,SWZ,2015,13.455814
Eswatini,SWZ,2016,13.197957
Eswatini,SWZ,2017,13.066071
Eswatini,SWZ,2018,13.098607
Eswatini,SWZ,2019,12.909584
Eswatini,SWZ,2020,13.443469
Eswatini,SWZ,2021,13.402181
Eswatini,SWZ,2022,14.512058
Eswatini,SWZ,2023,15.2459545
Eswatini,SWZ,2024,14.908455
Eswatini,SWZ,2025,14.546833
Ethiopia,ETH,1991,77.15091
Ethiopia,ETH,1992,78.04244
Ethiopia,ETH,1993,77.351906
Ethiopia,ETH,1994,77.18926
Ethiopia,ETH,1995,76.97664
Ethiopia,ETH,1996,76.22015
Ethiopia,ETH,1997,76.251976
Ethiopia,ETH,1998,76.71182
Ethiopia,ETH,1999,76.36788
Ethiopia,ETH,2000,76.59807
Ethiopia,ETH,2001,76.666374
Ethiopia,ETH,2002,77.30199
Ethiopia,ETH,2003,78.368614
Ethiopia,ETH,2004,77.94898
Ethiopia,ETH,2005,78.120766
Ethiopia,ETH,2006,77.383446
Ethiopia,ETH,2007,76.536934
Ethiopia,ETH,2008,75.764824
Ethiopia,ETH,2009,75.10487
Ethiopia,ETH,2010,73.83644
Ethiopia,ETH,2011,72.710075
Ethiopia,ETH,2012,72.08559
Ethiopia,ETH,2013,71.03364
Ethiopia,ETH,2014,69.556816
Ethiopia,ETH,2015,67.955414
Ethiopia,ETH,2016,66.41937
Ethiopia,ETH,2017,64.71968
Ethiopia,ETH,2018,63.36608
Ethiopia,ETH,2019,61.810413
Ethiopia,ETH,2020,63.62802
Ethiopia,ETH,2021,63.466015
Ethiopia,ETH,2022,62.965286
Ethiopia,ETH,2023,62.174507
Ethiopia,ETH,2024,61.008446
Ethiopia,ETH,2025,60.14324
Europe and Central Asia (WB),WB_ECA,1991,15.49421
Europe and Central Asia (WB),WB_ECA,1992,15.668829
Europe and Central Asia (WB),WB_ECA,1993,15.395986
Europe and Central Asia (WB),WB_ECA,1994,15.593663
Europe and Central Asia (WB),WB_ECA,1995,15.521207
Europe and Central Asia (WB),WB_ECA,1996,15.17847
Europe and Central Asia (WB),WB_ECA,1997,14.363271
Europe and Central Asia (WB),WB_ECA,1998,14.099089
Europe and Central Asia (WB),WB_ECA,1999,14.44542
Europe and Central Asia (WB),WB_ECA,2000,13.897044
Europe and Central Asia (WB),WB_ECA,2001,13.293432
Europe and Central Asia (WB),WB_ECA,2002,12.669141
Europe and Central Asia (WB),WB_ECA,2003,12.315937
Europe and Central Asia (WB),WB_ECA,2004,11.465855
Europe and Central Asia (WB),WB_ECA,2005,11.104161
Europe and Central Asia (WB),WB_ECA,2006,10.683815
Europe and Central Asia (WB),WB_ECA,2007,10.151462
Europe and Central Asia (WB),WB_ECA,2008,9.783909
Europe and Central Asia (WB),WB_ECA,2009,9.631477
Europe and Central Asia (WB),WB_ECA,2010,9.668192
Europe and Central Asia (WB),WB_ECA,2011,9.64444
Europe and Central Asia (WB),WB_ECA,2012,9.479214
Europe and Central Asia (WB),WB_ECA,2013,9.306007
Europe and Central Asia (WB),WB_ECA,2014,9.127828
Europe and Central Asia (WB),WB_ECA,2015,8.889491
Europe and Central Asia (WB),WB_ECA,2016,8.6677265
Europe and Central Asia (WB),WB_ECA,2017,8.391175
Europe and Central Asia (WB),WB_ECA,2018,8.139037
Europe and Central Asia (WB),WB_ECA,2019,7.909689
Europe and Central Asia (WB),WB_ECA,2020,7.8665724
Europe and Central Asia (WB),WB_ECA,2021,7.812563
Europe and Central Asia (WB),WB_ECA,2022,7.304485
Europe and Central Asia (WB),WB_ECA,2023,7.03533
Europe and Central Asia (WB),WB_ECA,2024,6.803026
Europe and Central Asia (WB),WB_ECA,2025,6.672803
European Union (27),OWID_EU27,1991,10.041532
European Union (27),OWID_EU27,1992,9.846362
European Union (27),OWID_EU27,1993,9.588473
European Union (27),OWID_EU27,1994,9.365785
European Union (27),OWID_EU27,1995,9.065674
European Union (27),OWID_EU27,1996,8.7544155
European Union (27),OWID_EU27,1997,8.565667
European Union (27),OWID_EU27,1998,8.317072
European Union (27),OWID_EU27,1999,8.086358
European Union (27),OWID_EU27,2000,7.767062
European Union (27),OWID_EU27,2001,7.4673095
European Union (27),OWID_EU27,2002,6.95534
European Union (27),OWID_EU27,2003,6.8659444
European Union (27),OWID_EU27,2004,6.3793855
European Union (27),OWID_EU27,2005,6.2254457
European Union (27),OWID_EU27,2006,5.9594607
European Union (27),OWID_EU27,2007,5.59348
European Union (27),OWID_EU27,2008,5.1189313
European Union (27),OWID_EU27,2009,5.1114917
European Union (27),OWID_EU27,2010,5.1656337
European Union (27),OWID_EU27,2011,5.0131
European Union (27),OWID_EU27,2012,4.9844203
European Union (27),OWID_EU27,2013,4.853229
European Union (27),OWID_EU27,2014,4.7302394
European Union (27),OWID_EU27,2015,4.515863
European Union (27),OWID_EU27,2016,4.3106003
European Union (27),OWID_EU27,2017,4.194055
European Union (27),OWID_EU27,2018,4.015973
European Union (27),OWID_EU27,2019,3.9146178
European Union (27),OWID_EU27,2020,3.8664186
European Union (27),OWID_EU27,2021,3.8790212
European Union (27),OWID_EU27,2022,3.788054
European Union (27),OWID_EU27,2023,3.6622736
European Union (27),OWID_EU27,2024,3.326968
European Union (27),OWID_EU27,2025,3.2310512
Fiji,FJI,1991,36.224567
Fiji,FJI,1992,35.671806
Fiji,FJI,1993,35.323452
Fiji,FJI,1994,34.823906
Fiji,FJI,1995,34.425144
Fiji,FJI,1996,33.867752
Fiji,FJI,1997,35.560223
Fiji,FJI,1998,31.18299
Fiji,FJI,1999,30.392876
Fiji,FJI,2000,30.299723
Fiji,FJI,2001,29.9373
Fiji,FJI,2002,29.508053
Fiji,FJI,2003,29.237638
Fiji,FJI,2004,28.646997
Fiji,FJI,2005,28.2458
Fiji,FJI,2006,29.514172
Fiji,FJI,2007,31.138756
Fiji,FJI,2008,32.571728
Fiji,FJI,2009,34.134396
Fiji,FJI,2010,35.42623
Fiji,FJI,2011,36.632874
Fiji,FJI,2012,38.021038
Fiji,FJI,2013,39.12166
Fiji,FJI,2014,40.433605
Fiji,FJI,2015,40.13172
Fiji,FJI,2016,39.98819
Fiji,FJI,2017,39.22524
Fiji,FJI,2018,38.542503
Fiji,FJI,2019,38.220505
Fiji,FJI,2020,39.262077
Fiji,FJI,2021,39.037155
Fiji,FJI,2022,37.618404
Fiji,FJI,2023,36.764442
Fiji,FJI,2024,36.108006
Fiji,FJI,2025,35.63911
Finland,FIN,1991,8.897704
Finland,FIN,1992,9.024609
Finland,FIN,1993,8.905129
Finland,FIN,1994,8.734063
Finland,FIN,1995,7.757688
Finland,FIN,1996,7.893085
Finland,FIN,1997,7.7780104
Finland,FIN,1998,7.113551
Finland,FIN,1999,6.380629
Finland,FIN,2000,6.2080803
Finland,FIN,2001,5.837027
Finland,FIN,2002,5.526985
Finland,FIN,2003,5.276498
Finland,FIN,2004,5.0090528
Finland,FIN,2005,4.918303
Finland,FIN,2006,4.8203573
Finland,FIN,2007,4.607777
Finland,FIN,2008,4.3883047
Finland,FIN,2009,4.578883
Finland,FIN,2010,4.568064
Finland,FIN,2011,4.345954
Finland,FIN,2012,4.1517572
Finland,FIN,2013,4.094451
Finland,FIN,2014,4.1601195
Finland,FIN,2015,4.329245
Finland,FIN,2016,3.9036782
Finland,FIN,2017,3.7423766
Finland,FIN,2018,3.4663947
Finland,FIN,2019,3.6717534
Finland,FIN,2020,3.7176492
Finland,FIN,2021,3.950428
Finland,FIN,2022,3.9034748
Finland,FIN,2023,3.6166809
Finland,FIN,2024,3.5697849
Finland,FIN,2025,3.4933782
France,FRA,1400,71.4
France,FRA,1500,73
France,FRA,1600,67.8
France,FRA,1700,63.2
France,FRA,1750,61.1
France,FRA,1800,59.2
France,FRA,1980,8.4
France,FRA,1991,5.403573
France,FRA,1992,5.2802787
France,FRA,1993,5.1640773
France,FRA,1994,4.9196057
France,FRA,1995,4.6377964
France,FRA,1996,4.5740376
France,FRA,1997,4.3965793
France,FRA,1998,4.1826744
France,FRA,1999,4.023262
France,FRA,2000,3.9285903
France,FRA,2001,3.8581905
France,FRA,2002,3.917221
France,FRA,2003,4.033991
France,FRA,2004,3.670938
France,FRA,2005,3.5762978
France,FRA,2006,3.653412
France,FRA,2007,3.4112513
France,FRA,2008,2.7595408
France,FRA,2009,2.9491956
France,FRA,2010,2.9162896
France,FRA,2011,2.929356
France,FRA,2012,2.9351997
France,FRA,2013,3.074686
France,FRA,2014,2.8453286
France,FRA,2015,2.7449288
France,FRA,2016,2.871901
France,FRA,2017,2.6056733
France,FRA,2018,2.4966528
France,FRA,2019,2.515295
France,FRA,2020,2.3500483
France,FRA,2021,2.5148356
France,FRA,2022,2.592543
France,FRA,2023,2.505512
France,FRA,2024,2.391378
France,FRA,2025,2.3341293
French Polynesia,PYF,1991,2.5834854
French Polynesia,PYF,1992,2.5570958
French Polynesia,PYF,1993,2.5330992
French Polynesia,PYF,1994,2.5130053
French Polynesia,PYF,1995,2.4824994
French Polynesia,PYF,1996,2.8554432
French Polynesia,PYF,1997,3.2976906
French Polynesia,PYF,1998,3.760487
French Polynesia,PYF,1999,3.8773386
French Polynesia,PYF,2000,4.4020395
French Polynesia,PYF,2001,4.282037
French Polynesia,PYF,2002,3.87143
French Polynesia,PYF,2003,3.486257
French Polynesia,PYF,2004,3.4446478
French Polynesia,PYF,2005,3.5416443
French Polynesia,PYF,2006,3.6525664
French Polynesia,PYF,2007,3.514854
French Polynesia,PYF,2008,3.3866735
French Polynesia,PYF,2009,2.6085804
French Polynesia,PYF,2010,2.7297268
French Polynesia,PYF,2011,2.7898352
French Polynesia,PYF,2012,2.743419
French Polynesia,PYF,2013,2.6891747
French Polynesia,PYF,2014,2.628921
French Polynesia,PYF,2015,2.5636835
French Polynesia,PYF,2016,2.4915266
French Polynesia,PYF,2017,2.407526
French Polynesia,PYF,2018,2.3343163
French Polynesia,PYF,2019,2.252113
French Polynesia,PYF,2020,2.2554874
French Polynesia,PYF,2021,2.22658
French Polynesia,PYF,2022,2.1439655
French Polynesia,PYF,2023,2.0675333
French Polynesia,PYF,2024,1.9926498
French Polynesia,PYF,2025,1.9181502
Gabon,GAB,1991,43.562366
Gabon,GAB,1992,43.79017
Gabon,GAB,1993,43.46998
Gabon,GAB,1994,42.61239
Gabon,GAB,1995,41.493137
Gabon,GAB,1996,40.547726
Gabon,GAB,1997,39.613724
Gabon,GAB,1998,38.989223
Gabon,GAB,1999,39.692986
Gabon,GAB,2000,39.652706
Gabon,GAB,2001,39.388096
Gabon,GAB,2002,39.370396
Gabon,GAB,2003,39.102028
Gabon,GAB,2004,38.868023
Gabon,GAB,2005,38.40806
Gabon,GAB,2006,38.552025
Gabon,GAB,2007,37.772045
Gabon,GAB,2008,37.75881
Gabon,GAB,2009,37.593964
Gabon,GAB,2010,36.33736
Gabon,GAB,2011,35.1316
Gabon,GAB,2012,34.170517
Gabon,GAB,2013,33.18487
Gabon,GAB,2014,32.3999
Gabon,GAB,2015,31.740318
Gabon,GAB,2016,31.256977
Gabon,GAB,2017,30.880772
Gabon,GAB,2018,30.479673
Gabon,GAB,2019,30
Gabon,GAB,2020,30.253153
Gabon,GAB,2021,29.648216
Gabon,GAB,2022,29.437647
Gabon,GAB,2023,29.315025
Gabon,GAB,2024,29.080914
Gabon,GAB,2025,28.865698
Gambia,GMB,1991,32.49426
Gambia,GMB,1992,32.36727
Gambia,GMB,1993,32.304916
Gambia,GMB,1994,32.66198
Gambia,GMB,1995,32.904377
Gambia,GMB,1996,32.636993
Gambia,GMB,1997,32.467094
Gambia,GMB,1998,32.210228
Gambia,GMB,1999,32.021305
Gambia,GMB,2000,31.679813
Gambia,GMB,2001,31.335333
Gambia,GMB,2002,31.731783
Gambia,GMB,2003,31.403013
Gambia,GMB,2004,31.004917
Gambia,GMB,2005,31.380493
Gambia,GMB,2006,31.273626
Gambia,GMB,2007,30.995838
Gambia,GMB,2008,30.784729
Gambia,GMB,2009,30.30844
Gambia,GMB,2010,29.882767
Gambia,GMB,2011,30.702953
Gambia,GMB,2012,30.531466
Gambia,GMB,2013,30.389906
Gambia,GMB,2014,30.778778
Gambia,GMB,2015,30.574532
Gambia,GMB,2016,30.635399
Gambia,GMB,2017,30.072117
Gambia,GMB,2018,29.162663
Gambia,GMB,2019,28.434332
Gambia,GMB,2020,29.771175
Gambia,GMB,2021,30.068604
Gambia,GMB,2022,29.403917
Gambia,GMB,2023,29.067516
Gambia,GMB,2024,28.303862
Gambia,GMB,2025,27.55412
Georgia,GEO,1991,47.64336
Georgia,GEO,1992,48.512115
Georgia,GEO,1993,49.19296
Georgia,GEO,1994,49.275673
Georgia,GEO,1995,49.063362
Georgia,GEO,1996,48.41557
Georgia,GEO,1997,47.914745
Georgia,GEO,1998,47.6311
Georgia,GEO,1999,51.14216
Georgia,GEO,2000,51.08704
Georgia,GEO,2001,51.730286
Georgia,GEO,2002,52.78143
Georgia,GEO,2003,54.061935
Georgia,GEO,2004,53.166676
Georgia,GEO,2005,53.460632
Georgia,GEO,2006,54.630005
Georgia,GEO,2007,52.92015
Georgia,GEO,2008,52.418457
Georgia,GEO,2009,52.077244
Georgia,GEO,2010,50.822384
Georgia,GEO,2011,51.327774
Georgia,GEO,2012,49.884537
Georgia,GEO,2013,50.08845
Georgia,GEO,2014,48.873528
Georgia,GEO,2015,46.899395
Georgia,GEO,2016,46.70334
Georgia,GEO,2017,46.017464
Georgia,GEO,2018,41.870052
Georgia,GEO,2019,41.141846
Georgia,GEO,2020,41.05472
Georgia,GEO,2021,39.74746
Georgia,GEO,2022,36.94499
Georgia,GEO,2023,35.63389
Georgia,GEO,2024,34.766674
Georgia,GEO,2025,33.951244
Germany,DEU,1991,3.6435478
Germany,DEU,1992,3.5561404
Germany,DEU,1993,3.4924123
Germany,DEU,1994,3.2487636
Germany,DEU,1995,3.170178
Germany,DEU,1996,2.93478
Germany,DEU,1997,2.9422064
Germany,DEU,1998,2.7799253
Germany,DEU,1999,2.8639054
Germany,DEU,2000,2.637523
Germany,DEU,2001,2.6159925
Germany,DEU,2002,2.4870965
Germany,DEU,2003,2.4246268
Germany,DEU,2004,2.3551552
Germany,DEU,2005,2.3258014
Germany,DEU,2006,2.5114489
Germany,DEU,2007,2.2922676
Germany,DEU,2008,1.623614
Germany,DEU,2009,1.6421353
Germany,DEU,2010,1.6183026
Germany,DEU,2011,1.7213417
Germany,DEU,2012,1.5738441
Germany,DEU,2013,1.4589447
Germany,DEU,2014,1.438115
Germany,DEU,2015,1.3997865
Germany,DEU,2016,1.3072406
Germany,DEU,2017,1.2777593
Germany,DEU,2018,1.2691092
Germany,DEU,2019,1.1874061
Germany,DEU,2020,1.1135547
Germany,DEU,2021,1.2118343
Germany,DEU,2022,1.2722586
Germany,DEU,2023,1.2116839
Germany,DEU,2024,1.0930953
Germany,DEU,2025,1.0710452
Ghana,GHA,1991,71.779854
Ghana,GHA,1992,71.0121
Ghana,GHA,1993,70.26008
Ghana,GHA,1994,69.51028
Ghana,GHA,1995,68.624176
Ghana,GHA,1996,67.755165
Ghana,GHA,1997,66.67733
Ghana,GHA,1998,65.725395
Ghana,GHA,1999,64.76272
Ghana,GHA,2000,64.00294
Ghana,GHA,2001,63.573513
Ghana,GHA,2002,63.091442
Ghana,GHA,2003,62.57216
Ghana,GHA,2004,62.01864
Ghana,GHA,2005,61.31054
Ghana,GHA,2006,60.7279
Ghana,GHA,2007,58.08428
Ghana,GHA,2008,55.00949
Ghana,GHA,2009,52.110863
Ghana,GHA,2010,48.841217
Ghana,GHA,2011,47.076637
Ghana,GHA,2012,45.760227
Ghana,GHA,2013,44.340343
Ghana,GHA,2014,43.895195
Ghana,GHA,2015,43.42614
Ghana,GHA,2016,42.86079
Ghana,GHA,2017,42.018425
Ghana,GHA,2018,39.89655
Ghana,GHA,2019,37.658035
Ghana,GHA,2020,37.415962
Ghana,GHA,2021,35.969006
Ghana,GHA,2022,36.320244
Ghana,GHA,2023,36.00718
Ghana,GHA,2024,35.186455
Ghana,GHA,2025,34.57358
Greece,GRC,1991,19.673311
Greece,GRC,1992,19.434612
Greece,GRC,1993,19.248262
Greece,GRC,1994,19.287815
Greece,GRC,1995,19.29362
Greece,GRC,1996,19.752522
Greece,GRC,1997,19.47845
Greece,GRC,1998,17.321306
Greece,GRC,1999,17.285658
Greece,GRC,2000,16.674969
Greece,GRC,2001,15.255824
Greece,GRC,2002,14.474287
Greece,GRC,2003,14.133152
Greece,GRC,2004,11.435669
Greece,GRC,2005,11.290707
Greece,GRC,2006,10.965499
Greece,GRC,2007,10.566818
Greece,GRC,2008,10.620132
Greece,GRC,2009,11.086497
Greece,GRC,2010,11.874246
Greece,GRC,2011,11.751025
Greece,GRC,2012,12.3426285
Greece,GRC,2013,13.153357
Greece,GRC,2014,13.094019
Greece,GRC,2015,12.500714
Greece,GRC,2016,11.928924
Greece,GRC,2017,11.672557
Greece,GRC,2018,11.85299
Greece,GRC,2019,11.150728
Greece,GRC,2020,10.287913
Greece,GRC,2021,11.357712
Greece,GRC,2022,11.156256
Greece,GRC,2023,11.475949
Greece,GRC,2024,10.988338
Greece,GRC,2025,10.677789
Guam,GUM,1991,4.191914
Guam,GUM,1992,4.07226
Guam,GUM,1993,3.9543793
Guam,GUM,1994,3.8254213
Guam,GUM,1995,3.704088
Guam,GUM,1996,3.586046
Guam,GUM,1997,3.4633775
Guam,GUM,1998,3.3543828
Guam,GUM,1999,3.248446
Guam,GUM,2000,3.1366062
Guam,GUM,2001,3.0404668
Guam,GUM,2002,2.9472241
Guam,GUM,2003,2.8627622
Guam,GUM,2004,2.7644432
Guam,GUM,2005,2.6788285
Guam,GUM,2006,2.6176007
Guam,GUM,2007,2.543593
Guam,GUM,2008,2.4709303
Guam,GUM,2009,2.4038389
Guam,GUM,2010,2.335256
Guam,GUM,2011,2.27155
Guam,GUM,2012,2.2054303
Guam,GUM,2013,2.1418712
Guam,GUM,2014,2.0803432
Guam,GUM,2015,2.0240228
Guam,GUM,2016,1.9724662
Guam,GUM,2017,1.9202281
Guam,GUM,2018,1.8744209
Guam,GUM,2019,1.8241677
Guam,GUM,2020,1.7950524
Guam,GUM,2021,1.7689615
Guam,GUM,2022,1.7167084
Guam,GUM,2023,1.6646243
Guam,GUM,2024,1.6120226
Guam,GUM,2025,1.5611849
Guatemala,GTM,1991,36.079536
Guatemala,GTM,1992,35.936363
Guatemala,GTM,1993,35.81154
Guatemala,GTM,1994,35.674767
Guatemala,GTM,1995,35.50403
Guatemala,GTM,1996,35.438656
Guatemala,GTM,1997,35.289673
Guatemala,GTM,1998,35.114525
Guatemala,GTM,1999,36.156857
Guatemala,GTM,2000,37.26225
Guatemala,GTM,2001,37.155994
Guatemala,GTM,2002,37.01813
Guatemala,GTM,2003,36.82309
Guatemala,GTM,2004,36.635
Guatemala,GTM,2005,35.241997
Guatemala,GTM,2006,33.747684
Guatemala,GTM,2007,33.438583
Guatemala,GTM,2008,33.215427
Guatemala,GTM,2009,33.27033
Guatemala,GTM,2010,33.093056
Guatemala,GTM,2011,37.07063
Guatemala,GTM,2012,32.052166
Guatemala,GTM,2013,31.83986
Guatemala,GTM,2014,31.533543
Guatemala,GTM,2015,31.875723
Guatemala,GTM,2016,29.377386
Guatemala,GTM,2017,31.779564
Guatemala,GTM,2018,32.91627
Guatemala,GTM,2019,31.084658
Guatemala,GTM,2020,30.59536
Guatemala,GTM,2021,29.174591
Guatemala,GTM,2022,27.141573
Guatemala,GTM,2023,29.80793
Guatemala,GTM,2024,29.447845
Guatemala,GTM,2025,29.052773
Guinea,GIN,1991,72.89511
Guinea,GIN,1992,72.67905
Guinea,GIN,1993,72.508804
Guinea,GIN,1994,72.54171
Guinea,GIN,1995,72.4793
Guinea,GIN,1996,72.30234
Guinea,GIN,1997,71.99856
Guinea,GIN,1998,71.71817
Guinea,GIN,1999,71.521225
Guinea,GIN,2000,71.28935
Guinea,GIN,2001,70.86987
Guinea,GIN,2002,70.37812
Guinea,GIN,2003,68.96318
Guinea,GIN,2004,68.0054
Guinea,GIN,2005,66.7762
Guinea,GIN,2006,65.78137
Guinea,GIN,2007,64.07969
Guinea,GIN,2008,62.60228
Guinea,GIN,2009,61.591003
Guinea,GIN,2010,59.83618
Guinea,GIN,2011,57.72968
Guinea,GIN,2012,55.82466
Guinea,GIN,2013,53.90733
Guinea,GIN,2014,52.03167
Guinea,GIN,2015,51.723175
Guinea,GIN,2016,50.313465
Guinea,GIN,2017,49.263344
Guinea,GIN,2018,48.591583
Guinea,GIN,2019,48.267372
Guinea,GIN,2020,49.77895
Guinea,GIN,2021,49.97029
Guinea,GIN,2022,49.664513
Guinea,GIN,2023,49.024204
Guinea,GIN,2024,48.239937
Guinea,GIN,2025,47.35837
Guinea-Bissau,GNB,1991,68.49119
Guinea-Bissau,GNB,1992,68.59363
Guinea-Bissau,GNB,1993,68.80412
Guinea-Bissau,GNB,1994,68.794464
Guinea-Bissau,GNB,1995,68.62156
Guinea-Bissau,GNB,1996,67.973785
Guinea-Bissau,GNB,1997,67.2011
Guinea-Bissau,GNB,1998,68.46206
Guinea-Bissau,GNB,1999,67.57397
Guinea-Bissau,GNB,2000,67.47708
Guinea-Bissau,GNB,2001,67.13843
Guinea-Bissau,GNB,2002,67.13668
Guinea-Bissau,GNB,2003,67.26252
Guinea-Bissau,GNB,2004,67.26881
Guinea-Bissau,GNB,2005,66.92347
Guinea-Bissau,GNB,2006,66.77989
Guinea-Bissau,GNB,2007,66.71448
Guinea-Bissau,GNB,2008,66.63179
Guinea-Bissau,GNB,2009,66.45628
Guinea-Bissau,GNB,2010,66.19585
Guinea-Bissau,GNB,2011,65.691444
Guinea-Bissau,GNB,2012,66.07359
Guinea-Bissau,GNB,2013,65.86768
Guinea-Bissau,GNB,2014,65.79497
Guinea-Bissau,GNB,2015,65.565254
Guinea-Bissau,GNB,2016,65.10576
Guinea-Bissau,GNB,2017,64.834724
Guinea-Bissau,GNB,2018,64.50692
Guinea-Bissau,GNB,2019,64.3814
Guinea-Bissau,GNB,2020,65.16089
Guinea-Bissau,GNB,2021,64.28741
Guinea-Bissau,GNB,2022,62.663536
Guinea-Bissau,GNB,2023,62.211483
Guinea-Bissau,GNB,2024,61.70081
Guinea-Bissau,GNB,2025,61.072598
Guyana,GUY,1991,38.82395
Guyana,GUY,1992,37.551865
Guyana,GUY,1993,36.239307
Guyana,GUY,1994,34.798904
Guyana,GUY,1995,33.855045
Guyana,GUY,1996,32.299065
Guyana,GUY,1997,30.97981
Guyana,GUY,1998,30.202023
Guyana,GUY,1999,28.561983
Guyana,GUY,2000,27.504747
Guyana,GUY,2001,25.958042
Guyana,GUY,2002,24.69961
Guyana,GUY,2003,24.608532
Guyana,GUY,2004,24.170023
Guyana,GUY,2005,24.454031
Guyana,GUY,2006,23.341825
Guyana,GUY,2007,21.935944
Guyana,GUY,2008,21.559263
Guyana,GUY,2009,20.735916
Guyana,GUY,2010,19.872192
Guyana,GUY,2011,18.82666
Guyana,GUY,2012,18.071957
Guyana,GUY,2013,17.532396
Guyana,GUY,2014,17.320017
Guyana,GUY,2015,17.273325
Guyana,GUY,2016,16.751286
Guyana,GUY,2017,16.347715
Guyana,GUY,2018,15.914653
Guyana,GUY,2019,15.298199
Guyana,GUY,2020,15.63086
Guyana,GUY,2021,15.083706
Guyana,GUY,2022,13.982226
Guyana,GUY,2023,13.17311
Guyana,GUY,2024,12.563314
Guyana,GUY,2025,12.213711
Haiti,HTI,1991,53.180565
Haiti,HTI,1992,53.540432
Haiti,HTI,1993,53.60367
Haiti,HTI,1994,54.205837
Haiti,HTI,1995,53.111988
Haiti,HTI,1996,52.46485
Haiti,HTI,1997,52.101257
Haiti,HTI,1998,51.8372
Haiti,HTI,1999,51.571125
Haiti,HTI,2000,51.2656
Haiti,HTI,2001,51.04035
Haiti,HTI,2002,50.72737
Haiti,HTI,2003,50.426292
Haiti,HTI,2004,50.278706
Haiti,HTI,2005,50.058495
Haiti,HTI,2006,49.747776
Haiti,HTI,2007,49.340504
Haiti,HTI,2008,48.95559
Haiti,HTI,2009,48.38823
Haiti,HTI,2010,48.544914
Haiti,HTI,2011,47.980003
Haiti,HTI,2012,47.69008
Haiti,HTI,2013,47.081017
Haiti,HTI,2014,46.63487
Haiti,HTI,2015,46.255013
Haiti,HTI,2016,45.933544
Haiti,HTI,2017,45.59557
Haiti,HTI,2018,45.25877
Haiti,HTI,2019,45.165512
Haiti,HTI,2020,46.564137
Haiti,HTI,2021,46.834843
Haiti,HTI,2022,46.85529
Haiti,HTI,2023,46.674496
Haiti,HTI,2024,46.71347
Haiti,HTI,2025,46.61453
High-income countries,OWID_HIC,1991,8.186622
High-income countries,OWID_HIC,1992,8.106197
High-income countries,OWID_HIC,1993,7.842943
High-income countries,OWID_HIC,1994,7.729322
High-income countries,OWID_HIC,1995,7.4857793
High-income countries,OWID_HIC,1996,7.2090945
High-income countries,OWID_HIC,1997,6.655818
High-income countries,OWID_HIC,1998,6.4894695
High-income countries,OWID_HIC,1999,6.7311954
High-income countries,OWID_HIC,2000,6.483492
High-income countries,OWID_HIC,2001,6.0022593
High-income countries,OWID_HIC,2002,5.6746683
High-income countries,OWID_HIC,2003,5.493835
High-income countries,OWID_HIC,2004,5.171225
High-income countries,OWID_HIC,2005,5.061455
High-income countries,OWID_HIC,2006,4.8807273
High-income countries,OWID_HIC,2007,4.599737
High-income countries,OWID_HIC,2008,4.4160905
High-income countries,OWID_HIC,2009,4.3621492
High-income countries,OWID_HIC,2010,4.352676
High-income countries,OWID_HIC,2011,4.2395186
High-income countries,OWID_HIC,2012,4.1315064
High-income countries,OWID_HIC,2013,3.9827325
High-income countries,OWID_HIC,2014,3.8890996
High-income countries,OWID_HIC,2015,3.8196688
High-income countries,OWID_HIC,2016,3.728964
High-income countries,OWID_HIC,2017,3.5677593
High-income countries,OWID_HIC,2018,3.468117
High-income countries,OWID_HIC,2019,3.4044929
High-income countries,OWID_HIC,2020,3.403864
High-income countries,OWID_HIC,2021,3.3176997
High-income countries,OWID_HIC,2022,3.2316687
High-income countries,OWID_HIC,2023,3.1223938
High-income countries,OWID_HIC,2024,2.971462
High-income countries,OWID_HIC,2025,2.8931782
Honduras,HND,1991,28.533047
Honduras,HND,1992,28.633224
Honduras,HND,1993,28.015722
Honduras,HND,1994,27.670757
Honduras,HND,1995,27.74106
Honduras,HND,1996,28.611708
Honduras,HND,1997,27.444183
Honduras,HND,1998,25.348913
Honduras,HND,1999,25.793213
Honduras,HND,2000,26.679678
Honduras,HND,2001,27.59385
Honduras,HND,2002,29.368391
Honduras,HND,2003,27.972193
Honduras,HND,2004,25.774551
Honduras,HND,2005,25.429152
Honduras,HND,2006,27.763155
Honduras,HND,2007,26.278019
Honduras,HND,2008,25.988777
Honduras,HND,2009,27.155024
Honduras,HND,2010,28.030603
Honduras,HND,2011,26.899885
Honduras,HND,2012,28.51363
Honduras,HND,2013,26.231197
Honduras,HND,2014,21.11631
Honduras,HND,2015,21.049185
Honduras,HND,2016,19.88318
Honduras,HND,2017,23.943604
Honduras,HND,2018,23.539824
Honduras,HND,2019,22.521904
Honduras,HND,2020,23.572071
Honduras,HND,2021,22.80019
Honduras,HND,2022,21.46372
Honduras,HND,2023,22.982244
Honduras,HND,2024,22.627523
Honduras,HND,2025,22.423763
Hong Kong,HKG,1991,0.94753885
Hong Kong,HKG,1992,0.81114626
Hong Kong,HKG,1993,0.7528712
Hong Kong,HKG,1994,0.7278086
Hong Kong,HKG,1995,0.66586477
Hong Kong,HKG,1996,0.47068352
Hong Kong,HKG,1997,0.38589272
Hong Kong,HKG,1998,0.34509084
Hong Kong,HKG,1999,0.34211233
Hong Kong,HKG,2000,0.334823
Hong Kong,HKG,2001,0.25199232
Hong Kong,HKG,2002,0.3257646
Hong Kong,HKG,2003,0.25244114
Hong Kong,HKG,2004,0.29777667
Hong Kong,HKG,2005,0.29864275
Hong Kong,HKG,2006,0.27593607
Hong Kong,HKG,2007,0.20987205
Hong Kong,HKG,2008,0.26922405
Hong Kong,HKG,2009,0.26503912
Hong Kong,HKG,2010,0.25546136
Hong Kong,HKG,2011,0.24805485
Hong Kong,HKG,2012,0.24206203
Hong Kong,HKG,2013,0.23606147
Hong Kong,HKG,2014,0.23030314
Hong Kong,HKG,2015,0.2254104
Hong Kong,HKG,2016,0.21983463
Hong Kong,HKG,2017,0.21422559
Hong Kong,HKG,2018,0.20873165
Hong Kong,HKG,2019,0.20557263
Hong Kong,HKG,2020,0.20172743
Hong Kong,HKG,2021,0.19880356
Hong Kong,HKG,2022,0.19534476
Hong Kong,HKG,2023,0.19110419
Hong Kong,HKG,2024,0.18601133
Hong Kong,HKG,2025,0.1823775
Hungary,HUN,1991,11.142616
Hungary,HUN,1992,10.787733
Hungary,HUN,1993,8.816197
Hungary,HUN,1994,8.430983
Hungary,HUN,1995,7.7470956
Hungary,HUN,1996,7.936551
Hungary,HUN,1997,7.536244
Hungary,HUN,1998,7.0838103
Hungary,HUN,1999,6.7125516
Hungary,HUN,2000,6.240619
Hungary,HUN,2001,5.975042
Hungary,HUN,2002,5.9088655
Hungary,HUN,2003,5.201247
Hungary,HUN,2004,5.085847
Hungary,HUN,2005,4.701364
Hungary,HUN,2006,4.601419
Hungary,HUN,2007,4.430632
Hungary,HUN,2008,4.314573
Hungary,HUN,2009,4.609029
Hungary,HUN,2010,4.5405793
Hungary,HUN,2011,4.8858533
Hungary,HUN,2012,5.0636907
Hungary,HUN,2013,4.7773213
Hungary,HUN,2014,4.6752453
Hungary,HUN,2015,4.90014
Hungary,HUN,2016,5.0397687
Hungary,HUN,2017,5.0366845
Hungary,HUN,2018,4.9063435
Hungary,HUN,2019,4.7323356
Hungary,HUN,2020,4.741541
Hungary,HUN,2021,4.3808227
Hungary,HUN,2022,4.347834
Hungary,HUN,2023,4.4277797
Hungary,HUN,2024,4.2442985
Hungary,HUN,2025,4.1136827
Iceland,ISL,1991,10.188811
Iceland,ISL,1992,10.452577
Iceland,ISL,1993,9.192288
Iceland,ISL,1994,9.061365
Iceland,ISL,1995,9.573485
Iceland,ISL,1996,9.976419
Iceland,ISL,1997,9.084378
Iceland,ISL,1998,8.647512
Iceland,ISL,1999,8.916442
Iceland,ISL,2000,8.71328
Iceland,ISL,2001,7.711824
Iceland,ISL,2002,7.369149
Iceland,ISL,2003,6.9844027
Iceland,ISL,2004,6.3209553
Iceland,ISL,2005,6.5301557
Iceland,ISL,2006,6.313822
Iceland,ISL,2007,5.9191155
Iceland,ISL,2008,4.6035504
Iceland,ISL,2009,4.8338885
Iceland,ISL,2010,5.5869365
Iceland,ISL,2011,5.4889245
Iceland,ISL,2012,5.5485187
Iceland,ISL,2013,4.4449077
Iceland,ISL,2014,4.5355787
Iceland,ISL,2015,4.2388525
Iceland,ISL,2016,3.8950105
Iceland,ISL,2017,3.7562296
Iceland,ISL,2018,4.029561
Iceland,ISL,2019,4.0361366
Iceland,ISL,2020,4.0433493
Iceland,ISL,2021,4.094227
Iceland,ISL,2022,4.0925603
Iceland,ISL,2023,3.7767317
Iceland,ISL,2024,3.700401
Iceland,ISL,2025,3.6065545
India,IND,1991,63.12832
India,IND,1992,62.898335
India,IND,1993,62.663063
India,IND,1994,62.37124
India,IND,1995,61.97443
India,IND,1996,61.513382
India,IND,1997,61.158627
India,IND,1998,60.647957
India,IND,1999,59.878025
India,IND,2000,59.60731
India,IND,2001,58.89081
India,IND,2002,58.207855
India,IND,2003,57.16465
India,IND,2004,55.99946
India,IND,2005,55.020454
India,IND,2006,54.273018
India,IND,2007,53.36887
India,IND,2008,52.87919
India,IND,2009,51.944427
India,IND,2010,51.05607
India,IND,2011,49.075306
India,IND,2012,47.088154
India,IND,2013,46.241882
India,IND,2014,45.25471
India,IND,2015,44.279694
India,IND,2016,43.20485
India,IND,2017,42.267105
India,IND,2018,41.295
India,IND,2019,40.651814
India,IND,2020,44.675495
India,IND,2021,44.079185
India,IND,2022,42.861
India,IND,2023,43.51358
India,IND,2024,42.354774
India,IND,2025,41.62513
Indonesia,IDN,1991,47.655293
Indonesia,IDN,1992,46.93779
Indonesia,IDN,1993,46.08238
Indonesia,IDN,1994,45.075043
Indonesia,IDN,1995,43.977318
Indonesia,IDN,1996,43.112553
Indonesia,IDN,1997,42.6096
Indonesia,IDN,1998,45.06115
Indonesia,IDN,1999,45.25957
Indonesia,IDN,2000,45.348076
Indonesia,IDN,2001,43.833942
Indonesia,IDN,2002,44.451107
Indonesia,IDN,2003,46.47675
Indonesia,IDN,2004,43.418816
Indonesia,IDN,2005,44.113853
Indonesia,IDN,2006,42.155037
Indonesia,IDN,2007,41.367603
Indonesia,IDN,2008,40.704582
Indonesia,IDN,2009,40.05628
Indonesia,IDN,2010,38.730274
Indonesia,IDN,2011,36.812122
Indonesia,IDN,2012,35.560474
Indonesia,IDN,2013,34.69023
Indonesia,IDN,2014,34.004696
Indonesia,IDN,2015,32.77703
Indonesia,IDN,2016,31.555332
Indonesia,IDN,2017,30.522202
Indonesia,IDN,2018,29.44649
Indonesia,IDN,2019,28.463133
Indonesia,IDN,2020,29.308748
Indonesia,IDN,2021,28.9872
Indonesia,IDN,2022,29.284863
Indonesia,IDN,2023,28.779228
Indonesia,IDN,2024,27.960075
Indonesia,IDN,2025,27.296913
Iran,IRN,1991,21.986097
Iran,IRN,1992,21.798046
Iran,IRN,1993,21.750452
Iran,IRN,1994,21.67071
Iran,IRN,1995,21.494614
Iran,IRN,1996,21.104305
Iran,IRN,1997,21.003294
Iran,IRN,1998,20.865084
Iran,IRN,1999,20.67476
Iran,IRN,2000,20.32422
Iran,IRN,2001,20.049955
Iran,IRN,2002,19.53381
Iran,IRN,2003,19.000458
Iran,IRN,2004,18.71768
Iran,IRN,2005,18.389015
Iran,IRN,2006,18.081903
Iran,IRN,2007,18.463728
Iran,IRN,2008,18.25493
Iran,IRN,2009,18.32628
Iran,IRN,2010,16.319096
Iran,IRN,2011,15.902737
Iran,IRN,2012,16.616095
Iran,IRN,2013,16.638783
Iran,IRN,2014,16.431087
Iran,IRN,2015,16.6262
Iran,IRN,2016,16.169462
Iran,IRN,2017,16.069687
Iran,IRN,2018,16.0293
Iran,IRN,2019,16.333366
Iran,IRN,2020,16.1
Iran,IRN,2021,14.928831
Iran,IRN,2022,14.548371
Iran,IRN,2023,14.072477
Iran,IRN,2024,13.766078
Iran,IRN,2025,13.623905
Iraq,IRQ,1991,17.933165
Iraq,IRQ,1992,17.694218
Iraq,IRQ,1993,17.462986
Iraq,IRQ,1994,17.217556
Iraq,IRQ,1995,16.952013
Iraq,IRQ,1996,16.352411
Iraq,IRQ,1997,15.640369
Iraq,IRQ,1998,14.44048
Iraq,IRQ,1999,13.938383
Iraq,IRQ,2000,13.397372
Iraq,IRQ,2001,12.967789
Iraq,IRQ,2002,13.063658
Iraq,IRQ,2003,12.921863
Iraq,IRQ,2004,12.777318
Iraq,IRQ,2005,12.589279
Iraq,IRQ,2006,12.247397
Iraq,IRQ,2007,11.948487
Iraq,IRQ,2008,11.595535
Iraq,IRQ,2009,11.191468
Iraq,IRQ,2010,10.90683
Iraq,IRQ,2011,10.635558
Iraq,IRQ,2012,10.151414
Iraq,IRQ,2013,9.7873125
Iraq,IRQ,2014,9.62678
Iraq,IRQ,2015,9.464414
Iraq,IRQ,2016,8.947979
Iraq,IRQ,2017,9.027875
Iraq,IRQ,2018,8.890883
Iraq,IRQ,2019,8.529547
Iraq,IRQ,2020,8.758555
Iraq,IRQ,2021,8.619054
Iraq,IRQ,2022,8.478008
Iraq,IRQ,2023,8.360637
Iraq,IRQ,2024,8.177226
Iraq,IRQ,2025,8.168729
Ireland,IRL,1991,13.905337
Ireland,IRL,1992,13.496303
Ireland,IRL,1993,13.096781
Ireland,IRL,1994,12.579588
Ireland,IRL,1995,12.0083065
Ireland,IRL,1996,11.238693
Ireland,IRL,1997,10.912847
Ireland,IRL,1998,9.102652
Ireland,IRL,1999,8.64113
Ireland,IRL,2000,7.951303
Ireland,IRL,2001,7.104558
Ireland,IRL,2002,7.0310636
Ireland,IRL,2003,6.4951696
Ireland,IRL,2004,6.3726225
Ireland,IRL,2005,5.8939786
Ireland,IRL,2006,5.6329627
Ireland,IRL,2007,5.4410043
Ireland,IRL,2008,5.2862263
Ireland,IRL,2009,5.591152
Ireland,IRL,2010,5.751254
Ireland,IRL,2011,5.7237306
Ireland,IRL,2012,5.786114
Ireland,IRL,2013,5.7770195
Ireland,IRL,2014,5.4413013
Ireland,IRL,2015,5.3210125
Ireland,IRL,2016,5.280527
Ireland,IRL,2017,5.0458994
Ireland,IRL,2018,4.7630725
Ireland,IRL,2019,4.4288177
Ireland,IRL,2020,4.479689
Ireland,IRL,2021,4.811989
Ireland,IRL,2022,3.862044
Ireland,IRL,2023,4.632277
Ireland,IRL,2024,3.9540994
Ireland,IRL,2025,3.853201
Israel,ISR,1991,2.6117547
Israel,ISR,1992,2.6063755
Israel,ISR,1993,2.6313534
Israel,ISR,1994,2.4714582
Israel,ISR,1995,2.383131
Israel,ISR,1996,2.06819
Israel,ISR,1997,1.9487174
Israel,ISR,1998,1.8620751
Israel,ISR,1999,1.8893344
Israel,ISR,2000,1.7484137
Israel,ISR,2001,1.6114334
Israel,ISR,2002,1.6000715
Israel,ISR,2003,1.50112
Israel,ISR,2004,1.6477013
Israel,ISR,2005,1.6193799
Israel,ISR,2006,1.4283293
Israel,ISR,2007,1.3069806
Israel,ISR,2008,1.3940842
Israel,ISR,2009,1.3663443
Israel,ISR,2010,1.3157972
Israel,ISR,2011,1.1434833
Israel,ISR,2012,1.1081678
Israel,ISR,2013,1.2430376
Israel,ISR,2014,1.1113147
Israel,ISR,2015,1.0205811
Israel,ISR,2016,1.0179558
Israel,ISR,2017,1.004249
Israel,ISR,2018,0.922922
Israel,ISR,2019,0.92085135
Israel,ISR,2020,0.91495776
Israel,ISR,2021,0.795749
Israel,ISR,2022,0.7800423
Israel,ISR,2023,0.8123893
Israel,ISR,2024,0.7837647
Israel,ISR,2025,0.7597119
Italy,ITA,1300,63.4
Italy,ITA,1400,60.9
Italy,ITA,1500,62.3
Italy,ITA,1600,60.4
Italy,ITA,1700,58.8
Italy,ITA,1750,58.9
Italy,ITA,1800,57.8
Italy,ITA,1980,14
Italy,ITA,1991,8.420412
Italy,ITA,1992,8.00078
Italy,ITA,1993,7.0827036
Italy,ITA,1994,6.897877
Italy,ITA,1995,6.583002
Italy,ITA,1996,6.128943
Italy,ITA,1997,5.8806033
Italy,ITA,1998,5.7657833
Italy,ITA,1999,5.421228
Italy,ITA,2000,5.2318487
Italy,ITA,2001,5.210187
Italy,ITA,2002,4.9253597
Italy,ITA,2003,4.7159977
Italy,ITA,2004,4.1369047
Italy,ITA,2005,4.1983075
Italy,ITA,2006,4.2725773
Italy,ITA,2007,3.9670484
Italy,ITA,2008,3.6990805
Italy,ITA,2009,3.6907558
Italy,ITA,2010,3.7681875
Italy,ITA,2011,3.680749
Italy,ITA,2012,3.6924586
Italy,ITA,2013,3.601347
Italy,ITA,2014,3.6430461
Italy,ITA,2015,3.7513716
Italy,ITA,2016,3.88445
Italy,ITA,2017,3.782815
Italy,ITA,2018,3.7390976
Italy,ITA,2019,3.8783088
Italy,ITA,2020,4.011615
Italy,ITA,2021,4.0501733
Italy,ITA,2022,3.787696
Italy,ITA,2023,3.5943758
Italy,ITA,2024,3.4259124
Italy,ITA,2025,3.3472173
Jamaica,JAM,1991,28.955433
Jamaica,JAM,1992,28.657848
Jamaica,JAM,1993,25.908653
Jamaica,JAM,1994,25.246117
Jamaica,JAM,1995,24.467386
Jamaica,JAM,1996,23.937613
Jamaica,JAM,1997,22.506811
Jamaica,JAM,1998,22.31457
Jamaica,JAM,1999,21.932287
Jamaica,JAM,2000,22.274927
Jamaica,JAM,2001,22.161749
Jamaica,JAM,2002,21.528341
Jamaica,JAM,2003,21.76103
Jamaica,JAM,2004,19.794306
Jamaica,JAM,2005,19.430223
Jamaica,JAM,2006,19.601833
Jamaica,JAM,2007,19.00389
Jamaica,JAM,2008,18.683704
Jamaica,JAM,2009,20.253902
Jamaica,JAM,2010,20.30628
Jamaica,JAM,2011,17.623732
Jamaica,JAM,2012,18.10926
Jamaica,JAM,2013,18.220829
Jamaica,JAM,2014,18.451382
Jamaica,JAM,2015,17.744907
Jamaica,JAM,2016,16.722467
Jamaica,JAM,2017,16.7608
Jamaica,JAM,2018,16.261106
Jamaica,JAM,2019,15.2306385
Jamaica,JAM,2020,15.936424
Jamaica,JAM,2021,15.737885
Jamaica,JAM,2022,14.854176
Jamaica,JAM,2023,14.550314
Jamaica,JAM,2024,14.245187
Jamaica,JAM,2025,13.940775
Japan,JPN,1991,7.191257
Japan,JPN,1992,6.8682346
Japan,JPN,1993,6.3885393
Japan,JPN,1994,6.2216506
Japan,JPN,1995,6.1149583
Japan,JPN,1996,5.906925
Japan,JPN,1997,5.746895
Japan,JPN,1998,5.67122
Japan,JPN,1999,5.5881042
Japan,JPN,2000,5.450641
Japan,JPN,2001,5.2258096
Japan,JPN,2002,4.990271
Japan,JPN,2003,4.976592
Japan,JPN,2004,4.938521
Japan,JPN,2005,4.766308
Japan,JPN,2006,4.6176057
Japan,JPN,2007,4.5882607
Japan,JPN,2008,4.575874
Japan,JPN,2009,4.567595
Japan,JPN,2010,4.4259377
Japan,JPN,2011,4.1566854
Japan,JPN,2012,4.06019
Japan,JPN,2013,3.8866417
Japan,JPN,2014,3.8131382
Japan,JPN,2015,3.7833056
Japan,JPN,2016,3.660477
Japan,JPN,2017,3.5973368
Japan,JPN,2018,3.512659
Japan,JPN,2019,3.375439
Japan,JPN,2020,3.257057
Japan,JPN,2021,3.166518
Japan,JPN,2022,3.095026
Japan,JPN,2023,3.0051346
Japan,JPN,2024,2.88245
Japan,JPN,2025,2.8137114
Jordan,JOR,1991,4.7108583
Jordan,JOR,1992,4.594205
Jordan,JOR,1993,4.5536475
Jordan,JOR,1994,4.5076294
Jordan,JOR,1995,4.443611
Jordan,JOR,1996,4.411647
Jordan,JOR,1997,4.3559284
Jordan,JOR,1998,4.2987933
Jordan,JOR,1999,4.2290215
Jordan,JOR,2000,4.1471024
Jordan,JOR,2001,4.048541
Jordan,JOR,2002,3.9400387
Jordan,JOR,2003,4.0482945
Jordan,JOR,2004,4.114482
Jordan,JOR,2005,3.9670944
Jordan,JOR,2006,3.877338
Jordan,JOR,2007,3.781902
Jordan,JOR,2008,3.6565459
Jordan,JOR,2009,3.553617
Jordan,JOR,2010,3.5022357
Jordan,JOR,2011,3.448297
Jordan,JOR,2012,3.3867793
Jordan,JOR,2013,3.3743007
Jordan,JOR,2014,3.4075184
Jordan,JOR,2015,3.4381285
Jordan,JOR,2016,3.4286835
Jordan,JOR,2017,3.3751543
Jordan,JOR,2018,3.7424088
Jordan,JOR,2019,3.3561401
Jordan,JOR,2020,3.304737
Jordan,JOR,2021,3.2798202
Jordan,JOR,2022,3.3022022
Jordan,JOR,2023,3.2785578
Jordan,JOR,2024,3.202292
Jordan,JOR,2025,3.1157193
Kazakhstan,KAZ,1991,37.998043
Kazakhstan,KAZ,1992,38.11453
Kazakhstan,KAZ,1993,38.4071
Kazakhstan,KAZ,1994,38.672707
Kazakhstan,KAZ,1995,38.742588
Kazakhstan,KAZ,1996,38.39685
Kazakhstan,KAZ,1997,37.97993
Kazakhstan,KAZ,1998,37.808224
Kazakhstan,KAZ,1999,37.24798
Kazakhstan,KAZ,2000,36.58819
Kazakhstan,KAZ,2001,35.51777
Kazakhstan,KAZ,2002,35.47824
Kazakhstan,KAZ,2003,35.254032
Kazakhstan,KAZ,2004,33.501347
Kazakhstan,KAZ,2005,32.405247
Kazakhstan,KAZ,2006,31.535086
Kazakhstan,KAZ,2007,31.224524
Kazakhstan,KAZ,2008,30.160158
Kazakhstan,KAZ,2009,29.016624
Kazakhstan,KAZ,2010,28.282864
Kazakhstan,KAZ,2011,26.453932
Kazakhstan,KAZ,2012,25.539534
Kazakhstan,KAZ,2013,24.194328
Kazakhstan,KAZ,2014,21.896189
Kazakhstan,KAZ,2015,18.012856
Kazakhstan,KAZ,2016,16.328104
Kazakhstan,KAZ,2017,15.363287
Kazakhstan,KAZ,2018,14.316364
Kazakhstan,KAZ,2019,13.761785
Kazakhstan,KAZ,2020,13.457538
Kazakhstan,KAZ,2021,12.828343
Kazakhstan,KAZ,2022,12.360197
Kazakhstan,KAZ,2023,12.024842
Kazakhstan,KAZ,2024,11.6472435
Kazakhstan,KAZ,2025,11.319587
Kenya,KEN,1991,61.294872
Kenya,KEN,1992,61.423676
Kenya,KEN,1993,61.490147
Kenya,KEN,1994,61.327656
Kenya,KEN,1995,61.09141
Kenya,KEN,1996,60.777393
Kenya,KEN,1997,60.739056
Kenya,KEN,1998,60.51084
Kenya,KEN,1999,60.39877
Kenya,KEN,2000,60.382946
Kenya,KEN,2001,59.880608
Kenya,KEN,2002,59.653336
Kenya,KEN,2003,59.291718
Kenya,KEN,2004,58.752594
Kenya,KEN,2005,58.11206
Kenya,KEN,2006,57.4187
Kenya,KEN,2007,56.69132
Kenya,KEN,2008,56.593876
Kenya,KEN,2009,56.37778
Kenya,KEN,2010,55.641895
Kenya,KEN,2011,55.13471
Kenya,KEN,2012,54.479492
Kenya,KEN,2013,53.89496
Kenya,KEN,2014,53.139496
Kenya,KEN,2015,52.50569
Kenya,KEN,2016,51.868683
Kenya,KEN,2017,51.292553
Kenya,KEN,2018,50.39529
Kenya,KEN,2019,49.734337
Kenya,KEN,2020,51.21149
Kenya,KEN,2021,51.235466
Kenya,KEN,2022,47.82709
Kenya,KEN,2023,47.155647
Kenya,KEN,2024,46.502625
Kenya,KEN,2025,45.788425
Kuwait,KWT,1991,2.4314892
Kuwait,KWT,1992,2.3745995
Kuwait,KWT,1993,2.2672281
Kuwait,KWT,1994,2.1620846
Kuwait,KWT,1995,2.078904
Kuwait,KWT,1996,2.134434
Kuwait,KWT,1997,2.1808643
Kuwait,KWT,1998,2.2212408
Kuwait,KWT,1999,2.2979727
Kuwait,KWT,2000,2.3661063
Kuwait,KWT,2001,2.4192343
Kuwait,KWT,2002,2.465418
Kuwait,KWT,2003,2.5046964
Kuwait,KWT,2004,2.604158
Kuwait,KWT,2005,2.7029562
Kuwait,KWT,2006,2.645732
Kuwait,KWT,2007,2.5804532
Kuwait,KWT,2008,2.5126536
Kuwait,KWT,2009,2.4688344
Kuwait,KWT,2010,2.4406598
Kuwait,KWT,2011,2.4038067
Kuwait,KWT,2012,2.3560233
Kuwait,KWT,2013,2.3109503
Kuwait,KWT,2014,2.2653444
Kuwait,KWT,2015,2.198649
Kuwait,KWT,2016,2.1493688
Kuwait,KWT,2017,2.1090047
Kuwait,KWT,2018,2.0936797
Kuwait,KWT,2019,2.0391681
Kuwait,KWT,2020,2.0153136
Kuwait,KWT,2021,1.990927
Kuwait,KWT,2022,1.9673262
Kuwait,KWT,2023,1.9505063
Kuwait,KWT,2024,1.9271374
Kuwait,KWT,2025,1.8912692
Kyrgyzstan,KGZ,1991,24.786997
Kyrgyzstan,KGZ,1992,27.082802
Kyrgyzstan,KGZ,1993,27.783407
Kyrgyzstan,KGZ,1994,30.583061
Kyrgyzstan,KGZ,1995,35.79713
Kyrgyzstan,KGZ,1996,35.783764
Kyrgyzstan,KGZ,1997,37.00778
Kyrgyzstan,KGZ,1998,37.7163
Kyrgyzstan,KGZ,1999,41.440723
Kyrgyzstan,KGZ,2000,42.30609
Kyrgyzstan,KGZ,2001,42.151314
Kyrgyzstan,KGZ,2002,38.02498
Kyrgyzstan,KGZ,2003,32.22334
Kyrgyzstan,KGZ,2004,28.137243
Kyrgyzstan,KGZ,2005,27.765663
Kyrgyzstan,KGZ,2006,25.738123
Kyrgyzstan,KGZ,2007,24.18969
Kyrgyzstan,KGZ,2008,23.819437
Kyrgyzstan,KGZ,2009,23.45625
Kyrgyzstan,KGZ,2010,23.22547
Kyrgyzstan,KGZ,2011,23.761488
Kyrgyzstan,KGZ,2012,22.95823
Kyrgyzstan,KGZ,2013,23.17065
Kyrgyzstan,KGZ,2014,24.068756
Kyrgyzstan,KGZ,2015,22.505234
Kyrgyzstan,KGZ,2016,20.695099
Kyrgyzstan,KGZ,2017,20.349771
Kyrgyzstan,KGZ,2018,19.996717
Kyrgyzstan,KGZ,2019,16.356758
Kyrgyzstan,KGZ,2020,17.671644
Kyrgyzstan,KGZ,2021,16.814007
Kyrgyzstan,KGZ,2022,17.012209
Kyrgyzstan,KGZ,2023,16.770966
Kyrgyzstan,KGZ,2024,16.007317
Kyrgyzstan,KGZ,2025,15.445386
Laos,LAO,1991,90.11323
Laos,LAO,1992,90.0522
Laos,LAO,1993,89.865555
Laos,LAO,1994,89.60846
Laos,LAO,1995,89.328835
Laos,LAO,1996,88.85241
Laos,LAO,1997,88.5464
Laos,LAO,1998,87.94612
Laos,LAO,1999,87.37468
Laos,LAO,2000,86.85024
Laos,LAO,2001,86.286
Laos,LAO,2002,85.68812
Laos,LAO,2003,85.07298
Laos,LAO,2004,84.264366
Laos,LAO,2005,83.516525
Laos,LAO,2006,82.68959
Laos,LAO,2007,81.81552
Laos,LAO,2008,80.82651
Laos,LAO,2009,79.85227
Laos,LAO,2010,78.931335
Laos,LAO,2011,77.88617
Laos,LAO,2012,76.72244
Laos,LAO,2013,75.43097
Laos,LAO,2014,74.192154
Laos,LAO,2015,72.96495
Laos,LAO,2016,71.850914
Laos,LAO,2017,70.5291
Laos,LAO,2018,69.863884
Laos,LAO,2019,69.35876
Laos,LAO,2020,69.95523
Laos,LAO,2021,69.857735
Laos,LAO,2022,69.56597
Laos,LAO,2023,69.387695
Laos,LAO,2024,68.91207
Laos,LAO,2025,68.59699
Latin America and Caribbean (WB),WB_LAC,1991,21.135324
Latin America and Caribbean (WB),WB_LAC,1992,21.12542
Latin America and Caribbean (WB),WB_LAC,1993,20.82657
Latin America and Caribbean (WB),WB_LAC,1994,20.395317
Latin America and Caribbean (WB),WB_LAC,1995,20.082785
Latin America and Caribbean (WB),WB_LAC,1996,19.50043
Latin America and Caribbean (WB),WB_LAC,1997,19.502377
Latin America and Caribbean (WB),WB_LAC,1998,18.433462
Latin America and Caribbean (WB),WB_LAC,1999,18.844845
Latin America and Caribbean (WB),WB_LAC,2000,18.343182
Latin America and Caribbean (WB),WB_LAC,2001,18.406807
Latin America and Caribbean (WB),WB_LAC,2002,18.319359
Latin America and Caribbean (WB),WB_LAC,2003,18.056318
Latin America and Caribbean (WB),WB_LAC,2004,17.841984
Latin America and Caribbean (WB),WB_LAC,2005,17.48424
Latin America and Caribbean (WB),WB_LAC,2006,16.77396
Latin America and Caribbean (WB),WB_LAC,2007,16.02226
Latin America and Caribbean (WB),WB_LAC,2008,15.47173
Latin America and Caribbean (WB),WB_LAC,2009,15.457741
Latin America and Caribbean (WB),WB_LAC,2010,15.1159115
Latin America and Caribbean (WB),WB_LAC,2011,14.870325
Latin America and Caribbean (WB),WB_LAC,2012,14.621834
Latin America and Caribbean (WB),WB_LAC,2013,14.450094
Latin America and Caribbean (WB),WB_LAC,2014,14.032307
Latin America and Caribbean (WB),WB_LAC,2015,13.9740095
Latin America and Caribbean (WB),WB_LAC,2016,14.050771
Latin America and Caribbean (WB),WB_LAC,2017,14.143939
Latin America and Caribbean (WB),WB_LAC,2018,14.12994
Latin America and Caribbean (WB),WB_LAC,2019,13.777282
Latin America and Caribbean (WB),WB_LAC,2020,14.754235
Latin America and Caribbean (WB),WB_LAC,2021,14.394205
Latin America and Caribbean (WB),WB_LAC,2022,13.609579
Latin America and Caribbean (WB),WB_LAC,2023,13.141159
Latin America and Caribbean (WB),WB_LAC,2024,12.864579
Latin America and Caribbean (WB),WB_LAC,2025,12.720338
Latvia,LVA,1991,19.88058
Latvia,LVA,1992,19.680094
Latvia,LVA,1993,19.183582
Latvia,LVA,1994,18.556686
Latvia,LVA,1995,18.074642
Latvia,LVA,1996,17.4774
Latvia,LVA,1997,21.584084
Latvia,LVA,1998,19.028324
Latvia,LVA,1999,17.491568
Latvia,LVA,2000,14.925571
Latvia,LVA,2001,15.47088
Latvia,LVA,2002,16.228735
Latvia,LVA,2003,14.243657
Latvia,LVA,2004,13.30127
Latvia,LVA,2005,12.051169
Latvia,LVA,2006,11.46104
Latvia,LVA,2007,10.179928
Latvia,LVA,2008,7.956997
Latvia,LVA,2009,8.750823
Latvia,LVA,2010,8.614473
Latvia,LVA,2011,8.895143
Latvia,LVA,2012,8.373285
Latvia,LVA,2013,8.056184
Latvia,LVA,2014,7.5036855
Latvia,LVA,2015,7.939155
Latvia,LVA,2016,7.691806
Latvia,LVA,2017,6.6897693
Latvia,LVA,2018,6.9019184
Latvia,LVA,2019,6.811827
Latvia,LVA,2020,7.401521
Latvia,LVA,2021,5.6409264
Latvia,LVA,2022,6.2288976
Latvia,LVA,2023,5.835223
Latvia,LVA,2024,6.9246974
Latvia,LVA,2025,6.663652
Lebanon,LBN,1991,7.2657137
Lebanon,LBN,1992,6.830607
Lebanon,LBN,1993,6.5072594
Lebanon,LBN,1994,6.2540803
Lebanon,LBN,1995,6.042465
Lebanon,LBN,1996,5.7571855
Lebanon,LBN,1997,5.6811867
Lebanon,LBN,1998,5.5498004
Lebanon,LBN,1999,5.514827
Lebanon,LBN,2000,5.4317765
Lebanon,LBN,2001,5.302804
Lebanon,LBN,2002,5.179992
Lebanon,LBN,2003,5.0568495
Lebanon,LBN,2004,4.8812284
Lebanon,LBN,2005,4.775788
Lebanon,LBN,2006,4.6984835
Lebanon,LBN,2007,4.4871635
Lebanon,LBN,2008,4.2828045
Lebanon,LBN,2009,4.059064
Lebanon,LBN,2010,3.8910074
Lebanon,LBN,2011,3.820942
Lebanon,LBN,2012,3.7526965
Lebanon,LBN,2013,3.7755659
Lebanon,LBN,2014,3.837074
Lebanon,LBN,2015,3.8094249
Lebanon,LBN,2016,3.6953692
Lebanon,LBN,2017,3.5993893
Lebanon,LBN,2018,3.541698
Lebanon,LBN,2019,3.5632238
Lebanon,LBN,2020,3.6228087
Lebanon,LBN,2021,3.5762684
Lebanon,LBN,2022,3.5699923
Lebanon,LBN,2023,3.5130005
Lesotho,LSO,1991,38.59976
Lesotho,LSO,1992,38.206985
Lesotho,LSO,1993,37.722324
Lesotho,LSO,1994,37.10055
Lesotho,LSO,1995,36.71452
Lesotho,LSO,1996,35.915222
Lesotho,LSO,1997,35.741753
Lesotho,LSO,1998,36.07667
Lesotho,LSO,1999,36.352398
Lesotho,LSO,2000,36.008064
Lesotho,LSO,2001,35.85141
Lesotho,LSO,2002,35.60446
Lesotho,LSO,2003,35.1203
Lesotho,LSO,2004,34.99072
Lesotho,LSO,2005,34.43947
Lesotho,LSO,2006,33.66885
Lesotho,LSO,2007,33.16209
Lesotho,LSO,2008,32.50495
Lesotho,LSO,2009,32.61868
Lesotho,LSO,2010,31.929003
Lesotho,LSO,2011,31.394411
Lesotho,LSO,2012,30.732042
Lesotho,LSO,2013,30.59643
Lesotho,LSO,2014,30.21887
Lesotho,LSO,2015,29.890583
Lesotho,LSO,2016,29.751877
Lesotho,LSO,2017,30.197609
Lesotho,LSO,2018,30.290545
Lesotho,LSO,2019,29.834291
Lesotho,LSO,2020,31.48842
Lesotho,LSO,2021,32.032654
Lesotho,LSO,2022,31.677048
Lesotho,LSO,2023,31.539879
Lesotho,LSO,2024,31.124365
Lesotho,LSO,2025,30.876225
Liberia,LBR,1991,51.458378
Liberia,LBR,1992,55.00263
Liberia,LBR,1993,58.385532
Liberia,LBR,1994,60.64656
Liberia,LBR,1995,62.59535
Liberia,LBR,1996,60.830383
Liberia,LBR,1997,55.61631
Liberia,LBR,1998,53.25186
Liberia,LBR,1999,51.111027
Liberia,LBR,2000,48.41688
Liberia,LBR,2001,48.775524
Liberia,LBR,2002,48.665863
Liberia,LBR,2003,52.043205
Liberia,LBR,2004,51.440853
Liberia,LBR,2005,50.943768
Liberia,LBR,2006,50.10331
Liberia,LBR,2007,48.99518
Liberia,LBR,2008,47.88858
Liberia,LBR,2009,47.020164
Liberia,LBR,2010,45.76846
Liberia,LBR,2011,44.634007
Liberia,LBR,2012,43.2134
Liberia,LBR,2013,41.593494
Liberia,LBR,2014,41.33319
Liberia,LBR,2015,41.074512
Liberia,LBR,2016,41.323254
Liberia,LBR,2017,40.629395
Liberia,LBR,2018,40.563717
Liberia,LBR,2019,41.330036
Liberia,LBR,2020,43.2287
Liberia,LBR,2021,43.77638
Liberia,LBR,2022,43.32151
Liberia,LBR,2023,42.585617
Liberia,LBR,2024,41.87436
Liberia,LBR,2025,41.120903
Libya,LBY,1991,14.976057
Libya,LBY,1992,14.964523
Libya,LBY,1993,15.091596
Libya,LBY,1994,14.886437
Libya,LBY,1995,14.859863
Libya,LBY,1996,14.578671
Libya,LBY,1997,14.146921
Libya,LBY,1998,14.094066
Libya,LBY,1999,13.97808
Libya,LBY,2000,13.81154
Libya,LBY,2001,13.789905
Libya,LBY,2002,13.988809
Libya,LBY,2003,13.425242
Libya,LBY,2004,13.221876
Libya,LBY,2005,12.693737
Libya,LBY,2006,12.367061
Libya,LBY,2007,11.922882
Libya,LBY,2008,11.893322
Libya,LBY,2009,11.783545
Libya,LBY,2010,11.461995
Libya,LBY,2011,11.103107
Libya,LBY,2012,11.200141
Libya,LBY,2013,11.525724
Libya,LBY,2014,11.817876
Libya,LBY,2015,11.595609
Libya,LBY,2016,11.501591
Libya,LBY,2017,10.777075
Libya,LBY,2018,10.445528
Libya,LBY,2019,10.690346
Libya,LBY,2020,10.967657
Libya,LBY,2021,10.819585
Libya,LBY,2022,11.032495
Libya,LBY,2023,10.59583
Libya,LBY,2024,10.520053
Libya,LBY,2025,9.997483
Lithuania,LTU,1991,23.300152
Lithuania,LTU,1992,23.251411
Lithuania,LTU,1993,23.061468
Lithuania,LTU,1994,22.57552
Lithuania,LTU,1995,22.02995
Lithuania,LTU,1996,21.450996
Lithuania,LTU,1997,20.602676
Lithuania,LTU,1998,19.557047
Lithuania,LTU,1999,19.988945
Lithuania,LTU,2000,19.24116
Lithuania,LTU,2001,17.573254
Lithuania,LTU,2002,18.641348
Lithuania,LTU,2003,18.712864
Lithuania,LTU,2004,16.28422
Lithuania,LTU,2005,14.2711115
Lithuania,LTU,2006,13.832496
Lithuania,LTU,2007,11.3253565
Lithuania,LTU,2008,8.064592
Lithuania,LTU,2009,8.983899
Lithuania,LTU,2010,8.8305025
Lithuania,LTU,2011,8.4861
Lithuania,LTU,2012,8.796716
Lithuania,LTU,2013,8.422826
Lithuania,LTU,2014,9.166032
Lithuania,LTU,2015,9.069002
Lithuania,LTU,2016,7.97552
Lithuania,LTU,2017,7.7840805
Lithuania,LTU,2018,7.1825924
Lithuania,LTU,2019,6.436241
Lithuania,LTU,2020,5.6897955
Lithuania,LTU,2021,5.312821
Lithuania,LTU,2022,5.455573
Lithuania,LTU,2023,5.05919
Lithuania,LTU,2024,4.845184
Lithuania,LTU,2025,4.6629076
Low-income countries,OWID_LIC,1991,66.74101
Low-income countries,OWID_LIC,1992,67.4542
Low-income countries,OWID_LIC,1993,67.57935
Low-income countries,OWID_LIC,1994,67.52805
Low-income countries,OWID_LIC,1995,67.70516
Low-income countries,OWID_LIC,1996,67.437805
Low-income countries,OWID_LIC,1997,67.54178
Low-income countries,OWID_LIC,1998,67.55011
Low-income countries,OWID_LIC,1999,67.30178
Low-income countries,OWID_LIC,2000,67.342125
Low-income countries,OWID_LIC,2001,67.214264
Low-income countries,OWID_LIC,2002,66.997986
Low-income countries,OWID_LIC,2003,66.858635
Low-income countries,OWID_LIC,2004,66.4456
Low-income countries,OWID_LIC,2005,66.18351
Low-income countries,OWID_LIC,2006,65.62034
Low-income countries,OWID_LIC,2007,65.09623
Low-income countries,OWID_LIC,2008,64.50903
Low-income countries,OWID_LIC,2009,64.10406
Low-income countries,OWID_LIC,2010,63.131298
Low-income countries,OWID_LIC,2011,62.732674
Low-income countries,OWID_LIC,2012,62.36872
Low-income countries,OWID_LIC,2013,62.53828
Low-income countries,OWID_LIC,2014,61.99145
Low-income countries,OWID_LIC,2015,61.545593
Low-income countries,OWID_LIC,2016,61.003086
Low-income countries,OWID_LIC,2017,60.320015
Low-income countries,OWID_LIC,2018,59.39574
Low-income countries,OWID_LIC,2019,58.220646
Low-income countries,OWID_LIC,2020,60.2781
Low-income countries,OWID_LIC,2021,60.871243
Low-income countries,OWID_LIC,2022,60.372375
Low-income countries,OWID_LIC,2023,60.694805
Low-income countries,OWID_LIC,2024,59.81333
Low-income countries,OWID_LIC,2025,59.372272
Lower-middle-income countries,OWID_LMC,1991,58.658703
Lower-middle-income countries,OWID_LMC,1992,58.451523
Lower-middle-income countries,OWID_LMC,1993,58.170616
Lower-middle-income countries,OWID_LMC,1994,58.17432
Lower-middle-income countries,OWID_LMC,1995,57.6606
Lower-middle-income countries,OWID_LMC,1996,57.16532
Lower-middle-income countries,OWID_LMC,1997,56.576813
Lower-middle-income countries,OWID_LMC,1998,56.428116
Lower-middle-income countries,OWID_LMC,1999,55.939873
Lower-middle-income countries,OWID_LMC,2000,55.78007
Lower-middle-income countries,OWID_LMC,2001,54.981373
Lower-middle-income countries,OWID_LMC,2002,54.218292
Lower-middle-income countries,OWID_LMC,2003,53.19396
Lower-middle-income countries,OWID_LMC,2004,52.33466
Lower-middle-income countries,OWID_LMC,2005,51.454453
Lower-middle-income countries,OWID_LMC,2006,50.78389
Lower-middle-income countries,OWID_LMC,2007,49.991768
Lower-middle-income countries,OWID_LMC,2008,49.476707
Lower-middle-income countries,OWID_LMC,2009,48.56288
Lower-middle-income countries,OWID_LMC,2010,47.69721
Lower-middle-income countries,OWID_LMC,2011,46.537685
Lower-middle-income countries,OWID_LMC,2012,45.152542
Lower-middle-income countries,OWID_LMC,2013,44.43568
Lower-middle-income countries,OWID_LMC,2014,43.67223
Lower-middle-income countries,OWID_LMC,2015,42.850853
Lower-middle-income countries,OWID_LMC,2016,42.23717
Lower-middle-income countries,OWID_LMC,2017,41.38573
Lower-middle-income countries,OWID_LMC,2018,40.47012
Lower-middle-income countries,OWID_LMC,2019,40.058804
Lower-middle-income countries,OWID_LMC,2020,42.368248
Lower-middle-income countries,OWID_LMC,2021,41.842808
Lower-middle-income countries,OWID_LMC,2022,40.794113
Lower-middle-income countries,OWID_LMC,2023,41.131584
Lower-middle-income countries,OWID_LMC,2024,40.37582
Lower-middle-income countries,OWID_LMC,2025,39.76623
Luxembourg,LUX,1991,3.398769
Luxembourg,LUX,1992,3.2996352
Luxembourg,LUX,1993,3.1966133
Luxembourg,LUX,1994,3.155044
Luxembourg,LUX,1995,3.8720105
Luxembourg,LUX,1996,2.644238
Luxembourg,LUX,1997,2.341473
Luxembourg,LUX,1998,2.9189918
Luxembourg,LUX,1999,1.9525692
Luxembourg,LUX,2000,2.4434419
Luxembourg,LUX,2001,1.5287707
Luxembourg,LUX,2002,1.96879
Luxembourg,LUX,2003,2.722486
Luxembourg,LUX,2004,1.9607028
Luxembourg,LUX,2005,1.7353895
Luxembourg,LUX,2006,1.8285466
Luxembourg,LUX,2007,1.8444239
Luxembourg,LUX,2008,1.6652389
Luxembourg,LUX,2009,1.3724066
Luxembourg,LUX,2010,1.1521344
Luxembourg,LUX,2011,1.2256385
Luxembourg,LUX,2012,1.3357054
Luxembourg,LUX,2013,1.5395336
Luxembourg,LUX,2014,1.5450319
Luxembourg,LUX,2015,1.0789305
Luxembourg,LUX,2016,1.4276323
Luxembourg,LUX,2017,1.0712034
Luxembourg,LUX,2018,1.0759276
Luxembourg,LUX,2019,0.7496105
Luxembourg,LUX,2020,0.7594766
Luxembourg,LUX,2021,1.1958897
Luxembourg,LUX,2022,1.0586563
Luxembourg,LUX,2023,0.94650644
Luxembourg,LUX,2024,0.8974617
Luxembourg,LUX,2025,0.8781705
Macao,MAC,1991,0.3996648
Macao,MAC,1992,0.39549932
Macao,MAC,1993,0.3958363
Macao,MAC,1994,0.39722455
Macao,MAC,1995,0.39960423
Macao,MAC,1996,0.40024206
Macao,MAC,1997,0.40012515
Macao,MAC,1998,0.40024245
Macao,MAC,1999,0.40016422
Macao,MAC,2000,0.3998719
Macao,MAC,2001,0.3998697
Macao,MAC,2002,0.40001103
Macao,MAC,2003,0.399814
Macao,MAC,2004,0.39982325
Macao,MAC,2005,0.4001159
Macao,MAC,2006,0.3998907
Macao,MAC,2007,0.39990765
Macao,MAC,2008,0.3999229
Macao,MAC,2009,0.4000885
Macao,MAC,2010,0.4001078
Macao,MAC,2011,0.40004474
Macao,MAC,2012,0.4001119
Macao,MAC,2013,0.39990887
Macao,MAC,2014,0.3998833
Macao,MAC,2015,0.39997235
Macao,MAC,2016,0.40009633
Macao,MAC,2017,0.39993212
Macao,MAC,2018,0.40003785
Macao,MAC,2019,0.40002024
Macao,MAC,2020,0.4000511
Macao,MAC,2021,0.39495793
Macao,MAC,2022,0.3999144
Macao,MAC,2023,0.3890497
Macao,MAC,2024,0.3811066
Macao,MAC,2025,0.3737978
Madagascar,MDG,1991,78.45675
Madagascar,MDG,1992,78.51461
Madagascar,MDG,1993,78.578026
Madagascar,MDG,1994,78.805084
Madagascar,MDG,1995,78.76654
Madagascar,MDG,1996,78.817505
Madagascar,MDG,1997,78.7688
Madagascar,MDG,1998,78.75951
Madagascar,MDG,1999,78.7602
Madagascar,MDG,2000,78.75895
Madagascar,MDG,2001,78.791985
Madagascar,MDG,2002,81.286285
Madagascar,MDG,2003,81.67131
Madagascar,MDG,2004,81.911934
Madagascar,MDG,2005,81.964096
Madagascar,MDG,2006,80.1992
Madagascar,MDG,2007,78.177734
Madagascar,MDG,2008,75.9911
Madagascar,MDG,2009,75.11242
Madagascar,MDG,2010,73.30574
Madagascar,MDG,2011,71.25639
Madagascar,MDG,2012,68.87288
Madagascar,MDG,2013,71.215096
Madagascar,MDG,2014,73.091835
Madagascar,MDG,2015,74.64427
Madagascar,MDG,2016,73.81722
Madagascar,MDG,2017,72.85046
Madagascar,MDG,2018,72.00463
Madagascar,MDG,2019,70.88043
Madagascar,MDG,2020,71.44017
Madagascar,MDG,2021,71.06172
Madagascar,MDG,2022,70.06645
Madagascar,MDG,2023,69.89153
Madagascar,MDG,2024,69.51824
Madagascar,MDG,2025,69.2089
Malawi,MWI,1991,72.94919
Malawi,MWI,1992,73.87119
Malawi,MWI,1993,73.25779
Malawi,MWI,1994,73.11786
Malawi,MWI,1995,72.066414
Malawi,MWI,1996,71.63167
Malawi,MWI,1997,71.2542
Malawi,MWI,1998,71.110344
Malawi,MWI,1999,71.05087
Malawi,MWI,2000,71.1295
Malawi,MWI,2001,71.82696
Malawi,MWI,2002,71.84662
Malawi,MWI,2003,71.39163
Malawi,MWI,2004,70.921555
Malawi,MWI,2005,70.65894
Malawi,MWI,2006,70.24859
Malawi,MWI,2007,69.255486
Malawi,MWI,2008,68.55381
Malawi,MWI,2009,67.71788
Malawi,MWI,2010,67.06888
Malawi,MWI,2011,66.633705
Malawi,MWI,2012,66.58354
Malawi,MWI,2013,66.05839
Malawi,MWI,2014,65.59444
Malawi,MWI,2015,65.34249
Malawi,MWI,2016,65.16824
Malawi,MWI,2017,64.80758
Malawi,MWI,2018,64.36193
Malawi,MWI,2019,63.88452
Malawi,MWI,2020,64.91985
Malawi,MWI,2021,65.25022
Malawi,MWI,2022,65.415726
Malawi,MWI,2023,65.29945
Malawi,MWI,2024,65.23862
Malawi,MWI,2025,64.977516
Malaysia,MYS,1991,18.905497
Malaysia,MYS,1992,18.318077
Malaysia,MYS,1993,17.745615
Malaysia,MYS,1994,17.237494
Malaysia,MYS,1995,16.705927
Malaysia,MYS,1996,16.147312
Malaysia,MYS,1997,14.308356
Malaysia,MYS,1998,15.654041
Malaysia,MYS,1999,15.280066
Malaysia,MYS,2000,15.269205
Malaysia,MYS,2001,15.131824
Malaysia,MYS,2002,14.927484
Malaysia,MYS,2003,14.26777
Malaysia,MYS,2004,14.555837
Malaysia,MYS,2005,14.637553
Malaysia,MYS,2006,14.6324625
Malaysia,MYS,2007,14.730046
Malaysia,MYS,2008,13.9589
Malaysia,MYS,2009,13.496218
Malaysia,MYS,2010,13.302481
Malaysia,MYS,2011,11.877237
Malaysia,MYS,2012,13.251149
Malaysia,MYS,2013,12.692982
Malaysia,MYS,2014,12.570002
Malaysia,MYS,2015,12.469078
Malaysia,MYS,2016,11.367101
Malaysia,MYS,2017,11.293934
Malaysia,MYS,2018,10.627439
Malaysia,MYS,2019,10.224038
Malaysia,MYS,2020,10.470225
Malaysia,MYS,2021,10.289295
Malaysia,MYS,2022,10.010592
Malaysia,MYS,2023,9.749666
Malaysia,MYS,2024,9.436943
Malaysia,MYS,2025,9.182302
Maldives,MDV,1991,27.485668
Maldives,MDV,1992,27.149551
Maldives,MDV,1993,26.816353
Maldives,MDV,1994,26.363543
Maldives,MDV,1995,25.619461
Maldives,MDV,1996,24.264874
Maldives,MDV,1997,22.793447
Maldives,MDV,1998,21.395166
Maldives,MDV,1999,20.095722
Maldives,MDV,2000,18.814842
Maldives,MDV,2001,18.830212
Maldives,MDV,2002,18.25346
Maldives,MDV,2003,17.792946
Maldives,MDV,2004,17.148926
Maldives,MDV,2005,17.199116
Maldives,MDV,2006,16.043499
Maldives,MDV,2007,15.372004
Maldives,MDV,2008,14.584323
Maldives,MDV,2009,14.021405
Maldives,MDV,2010,13.2657585
Maldives,MDV,2011,12.424388
Maldives,MDV,2012,11.858634
Maldives,MDV,2013,11.15672
Maldives,MDV,2014,10.416257
Maldives,MDV,2015,9.838354
Maldives,MDV,2016,9.236575
Maldives,MDV,2017,10.502088
Maldives,MDV,2018,11.799987
Maldives,MDV,2019,13.252015
Maldives,MDV,2020,13.316427
Maldives,MDV,2021,13.028575
Maldives,MDV,2022,12.390384
Maldives,MDV,2023,12.021392
Maldives,MDV,2024,11.632653
Maldives,MDV,2025,11.305067
Mali,MLI,1991,59.856636
Mali,MLI,1992,60.04823
Mali,MLI,1993,60.050747
Mali,MLI,1994,59.885227
Mali,MLI,1995,59.963013
Mali,MLI,1996,59.67403
Mali,MLI,1997,59.49884
Mali,MLI,1998,59.211636
Mali,MLI,1999,59.094402
Mali,MLI,2000,59.345413
Mali,MLI,2001,58.76073
Mali,MLI,2002,58.981766
Mali,MLI,2003,58.722324
Mali,MLI,2004,59.308216
Mali,MLI,2005,60.224766
Mali,MLI,2006,61.098736
Mali,MLI,2007,63.410843
Mali,MLI,2008,65.37473
Mali,MLI,2009,67.1229
Mali,MLI,2010,66.74169
Mali,MLI,2011,66.588844
Mali,MLI,2012,67.23081
Mali,MLI,2013,67.20531
Mali,MLI,2014,66.70153
Mali,MLI,2015,62.265873
Mali,MLI,2016,64.90268
Mali,MLI,2017,63.126106
Mali,MLI,2018,63.00287
Mali,MLI,2019,57.352985
Mali,MLI,2020,68.06184
Mali,MLI,2021,66.62787
Mali,MLI,2022,64.21084
Mali,MLI,2023,63.845913
Mali,MLI,2024,63.535732
Mali,MLI,2025,63.013714
Malta,MLT,1991,2.6704495
Malta,MLT,1992,2.599883
Malta,MLT,1993,2.524625
Malta,MLT,1994,2.4360993
Malta,MLT,1995,2.3486006
Malta,MLT,1996,2.2740505
Malta,MLT,1997,2.1932368
Malta,MLT,1998,2.1105506
Malta,MLT,1999,2.0317783
Malta,MLT,2000,1.9009726
Malta,MLT,2001,2.1687765
Malta,MLT,2002,2.163055
Malta,MLT,2003,2.2703395
Malta,MLT,2004,2.2120407
Malta,MLT,2005,2.1418102
Malta,MLT,2006,2.0734382
Malta,MLT,2007,1.857962
Malta,MLT,2008,1.786495
Malta,MLT,2009,1.4522095
Malta,MLT,2010,1.3159841
Malta,MLT,2011,1.1449614
Malta,MLT,2012,1.0439957
Malta,MLT,2013,1.264285
Malta,MLT,2014,1.2689031
Malta,MLT,2015,1.416212
Malta,MLT,2016,1.1388766
Malta,MLT,2017,0.9733551
Malta,MLT,2018,0.9974087
Malta,MLT,2019,1.016937
Malta,MLT,2020,1.1317048
Malta,MLT,2021,0.88391
Malta,MLT,2022,0.8269716
Malta,MLT,2023,1.1103992
Malta,MLT,2024,0.90752375
Malta,MLT,2025,0.876548
Mauritania,MRT,1991,47.548378
Mauritania,MRT,1992,47.482563
Mauritania,MRT,1993,47.145805
Mauritania,MRT,1994,47.54884
Mauritania,MRT,1995,46.74168
Mauritania,MRT,1996,46.16925
Mauritania,MRT,1997,46.4058
Mauritania,MRT,1998,46.057674
Mauritania,MRT,1999,45.802807
Mauritania,MRT,2000,46.037666
Mauritania,MRT,2001,45.97181
Mauritania,MRT,2002,45.523914
Mauritania,MRT,2003,44.602448
Mauritania,MRT,2004,43.770245
Mauritania,MRT,2005,42.54722
Mauritania,MRT,2006,40.777294
Mauritania,MRT,2007,40.754696
Mauritania,MRT,2008,40.50202
Mauritania,MRT,2009,40.186275
Mauritania,MRT,2010,39.531055
Mauritania,MRT,2011,38.77388
Mauritania,MRT,2012,38.174088
Mauritania,MRT,2013,37.55638
Mauritania,MRT,2014,36.94893
Mauritania,MRT,2015,36.300423
Mauritania,MRT,2016,36.10258
Mauritania,MRT,2017,35.364784
Mauritania,MRT,2018,34.74859
Mauritania,MRT,2019,34.01031
Mauritania,MRT,2020,35.22033
Mauritania,MRT,2021,35.267475
Mauritania,MRT,2022,34.459476
Mauritania,MRT,2023,33.405117
Mauritania,MRT,2024,32.796177
Mauritania,MRT,2025,32.122723
Mauritius,MUS,1991,19.647068
Mauritius,MUS,1992,18.971796
Mauritius,MUS,1993,18.57785
Mauritius,MUS,1994,18.211184
Mauritius,MUS,1995,17.762518
Mauritius,MUS,1996,17.279427
Mauritius,MUS,1997,16.651539
Mauritius,MUS,1998,15.890004
Mauritius,MUS,1999,15.022117
Mauritius,MUS,2000,14.41065
Mauritius,MUS,2001,14.008803
Mauritius,MUS,2002,12.934437
Mauritius,MUS,2003,12.421506
Mauritius,MUS,2004,9.770063
Mauritius,MUS,2005,9.469619
Mauritius,MUS,2006,9.182342
Mauritius,MUS,2007,8.833264
Mauritius,MUS,2008,8.641041
Mauritius,MUS,2009,8.53981
Mauritius,MUS,2010,8.154616
Mauritius,MUS,2011,7.292317
Mauritius,MUS,2012,7.240544
Mauritius,MUS,2013,6.751732
Mauritius,MUS,2014,6.939589
Mauritius,MUS,2015,7.121288
Mauritius,MUS,2016,6.809072
Mauritius,MUS,2017,6.5681057
Mauritius,MUS,2018,5.849728
Mauritius,MUS,2019,5.2629294
Mauritius,MUS,2020,5.317858
Mauritius,MUS,2021,5.3394165
Mauritius,MUS,2022,5.467115
Mauritius,MUS,2023,5.071737
Mauritius,MUS,2024,4.893922
Mauritius,MUS,2025,4.7110057
Mexico,MEX,1991,25.951515
Mexico,MEX,1992,25.938887
Mexico,MEX,1993,25.90277
Mexico,MEX,1994,24.636255
Mexico,MEX,1995,23.54883
Mexico,MEX,1996,21.97526
Mexico,MEX,1997,23.474962
Mexico,MEX,1998,19.422888
Mexico,MEX,1999,20.334396
Mexico,MEX,2000,17.524431
Mexico,MEX,2001,17.575605
Mexico,MEX,2002,17.292597
Mexico,MEX,2003,16.416355
Mexico,MEX,2004,15.565012
Mexico,MEX,2005,15.262734
Mexico,MEX,2006,14.595202
Mexico,MEX,2007,14.32174
Mexico,MEX,2008,14.232634
Mexico,MEX,2009,14.323021
Mexico,MEX,2010,14.450088
Mexico,MEX,2011,14.045539
Mexico,MEX,2012,14.097299
Mexico,MEX,2013,14.015654
Mexico,MEX,2014,14.122061
Mexico,MEX,2015,13.778755
Mexico,MEX,2016,13.441409
Mexico,MEX,2017,13.4862995
Mexico,MEX,2018,13.197718
Mexico,MEX,2019,12.890886
Mexico,MEX,2020,13.117614
Mexico,MEX,2021,13.311815
Mexico,MEX,2022,12.649552
Mexico,MEX,2023,11.964759
Mexico,MEX,2024,11.6058235
Mexico,MEX,2025,11.400426
"Middle East, North Africa, Afghanistan and Pakistan (WB)",WB_MENAP,1991,33.61566
"Middle East, North Africa, Afghanistan and Pakistan (WB)",WB_MENAP,1992,33.699326
"Middle East, North Africa, Afghanistan and Pakistan (WB)",WB_MENAP,1993,33.02508
"Middle East, North Africa, Afghanistan and Pakistan (WB)",WB_MENAP,1994,33.55206
"Middle East, North Africa, Afghanistan and Pakistan (WB)",WB_MENAP,1995,32.33063
"Middle East, North Africa, Afghanistan and Pakistan (WB)",WB_MENAP,1996,31.93209
"Middle East, North Africa, Afghanistan and Pakistan (WB)",WB_MENAP,1997,30.660223
"Middle East, North Africa, Afghanistan and Pakistan (WB)",WB_MENAP,1998,31.342304
"Middle East, North Africa, Afghanistan and Pakistan (WB)",WB_MENAP,1999,31.144001
"Middle East, North Africa, Afghanistan and Pakistan (WB)",WB_MENAP,2000,31.415115
"Middle East, North Africa, Afghanistan and Pakistan (WB)",WB_MENAP,2001,30.932392
"Middle East, North Africa, Afghanistan and Pakistan (WB)",WB_MENAP,2002,30.347435
"Middle East, North Africa, Afghanistan and Pakistan (WB)",WB_MENAP,2003,30.267181
"Middle East, North Africa, Afghanistan and Pakistan (WB)",WB_MENAP,2004,30.586302
"Middle East, North Africa, Afghanistan and Pakistan (WB)",WB_MENAP,2005,30.00227
"Middle East, North Africa, Afghanistan and Pakistan (WB)",WB_MENAP,2006,29.688549
"Middle East, North Africa, Afghanistan and Pakistan (WB)",WB_MENAP,2007,29.466171
"Middle East, North Africa, Afghanistan and Pakistan (WB)",WB_MENAP,2008,29.268528
"Middle East, North Africa, Afghanistan and Pakistan (WB)",WB_MENAP,2009,28.269686
"Middle East, North Africa, Afghanistan and Pakistan (WB)",WB_MENAP,2010,27.567059
"Middle East, North Africa, Afghanistan and Pakistan (WB)",WB_MENAP,2011,27.465757
"Middle East, North Africa, Afghanistan and Pakistan (WB)",WB_MENAP,2012,26.798033
"Middle East, North Africa, Afghanistan and Pakistan (WB)",WB_MENAP,2013,26.521502
"Middle East, North Africa, Afghanistan and Pakistan (WB)",WB_MENAP,2014,26.125628
"Middle East, North Africa, Afghanistan and Pakistan (WB)",WB_MENAP,2015,25.262121
"Middle East, North Africa, Afghanistan and Pakistan (WB)",WB_MENAP,2016,25.33719
"Middle East, North Africa, Afghanistan and Pakistan (WB)",WB_MENAP,2017,24.457207
"Middle East, North Africa, Afghanistan and Pakistan (WB)",WB_MENAP,2018,23.08426
"Middle East, North Africa, Afghanistan and Pakistan (WB)",WB_MENAP,2019,23.2869
"Middle East, North Africa, Afghanistan and Pakistan (WB)",WB_MENAP,2020,23.49971
"Middle East, North Africa, Afghanistan and Pakistan (WB)",WB_MENAP,2021,23.03561
"Middle East, North Africa, Afghanistan and Pakistan (WB)",WB_MENAP,2022,22.437263
"Middle East, North Africa, Afghanistan and Pakistan (WB)",WB_MENAP,2023,22.11071
"Middle East, North Africa, Afghanistan and Pakistan (WB)",WB_MENAP,2024,21.947012
"Middle East, North Africa, Afghanistan and Pakistan (WB)",WB_MENAP,2025,21.701454
Moldova,MDA,1991,37.824867
Moldova,MDA,1992,36.16945
Moldova,MDA,1993,39.33413
Moldova,MDA,1994,41.4087
Moldova,MDA,1995,42.102894
Moldova,MDA,1996,42.83131
Moldova,MDA,1997,41.555256
Moldova,MDA,1998,45.67602
Moldova,MDA,1999,48.896336
Moldova,MDA,2000,50.865417
Moldova,MDA,2001,51.024223
Moldova,MDA,2002,49.63846
Moldova,MDA,2003,49.447685
Moldova,MDA,2004,49.48337
Moldova,MDA,2005,49.115295
Moldova,MDA,2006,48.821552
Moldova,MDA,2007,50.017715
Moldova,MDA,2008,49.748547
Moldova,MDA,2009,51.13904
Moldova,MDA,2010,54.59994
Moldova,MDA,2011,54.38716
Moldova,MDA,2012,55.374504
Moldova,MDA,2013,56.34521
Moldova,MDA,2014,58.757755
Moldova,MDA,2015,59.560825
Moldova,MDA,2016,60.390587
Moldova,MDA,2017,59.36168
Moldova,MDA,2018,59.15377
Moldova,MDA,2019,57.29718
Moldova,MDA,2020,55.90716
Moldova,MDA,2021,56.598377
Moldova,MDA,2022,55.380756
Moldova,MDA,2023,51.123463
Moldova,MDA,2024,50.838867
Moldova,MDA,2025,50.50205
Mongolia,MNG,1991,48.09024
Mongolia,MNG,1992,50.053326
Mongolia,MNG,1993,50.242527
Mongolia,MNG,1994,50.437298
Mongolia,MNG,1995,51.658993
Mongolia,MNG,1996,52.100456
Mongolia,MNG,1997,54.31187
Mongolia,MNG,1998,55.13033
Mongolia,MNG,1999,54.985863
Mongolia,MNG,2000,54.57462
Mongolia,MNG,2001,53.882782
Mongolia,MNG,2002,50.790676
Mongolia,MNG,2003,52.372414
Mongolia,MNG,2004,50.960964
Mongolia,MNG,2005,49.542393
Mongolia,MNG,2006,47.912533
Mongolia,MNG,2007,47.896496
Mongolia,MNG,2008,44.945877
Mongolia,MNG,2009,42.70661
Mongolia,MNG,2010,39.922333
Mongolia,MNG,2011,39.466167
Mongolia,MNG,2012,37.713306
Mongolia,MNG,2013,36.104446
Mongolia,MNG,2014,34.290073
Mongolia,MNG,2015,34.82599
Mongolia,MNG,2016,36.74301
Mongolia,MNG,2017,35.08133
Mongolia,MNG,2018,32.825153
Mongolia,MNG,2019,32.29945
Mongolia,MNG,2020,29.526833
Mongolia,MNG,2021,29.645874
Mongolia,MNG,2022,28.82769
Mongolia,MNG,2023,28.391682
Mongolia,MNG,2024,27.259752
Mongolia,MNG,2025,27.003855
Montenegro,MNE,1991,10.615084
Montenegro,MNE,1992,10.527418
Montenegro,MNE,1993,10.440569
Montenegro,MNE,1994,10.352873
Montenegro,MNE,1995,10.26456
Montenegro,MNE,1996,10.171245
Montenegro,MNE,1997,10.072216
Montenegro,MNE,1998,9.964056
Montenegro,MNE,1999,9.85344
Montenegro,MNE,2000,9.74478
Montenegro,MNE,2001,9.604556
Montenegro,MNE,2002,9.458452
Montenegro,MNE,2003,9.332597
Montenegro,MNE,2004,8.999289
Montenegro,MNE,2005,8.630178
Montenegro,MNE,2006,8.666884
Montenegro,MNE,2007,8.654709
Montenegro,MNE,2008,7.4546466
Montenegro,MNE,2009,6.495576
Montenegro,MNE,2010,5.5903225
Montenegro,MNE,2011,5.5493693
Montenegro,MNE,2012,5.655426
Montenegro,MNE,2013,4.5131454
Montenegro,MNE,2014,5.6763334
Montenegro,MNE,2015,7.7196956
Montenegro,MNE,2016,7.7428274
Montenegro,MNE,2017,7.9363656
Montenegro,MNE,2018,8.01874
Montenegro,MNE,2019,7.149503
Montenegro,MNE,2020,7.504985
Montenegro,MNE,2021,6.384174
Montenegro,MNE,2022,4.269519
Montenegro,MNE,2023,4.4592886
Montenegro,MNE,2024,4.3464932
Montenegro,MNE,2025,4.1927094
Morocco,MAR,1991,51.997643
Morocco,MAR,1992,50.998077
Morocco,MAR,1993,49.75111
Morocco,MAR,1994,49.460537
Morocco,MAR,1995,49.083153
Morocco,MAR,1996,50.666897
Morocco,MAR,1997,45.547947
Morocco,MAR,1998,44.965652
Morocco,MAR,1999,47.112377
Morocco,MAR,2000,45.132935
Morocco,MAR,2001,44.63269
Morocco,MAR,2002,44.130688
Morocco,MAR,2003,43.680473
Morocco,MAR,2004,45.54352
Morocco,MAR,2005,45.16162
Morocco,MAR,2006,43.073483
Morocco,MAR,2007,41.951584
Morocco,MAR,2008,41.498436
Morocco,MAR,2009,41.07096
Morocco,MAR,2010,40.4735
Morocco,MAR,2011,39.786663
Morocco,MAR,2012,39.218094
Morocco,MAR,2013,38.27108
Morocco,MAR,2014,36.812138
Morocco,MAR,2015,36.053783
Morocco,MAR,2016,34.81584
Morocco,MAR,2017,33.794556
Morocco,MAR,2018,32.773937
Morocco,MAR,2019,31.622162
Morocco,MAR,2020,31.991516
Morocco,MAR,2021,31.233765
Morocco,MAR,2022,29.30428
Morocco,MAR,2023,29.097157
Morocco,MAR,2024,28.268396
Morocco,MAR,2025,27.892218
Mozambique,MOZ,1991,84.27845
Mozambique,MOZ,1992,84.53135
Mozambique,MOZ,1993,84.16585
Mozambique,MOZ,1994,84.12682
Mozambique,MOZ,1995,84.2141
Mozambique,MOZ,1996,83.92796
Mozambique,MOZ,1997,83.5088
Mozambique,MOZ,1998,83.011856
Mozambique,MOZ,1999,82.37969
Mozambique,MOZ,2000,82.28801
Mozambique,MOZ,2001,81.500275
Mozambique,MOZ,2002,80.9019
Mozambique,MOZ,2003,80.455795
Mozambique,MOZ,2004,79.91346
Mozambique,MOZ,2005,79.49268
Mozambique,MOZ,2006,78.800385
Mozambique,MOZ,2007,78.180145
Mozambique,MOZ,2008,77.66046
Mozambique,MOZ,2009,77.15669
Mozambique,MOZ,2010,76.52122
Mozambique,MOZ,2011,75.76588
Mozambique,MOZ,2012,74.88236
Mozambique,MOZ,2013,74.03905
Mozambique,MOZ,2014,73.10107
Mozambique,MOZ,2015,72.116196
Mozambique,MOZ,2016,71.81861
Mozambique,MOZ,2017,71.947365
Mozambique,MOZ,2018,71.85284
Mozambique,MOZ,2019,71.770584
Mozambique,MOZ,2020,73.17931
Mozambique,MOZ,2021,73.51388
Mozambique,MOZ,2022,73.479454
Mozambique,MOZ,2023,73.05118
Mozambique,MOZ,2024,73.0732
Mozambique,MOZ,2025,73.00608
Myanmar,MMR,1991,70.250755
Myanmar,MMR,1992,69.049446
Myanmar,MMR,1993,68.899155
Myanmar,MMR,1994,68.68644
Myanmar,MMR,1995,66.760284
Myanmar,MMR,1996,65.16138
Myanmar,MMR,1997,63.354485
Myanmar,MMR,1998,62.759747
Myanmar,MMR,1999,61.976624
Myanmar,MMR,2000,60.72708
Myanmar,MMR,2001,59.923943
Myanmar,MMR,2002,58.880642
Myanmar,MMR,2003,57.42292
Myanmar,MMR,2004,56.34941
Myanmar,MMR,2005,55.248444
Myanmar,MMR,2006,54.273975
Myanmar,MMR,2007,53.479855
Myanmar,MMR,2008,52.757175
Myanmar,MMR,2009,52.14375
Myanmar,MMR,2010,51.948875
Myanmar,MMR,2011,52.225525
Myanmar,MMR,2012,52.27907
Myanmar,MMR,2013,52.157135
Myanmar,MMR,2014,52.17133
Myanmar,MMR,2015,51.69
Myanmar,MMR,2016,51.5439
Myanmar,MMR,2017,51.336777
Myanmar,MMR,2018,48.937523
Myanmar,MMR,2019,49.756607
Myanmar,MMR,2020,46.46756
Myanmar,MMR,2021,46.58994
Myanmar,MMR,2022,45.819378
Myanmar,MMR,2023,45.245396
Myanmar,MMR,2024,45.35682
Myanmar,MMR,2025,44.954613
Namibia,NAM,1991,45.313103
Namibia,NAM,1992,44.445328
Namibia,NAM,1993,44.22093
Namibia,NAM,1994,43.6706
Namibia,NAM,1995,41.02731
Namibia,NAM,1996,38.30725
Namibia,NAM,1997,35.502544
Namibia,NAM,1998,33.145466
Namibia,NAM,1999,30.743988
Namibia,NAM,2000,28.391773
Namibia,NAM,2001,28.289091
Namibia,NAM,2002,27.962423
Namibia,NAM,2003,27.565506
Namibia,NAM,2004,27.06028
Namibia,NAM,2005,27.49341
Namibia,NAM,2006,27.478086
Namibia,NAM,2007,27.548449
Namibia,NAM,2008,27.82659
Namibia,NAM,2009,28.434942
Namibia,NAM,2010,28.684359
Namibia,NAM,2011,27.995869
Namibia,NAM,2012,27.367847
Namibia,NAM,2013,31.392292
Namibia,NAM,2014,29.320976
Namibia,NAM,2015,24.408754
Namibia,NAM,2016,20.071278
Namibia,NAM,2017,21.387188
Namibia,NAM,2018,22.590616
Namibia,NAM,2019,22.854692
Namibia,NAM,2020,23.592594
Namibia,NAM,2021,23.48674
Namibia,NAM,2022,23.231554
Namibia,NAM,2023,22.942093
Namibia,NAM,2024,22.641172
Namibia,NAM,2025,22.338203
Nepal,NPL,1991,39.686047
Nepal,NPL,1992,39.020767
Nepal,NPL,1993,38.164955
Nepal,NPL,1994,36.970383
Nepal,NPL,1995,36.103233
Nepal,NPL,1996,35.15654
Nepal,NPL,1997,35.48313
Nepal,NPL,1998,35.79342
Nepal,NPL,1999,35.843456
Nepal,NPL,2000,35.341743
Nepal,NPL,2001,34.91558
Nepal,NPL,2002,34.958096
Nepal,NPL,2003,34.41848
Nepal,NPL,2004,33.759953
Nepal,NPL,2005,33.180378
Nepal,NPL,2006,32.58081
Nepal,NPL,2007,31.94734
Nepal,NPL,2008,31.349932
Nepal,NPL,2009,30.538424
Nepal,NPL,2010,29.783981
Nepal,NPL,2011,29.269953
Nepal,NPL,2012,28.575975
Nepal,NPL,2013,27.968348
Nepal,NPL,2014,27.033054
Nepal,NPL,2015,26.336512
Nepal,NPL,2016,26.098446
Nepal,NPL,2017,25.435814
Nepal,NPL,2018,24.50656
Nepal,NPL,2019,23.773193
Nepal,NPL,2020,24.952759
Nepal,NPL,2021,24.992085
Nepal,NPL,2022,24.320715
Nepal,NPL,2023,23.950697
Nepal,NPL,2024,23.483936
Nepal,NPL,2025,22.911974
Netherlands,NLD,1500,56.8
Netherlands,NLD,1600,48.7
Netherlands,NLD,1700,41.6
Netherlands,NLD,1750,42.1
Netherlands,NLD,1800,40.7
Netherlands,NLD,1981,5.3
Netherlands,NLD,1991,4.2897925
Netherlands,NLD,1992,4.1817904
Netherlands,NLD,1993,4.074038
Netherlands,NLD,1994,3.9857726
Netherlands,NLD,1995,3.8288965
Netherlands,NLD,1996,3.7804906
Netherlands,NLD,1997,3.7056184
Netherlands,NLD,1998,3.4896164
Netherlands,NLD,1999,3.2108862
Netherlands,NLD,2000,3.2828975
Netherlands,NLD,2001,3.1220908
Netherlands,NLD,2002,2.9363651
Netherlands,NLD,2003,3.0406299
Netherlands,NLD,2004,3.3129995
Netherlands,NLD,2005,3.7013502
Netherlands,NLD,2006,3.339256
Netherlands,NLD,2007,3.2149217
Netherlands,NLD,2008,2.7205431
Netherlands,NLD,2009,3.0024657
Netherlands,NLD,2010,2.7698407
Netherlands,NLD,2011,2.7260625
Netherlands,NLD,2012,2.6571562
Netherlands,NLD,2013,2.1867032
Netherlands,NLD,2014,2.2961073
Netherlands,NLD,2015,2.2364278
Netherlands,NLD,2016,2.1925716
Netherlands,NLD,2017,2.2247217
Netherlands,NLD,2018,2.0559494
Netherlands,NLD,2019,2.0101473
Netherlands,NLD,2020,2.050381
Netherlands,NLD,2021,2.1468976
Netherlands,NLD,2022,1.845267
Netherlands,NLD,2023,1.8127353
Netherlands,NLD,2024,1.7462775
Netherlands,NLD,2025,1.7041644
New Caledonia,NCL,1991,7.8437424
New Caledonia,NCL,1992,7.7139945
New Caledonia,NCL,1993,7.5689106
New Caledonia,NCL,1994,7.4436936
New Caledonia,NCL,1995,7.300954
New Caledonia,NCL,1996,7.2159653
New Caledonia,NCL,1997,6.71304
New Caledonia,NCL,1998,6.300426
New Caledonia,NCL,1999,5.8873773
New Caledonia,NCL,2000,5.4880223
New Caledonia,NCL,2001,5.1065407
New Caledonia,NCL,2002,4.729402
New Caledonia,NCL,2003,4.3684573
New Caledonia,NCL,2004,4.032854
New Caledonia,NCL,2005,3.7080765
New Caledonia,NCL,2006,3.3948226
New Caledonia,NCL,2007,3.1207438
New Caledonia,NCL,2008,2.8491886
New Caledonia,NCL,2009,2.6189477
New Caledonia,NCL,2010,2.3959072
New Caledonia,NCL,2011,2.189515
New Caledonia,NCL,2012,2.0091398
New Caledonia,NCL,2013,1.8461862
New Caledonia,NCL,2014,1.70244
New Caledonia,NCL,2015,1.5623522
New Caledonia,NCL,2016,1.444062
New Caledonia,NCL,2017,1.3249217
New Caledonia,NCL,2018,1.0591133
New Caledonia,NCL,2019,1.9028366
New Caledonia,NCL,2020,1.9058174
New Caledonia,NCL,2021,1.8810556
New Caledonia,NCL,2022,1.8412715
New Caledonia,NCL,2023,1.8095139
New Caledonia,NCL,2024,1.8002024
New Caledonia,NCL,2025,1.7817391
New Zealand,NZL,1991,10.768002
New Zealand,NZL,1992,10.8393955
New Zealand,NZL,1993,10.577527
New Zealand,NZL,1994,10.366249
New Zealand,NZL,1995,9.673582
New Zealand,NZL,1996,9.416533
New Zealand,NZL,1997,8.643365
New Zealand,NZL,1998,8.540077
New Zealand,NZL,1999,9.421126
New Zealand,NZL,2000,8.705339
New Zealand,NZL,2001,9.130448
New Zealand,NZL,2002,8.823552
New Zealand,NZL,2003,8.184165
New Zealand,NZL,2004,7.566742
New Zealand,NZL,2005,7.1566005
New Zealand,NZL,2006,7.196611
New Zealand,NZL,2007,7.165969
New Zealand,NZL,2008,6.985279
New Zealand,NZL,2009,6.6375775
New Zealand,NZL,2010,6.870514
New Zealand,NZL,2011,6.9293556
New Zealand,NZL,2012,6.8197055
New Zealand,NZL,2013,6.428143
New Zealand,NZL,2014,6.2271237
New Zealand,NZL,2015,6.115577
New Zealand,NZL,2016,6.595572
New Zealand,NZL,2017,6.3118596
New Zealand,NZL,2018,5.889128
New Zealand,NZL,2019,5.825409
New Zealand,NZL,2020,6.0120554
New Zealand,NZL,2021,6.0679073
New Zealand,NZL,2022,6.012134
New Zealand,NZL,2023,5.6113505
New Zealand,NZL,2024,5.533283
New Zealand,NZL,2025,5.418264
Nicaragua,NIC,1991,32.75672
Nicaragua,NIC,1992,33.45793
Nicaragua,NIC,1993,33.3015
Nicaragua,NIC,1994,34.297565
Nicaragua,NIC,1995,34.58392
Nicaragua,NIC,1996,34.84222
Nicaragua,NIC,1997,35.56985
Nicaragua,NIC,1998,35.731976
Nicaragua,NIC,1999,35.84979
Nicaragua,NIC,2000,36.87666
Nicaragua,NIC,2001,36.551956
Nicaragua,NIC,2002,35.680946
Nicaragua,NIC,2003,34.636948
Nicaragua,NIC,2004,34.460987
Nicaragua,NIC,2005,32.99157
Nicaragua,NIC,2006,33.28946
Nicaragua,NIC,2007,33.72976
Nicaragua,NIC,2008,32.25037
Nicaragua,NIC,2009,32.746334
Nicaragua,NIC,2010,32.62447
Nicaragua,NIC,2011,32.486916
Nicaragua,NIC,2012,32.220394
Nicaragua,NIC,2013,31.769207
Nicaragua,NIC,2014,31.39028
Nicaragua,NIC,2015,30.99049
Nicaragua,NIC,2016,30.534842
Nicaragua,NIC,2017,30.200302
Nicaragua,NIC,2018,30.42543
Nicaragua,NIC,2019,30.646519
Nicaragua,NIC,2020,31.690351
Nicaragua,NIC,2021,31.659
Nicaragua,NIC,2022,31.475636
Nicaragua,NIC,2023,31.00245
Nicaragua,NIC,2024,30.669367
Nicaragua,NIC,2025,30.472338
Niger,NER,1991,75.07517
Niger,NER,1992,75.15791
Niger,NER,1993,75.32178
Niger,NER,1994,75.42889
Niger,NER,1995,75.48859
Niger,NER,1996,75.72349
Niger,NER,1997,75.82402
Niger,NER,1998,75.50664
Niger,NER,1999,75.72645
Niger,NER,2000,76.01963
Niger,NER,2001,75.8881
Niger,NER,2002,75.831314
Niger,NER,2003,75.93576
Niger,NER,2004,76.09935
Niger,NER,2005,75.88669
Niger,NER,2006,75.72358
Niger,NER,2007,75.72831
Niger,NER,2008,75.44231
Niger,NER,2009,75.487015
Niger,NER,2010,75.128654
Niger,NER,2011,75.174736
Niger,NER,2012,74.54776
Niger,NER,2013,74.54811
Niger,NER,2014,74.36875
Niger,NER,2015,74.49566
Niger,NER,2016,74.56542
Niger,NER,2017,74.63384
Niger,NER,2018,74.486084
Niger,NER,2019,74.453255
Niger,NER,2020,75.32903
Niger,NER,2021,74.95328
Niger,NER,2022,73.866776
Niger,NER,2023,74.19078
Niger,NER,2024,73.46136
Niger,NER,2025,72.99251
Nigeria,NGA,1991,53.835144
Nigeria,NGA,1992,53.50463
Nigeria,NGA,1993,53.655643
Nigeria,NGA,1994,53.752075
Nigeria,NGA,1995,53.8121
Nigeria,NGA,1996,53.58042
Nigeria,NGA,1997,53.3677
Nigeria,NGA,1998,53.03931
Nigeria,NGA,1999,52.826786
Nigeria,NGA,2000,52.275246
Nigeria,NGA,2001,51.882713
Nigeria,NGA,2002,51.518566
Nigeria,NGA,2003,50.85653
Nigeria,NGA,2004,49.82311
Nigeria,NGA,2005,49.146683
Nigeria,NGA,2006,48.392834
Nigeria,NGA,2007,47.6712
Nigeria,NGA,2008,46.957466
Nigeria,NGA,2009,46.10007
Nigeria,NGA,2010,44.970577
Nigeria,NGA,2011,43.989006
Nigeria,NGA,2012,42.88662
Nigeria,NGA,2013,41.554882
Nigeria,NGA,2014,40.60327
Nigeria,NGA,2015,40.074203
Nigeria,NGA,2016,39.98478
Nigeria,NGA,2017,39.74133
Nigeria,NGA,2018,39.40787
Nigeria,NGA,2019,38.989117
Nigeria,NGA,2020,38.824863
Nigeria,NGA,2021,37.27049
Nigeria,NGA,2022,35.252407
Nigeria,NGA,2023,34.7048
Nigeria,NGA,2024,34.101143
Nigeria,NGA,2025,33.533695
North America (WB),WB_NA,1991,2.9916291
North America (WB),WB_NA,1992,2.9563193
North America (WB),WB_NA,1993,2.8166852
North America (WB),WB_NA,1994,2.9714465
North America (WB),WB_NA,1995,2.9384646
North America (WB),WB_NA,1996,2.8984919
North America (WB),WB_NA,1997,2.7989137
North America (WB),WB_NA,1998,2.7390764
North America (WB),WB_NA,1999,2.6212611
North America (WB),WB_NA,2000,2.4080205
North America (WB),WB_NA,2001,2.2301311
North America (WB),WB_NA,2002,2.0830061
North America (WB),WB_NA,2003,1.9453908
North America (WB),WB_NA,2004,1.8816978
North America (WB),WB_NA,2005,1.8344293
North America (WB),WB_NA,2006,1.8060172
North America (WB),WB_NA,2007,1.7055882
North America (WB),WB_NA,2008,1.7381632
North America (WB),WB_NA,2009,1.7501395
North America (WB),WB_NA,2010,1.8439878
North America (WB),WB_NA,2011,1.8602082
North America (WB),WB_NA,2012,1.7941663
North America (WB),WB_NA,2013,1.7374789
North America (WB),WB_NA,2014,1.7647092
North America (WB),WB_NA,2015,1.8695711
North America (WB),WB_NA,2016,1.901844
North America (WB),WB_NA,2017,1.8435341
North America (WB),WB_NA,2018,1.7870353
North America (WB),WB_NA,2019,1.761373
North America (WB),WB_NA,2020,1.7252713
North America (WB),WB_NA,2021,1.6298727
North America (WB),WB_NA,2022,1.5857818
North America (WB),WB_NA,2023,1.5361805
North America (WB),WB_NA,2024,1.5194554
North America (WB),WB_NA,2025,1.4775945
North Korea,PRK,1991,52.54118
North Korea,PRK,1992,53.42932
North Korea,PRK,1993,54.044605
North Korea,PRK,1994,54.49489
North Korea,PRK,1995,55.03599
North Korea,PRK,1996,55.502457
North Korea,PRK,1997,56.29573
North Korea,PRK,1998,56.48544
North Korea,PRK,1999,55.852654
North Korea,PRK,2000,55.76095
North Korea,PRK,2001,55.33011
North Korea,PRK,2002,55.12264
North Korea,PRK,2003,54.818047
North Korea,PRK,2004,54.529175
North Korea,PRK,2005,54.030468
North Korea,PRK,2006,54.07302
North Korea,PRK,2007,54.107876
North Korea,PRK,2008,53.70928
North Korea,PRK,2009,53.730762
North Korea,PRK,2010,53.70589
North Korea,PRK,2011,53.576267
North Korea,PRK,2012,53.352516
North Korea,PRK,2013,53.124165
North Korea,PRK,2014,52.89544
North Korea,PRK,2015,52.909077
North Korea,PRK,2016,52.389095
North Korea,PRK,2017,52.73133
North Korea,PRK,2018,53.128826
North Korea,PRK,2019,52.919487
North Korea,PRK,2020,54.47157
North Korea,PRK,2021,55.10165
North Korea,PRK,2022,54.971397
North Korea,PRK,2023,54.49326
North Korea,PRK,2024,54.295464
North Korea,PRK,2025,54.079266
North Macedonia,MKD,1991,24.448349
North Macedonia,MKD,1992,24.300999
North Macedonia,MKD,1993,24.311342
North Macedonia,MKD,1994,24.312067
North Macedonia,MKD,1995,24.142862
North Macedonia,MKD,1996,24.07419
North Macedonia,MKD,1997,23.967392
North Macedonia,MKD,1998,23.82921
North Macedonia,MKD,1999,23.676502
North Macedonia,MKD,2000,23.423433
North Macedonia,MKD,2001,23.158216
North Macedonia,MKD,2002,22.846647
North Macedonia,MKD,2003,21.123997
North Macedonia,MKD,2004,17.239504
North Macedonia,MKD,2005,19.4968
North Macedonia,MKD,2006,19.041264
North Macedonia,MKD,2007,17.88644
North Macedonia,MKD,2008,19.31301
North Macedonia,MKD,2009,17.977646
North Macedonia,MKD,2010,18.129265
North Macedonia,MKD,2011,18.18923
North Macedonia,MKD,2012,17.256763
North Macedonia,MKD,2013,18.73588
North Macedonia,MKD,2014,18.464182
North Macedonia,MKD,2015,17.819536
North Macedonia,MKD,2016,16.388609
North Macedonia,MKD,2017,15.709362
North Macedonia,MKD,2018,14.772998
North Macedonia,MKD,2019,13.422162
North Macedonia,MKD,2020,11.526376
North Macedonia,MKD,2021,11.075423
North Macedonia,MKD,2022,9.517589
North Macedonia,MKD,2023,7.7707734
North Macedonia,MKD,2024,8.762522
North Macedonia,MKD,2025,8.502725
Norway,NOR,1991,5.769814
Norway,NOR,1992,5.5139465
Norway,NOR,1993,5.513399
Norway,NOR,1994,5.2547913
Norway,NOR,1995,5.4558396
Norway,NOR,1996,5.381959
Norway,NOR,1997,5.0866694
Norway,NOR,1998,4.737603
Norway,NOR,1999,4.5985346
Norway,NOR,2000,4.2904296
Norway,NOR,2001,4.086633
Norway,NOR,2002,3.9484975
Norway,NOR,2003,3.8295467
Norway,NOR,2004,3.5844712
Norway,NOR,2005,3.2998223
Norway,NOR,2006,3.200837
Norway,NOR,2007,3.029941
Norway,NOR,2008,2.646113
Norway,NOR,2009,2.8060527
Norway,NOR,2010,2.4838524
Norway,NOR,2011,2.477792
Norway,NOR,2012,2.1806724
Norway,NOR,2013,2.3137121
Norway,NOR,2014,2.2266467
Norway,NOR,2015,2.0586658
Norway,NOR,2016,2.055789
Norway,NOR,2017,2.1770856
Norway,NOR,2018,2.054196
Norway,NOR,2019,2.0771105
Norway,NOR,2020,2.0274518
Norway,NOR,2021,2.4175484
Norway,NOR,2022,2.3178213
Norway,NOR,2023,2.3952746
Norway,NOR,2024,2.5632129
Norway,NOR,2025,2.500616
Oman,OMN,1991,9.843602
Oman,OMN,1992,9.617578
Oman,OMN,1993,9.392268
Oman,OMN,1994,8.685911
Oman,OMN,1995,7.9679613
Oman,OMN,1996,7.2988057
Oman,OMN,1997,7.03419
Oman,OMN,1998,6.8070173
Oman,OMN,1999,6.6267977
Oman,OMN,2000,6.393057
Oman,OMN,2001,6.6671205
Oman,OMN,2002,6.996647
Oman,OMN,2003,7.3460383
Oman,OMN,2004,7.6660886
Oman,OMN,2005,7.979768
Oman,OMN,2006,8.231545
Oman,OMN,2007,8.426379
Oman,OMN,2008,8.616679
Oman,OMN,2009,6.7591953
Oman,OMN,2010,5.157734
Oman,OMN,2011,5.2688875
Oman,OMN,2012,5.316912
Oman,OMN,2013,5.3468556
Oman,OMN,2014,5.3530207
Oman,OMN,2015,5.284146
Oman,OMN,2016,4.923592
Oman,OMN,2017,4.662344
Oman,OMN,2018,4.3603435
Oman,OMN,2019,4.792429
Oman,OMN,2020,5.2489824
Oman,OMN,2021,6.1718435
Oman,OMN,2022,6.2205043
Oman,OMN,2023,6.1430407
Oman,OMN,2024,6.054039
Oman,OMN,2025,5.947803
Pakistan,PAK,1991,40.65759
Pakistan,PAK,1992,41.42765
Pakistan,PAK,1993,40.866592
Pakistan,PAK,1994,43.392128
Pakistan,PAK,1995,40.08818
Pakistan,PAK,1996,40.085777
Pakistan,PAK,1997,37.37948
Pakistan,PAK,1998,40.59236
Pakistan,PAK,1999,40.5907
Pakistan,PAK,2000,41.67417
Pakistan,PAK,2001,41.674263
Pakistan,PAK,2002,41.451454
Pakistan,PAK,2003,41.450485
Pakistan,PAK,2004,42.45111
Pakistan,PAK,2005,42.44975
Pakistan,PAK,2006,42.754166
Pakistan,PAK,2007,42.97485
Pakistan,PAK,2008,44.04839
Pakistan,PAK,2009,42.613884
Pakistan,PAK,2010,42.672417
Pakistan,PAK,2011,42.818592
Pakistan,PAK,2012,42.58678
Pakistan,PAK,2013,42.236565
Pakistan,PAK,2014,42.2332
Pakistan,PAK,2015,41.010017
Pakistan,PAK,2016,42.26808
Pakistan,PAK,2017,39.874725
Pakistan,PAK,2018,37.416428
Pakistan,PAK,2019,38.308903
Pakistan,PAK,2020,38.31148
Pakistan,PAK,2021,37.098034
Pakistan,PAK,2022,36.731415
Pakistan,PAK,2023,36.77404
Pakistan,PAK,2024,36.544144
Pakistan,PAK,2025,36.22955
Palestine,PSE,1991,14.485458
Palestine,PSE,1992,14.40714
Palestine,PSE,1993,14.304771
Palestine,PSE,1994,14.227663
Palestine,PSE,1995,13.921488
Palestine,PSE,1996,13.9779215
Palestine,PSE,1997,13.349713
Palestine,PSE,1998,12.882926
Palestine,PSE,1999,12.40082
Palestine,PSE,2000,12.481792
Palestine,PSE,2001,12.467319
Palestine,PSE,2002,15.362022
Palestine,PSE,2003,16.280432
Palestine,PSE,2004,16.357235
Palestine,PSE,2005,15.082531
Palestine,PSE,2006,16.728403
Palestine,PSE,2007,16.03325
Palestine,PSE,2008,13.362149
Palestine,PSE,2009,11.861843
Palestine,PSE,2010,11.904441
Palestine,PSE,2011,12.300324
Palestine,PSE,2012,11.589753
Palestine,PSE,2013,10.681829
Palestine,PSE,2014,10.523449
Palestine,PSE,2015,8.764301
Palestine,PSE,2016,7.468455
Palestine,PSE,2017,6.819142
Palestine,PSE,2018,6.4351196
Palestine,PSE,2019,6.1527395
Palestine,PSE,2020,6.452878
Palestine,PSE,2021,6.798582
Palestine,PSE,2022,6.343351
Panama,PAN,1991,29.351404
Panama,PAN,1992,27.142765
Panama,PAN,1993,25.194769
Panama,PAN,1994,21.884869
Panama,PAN,1995,22.81643
Panama,PAN,1996,22.135267
Panama,PAN,1997,20.559383
Panama,PAN,1998,19.626652
Panama,PAN,1999,19.285467
Panama,PAN,2000,18.790462
Panama,PAN,2001,19.940086
Panama,PAN,2002,19.190226
Panama,PAN,2003,19.329603
Panama,PAN,2004,17.775742
Panama,PAN,2005,17.413078
Panama,PAN,2006,17.709703
Panama,PAN,2007,16.430353
Panama,PAN,2008,19.810602
Panama,PAN,2009,19.95251
Panama,PAN,2010,19.29787
Panama,PAN,2011,18.369871
Panama,PAN,2012,18.54212
Panama,PAN,2013,18.173697
Panama,PAN,2014,17.479792
Panama,PAN,2015,16.356066
Panama,PAN,2016,17.093672
Panama,PAN,2017,16.162401
Panama,PAN,2018,15.85774
Panama,PAN,2019,16.05761
Panama,PAN,2020,16.170261
Panama,PAN,2021,15.665036
Panama,PAN,2022,14.336771
Panama,PAN,2023,14.7076645
Panama,PAN,2024,16.356789
Panama,PAN,2025,16.040234
Papua New Guinea,PNG,1991,28.421843
Papua New Guinea,PNG,1992,27.690176
Papua New Guinea,PNG,1993,26.981808
Papua New Guinea,PNG,1994,26.944016
Papua New Guinea,PNG,1995,27.30573
Papua New Guinea,PNG,1996,26.74617
Papua New Guinea,PNG,1997,27.151438
Papua New Guinea,PNG,1998,27.415548
Papua New Guinea,PNG,1999,27.63003
Papua New Guinea,PNG,2000,28.20512
Papua New Guinea,PNG,2001,28.17954
Papua New Guinea,PNG,2002,28.364973
Papua New Guinea,PNG,2003,28.27713
Papua New Guinea,PNG,2004,28.017221
Papua New Guinea,PNG,2005,27.633139
Papua New Guinea,PNG,2006,27.18965
Papua New Guinea,PNG,2007,26.514986
Papua New Guinea,PNG,2008,26.619839
Papua New Guinea,PNG,2009,26.087042
Papua New Guinea,PNG,2010,25.798727
Papua New Guinea,PNG,2011,26.791306
Papua New Guinea,PNG,2012,27.553452
Papua New Guinea,PNG,2013,28.441431
Papua New Guinea,PNG,2014,28.592503
Papua New Guinea,PNG,2015,29.317692
Papua New Guinea,PNG,2016,30.163582
Papua New Guinea,PNG,2017,31.24177
Papua New Guinea,PNG,2018,32.550083
Papua New Guinea,PNG,2019,33.442802
Papua New Guinea,PNG,2020,36.02959
Papua New Guinea,PNG,2021,37.648277
Papua New Guinea,PNG,2022,38.66096
Papua New Guinea,PNG,2023,38.078167
Papua New Guinea,PNG,2024,37.464504
Papua New Guinea,PNG,2025,36.862476
Paraguay,PRY,1991,28.474676
Paraguay,PRY,1992,28.726389
Paraguay,PRY,1993,28.60123
Paraguay,PRY,1994,28.412725
Paraguay,PRY,1995,28.055119
Paraguay,PRY,1996,28.345179
Paraguay,PRY,1997,28.26913
Paraguay,PRY,1998,28.829931
Paraguay,PRY,1999,29.611246
Paraguay,PRY,2000,32.469166
Paraguay,PRY,2001,33.160233
Paraguay,PRY,2002,33.828087
Paraguay,PRY,2003,31.326302
Paraguay,PRY,2004,32.750072
Paraguay,PRY,2005,32.01627
Paraguay,PRY,2006,30.309155
Paraguay,PRY,2007,28.668804
Paraguay,PRY,2008,25.296267
Paraguay,PRY,2009,27.957184
Paraguay,PRY,2010,25.620737
Paraguay,PRY,2011,25.516993
Paraguay,PRY,2012,26.140738
Paraguay,PRY,2013,22.823298
Paraguay,PRY,2014,22.083578
Paraguay,PRY,2015,19.702045
Paraguay,PRY,2016,21.324106
Paraguay,PRY,2017,20.552904
Paraguay,PRY,2018,20.076893
Paraguay,PRY,2019,18.722246
Paraguay,PRY,2020,21.274519
Paraguay,PRY,2021,19.71426
Paraguay,PRY,2022,17.412876
Paraguay,PRY,2023,17.171417
Paraguay,PRY,2024,16.21621
Paraguay,PRY,2025,15.965374
Peru,PER,1991,33.15427
Peru,PER,1992,33.574173
Peru,PER,1993,33.21597
Peru,PER,1994,32.016026
Peru,PER,1995,31.390514
Peru,PER,1996,31.34671
Peru,PER,1997,30.860476
Peru,PER,1998,31.185343
Peru,PER,1999,31.27861
Peru,PER,2000,31.206596
Peru,PER,2001,31.364452
Peru,PER,2002,30.840881
Peru,PER,2003,30.446503
Peru,PER,2004,29.951216
Peru,PER,2005,29.220572
Peru,PER,2006,28.296974
Peru,PER,2007,27.189224
Peru,PER,2008,26.483665
Peru,PER,2009,25.822895
Peru,PER,2010,24.903513
Peru,PER,2011,25.15274
Peru,PER,2012,24.2715
Peru,PER,2013,24.147268
Peru,PER,2014,24.481981
Peru,PER,2015,25.077799
Peru,PER,2016,25.119368
Peru,PER,2017,24.306772
Peru,PER,2018,24.243288
Peru,PER,2019,23.701511
Peru,PER,2020,31.587837
Peru,PER,2021,25.925264
Peru,PER,2022,25.668783
Peru,PER,2023,23.966831
Peru,PER,2024,23.419287
Peru,PER,2025,23.134573
Philippines,PHL,1991,44.079414
Philippines,PHL,1992,44.287235
Philippines,PHL,1993,44.599552
Philippines,PHL,1994,43.471207
Philippines,PHL,1995,42.84224
Philippines,PHL,1996,40.406445
Philippines,PHL,1997,39.039803
Philippines,PHL,1998,37.30616
Philippines,PHL,1999,37.526863
Philippines,PHL,2000,35.78091
Philippines,PHL,2001,35.557987
Philippines,PHL,2002,35.352787
Philippines,PHL,2003,34.843475
Philippines,PHL,2004,34.294575
Philippines,PHL,2005,33.768383
Philippines,PHL,2006,33.214054
Philippines,PHL,2007,32.566414
Philippines,PHL,2008,32.36623
Philippines,PHL,2009,32.377403
Philippines,PHL,2010,31.532076
Philippines,PHL,2011,31.279108
Philippines,PHL,2012,30.829737
Philippines,PHL,2013,29.717865
Philippines,PHL,2014,29.079718
Philippines,PHL,2015,27.851387
Philippines,PHL,2016,26.723413
Philippines,PHL,2017,25.180689
Philippines,PHL,2018,24.034166
Philippines,PHL,2019,22.60548
Philippines,PHL,2020,24.508137
Philippines,PHL,2021,24.325506
Philippines,PHL,2022,22.836351
Philippines,PHL,2023,22.037092
Philippines,PHL,2024,21.185873
Philippines,PHL,2025,20.487888
Poland,POL,1400,76.4
Poland,POL,1500,75.3
Poland,POL,1600,67.4
Poland,POL,1700,63.2
Poland,POL,1750,59.3
Poland,POL,1800,56.2
Poland,POL,1981,29.1
Poland,POL,1991,26.270021
Poland,POL,1992,25.924122
Poland,POL,1993,25.45595
Poland,POL,1994,24.877127
Poland,POL,1995,23.551083
Poland,POL,1996,23.015808
Poland,POL,1997,21.557129
Poland,POL,1998,20.881626
Poland,POL,1999,20.239273
Poland,POL,2000,19.607258
Poland,POL,2001,19.49935
Poland,POL,2002,19.304745
Poland,POL,2003,19.031723
Poland,POL,2004,18.812813
Poland,POL,2005,18.170296
Poland,POL,2006,16.53772
Poland,POL,2007,15.4587
Poland,POL,2008,14.674938
Poland,POL,2009,13.940014
Poland,POL,2010,13.709343
Poland,POL,2011,13.556605
Poland,POL,2012,13.221535
Poland,POL,2013,12.6233425
Poland,POL,2014,12.084062
Poland,POL,2015,11.534184
Poland,POL,2016,10.584178
Poland,POL,2017,10.221745
Poland,POL,2018,9.618487
Poland,POL,2019,9.1536455
Poland,POL,2020,9.586761
Poland,POL,2021,9.0964775
Poland,POL,2022,8.930699
Poland,POL,2023,8.486684
Poland,POL,2024,6.5023074
Poland,POL,2025,6.2225666
Portugal,PRT,1991,6.5588
Portugal,PRT,1992,6.3953366
Portugal,PRT,1993,6.2979836
Portugal,PRT,1994,6.4097176
Portugal,PRT,1995,6.241931
Portugal,PRT,1996,6.6828046
Portugal,PRT,1997,7.350834
Portugal,PRT,1998,7.7575407
Portugal,PRT,1999,7.032534
Portugal,PRT,2000,6.951626
Portugal,PRT,2001,7.2700257
Portugal,PRT,2002,6.9182234
Portugal,PRT,2003,7.1335087
Portugal,PRT,2004,6.706822
Portugal,PRT,2005,6.563352
Portugal,PRT,2006,6.4695783
Portugal,PRT,2007,6.4266434
Portugal,PRT,2008,6.194814
Portugal,PRT,2009,6.2032547
Portugal,PRT,2010,6.0543704
Portugal,PRT,2011,5.4588704
Portugal,PRT,2012,5.8506365
Portugal,PRT,2013,5.497317
Portugal,PRT,2014,4.5588875
Portugal,PRT,2015,3.9516568
Portugal,PRT,2016,3.6155376
Portugal,PRT,2017,3.3517475
Portugal,PRT,2018,3.1447098
Portugal,PRT,2019,2.8773484
Portugal,PRT,2020,2.8663483
Portugal,PRT,2021,2.826388
Portugal,PRT,2022,3.0976522
Portugal,PRT,2023,3.1070642
Portugal,PRT,2024,2.8558488
Portugal,PRT,2025,2.7762258
Puerto Rico,PRI,1991,3.9454803
Puerto Rico,PRI,1992,3.8141181
Puerto Rico,PRI,1993,3.7471697
Puerto Rico,PRI,1994,3.8760433
Puerto Rico,PRI,1995,3.1915126
Puerto Rico,PRI,1996,2.9948676
Puerto Rico,PRI,1997,3.1334877
Puerto Rico,PRI,1998,2.7280889
Puerto Rico,PRI,1999,2.4259186
Puerto Rico,PRI,2000,2.0997803
Puerto Rico,PRI,2001,2.2468925
Puerto Rico,PRI,2002,2.179753
Puerto Rico,PRI,2003,2.221949
Puerto Rico,PRI,2004,2.3532572
Puerto Rico,PRI,2005,2.30482
Puerto Rico,PRI,2006,1.5999148
Puerto Rico,PRI,2007,1.2589409
Puerto Rico,PRI,2008,1.6591189
Puerto Rico,PRI,2009,1.6225538
Puerto Rico,PRI,2010,1.5795199
Puerto Rico,PRI,2011,1.5324513
Puerto Rico,PRI,2012,1.4846956
Puerto Rico,PRI,2013,1.4403629
Puerto Rico,PRI,2014,1.3991661
Puerto Rico,PRI,2015,1.3595743
Puerto Rico,PRI,2016,1.3417662
Puerto Rico,PRI,2017,1.3282495
Puerto Rico,PRI,2018,1.3137484
Puerto Rico,PRI,2019,1.2927221
Puerto Rico,PRI,2020,1.3162537
Puerto Rico,PRI,2021,1.2969047
Puerto Rico,PRI,2022,1.2433734
Puerto Rico,PRI,2023,1.2037721
Puerto Rico,PRI,2024,1.1694709
Puerto Rico,PRI,2025,1.1390057
Qatar,QAT,1991,4.3485327
Qatar,QAT,1992,4.253196
Qatar,QAT,1993,4.1786504
Qatar,QAT,1994,4.05473
Qatar,QAT,1995,3.9521375
Qatar,QAT,1996,3.8322284
Qatar,QAT,1997,3.6739721
Qatar,QAT,1998,3.2472022
Qatar,QAT,1999,2.9066975
Qatar,QAT,2000,2.600695
Qatar,QAT,2001,2.2935395
Qatar,QAT,2002,2.4420824
Qatar,QAT,2003,2.6026425
Qatar,QAT,2004,2.7481496
Qatar,QAT,2005,2.8667672
Qatar,QAT,2006,2.9680011
Qatar,QAT,2007,2.3527067
Qatar,QAT,2008,1.5698329
Qatar,QAT,2009,1.573994
Qatar,QAT,2010,1.4615811
Qatar,QAT,2011,1.361603
Qatar,QAT,2012,1.3547537
Qatar,QAT,2013,1.3801469
Qatar,QAT,2014,1.310394
Qatar,QAT,2015,1.2329737
Qatar,QAT,2016,1.2158443
Qatar,QAT,2017,1.2462068
Qatar,QAT,2018,1.3353821
Qatar,QAT,2019,1.5340041
Qatar,QAT,2020,1.3357712
Qatar,QAT,2021,1.3079077
Qatar,QAT,2022,1.7397105
Qatar,QAT,2023,1.6906449
Qatar,QAT,2024,1.6620817
Qatar,QAT,2025,1.6203506
Romania,ROU,1991,30.584736
Romania,ROU,1992,30.717464
Romania,ROU,1993,30.751228
Romania,ROU,1994,30.626596
Romania,ROU,1995,31.841892
Romania,ROU,1996,29.47094
Romania,ROU,1997,29.306463
Romania,ROU,1998,30.380152
Romania,ROU,1999,32.396187
Romania,ROU,2000,33.60544
Romania,ROU,2001,32.799667
Romania,ROU,2002,26.319569
Romania,ROU,2003,26.308296
Romania,ROU,2004,21.73512
Romania,ROU,2005,21.487934
Romania,ROU,2006,20.053617
Romania,ROU,2007,19.164572
Romania,ROU,2008,18.47967
Romania,ROU,2009,18.791718
Romania,ROU,2010,20.377354
Romania,ROU,2011,18.926273
Romania,ROU,2012,19.30034
Romania,ROU,2013,18.922405
Romania,ROU,2014,18.189566
Romania,ROU,2015,16.016281
Romania,ROU,2016,14.138561
Romania,ROU,2017,13.898631
Romania,ROU,2018,13.553116
Romania,ROU,2019,12.780737
Romania,ROU,2020,12.25509
Romania,ROU,2021,11.751766
Romania,ROU,2022,11.252093
Romania,ROU,2023,11.914744
Romania,ROU,2024,11.263912
Romania,ROU,2025,10.945517
Russia,RUS,1991,14.016577
Russia,RUS,1992,15.128084
Russia,RUS,1993,15.272827
Russia,RUS,1994,15.852754
Russia,RUS,1995,15.476818
Russia,RUS,1996,14.97729
Russia,RUS,1997,11.907848
Russia,RUS,1998,11.447372
Russia,RUS,1999,14.721192
Russia,RUS,2000,14.2140875
Russia,RUS,2001,11.804955
Russia,RUS,2002,11.10751
Russia,RUS,2003,10.588704
Russia,RUS,2004,9.79973
Russia,RUS,2005,9.94091
Russia,RUS,2006,9.6811495
Russia,RUS,2007,8.679512
Russia,RUS,2008,8.360931
Russia,RUS,2009,8.102503
Russia,RUS,2010,7.832655
Russia,RUS,2011,7.7602987
Russia,RUS,2012,7.4009647
Russia,RUS,2013,7.077547
Russia,RUS,2014,6.768493
Russia,RUS,2015,6.789524
Russia,RUS,2016,6.768902
Russia,RUS,2017,5.9576855
Russia,RUS,2018,5.943822
Russia,RUS,2019,5.893242
Russia,RUS,2020,6.064911
Russia,RUS,2021,5.920478
Russia,RUS,2022,5.80427
Russia,RUS,2023,5.4592686
Russia,RUS,2024,5.2372284
Russia,RUS,2025,5.1089773
Rwanda,RWA,1991,79.42534
Rwanda,RWA,1992,79.11499
Rwanda,RWA,1993,80.02568
Rwanda,RWA,1994,80.46367
Rwanda,RWA,1995,80.42243
Rwanda,RWA,1996,80.860344
Rwanda,RWA,1997,80.90482
Rwanda,RWA,1998,80.45046
Rwanda,RWA,1999,79.88231
Rwanda,RWA,2000,79.05236
Rwanda,RWA,2001,78.17396
Rwanda,RWA,2002,76.726234
Rwanda,RWA,2003,76.004776
Rwanda,RWA,2004,74.51758
Rwanda,RWA,2005,72.61763
Rwanda,RWA,2006,70.505424
Rwanda,RWA,2007,68.47592
Rwanda,RWA,2008,66.00343
Rwanda,RWA,2009,64.160065
Rwanda,RWA,2010,61.983765
Rwanda,RWA,2011,59.699505
Rwanda,RWA,2012,57.351944
Rwanda,RWA,2013,56.74965
Rwanda,RWA,2014,56.015785
Rwanda,RWA,2015,54.71825
Rwanda,RWA,2016,53.926064
Rwanda,RWA,2017,53.078243
Rwanda,RWA,2018,50.09742
Rwanda,RWA,2019,47.26972
Rwanda,RWA,2020,50.142418
Rwanda,RWA,2021,56.206303
Rwanda,RWA,2022,55.270916
Rwanda,RWA,2023,51.86909
Rwanda,RWA,2024,36.50254
Rwanda,RWA,2025,35.051365
Saint Lucia,LCA,1991,23.263437
Saint Lucia,LCA,1992,22.910076
Saint Lucia,LCA,1993,22.574654
Saint Lucia,LCA,1994,25.714521
Saint Lucia,LCA,1995,24.688772
Saint Lucia,LCA,1996,23.624285
Saint Lucia,LCA,1997,19.016394
Saint Lucia,LCA,1998,21.550495
Saint Lucia,LCA,1999,20.247435
Saint Lucia,LCA,2000,19.659416
Saint Lucia,LCA,2001,16.271818
Saint Lucia,LCA,2002,13.264294
Saint Lucia,LCA,2003,13.47134
Saint Lucia,LCA,2004,15.238207
Saint Lucia,LCA,2005,12.812113
Saint Lucia,LCA,2006,13.12721
Saint Lucia,LCA,2007,12.88289
Saint Lucia,LCA,2008,12.58749
Saint Lucia,LCA,2009,12.387441
Saint Lucia,LCA,2010,12.093881
Saint Lucia,LCA,2011,11.771943
Saint Lucia,LCA,2012,11.541715
Saint Lucia,LCA,2013,11.365198
Saint Lucia,LCA,2014,11.099744
Saint Lucia,LCA,2015,10.8512125
Saint Lucia,LCA,2016,10.585661
Saint Lucia,LCA,2017,10.346655
Saint Lucia,LCA,2018,11.349159
Saint Lucia,LCA,2019,9.972684
Saint Lucia,LCA,2020,9.3233
Saint Lucia,LCA,2021,11.081498
Saint Lucia,LCA,2022,10.620884
Saint Lucia,LCA,2023,9.929237
Saint Lucia,LCA,2024,7.6736736
Saint Lucia,LCA,2025,7.473522
Saint Vincent and the Grenadines,VCT,1991,24.73414
Saint Vincent and the Grenadines,VCT,1992,23.84409
Saint Vincent and the Grenadines,VCT,1993,22.703676
Saint Vincent and the Grenadines,VCT,1994,21.772179
Saint Vincent and the Grenadines,VCT,1995,20.927616
Saint Vincent and the Grenadines,VCT,1996,20.085558
Saint Vincent and the Grenadines,VCT,1997,19.106232
Saint Vincent and the Grenadines,VCT,1998,18.285164
Saint Vincent and the Grenadines,VCT,1999,17.502642
Saint Vincent and the Grenadines,VCT,2000,16.81163
Saint Vincent and the Grenadines,VCT,2001,16.033945
Saint Vincent and the Grenadines,VCT,2002,15.630899
Saint Vincent and the Grenadines,VCT,2003,15.143653
Saint Vincent and the Grenadines,VCT,2004,14.753052
Saint Vincent and the Grenadines,VCT,2005,14.4500675
Saint Vincent and the Grenadines,VCT,2006,13.987227
Saint Vincent and the Grenadines,VCT,2007,13.630427
Saint Vincent and the Grenadines,VCT,2008,13.366089
Saint Vincent and the Grenadines,VCT,2009,13.132673
Saint Vincent and the Grenadines,VCT,2010,12.924686
Saint Vincent and the Grenadines,VCT,2011,12.655468
Saint Vincent and the Grenadines,VCT,2012,12.35955
Saint Vincent and the Grenadines,VCT,2013,12.065361
Saint Vincent and the Grenadines,VCT,2014,11.804074
Saint Vincent and the Grenadines,VCT,2015,11.486808
Saint Vincent and the Grenadines,VCT,2016,11.202297
Saint Vincent and the Grenadines,VCT,2017,10.930643
Saint Vincent and the Grenadines,VCT,2018,10.656498
Saint Vincent and the Grenadines,VCT,2019,10.402455
Saint Vincent and the Grenadines,VCT,2020,10.575973
Saint Vincent and the Grenadines,VCT,2021,10.3199005
Saint Vincent and the Grenadines,VCT,2022,9.952596
Saint Vincent and the Grenadines,VCT,2023,9.624915
Saint Vincent and the Grenadines,VCT,2024,9.340161
Saint Vincent and the Grenadines,VCT,2025,9.074801
Samoa,WSM,1991,39.36281
Samoa,WSM,1992,39.351917
Samoa,WSM,1993,38.88047
Samoa,WSM,1994,39.50166
Samoa,WSM,1995,38.355972
Samoa,WSM,1996,37.45118
Samoa,WSM,1997,37.599224
Samoa,WSM,1998,37.026733
Samoa,WSM,1999,36.580612
Samoa,WSM,2000,35.926617
Samoa,WSM,2001,34.686863
Samoa,WSM,2002,34.336563
Samoa,WSM,2003,33.765793
Samoa,WSM,2004,33.97703
Samoa,WSM,2005,33.242813
Samoa,WSM,2006,33.303154
Samoa,WSM,2007,33.079033
Samoa,WSM,2008,32.921722
Samoa,WSM,2009,33.39159
Samoa,WSM,2010,32.308292
Samoa,WSM,2011,31.852295
Samoa,WSM,2012,32.29695
Samoa,WSM,2013,32.403606
Samoa,WSM,2014,31.782333
Samoa,WSM,2015,31.22913
Samoa,WSM,2016,30.365896
Samoa,WSM,2017,29.926985
Samoa,WSM,2018,29.677061
Samoa,WSM,2019,29.191671
Samoa,WSM,2020,30.036484
Samoa,WSM,2021,30.07264
Samoa,WSM,2022,30.317263
Samoa,WSM,2023,29.187641
Samoa,WSM,2024,27.735249
Samoa,WSM,2025,26.877392
Sao Tome and Principe,STP,1991,23.456282
Sao Tome and Principe,STP,1992,23.204756
Sao Tome and Principe,STP,1993,23.107464
Sao Tome and Principe,STP,1994,22.764175
Sao Tome and Principe,STP,1995,22.62527
Sao Tome and Principe,STP,1996,22.347488
Sao Tome and Principe,STP,1997,22.090086
Sao Tome and Principe,STP,1998,21.669088
Sao Tome and Principe,STP,1999,21.265701
Sao Tome and Principe,STP,2000,21.123293
Sao Tome and Principe,STP,2001,20.857677
Sao Tome and Principe,STP,2002,20.55034
Sao Tome and Principe,STP,2003,19.79318
Sao Tome and Principe,STP,2004,19.85334
Sao Tome and Principe,STP,2005,18.854378
Sao Tome and Principe,STP,2006,18.002184
Sao Tome and Principe,STP,2007,17.516373
Sao Tome and Principe,STP,2008,16.007036
Sao Tome and Principe,STP,2009,15.631396
Sao Tome and Principe,STP,2010,15.344748
Sao Tome and Principe,STP,2011,14.978589
Sao Tome and Principe,STP,2012,14.566342
Sao Tome and Principe,STP,2013,14.082413
Sao Tome and Principe,STP,2014,13.584672
Sao Tome and Principe,STP,2015,13.436962
Sao Tome and Principe,STP,2016,12.957845
Sao Tome and Principe,STP,2017,12.515607
Sao Tome and Principe,STP,2018,12.177752
Sao Tome and Principe,STP,2019,12.042133
Sao Tome and Principe,STP,2020,12.6008215
Sao Tome and Principe,STP,2021,12.676206
Sao Tome and Principe,STP,2022,12.601188
Sao Tome and Principe,STP,2023,12.480669
Sao Tome and Principe,STP,2024,12.320632
Sao Tome and Principe,STP,2025,12.060743
Saudi Arabia,SAU,1991,7.783156
Saudi Arabia,SAU,1992,7.6582923
Saudi Arabia,SAU,1993,7.4852853
Saudi Arabia,SAU,1994,7.3304405
Saudi Arabia,SAU,1995,7.204839
Saudi Arabia,SAU,1996,7.06099
Saudi Arabia,SAU,1997,6.920277
Saudi Arabia,SAU,1998,6.731554
Saudi Arabia,SAU,1999,6.642881
Saudi Arabia,SAU,2000,6.5264716
Saudi Arabia,SAU,2001,6.3999524
Saudi Arabia,SAU,2002,6.2928824
Saudi Arabia,SAU,2003,6.1124506
Saudi Arabia,SAU,2004,5.9247255
Saudi Arabia,SAU,2005,5.780879
Saudi Arabia,SAU,2006,5.6282487
Saudi Arabia,SAU,2007,5.4667816
Saudi Arabia,SAU,2008,5.314366
Saudi Arabia,SAU,2009,5.131976
Saudi Arabia,SAU,2010,4.9478335
Saudi Arabia,SAU,2011,4.773961
Saudi Arabia,SAU,2012,4.614475
Saudi Arabia,SAU,2013,4.471583
Saudi Arabia,SAU,2014,4.310714
Saudi Arabia,SAU,2015,4.1390376
Saudi Arabia,SAU,2016,4.0166693
Saudi Arabia,SAU,2017,3.9058375
Saudi Arabia,SAU,2018,3.052274
Saudi Arabia,SAU,2019,3.0965908
Saudi Arabia,SAU,2020,3.1708102
Saudi Arabia,SAU,2021,2.6655266
Saudi Arabia,SAU,2022,2.8841333
Saudi Arabia,SAU,2023,2.7411137
Saudi Arabia,SAU,2024,2.5725248
Saudi Arabia,SAU,2025,2.4986618
Senegal,SEN,1991,50.894566
Senegal,SEN,1992,50.906353
Senegal,SEN,1993,50.942287
Senegal,SEN,1994,51.14543
Senegal,SEN,1995,50.845875
Senegal,SEN,1996,50.772346
Senegal,SEN,1997,50.567432
Senegal,SEN,1998,50.041264
Senegal,SEN,1999,49.366493
Senegal,SEN,2000,48.905823
Senegal,SEN,2001,48.425674
Senegal,SEN,2002,47.116604
Senegal,SEN,2003,45.339443
Senegal,SEN,2004,43.360893
Senegal,SEN,2005,41.639366
Senegal,SEN,2006,39.843433
Senegal,SEN,2007,39.406994
Senegal,SEN,2008,39.165752
Senegal,SEN,2009,38.820606
Senegal,SEN,2010,38.156166
Senegal,SEN,2011,37.477608
Senegal,SEN,2012,36.680412
Senegal,SEN,2013,35.96259
Senegal,SEN,2014,34.489746
Senegal,SEN,2015,33.33281
Senegal,SEN,2016,36.3671
Senegal,SEN,2017,31.737806
Senegal,SEN,2018,27.251482
Senegal,SEN,2019,22.989727
Senegal,SEN,2020,26.536598
Senegal,SEN,2021,29.398333
Senegal,SEN,2022,31.813017
Senegal,SEN,2023,31.464294
Senegal,SEN,2024,30.648035
Senegal,SEN,2025,29.576406
Serbia,SRB,1991,39.307262
Serbia,SRB,1992,39.09809
Serbia,SRB,1993,38.913437
Serbia,SRB,1994,38.718704
Serbia,SRB,1995,38.469887
Serbia,SRB,1996,38.365818
Serbia,SRB,1997,38.188854
Serbia,SRB,1998,37.91555
Serbia,SRB,1999,37.4393
Serbia,SRB,2000,37.124134
Serbia,SRB,2001,36.7939
Serbia,SRB,2002,36.245438
Serbia,SRB,2003,35.733505
Serbia,SRB,2004,35.134056
Serbia,SRB,2005,34.38444
Serbia,SRB,2006,31.215736
Serbia,SRB,2007,31.529171
Serbia,SRB,2008,30.996986
Serbia,SRB,2009,29.753036
Serbia,SRB,2010,28.070229
Serbia,SRB,2011,26.812407
Serbia,SRB,2012,26.477634
Serbia,SRB,2013,26.183569
Serbia,SRB,2014,25.86335
Serbia,SRB,2015,25.324945
Serbia,SRB,2016,24.457676
Serbia,SRB,2017,22.843775
Serbia,SRB,2018,21.28164
Serbia,SRB,2019,20.895819
Serbia,SRB,2020,19.636953
Serbia,SRB,2021,19.145575
Serbia,SRB,2022,18.729218
Serbia,SRB,2023,18.453928
Serbia,SRB,2024,18.566586
Serbia,SRB,2025,18.027437
Sierra Leone,SLE,1991,64.34884
Sierra Leone,SLE,1992,65.558876
Sierra Leone,SLE,1993,65.36991
Sierra Leone,SLE,1994,65.541115
Sierra Leone,SLE,1995,66.2898
Sierra Leone,SLE,1996,66.14737
Sierra Leone,SLE,1997,66.8997
Sierra Leone,SLE,1998,66.85773
Sierra Leone,SLE,1999,67.14465
Sierra Leone,SLE,2000,66.93708
Sierra Leone,SLE,2001,68.58251
Sierra Leone,SLE,2002,67.17257
Sierra Leone,SLE,2003,66.79081
Sierra Leone,SLE,2004,68.46499
Sierra Leone,SLE,2005,68.28313
Sierra Leone,SLE,2006,67.98282
Sierra Leone,SLE,2007,67.13773
Sierra Leone,SLE,2008,66.5097
Sierra Leone,SLE,2009,66.07301
Sierra Leone,SLE,2010,64.92389
Sierra Leone,SLE,2011,63.90202
Sierra Leone,SLE,2012,61.61463
Sierra Leone,SLE,2013,59.151806
Sierra Leone,SLE,2014,57.649265
Sierra Leone,SLE,2015,56.930386
Sierra Leone,SLE,2016,52.86926
Sierra Leone,SLE,2017,49.163937
Sierra Leone,SLE,2018,46.194695
Sierra Leone,SLE,2019,45.43928
Sierra Leone,SLE,2020,47.054424
Sierra Leone,SLE,2021,47.252174
Sierra Leone,SLE,2022,46.608967
Sierra Leone,SLE,2023,45.555996
Sierra Leone,SLE,2024,45.08568
Sierra Leone,SLE,2025,44.49351
Singapore,SGP,1991,0.28377172
Singapore,SGP,1992,0.31726688
Singapore,SGP,1993,0.24495663
Singapore,SGP,1994,0.29713935
Singapore,SGP,1995,0.24037115
Singapore,SGP,1996,0.19448
Singapore,SGP,1997,0.18900464
Singapore,SGP,1998,0.18630733
Singapore,SGP,1999,0.18169567
Singapore,SGP,2000,0.17689909
Singapore,SGP,2001,0.173741
Singapore,SGP,2002,0.16944763
Singapore,SGP,2003,0.16459654
Singapore,SGP,2004,0.15970081
Singapore,SGP,2005,0.15521224
Singapore,SGP,2006,0.15069969
Singapore,SGP,2007,0.14645508
Singapore,SGP,2008,0.14231125
Singapore,SGP,2009,0.13906366
Singapore,SGP,2010,0.13561925
Singapore,SGP,2011,0.1324604
Singapore,SGP,2012,0.12955873
Singapore,SGP,2013,0.12679854
Singapore,SGP,2014,0.124092214
Singapore,SGP,2015,0.12145966
Singapore,SGP,2016,0.11897926
Singapore,SGP,2017,0.1170776
Singapore,SGP,2018,0.11508928
Singapore,SGP,2019,0.1130419
Singapore,SGP,2020,0.108162686
Singapore,SGP,2021,0.10777756
Singapore,SGP,2022,0.09095245
Singapore,SGP,2023,0.07958019
Singapore,SGP,2024,0.09798373
Singapore,SGP,2025,0.095402665
Slovakia,SVK,1991,12.146647
Slovakia,SVK,1992,12.122198
Slovakia,SVK,1993,11.864829
Slovakia,SVK,1994,11.430547
Slovakia,SVK,1995,10.424126
Slovakia,SVK,1996,10.088761
Slovakia,SVK,1997,10.372615
Slovakia,SVK,1998,9.973331
Slovakia,SVK,1999,8.954291
Slovakia,SVK,2000,8.120145
Slovakia,SVK,2001,7.5286283
Slovakia,SVK,2002,7.567175
Slovakia,SVK,2003,7.114609
Slovakia,SVK,2004,6.249456
Slovakia,SVK,2005,5.8669953
Slovakia,SVK,2006,5.4330177
Slovakia,SVK,2007,5.219294
Slovakia,SVK,2008,4.951029
Slovakia,SVK,2009,4.4969897
Slovakia,SVK,2010,4.062201
Slovakia,SVK,2011,3.9305527
Slovakia,SVK,2012,4.0687037
Slovakia,SVK,2013,4.1516495
Slovakia,SVK,2014,3.9853218
Slovakia,SVK,2015,3.8986747
Slovakia,SVK,2016,3.4691896
Slovakia,SVK,2017,3.411805
Slovakia,SVK,2018,2.904193
Slovakia,SVK,2019,3.5110064
Slovakia,SVK,2020,3.25797
Slovakia,SVK,2021,3.2145703
Slovakia,SVK,2022,2.540427
Slovakia,SVK,2023,3.1235325
Slovakia,SVK,2024,2.2415028
Slovakia,SVK,2025,2.163048
Slovenia,SVN,1991,10.518334
Slovenia,SVN,1992,10.345298
Slovenia,SVN,1993,9.994971
Slovenia,SVN,1994,10.793899
Slovenia,SVN,1995,9.724154
Slovenia,SVN,1996,9.347931
Slovenia,SVN,1997,11.138218
Slovenia,SVN,1998,11.083709
Slovenia,SVN,1999,9.9169855
Slovenia,SVN,2000,8.734559
Slovenia,SVN,2001,9.06673
Slovenia,SVN,2002,8.81483
Slovenia,SVN,2003,7.6556044
Slovenia,SVN,2004,8.889525
Slovenia,SVN,2005,8.278192
Slovenia,SVN,2006,8.6987505
Slovenia,SVN,2007,8.977458
Slovenia,SVN,2008,8.662976
Slovenia,SVN,2009,9.172355
Slovenia,SVN,2010,8.862846
Slovenia,SVN,2011,8.627779
Slovenia,SVN,2012,8.403402
Slovenia,SVN,2013,8.519071
Slovenia,SVN,2014,9.6523695
Slovenia,SVN,2015,7.0990415
Slovenia,SVN,2016,5.045808
Slovenia,SVN,2017,5.5867543
Slovenia,SVN,2018,5.5039635
Slovenia,SVN,2019,4.2998176
Slovenia,SVN,2020,4.1069574
Slovenia,SVN,2021,4.0502973
Slovenia,SVN,2022,4.3091693
Slovenia,SVN,2023,4.024233
Slovenia,SVN,2024,3.7730086
Slovenia,SVN,2025,3.657223
Solomon Islands,SLB,1991,35.126602
Solomon Islands,SLB,1992,33.983574
Solomon Islands,SLB,1993,33.765965
Solomon Islands,SLB,1994,32.88826
Solomon Islands,SLB,1995,31.975843
Solomon Islands,SLB,1996,31.895594
Solomon Islands,SLB,1997,32.415337
Solomon Islands,SLB,1998,32.285236
Solomon Islands,SLB,1999,32.663696
Solomon Islands,SLB,2000,35.620472
Solomon Islands,SLB,2001,37.011223
Solomon Islands,SLB,2002,39.415592
Solomon Islands,SLB,2003,40.178818
Solomon Islands,SLB,2004,39.94826
Solomon Islands,SLB,2005,39.26453
Solomon Islands,SLB,2006,39.450718
Solomon Islands,SLB,2007,39.848183
Solomon Islands,SLB,2008,39.88036
Solomon Islands,SLB,2009,40.23829
Solomon Islands,SLB,2010,40.031666
Solomon Islands,SLB,2011,40.198547
Solomon Islands,SLB,2012,41.038727
Solomon Islands,SLB,2013,41.628475
Solomon Islands,SLB,2014,41.881557
Solomon Islands,SLB,2015,41.698418
Solomon Islands,SLB,2016,41.310905
Solomon Islands,SLB,2017,41.089725
Solomon Islands,SLB,2018,40.965706
Solomon Islands,SLB,2019,40.701912
Solomon Islands,SLB,2020,43.053505
Solomon Islands,SLB,2021,43.68361
Solomon Islands,SLB,2022,43.329826
Solomon Islands,SLB,2023,43.03795
Solomon Islands,SLB,2024,42.749317
Solomon Islands,SLB,2025,42.466557
Somalia,SOM,1991,44.38096
Somalia,SOM,1992,45.16718
Somalia,SOM,1993,44.82077
Somalia,SOM,1994,48.48225
Somalia,SOM,1995,48.30582
Somalia,SOM,1996,47.283096
Somalia,SOM,1997,47.741512
Somalia,SOM,1998,47.1366
Somalia,SOM,1999,46.340046
Somalia,SOM,2000,45.56919
Somalia,SOM,2001,44.785126
Somalia,SOM,2002,43.74875
Somalia,SOM,2003,42.80471
Somalia,SOM,2004,41.975155
Somalia,SOM,2005,41.088314
Somalia,SOM,2006,40.248497
Somalia,SOM,2007,39.08205
Somalia,SOM,2008,38.23741
Somalia,SOM,2009,37.298782
Somalia,SOM,2010,36.35652
Somalia,SOM,2011,35.13208
Somalia,SOM,2012,33.81616
Somalia,SOM,2013,32.14884
Somalia,SOM,2014,30.997198
Somalia,SOM,2015,29.514866
Somalia,SOM,2016,28.76522
Somalia,SOM,2017,26.685665
Somalia,SOM,2018,26.843485
Somalia,SOM,2019,26.886158
Somalia,SOM,2020,30.050432
Somalia,SOM,2021,30.955484
Somalia,SOM,2022,30.88399
Somalia,SOM,2023,30.5261
Somalia,SOM,2024,30.285233
Somalia,SOM,2025,30.028551
South Africa,ZAF,1991,9.43139
South Africa,ZAF,1992,9.490121
South Africa,ZAF,1993,9.499191
South Africa,ZAF,1994,9.44418
South Africa,ZAF,1995,9.316803
South Africa,ZAF,1996,9.178385
South Africa,ZAF,1997,9.039383
South Africa,ZAF,1998,8.948562
South Africa,ZAF,1999,8.763011
South Africa,ZAF,2000,8.476791
South Africa,ZAF,2001,8.396573
South Africa,ZAF,2002,9.467816
South Africa,ZAF,2003,8.548943
South Africa,ZAF,2004,7.799219
South Africa,ZAF,2005,6.0344057
South Africa,ZAF,2006,5.8080807
South Africa,ZAF,2007,5.667952
South Africa,ZAF,2008,5.5127335
South Africa,ZAF,2009,5.0052786
South Africa,ZAF,2010,4.7569876
South Africa,ZAF,2011,4.5281897
South Africa,ZAF,2012,4.755512
South Africa,ZAF,2013,4.935809
South Africa,ZAF,2014,4.5821733
South Africa,ZAF,2015,5.572457
South Africa,ZAF,2016,5.5226455
South Africa,ZAF,2017,5.236627
South Africa,ZAF,2018,5.1227703
South Africa,ZAF,2019,5.2454667
South Africa,ZAF,2020,5.462865
South Africa,ZAF,2021,5.6921587
South Africa,ZAF,2022,5.5432196
South Africa,ZAF,2023,5.4973297
South Africa,ZAF,2024,5.4389977
South Africa,ZAF,2025,5.4070973
South Asia (WB),WB_SA,1991,63.154945
South Asia (WB),WB_SA,1992,62.964104
South Asia (WB),WB_SA,1993,62.644985
South Asia (WB),WB_SA,1994,62.364723
South Asia (WB),WB_SA,1995,61.87405
South Asia (WB),WB_SA,1996,61.29621
South Asia (WB),WB_SA,1997,61.068447
South Asia (WB),WB_SA,1998,60.69374
South Asia (WB),WB_SA,1999,60.04339
South Asia (WB),WB_SA,2000,59.807335
South Asia (WB),WB_SA,2001,58.764072
South Asia (WB),WB_SA,2002,57.717728
South Asia (WB),WB_SA,2003,56.31601
South Asia (WB),WB_SA,2004,55.11112
South Asia (WB),WB_SA,2005,54.045868
South Asia (WB),WB_SA,2006,53.27571
South Asia (WB),WB_SA,2007,52.385796
South Asia (WB),WB_SA,2008,51.86166
South Asia (WB),WB_SA,2009,50.96488
South Asia (WB),WB_SA,2010,50.084442
South Asia (WB),WB_SA,2011,48.274773
South Asia (WB),WB_SA,2012,46.466293
South Asia (WB),WB_SA,2013,45.633854
South Asia (WB),WB_SA,2014,44.67817
South Asia (WB),WB_SA,2015,43.736706
South Asia (WB),WB_SA,2016,42.687164
South Asia (WB),WB_SA,2017,41.62351
South Asia (WB),WB_SA,2018,40.79966
South Asia (WB),WB_SA,2019,40.24581
South Asia (WB),WB_SA,2020,43.935196
South Asia (WB),WB_SA,2021,43.544724
South Asia (WB),WB_SA,2022,42.50979
South Asia (WB),WB_SA,2023,43.280617
South Asia (WB),WB_SA,2024,42.195004
South Asia (WB),WB_SA,2025,41.502533
South Korea,KOR,1991,15.480337
South Korea,KOR,1992,13.343107
South Korea,KOR,1993,12.822286
South Korea,KOR,1994,11.9353075
South Korea,KOR,1995,11.18465
South Korea,KOR,1996,10.58365
South Korea,KOR,1997,10.236507
South Korea,KOR,1998,11.4523535
South Korea,KOR,1999,10.799131
South Korea,KOR,2000,10.43664
South Korea,KOR,2001,9.904622
South Korea,KOR,2002,9.234136
South Korea,KOR,2003,8.636743
South Korea,KOR,2004,7.900379
South Korea,KOR,2005,7.478113
South Korea,KOR,2006,7.1832633
South Korea,KOR,2007,6.8841467
South Korea,KOR,2008,6.720455
South Korea,KOR,2009,6.59017
South Korea,KOR,2010,6.1907234
South Korea,KOR,2011,5.959892
South Korea,KOR,2012,5.7508483
South Korea,KOR,2013,5.603118
South Korea,KOR,2014,5.2281084
South Korea,KOR,2015,5.10891
South Korea,KOR,2016,4.8184066
South Korea,KOR,2017,4.7844305
South Korea,KOR,2018,4.996522
South Korea,KOR,2019,5.1429877
South Korea,KOR,2020,5.3712068
South Korea,KOR,2021,5.3469954
South Korea,KOR,2022,5.431802
South Korea,KOR,2023,5.3243284
South Korea,KOR,2024,5.196809
South Korea,KOR,2025,5.1038275
South Sudan,SSD,1991,66.68
South Sudan,SSD,1992,66.419136
South Sudan,SSD,1993,66.16675
South Sudan,SSD,1994,66.06605
South Sudan,SSD,1995,65.87437
South Sudan,SSD,1996,65.654816
South Sudan,SSD,1997,65.27068
South Sudan,SSD,1998,65.02619
South Sudan,SSD,1999,64.86045
South Sudan,SSD,2000,64.70394
South Sudan,SSD,2001,64.52587
South Sudan,SSD,2002,64.36019
South Sudan,SSD,2003,64.21276
South Sudan,SSD,2004,64.082214
South Sudan,SSD,2005,63.953957
South Sudan,SSD,2006,63.81011
South Sudan,SSD,2007,63.67892
South Sudan,SSD,2008,63.59232
South Sudan,SSD,2009,63.552387
South Sudan,SSD,2010,63.55902
South Sudan,SSD,2011,63.751247
South Sudan,SSD,2012,63.75914
South Sudan,SSD,2013,63.40676
South Sudan,SSD,2014,62.894672
South Sudan,SSD,2015,62.430546
South Sudan,SSD,2016,62.46262
South Sudan,SSD,2017,62.10857
South Sudan,SSD,2018,62.05794
South Sudan,SSD,2019,62.213535
South Sudan,SSD,2020,63.331184
South Sudan,SSD,2021,64.0806
South Sudan,SSD,2022,64.074
South Sudan,SSD,2023,63.7605
Spain,ESP,1991,10.617451
Spain,ESP,1992,9.716666
Spain,ESP,1993,9.781674
Spain,ESP,1994,9.490253
Spain,ESP,1995,8.987096
Spain,ESP,1996,8.359542
Spain,ESP,1997,8.04418
Spain,ESP,1998,7.699313
Spain,ESP,1999,7.207324
Spain,ESP,2000,6.687967
Spain,ESP,2001,6.55445
Spain,ESP,2002,6.004057
Spain,ESP,2003,5.7048836
Spain,ESP,2004,5.484384
Spain,ESP,2005,5.299369
Spain,ESP,2006,4.913624
Spain,ESP,2007,4.3618073
Spain,ESP,2008,3.9110756
Spain,ESP,2009,4.043762
Spain,ESP,2010,4.1024947
Spain,ESP,2011,3.8447673
Spain,ESP,2012,4.2460723
Spain,ESP,2013,4.334452
Spain,ESP,2014,4.267383
Spain,ESP,2015,3.987976
Spain,ESP,2016,4.179303
Spain,ESP,2017,4.310844
Spain,ESP,2018,4.0693235
Spain,ESP,2019,4.1138263
Spain,ESP,2020,3.9050772
Spain,ESP,2021,4.0753846
Spain,ESP,2022,4.0145335
Spain,ESP,2023,3.4978225
Spain,ESP,2024,3.4732916
Spain,ESP,2025,3.3743978
Sri Lanka,LKA,1991,38.999725
Sri Lanka,LKA,1992,40.476963
Sri Lanka,LKA,1993,36.20978
Sri Lanka,LKA,1994,39.033092
Sri Lanka,LKA,1995,35.311764
Sri Lanka,LKA,1996,32.096996
Sri Lanka,LKA,1997,34.447502
Sri Lanka,LKA,1998,38.406704
Sri Lanka,LKA,1999,38.114025
Sri Lanka,LKA,2000,37.6534
Sri Lanka,LKA,2001,37.841267
Sri Lanka,LKA,2002,37.50239
Sri Lanka,LKA,2003,37.331913
Sri Lanka,LKA,2004,36.016346
Sri Lanka,LKA,2005,34.623547
Sri Lanka,LKA,2006,33.839867
Sri Lanka,LKA,2007,33.07913
Sri Lanka,LKA,2008,32.63941
Sri Lanka,LKA,2009,32.224785
Sri Lanka,LKA,2010,31.536613
Sri Lanka,LKA,2011,30.777502
Sri Lanka,LKA,2012,30.994219
Sri Lanka,LKA,2013,29.627249
Sri Lanka,LKA,2014,28.126436
Sri Lanka,LKA,2015,28.662422
Sri Lanka,LKA,2016,27.100649
Sri Lanka,LKA,2017,26.07381
Sri Lanka,LKA,2018,25.497889
Sri Lanka,LKA,2019,25.3272
Sri Lanka,LKA,2020,27.12406
Sri Lanka,LKA,2021,27.275679
Sri Lanka,LKA,2022,26.492767
Sri Lanka,LKA,2023,26.456026
Sri Lanka,LKA,2024,26.317415
Sri Lanka,LKA,2025,25.856758
Sub-Saharan Africa (WB),WB_SSA,1991,60.23483
Sub-Saharan Africa (WB),WB_SSA,1992,60.518974
Sub-Saharan Africa (WB),WB_SSA,1993,60.582527
Sub-Saharan Africa (WB),WB_SSA,1994,60.647408
Sub-Saharan Africa (WB),WB_SSA,1995,60.606792
Sub-Saharan Africa (WB),WB_SSA,1996,60.28774
Sub-Saharan Africa (WB),WB_SSA,1997,60.175266
Sub-Saharan Africa (WB),WB_SSA,1998,60.027847
Sub-Saharan Africa (WB),WB_SSA,1999,59.897453
Sub-Saharan Africa (WB),WB_SSA,2000,59.767685
Sub-Saharan Africa (WB),WB_SSA,2001,59.667637
Sub-Saharan Africa (WB),WB_SSA,2002,59.675674
Sub-Saharan Africa (WB),WB_SSA,2003,59.5268
Sub-Saharan Africa (WB),WB_SSA,2004,59.100994
Sub-Saharan Africa (WB),WB_SSA,2005,58.78618
Sub-Saharan Africa (WB),WB_SSA,2006,58.33571
Sub-Saharan Africa (WB),WB_SSA,2007,57.850533
Sub-Saharan Africa (WB),WB_SSA,2008,57.375717
Sub-Saharan Africa (WB),WB_SSA,2009,56.92199
Sub-Saharan Africa (WB),WB_SSA,2010,56.064068
Sub-Saharan Africa (WB),WB_SSA,2011,55.50206
Sub-Saharan Africa (WB),WB_SSA,2012,54.75244
Sub-Saharan Africa (WB),WB_SSA,2013,54.42908
Sub-Saharan Africa (WB),WB_SSA,2014,53.843475
Sub-Saharan Africa (WB),WB_SSA,2015,53.30664
Sub-Saharan Africa (WB),WB_SSA,2016,53.019096
Sub-Saharan Africa (WB),WB_SSA,2017,52.387394
Sub-Saharan Africa (WB),WB_SSA,2018,51.57161
Sub-Saharan Africa (WB),WB_SSA,2019,50.66228
Sub-Saharan Africa (WB),WB_SSA,2020,52.129986
Sub-Saharan Africa (WB),WB_SSA,2021,52.029945
Sub-Saharan Africa (WB),WB_SSA,2022,50.926083
Sub-Saharan Africa (WB),WB_SSA,2023,50.591072
Sub-Saharan Africa (WB),WB_SSA,2024,49.81499
Sub-Saharan Africa (WB),WB_SSA,2025,49.33772
Sudan,SDN,1991,52.049366
Sudan,SDN,1992,51.266468
Sudan,SDN,1993,50.490765
Sudan,SDN,1994,49.704815
Sudan,SDN,1995,49.411648
Sudan,SDN,1996,49.382317
Sudan,SDN,1997,48.56035
Sudan,SDN,1998,48.046562
Sudan,SDN,1999,47.583084
Sudan,SDN,2000,46.843693
Sudan,SDN,2001,46.542618
Sudan,SDN,2002,46.441685
Sudan,SDN,2003,45.807316
Sudan,SDN,2004,45.064293
Sudan,SDN,2005,44.63485
Sudan,SDN,2006,43.764805
Sudan,SDN,2007,44.314243
Sudan,SDN,2008,43.409046
Sudan,SDN,2009,42.67376
Sudan,SDN,2010,42.409435
Sudan,SDN,2011,41.563004
Sudan,SDN,2012,41.860474
Sudan,SDN,2013,41.147953
Sudan,SDN,2014,40.702892
Sudan,SDN,2015,40.280777
Sudan,SDN,2016,38.888504
Sudan,SDN,2017,38.37677
Sudan,SDN,2018,37.834663
Sudan,SDN,2019,37.913704
Sudan,SDN,2020,39.68198
Sudan,SDN,2021,40.15576
Sudan,SDN,2022,39.774963
Suriname,SUR,1991,4.3779535
Suriname,SUR,1992,4.4370723
Suriname,SUR,1993,4.625107
Suriname,SUR,1994,6.3272185
Suriname,SUR,1995,7.288808
Suriname,SUR,1996,6.1497126
Suriname,SUR,1997,5.4469056
Suriname,SUR,1998,5.853802
Suriname,SUR,1999,6.3724823
Suriname,SUR,2000,6.889305
Suriname,SUR,2001,7.281971
Suriname,SUR,2002,7.7250175
Suriname,SUR,2003,8.071902
Suriname,SUR,2004,8.43745
Suriname,SUR,2005,8.366544
Suriname,SUR,2006,8.189151
Suriname,SUR,2007,8.058111
Suriname,SUR,2008,8.007295
Suriname,SUR,2009,7.911995
Suriname,SUR,2010,7.7535353
Suriname,SUR,2011,7.5639052
Suriname,SUR,2012,7.5074463
Suriname,SUR,2013,7.415224
Suriname,SUR,2014,7.461908
Suriname,SUR,2015,7.7210164
Suriname,SUR,2016,7.682243
Suriname,SUR,2017,7.6763926
Suriname,SUR,2018,7.4800043
Suriname,SUR,2019,7.4328775
Suriname,SUR,2020,7.5607986
Suriname,SUR,2021,7.3837547
Suriname,SUR,2022,7.306945
Suriname,SUR,2023,7.2091274
Suriname,SUR,2024,7.092776
Suriname,SUR,2025,6.9751544
Sweden,SWE,1991,3.5125058
Sweden,SWE,1992,3.5081623
Sweden,SWE,1993,3.443549
Sweden,SWE,1994,3.4362426
Sweden,SWE,1995,3.5028474
Sweden,SWE,1996,3.2607243
Sweden,SWE,1997,3.2444386
Sweden,SWE,1998,3.049344
Sweden,SWE,1999,2.9970467
Sweden,SWE,2000,2.9064283
Sweden,SWE,2001,2.641702
Sweden,SWE,2002,2.5241625
Sweden,SWE,2003,2.5445442
Sweden,SWE,2004,2.4851427
Sweden,SWE,2005,2.2810235
Sweden,SWE,2006,2.226766
Sweden,SWE,2007,2.2511883
Sweden,SWE,2008,2.1217163
Sweden,SWE,2009,2.1769981
Sweden,SWE,2010,2.1005113
Sweden,SWE,2011,1.9894451
Sweden,SWE,2012,2.0594227
Sweden,SWE,2013,2.0332632
Sweden,SWE,2014,1.9742985
Sweden,SWE,2015,2.0368078
Sweden,SWE,2016,1.8862069
Sweden,SWE,2017,1.8302566
Sweden,SWE,2018,1.7323155
Sweden,SWE,2019,1.6889738
Sweden,SWE,2020,1.7289325
Sweden,SWE,2021,1.9835079
Sweden,SWE,2022,1.8789338
Sweden,SWE,2023,1.7688229
Sweden,SWE,2024,1.8131149
Sweden,SWE,2025,1.7668469
Switzerland,CHE,1991,4.489833
Switzerland,CHE,1992,4.503632
Switzerland,CHE,1993,4.818815
Switzerland,CHE,1994,4.8961782
Switzerland,CHE,1995,4.7363997
Switzerland,CHE,1996,4.6417627
Switzerland,CHE,1997,4.8175445
Switzerland,CHE,1998,4.92649
Switzerland,CHE,1999,5.091798
Switzerland,CHE,2000,4.640718
Switzerland,CHE,2001,4.4539185
Switzerland,CHE,2002,4.094141
Switzerland,CHE,2003,4.0807652
Switzerland,CHE,2004,3.752945
Switzerland,CHE,2005,3.7187953
Switzerland,CHE,2006,3.6664357
Switzerland,CHE,2007,3.8995461
Switzerland,CHE,2008,4.0744834
Switzerland,CHE,2009,3.343293
Switzerland,CHE,2010,3.5544903
Switzerland,CHE,2011,3.6143603
Switzerland,CHE,2012,3.4805987
Switzerland,CHE,2013,3.5286217
Switzerland,CHE,2014,3.5282617
Switzerland,CHE,2015,3.3875082
Switzerland,CHE,2016,3.2713492
Switzerland,CHE,2017,3.1354215
Switzerland,CHE,2018,3.010642
Switzerland,CHE,2019,2.53795
Switzerland,CHE,2020,2.503193
Switzerland,CHE,2021,2.3343184
Switzerland,CHE,2022,2.2183893
Switzerland,CHE,2023,2.2419202
Switzerland,CHE,2024,2.2953436
Switzerland,CHE,2025,2.241765
Syria,SYR,1991,28.29369
Syria,SYR,1992,29.751734
Syria,SYR,1993,31.086613
Syria,SYR,1994,23.387783
Syria,SYR,1995,28.378498
Syria,SYR,1996,28.107517
Syria,SYR,1997,27.861221
Syria,SYR,1998,27.993227
Syria,SYR,1999,27.834976
Syria,SYR,2000,32.89332
Syria,SYR,2001,31.09667
Syria,SYR,2002,28.993607
Syria,SYR,2003,26.976862
Syria,SYR,2004,24.672651
Syria,SYR,2005,22.504416
Syria,SYR,2006,20.992758
Syria,SYR,2007,19.13784
Syria,SYR,2008,14.445687
Syria,SYR,2009,14.931229
Syria,SYR,2010,13.911524
Syria,SYR,2011,13.232071
Syria,SYR,2012,14.17007
Syria,SYR,2013,15.006094
Syria,SYR,2014,15.327218
Syria,SYR,2015,15.701684
Syria,SYR,2016,15.831424
Syria,SYR,2017,16.12665
Syria,SYR,2018,15.728607
Syria,SYR,2019,15.625158
Syria,SYR,2020,16.913334
Syria,SYR,2021,17.064178
Syria,SYR,2022,17.065983
Syria,SYR,2023,16.569277
Syria,SYR,2024,16.444832
Syria,SYR,2025,16.296825
Tajikistan,TJK,1991,51.465584
Tajikistan,TJK,1992,53.031742
Tajikistan,TJK,1993,54.443813
Tajikistan,TJK,1994,56.012623
Tajikistan,TJK,1995,57.479183
Tajikistan,TJK,1996,58.768486
Tajikistan,TJK,1997,59.263634
Tajikistan,TJK,1998,59.367462
Tajikistan,TJK,1999,59.513275
Tajikistan,TJK,2000,59.269547
Tajikistan,TJK,2001,58.57278
Tajikistan,TJK,2002,57.706726
Tajikistan,TJK,2003,56.810844
Tajikistan,TJK,2004,55.685844
Tajikistan,TJK,2005,55.23497
Tajikistan,TJK,2006,54.86584
Tajikistan,TJK,2007,54.332306
Tajikistan,TJK,2008,53.73244
Tajikistan,TJK,2009,53.128666
Tajikistan,TJK,2010,52.430893
Tajikistan,TJK,2011,51.735565
Tajikistan,TJK,2012,50.90947
Tajikistan,TJK,2013,49.97102
Tajikistan,TJK,2014,49.20443
Tajikistan,TJK,2015,48.438015
Tajikistan,TJK,2016,47.495182
Tajikistan,TJK,2017,46.61448
Tajikistan,TJK,2018,45.758972
Tajikistan,TJK,2019,45.02481
Tajikistan,TJK,2020,46.690216
Tajikistan,TJK,2021,46.776474
Tajikistan,TJK,2022,45.92787
Tajikistan,TJK,2023,45.062508
Tajikistan,TJK,2024,44.118137
Tajikistan,TJK,2025,43.272747
Tanzania,TZA,1991,73.67719
Tanzania,TZA,1992,73.78868
Tanzania,TZA,1993,73.9086
Tanzania,TZA,1994,74.05347
Tanzania,TZA,1995,74.097565
Tanzania,TZA,1996,73.92716
Tanzania,TZA,1997,73.82943
Tanzania,TZA,1998,73.70293
Tanzania,TZA,1999,73.52769
Tanzania,TZA,2000,73.367294
Tanzania,TZA,2001,73.07812
Tanzania,TZA,2002,72.696625
Tanzania,TZA,2003,72.33517
Tanzania,TZA,2004,71.895905
Tanzania,TZA,2005,71.37543
Tanzania,TZA,2006,70.88727
Tanzania,TZA,2007,70.3092
Tanzania,TZA,2008,70.0397
Tanzania,TZA,2009,69.6098
Tanzania,TZA,2010,69.10105
Tanzania,TZA,2011,68.43012
Tanzania,TZA,2012,68.087364
Tanzania,TZA,2013,67.46744
Tanzania,TZA,2014,66.833664
Tanzania,TZA,2015,66.4279
Tanzania,TZA,2016,65.98194
Tanzania,TZA,2017,65.57406
Tanzania,TZA,2018,65.14368
Tanzania,TZA,2019,64.68455
Tanzania,TZA,2020,65.79395
Tanzania,TZA,2021,65.918976
Tanzania,TZA,2022,65.582085
Tanzania,TZA,2023,65.161644
Tanzania,TZA,2024,65.08979
Tanzania,TZA,2025,64.57179
Thailand,THA,1991,55.84331
Thailand,THA,1992,56.61206
Thailand,THA,1993,52.335915
Thailand,THA,1994,51.68189
Thailand,THA,1995,47.4734
Thailand,THA,1996,45.3876
Thailand,THA,1997,45.6686
Thailand,THA,1998,46.865368
Thailand,THA,1999,44.13866
Thailand,THA,2000,44.420303
Thailand,THA,2001,42.821785
Thailand,THA,2002,42.269684
Thailand,THA,2003,41.452374
Thailand,THA,2004,40.862926
Thailand,THA,2005,40.422234
Thailand,THA,2006,39.93056
Thailand,THA,2007,39.39342
Thailand,THA,2008,38.991768
Thailand,THA,2009,38.762253
Thailand,THA,2010,38.24449
Thailand,THA,2011,41.00846
Thailand,THA,2012,42.142986
Thailand,THA,2013,39.300537
Thailand,THA,2014,33.49303
Thailand,THA,2015,32.334507
Thailand,THA,2016,31.22906
Thailand,THA,2017,31.529682
Thailand,THA,2018,32.19831
Thailand,THA,2019,31.490585
Thailand,THA,2020,31.389471
Thailand,THA,2021,31.897326
Thailand,THA,2022,30.42324
Thailand,THA,2023,30.220383
Thailand,THA,2024,28.986336
Thailand,THA,2025,28.556711
Togo,TGO,1991,55.84473
Togo,TGO,1992,56.530685
Togo,TGO,1993,58.045586
Togo,TGO,1994,56.359142
Togo,TGO,1995,55.971066
Togo,TGO,1996,55.4016
Togo,TGO,1997,54.23076
Togo,TGO,1998,54.32276
Togo,TGO,1999,54.27049
Togo,TGO,2000,54.363644
Togo,TGO,2001,54.37624
Togo,TGO,2002,54.1222
Togo,TGO,2003,53.224068
Togo,TGO,2004,53.524727
Togo,TGO,2005,54.336887
Togo,TGO,2006,53.59639
Togo,TGO,2007,50.72429
Togo,TGO,2008,47.68924
Togo,TGO,2009,43.221043
Togo,TGO,2010,39.833107
Togo,TGO,2011,37.044384
Togo,TGO,2012,36.437588
Togo,TGO,2013,35.712368
Togo,TGO,2014,35.23539
Togo,TGO,2015,34.618893
Togo,TGO,2016,34.29455
Togo,TGO,2017,33.792282
Togo,TGO,2018,38.40802
Togo,TGO,2019,42.599037
Togo,TGO,2020,42.744484
Togo,TGO,2021,41.71124
Togo,TGO,2022,39.668304
Togo,TGO,2023,38.8057
Togo,TGO,2024,38.283234
Togo,TGO,2025,37.59215
Tonga,TON,1991,33.78122
Tonga,TON,1992,33.79871
Tonga,TON,1993,33.333332
Tonga,TON,1994,32.064632
Tonga,TON,1995,31.267918
Tonga,TON,1996,31.150675
Tonga,TON,1997,31.146793
Tonga,TON,1998,30.923422
Tonga,TON,1999,30.721941
Tonga,TON,2000,29.93822
Tonga,TON,2001,29.555143
Tonga,TON,2002,28.9135
Tonga,TON,2003,29.05548
Tonga,TON,2004,29.896965
Tonga,TON,2005,30.10101
Tonga,TON,2006,30.62811
Tonga,TON,2007,31.67899
Tonga,TON,2008,30.889294
Tonga,TON,2009,32.197712
Tonga,TON,2010,32.557766
Tonga,TON,2011,31.916094
Tonga,TON,2012,32.027077
Tonga,TON,2013,32.084183
Tonga,TON,2014,31.900614
Tonga,TON,2015,32.014698
Tonga,TON,2016,32.158382
Tonga,TON,2017,31.50174
Tonga,TON,2018,31.095795
Tonga,TON,2019,29.589327
Tonga,TON,2020,28.662254
Tonga,TON,2021,26.722689
Tonga,TON,2022,25.91004
Tonga,TON,2023,24.780663
Tonga,TON,2024,24.236752
Tonga,TON,2025,23.609383
Trinidad and Tobago,TTO,1991,15.234256
Trinidad and Tobago,TTO,1992,15.043728
Trinidad and Tobago,TTO,1993,14.805475
Trinidad and Tobago,TTO,1994,16.043085
Trinidad and Tobago,TTO,1995,13.94976
Trinidad and Tobago,TTO,1996,12.6637945
Trinidad and Tobago,TTO,1997,12.601133
Trinidad and Tobago,TTO,1998,10.918811
Trinidad and Tobago,TTO,1999,10.921752
Trinidad and Tobago,TTO,2000,9.766621
Trinidad and Tobago,TTO,2001,10.602552
Trinidad and Tobago,TTO,2002,9.348783
Trinidad and Tobago,TTO,2003,8.076793
Trinidad and Tobago,TTO,2004,6.425998
Trinidad and Tobago,TTO,2005,6.0441513
Trinidad and Tobago,TTO,2006,6.137908
Trinidad and Tobago,TTO,2007,5.3281536
Trinidad and Tobago,TTO,2008,5.3688717
Trinidad and Tobago,TTO,2009,5.451268
Trinidad and Tobago,TTO,2010,5.308024
Trinidad and Tobago,TTO,2011,5.2090936
Trinidad and Tobago,TTO,2012,5.231708
Trinidad and Tobago,TTO,2013,4.93865
Trinidad and Tobago,TTO,2014,5.0521717
Trinidad and Tobago,TTO,2015,4.7925854
Trinidad and Tobago,TTO,2016,4.5536504
Trinidad and Tobago,TTO,2017,4.52128
Trinidad and Tobago,TTO,2018,4.412127
Trinidad and Tobago,TTO,2019,4.3241887
Trinidad and Tobago,TTO,2020,5.5980225
Trinidad and Tobago,TTO,2021,5.3744397
Trinidad and Tobago,TTO,2022,4.501459
Trinidad and Tobago,TTO,2023,4.6236014
Trinidad and Tobago,TTO,2024,4.653835
Trinidad and Tobago,TTO,2025,4.494807
Tunisia,TUN,1991,23.786375
Tunisia,TUN,1992,23.327187
Tunisia,TUN,1993,22.93824
Tunisia,TUN,1994,22.463531
Tunisia,TUN,1995,22.118158
Tunisia,TUN,1996,22.012287
Tunisia,TUN,1997,21.673279
Tunisia,TUN,1998,21.282095
Tunisia,TUN,1999,20.921543
Tunisia,TUN,2000,20.510298
Tunisia,TUN,2001,20.09728
Tunisia,TUN,2002,19.671606
Tunisia,TUN,2003,19.470484
Tunisia,TUN,2004,19.117447
Tunisia,TUN,2005,18.654688
Tunisia,TUN,2006,19.526249
Tunisia,TUN,2007,18.786547
Tunisia,TUN,2008,18.103884
Tunisia,TUN,2009,18.549446
Tunisia,TUN,2010,18.021185
Tunisia,TUN,2011,16.428976
Tunisia,TUN,2012,17.146746
Tunisia,TUN,2013,15.434823
Tunisia,TUN,2014,14.933565
Tunisia,TUN,2015,14.751362
Tunisia,TUN,2016,14.7653885
Tunisia,TUN,2017,14.812306
Tunisia,TUN,2018,14.290699
Tunisia,TUN,2019,13.705287
Tunisia,TUN,2020,13.601154
Tunisia,TUN,2021,12.881788
Tunisia,TUN,2022,12.272643
Tunisia,TUN,2023,12.8477125
Tunisia,TUN,2024,12.709165
Tunisia,TUN,2025,12.458528
Turkey,TUR,1991,46.06433
Turkey,TUR,1992,43.271595
Turkey,TUR,1993,40.983208
Turkey,TUR,1994,42.52235
Turkey,TUR,1995,42.580223
Turkey,TUR,1996,42.16305
Turkey,TUR,1997,40.172363
Turkey,TUR,1998,39.517082
Turkey,TUR,1999,38.178757
Turkey,TUR,2000,34.562702
Turkey,TUR,2001,36.122547
Turkey,TUR,2002,33.500454
Turkey,TUR,2003,32.49845
Turkey,TUR,2004,27.755177
Turkey,TUR,2005,24.402622
Turkey,TUR,2006,22.789606
Turkey,TUR,2007,22.241314
Turkey,TUR,2008,22.441202
Turkey,TUR,2009,21.791542
Turkey,TUR,2010,22.492535
Turkey,TUR,2011,22.921728
Turkey,TUR,2012,22.35081
Turkey,TUR,2013,21.729515
Turkey,TUR,2014,21.222513
Turkey,TUR,2015,20.550243
Turkey,TUR,2016,19.65107
Turkey,TUR,2017,19.533669
Turkey,TUR,2018,18.587528
Turkey,TUR,2019,18.279802
Turkey,TUR,2020,17.717491
Turkey,TUR,2021,17.166075
Turkey,TUR,2022,15.668074
Turkey,TUR,2023,14.642687
Turkey,TUR,2024,14.551057
Turkey,TUR,2025,14.219983
Turkmenistan,TKM,1991,40.031483
Turkmenistan,TKM,1992,40.682514
Turkmenistan,TKM,1993,40.517628
Turkmenistan,TKM,1994,41.38208
Turkmenistan,TKM,1995,41.73163
Turkmenistan,TKM,1996,41.07395
Turkmenistan,TKM,1997,41.640247
Turkmenistan,TKM,1998,40.945217
Turkmenistan,TKM,1999,39.734524
Turkmenistan,TKM,2000,39.10054
Turkmenistan,TKM,2001,38.542892
Turkmenistan,TKM,2002,38.244568
Turkmenistan,TKM,2003,37.716373
Turkmenistan,TKM,2004,37.05371
Turkmenistan,TKM,2005,35.854446
Turkmenistan,TKM,2006,34.762787
Turkmenistan,TKM,2007,33.6773
Turkmenistan,TKM,2008,32.388973
Turkmenistan,TKM,2009,31.645304
Turkmenistan,TKM,2010,30.715181
Turkmenistan,TKM,2011,29.497189
Turkmenistan,TKM,2012,28.480398
Turkmenistan,TKM,2013,27.548729
Turkmenistan,TKM,2014,26.635332
Turkmenistan,TKM,2015,25.994127
Turkmenistan,TKM,2016,25.391018
Turkmenistan,TKM,2017,24.78108
Turkmenistan,TKM,2018,24.200018
Turkmenistan,TKM,2019,23.623344
Turkmenistan,TKM,2020,23.850485
Turkmenistan,TKM,2021,23.37924
Turkmenistan,TKM,2022,22.819561
Turkmenistan,TKM,2023,22.263903
Turkmenistan,TKM,2024,22.221554
Turkmenistan,TKM,2025,21.933186
Uganda,UGA,1991,62.379967
Uganda,UGA,1992,62.44004
Uganda,UGA,1993,62.069344
Uganda,UGA,1994,61.964985
Uganda,UGA,1995,61.38705
Uganda,UGA,1996,60.902813
Uganda,UGA,1997,60.755737
Uganda,UGA,1998,60.617073
Uganda,UGA,1999,60.243954
Uganda,UGA,2000,60.25238
Uganda,UGA,2001,60.06191
Uganda,UGA,2002,59.54244
Uganda,UGA,2003,59.44072
Uganda,UGA,2004,60.451504
Uganda,UGA,2005,61.56856
Uganda,UGA,2006,62.0812
Uganda,UGA,2007,62.8763
Uganda,UGA,2008,63.730904
Uganda,UGA,2009,64.623566
Uganda,UGA,2010,61.960087
Uganda,UGA,2011,65.27629
Uganda,UGA,2012,64.99292
Uganda,UGA,2013,70.68554
Uganda,UGA,2014,71.93747
Uganda,UGA,2015,71.75687
Uganda,UGA,2016,71.62242
Uganda,UGA,2017,71.49134
Uganda,UGA,2018,66.760284
Uganda,UGA,2019,61.360428
Uganda,UGA,2020,64.749985
Uganda,UGA,2021,66.658615
Uganda,UGA,2022,66.35095
Uganda,UGA,2023,65.89275
Uganda,UGA,2024,65.41144
Uganda,UGA,2025,64.853645
Ukraine,UKR,1991,15.4326
Ukraine,UKR,1992,16.604454
Ukraine,UKR,1993,15.79234
Ukraine,UKR,1994,15.758369
Ukraine,UKR,1995,17.424927
Ukraine,UKR,1996,17.172039
Ukraine,UKR,1997,17.576458
Ukraine,UKR,1998,18.229712
Ukraine,UKR,1999,18.345215
Ukraine,UKR,2000,18.322481
Ukraine,UKR,2001,17.866316
Ukraine,UKR,2002,17.448687
Ukraine,UKR,2003,16.799997
Ukraine,UKR,2004,16.227673
Ukraine,UKR,2005,15.791107
Ukraine,UKR,2006,15.280681
Ukraine,UKR,2007,14.840845
Ukraine,UKR,2008,14.652318
Ukraine,UKR,2009,14.298684
Ukraine,UKR,2010,14.443126
Ukraine,UKR,2011,14.455727
Ukraine,UKR,2012,14.096631
Ukraine,UKR,2013,14.198728
Ukraine,UKR,2014,14.385166
Ukraine,UKR,2015,14.853622
Ukraine,UKR,2016,15.191352
Ukraine,UKR,2017,15.002953
Ukraine,UKR,2018,14.905089
Ukraine,UKR,2019,13.907861
Ukraine,UKR,2020,14.122208
Ukraine,UKR,2021,14.116201
United Arab Emirates,ARE,1991,6.2541366
United Arab Emirates,ARE,1992,6.163454
United Arab Emirates,ARE,1993,6.0485716
United Arab Emirates,ARE,1994,5.9401655
United Arab Emirates,ARE,1995,5.8204074
United Arab Emirates,ARE,1996,5.8059673
United Arab Emirates,ARE,1997,5.7660117
United Arab Emirates,ARE,1998,5.7319746
United Arab Emirates,ARE,1999,5.7602386
United Arab Emirates,ARE,2000,5.753149
United Arab Emirates,ARE,2001,5.3485045
United Arab Emirates,ARE,2002,4.9778304
United Arab Emirates,ARE,2003,4.5956917
United Arab Emirates,ARE,2004,4.2585344
United Arab Emirates,ARE,2005,3.9560432
United Arab Emirates,ARE,2006,3.656423
United Arab Emirates,ARE,2007,3.382779
United Arab Emirates,ARE,2008,3.124723
United Arab Emirates,ARE,2009,3.0849786
United Arab Emirates,ARE,2010,3.0589817
United Arab Emirates,ARE,2011,3.0360613
United Arab Emirates,ARE,2012,2.9988887
United Arab Emirates,ARE,2013,2.9382062
United Arab Emirates,ARE,2014,2.8742435
United Arab Emirates,ARE,2015,2.7807293
United Arab Emirates,ARE,2016,2.719983
United Arab Emirates,ARE,2017,2.6781213
United Arab Emirates,ARE,2018,2.6333342
United Arab Emirates,ARE,2019,2.5861146
United Arab Emirates,ARE,2020,2.0582545
United Arab Emirates,ARE,2021,1.6492425
United Arab Emirates,ARE,2022,1.5632496
United Arab Emirates,ARE,2023,1.5161393
United Arab Emirates,ARE,2024,1.4782059
United Arab Emirates,ARE,2025,1.4378518
United Kingdom,GBR,1400,57.2
United Kingdom,GBR,1500,58.1
United Kingdom,GBR,1700,38.9
United Kingdom,GBR,1750,36.8
United Kingdom,GBR,1800,31.7
United Kingdom,GBR,1980,2.6
United Kingdom,GBR,1991,2.417567
United Kingdom,GBR,1992,2.349175
United Kingdom,GBR,1993,2.2770748
United Kingdom,GBR,1994,2.3126566
United Kingdom,GBR,1995,2.2851217
United Kingdom,GBR,1996,2.1688707
United Kingdom,GBR,1997,2.0644214
United Kingdom,GBR,1998,1.9134777
United Kingdom,GBR,1999,1.7313077
United Kingdom,GBR,2000,1.7096223
United Kingdom,GBR,2001,1.5515902
United Kingdom,GBR,2002,1.5442842
United Kingdom,GBR,2003,1.3920815
United Kingdom,GBR,2004,1.4226085
United Kingdom,GBR,2005,1.3799255
United Kingdom,GBR,2006,1.3522716
United Kingdom,GBR,2007,1.3656267
United Kingdom,GBR,2008,1.4413854
United Kingdom,GBR,2009,1.109408
United Kingdom,GBR,2010,1.2173399
United Kingdom,GBR,2011,1.2215809
United Kingdom,GBR,2012,1.1891177
United Kingdom,GBR,2013,1.0609936
United Kingdom,GBR,2014,1.2441604
United Kingdom,GBR,2015,1.1445841
United Kingdom,GBR,2016,1.1378804
United Kingdom,GBR,2017,1.1585617
United Kingdom,GBR,2018,1.0675365
United Kingdom,GBR,2019,1.0854558
United Kingdom,GBR,2020,0.9813189
United Kingdom,GBR,2021,0.8963591
United Kingdom,GBR,2022,0.7557976
United Kingdom,GBR,2023,0.8766631
United Kingdom,GBR,2024,0.87299323
United Kingdom,GBR,2025,0.8512587
United States,USA,1991,2.9368613
United States,USA,1992,2.9029675
United States,USA,1993,2.7458754
United States,USA,1994,2.9316158
United States,USA,1995,2.9157872
United States,USA,1996,2.8761508
United States,USA,1997,2.7771769
United States,USA,1998,2.71262
United States,USA,1999,2.6016984
United States,USA,2000,2.3965456
United States,USA,2001,2.2376986
United States,USA,2002,2.079237
United States,USA,2003,1.9270148
United States,USA,2004,1.8655626
United States,USA,2005,1.8017573
United States,USA,2006,1.7747054
United States,USA,2007,1.6766348
United States,USA,2008,1.7175618
United States,USA,2009,1.7320696
United States,USA,2010,1.8519545
United States,USA,2011,1.8714641
United States,USA,2012,1.8026509
United States,USA,2013,1.7295079
United States,USA,2014,1.7691933
United States,USA,2015,1.8965467
United States,USA,2016,1.8963917
United States,USA,2017,1.8825121
United States,USA,2018,1.8191184
United States,USA,2019,1.7883047
United States,USA,2020,1.7463936
United States,USA,2021,1.662403
United States,USA,2022,1.6205435
United States,USA,2023,1.5696095
United States,USA,2024,1.5689918
United States,USA,2025,1.5249444
United States Virgin Islands,VIR,1991,3.8847256
United States Virgin Islands,VIR,1992,3.777391
United States Virgin Islands,VIR,1993,3.671112
United States Virgin Islands,VIR,1994,3.5530574
United States Virgin Islands,VIR,1995,3.4453304
United States Virgin Islands,VIR,1996,3.3411503
United States Virgin Islands,VIR,1997,3.228735
United States Virgin Islands,VIR,1998,3.1338234
United States Virgin Islands,VIR,1999,3.045445
United States Virgin Islands,VIR,2000,2.9419901
United States Virgin Islands,VIR,2001,2.8596015
United States Virgin Islands,VIR,2002,2.778523
United States Virgin Islands,VIR,2003,2.7084525
United States Virgin Islands,VIR,2004,2.6209145
United States Virgin Islands,VIR,2005,2.536232
United States Virgin Islands,VIR,2006,2.4510324
United States Virgin Islands,VIR,2007,2.3696187
United States Virgin Islands,VIR,2008,2.2971191
United States Virgin Islands,VIR,2009,2.2595277
United States Virgin Islands,VIR,2010,2.1961644
United States Virgin Islands,VIR,2011,2.1720586
United States Virgin Islands,VIR,2012,2.1822677
United States Virgin Islands,VIR,2013,2.1572838
United States Virgin Islands,VIR,2014,2.1046138
United States Virgin Islands,VIR,2015,2.0504355
United States Virgin Islands,VIR,2016,1.9884274
United States Virgin Islands,VIR,2017,1.9346591
United States Virgin Islands,VIR,2018,1.8716867
United States Virgin Islands,VIR,2019,1.8080546
United States Virgin Islands,VIR,2020,1.7896752
United States Virgin Islands,VIR,2021,1.769151
United States Virgin Islands,VIR,2022,1.7216477
United States Virgin Islands,VIR,2023,1.6732653
United States Virgin Islands,VIR,2024,1.6282741
United States Virgin Islands,VIR,2025,1.587114
Upper-middle-income countries,OWID_UMC,1991,49.81967
Upper-middle-income countries,OWID_UMC,1992,49.030186
Upper-middle-income countries,OWID_UMC,1993,47.37907
Upper-middle-income countries,OWID_UMC,1994,45.894413
Upper-middle-income countries,OWID_UMC,1995,44.38778
Upper-middle-income countries,OWID_UMC,1996,43.041306
Upper-middle-income countries,OWID_UMC,1997,42.362133
Upper-middle-income countries,OWID_UMC,1998,42.294857
Upper-middle-income countries,OWID_UMC,1999,42.428135
Upper-middle-income countries,OWID_UMC,2000,42.153423
Upper-middle-income countries,OWID_UMC,2001,41.84037
Upper-middle-income countries,OWID_UMC,2002,41.675053
Upper-middle-income countries,OWID_UMC,2003,41.030666
Upper-middle-income countries,OWID_UMC,2004,39.210846
Upper-middle-income countries,OWID_UMC,2005,37.68406
Upper-middle-income countries,OWID_UMC,2006,35.899815
Upper-middle-income countries,OWID_UMC,2007,34.57242
Upper-middle-income countries,OWID_UMC,2008,33.645226
Upper-middle-income countries,OWID_UMC,2009,32.657486
Upper-middle-income countries,OWID_UMC,2010,31.647917
Upper-middle-income countries,OWID_UMC,2011,30.407923
Upper-middle-income countries,OWID_UMC,2012,29.537374
Upper-middle-income countries,OWID_UMC,2013,28.015713
Upper-middle-income countries,OWID_UMC,2014,26.608889
Upper-middle-income countries,OWID_UMC,2015,25.640968
Upper-middle-income countries,OWID_UMC,2016,24.876574
Upper-middle-income countries,OWID_UMC,2017,24.239079
Upper-middle-income countries,OWID_UMC,2018,23.450964
Upper-middle-income countries,OWID_UMC,2019,22.514206
Upper-middle-income countries,OWID_UMC,2020,22.24713
Upper-middle-income countries,OWID_UMC,2021,21.531534
Upper-middle-income countries,OWID_UMC,2022,22.09522
Upper-middle-income countries,OWID_UMC,2023,20.918303
Upper-middle-income countries,OWID_UMC,2024,20.320616
Upper-middle-income countries,OWID_UMC,2025,19.839874
Uruguay,URY,1991,12.811774
Uruguay,URY,1992,12.245229
Uruguay,URY,1993,10.872708
Uruguay,URY,1994,11.729548
Uruguay,URY,1995,12.871896
Uruguay,URY,1996,12.382845
Uruguay,URY,1997,11.840616
Uruguay,URY,1998,11.45674
Uruguay,URY,1999,11.240968
Uruguay,URY,2000,10.921991
Uruguay,URY,2001,11.193174
Uruguay,URY,2002,11.263263
Uruguay,URY,2003,11.97629
Uruguay,URY,2004,12.875165
Uruguay,URY,2005,12.151722
Uruguay,URY,2006,11.689879
Uruguay,URY,2007,11.62474
Uruguay,URY,2008,11.524272
Uruguay,URY,2009,11.917485
Uruguay,URY,2010,12.577591
Uruguay,URY,2011,10.678748
Uruguay,URY,2012,9.408157
Uruguay,URY,2013,10.147246
Uruguay,URY,2014,9.981939
Uruguay,URY,2015,9.637887
Uruguay,URY,2016,8.988414
Uruguay,URY,2017,9.54741
Uruguay,URY,2018,9.129151
Uruguay,URY,2019,8.937949
Uruguay,URY,2020,9.097301
Uruguay,URY,2021,8.994266
Uruguay,URY,2022,8.685587
Uruguay,URY,2023,8.566408
Uruguay,URY,2024,8.310142
Uruguay,URY,2025,8.070773
Uzbekistan,UZB,1991,38.767387
Uzbekistan,UZB,1992,39.02758
Uzbekistan,UZB,1993,39.07992
Uzbekistan,UZB,1994,39.53477
Uzbekistan,UZB,1995,39.390923
Uzbekistan,UZB,1996,39.155186
Uzbekistan,UZB,1997,38.94584
Uzbekistan,UZB,1998,38.216885
Uzbekistan,UZB,1999,37.41999
Uzbekistan,UZB,2000,36.78922
Uzbekistan,UZB,2001,36.02447
Uzbekistan,UZB,2002,35.25829
Uzbekistan,UZB,2003,34.422745
Uzbekistan,UZB,2004,33.41167
Uzbekistan,UZB,2005,32.39368
Uzbekistan,UZB,2006,31.332289
Uzbekistan,UZB,2007,30.137651
Uzbekistan,UZB,2008,28.931717
Uzbekistan,UZB,2009,27.858425
Uzbekistan,UZB,2010,26.960457
Uzbekistan,UZB,2011,27.234055
Uzbekistan,UZB,2012,26.741915
Uzbekistan,UZB,2013,27.29936
Uzbekistan,UZB,2014,27.656282
Uzbekistan,UZB,2015,27.581696
Uzbekistan,UZB,2016,27.422094
Uzbekistan,UZB,2017,27.153984
Uzbekistan,UZB,2018,26.649391
Uzbekistan,UZB,2019,26.176605
Uzbekistan,UZB,2020,27.186083
Uzbekistan,UZB,2021,26.99452
Uzbekistan,UZB,2022,26.56121
Uzbekistan,UZB,2023,26.127918
Uzbekistan,UZB,2024,25.647463
Uzbekistan,UZB,2025,25.197853
Vanuatu,VUT,1991,55.820232
Vanuatu,VUT,1992,55.71336
Vanuatu,VUT,1993,55.892105
Vanuatu,VUT,1994,55.29276
Vanuatu,VUT,1995,55.41413
Vanuatu,VUT,1996,55.29479
Vanuatu,VUT,1997,54.98233
Vanuatu,VUT,1998,54.85056
Vanuatu,VUT,1999,54.837463
Vanuatu,VUT,2000,54.367508
Vanuatu,VUT,2001,54.77059
Vanuatu,VUT,2002,55.333824
Vanuatu,VUT,2003,54.961823
Vanuatu,VUT,2004,54.704617
Vanuatu,VUT,2005,54.242874
Vanuatu,VUT,2006,53.468216
Vanuatu,VUT,2007,53.33714
Vanuatu,VUT,2008,52.98901
Vanuatu,VUT,2009,52.681896
Vanuatu,VUT,2010,56.464348
Vanuatu,VUT,2011,55.141968
Vanuatu,VUT,2012,54.024445
Vanuatu,VUT,2013,52.880318
Vanuatu,VUT,2014,51.606285
Vanuatu,VUT,2015,50.271187
Vanuatu,VUT,2016,48.295444
Vanuatu,VUT,2017,46.230278
Vanuatu,VUT,2018,44.609398
Vanuatu,VUT,2019,42.917946
Vanuatu,VUT,2020,44.68764
Vanuatu,VUT,2021,45.1037
Vanuatu,VUT,2022,44.7617
Vanuatu,VUT,2023,44.628666
Vanuatu,VUT,2024,44.634876
Vanuatu,VUT,2025,44.527557
Venezuela,VEN,1991,12.939788
Venezuela,VEN,1992,12.113083
Venezuela,VEN,1993,11.603492
Venezuela,VEN,1994,14.284687
Venezuela,VEN,1995,13.897574
Venezuela,VEN,1996,13.914288
Venezuela,VEN,1997,11.13933
Venezuela,VEN,1998,10.290282
Venezuela,VEN,1999,10.501832
Venezuela,VEN,2000,10.938973
Venezuela,VEN,2001,9.958015
Venezuela,VEN,2002,10.283855
Venezuela,VEN,2003,11.096959
Venezuela,VEN,2004,10.822111
Venezuela,VEN,2005,10.285304
Venezuela,VEN,2006,9.417589
Venezuela,VEN,2007,8.836545
Venezuela,VEN,2008,8.517752
Venezuela,VEN,2009,8.629661
Venezuela,VEN,2010,8.54503
Venezuela,VEN,2011,8.052489
Venezuela,VEN,2012,7.743388
Venezuela,VEN,2013,7.445704
Venezuela,VEN,2014,6.838227
Venezuela,VEN,2015,6.449969
Venezuela,VEN,2016,6.0544086
Venezuela,VEN,2017,8.086834
Venezuela,VEN,2018,8.79254
Venezuela,VEN,2019,9.179745
Venezuela,VEN,2020,9.783358
Venezuela,VEN,2021,9.777946
Venezuela,VEN,2022,9.405118
Venezuela,VEN,2023,9.180922
Venezuela,VEN,2024,8.902184
Venezuela,VEN,2025,8.874726
Vietnam,VNM,1991,73.99427
Vietnam,VNM,1992,73.03903
Vietnam,VNM,1993,72.06784
Vietnam,VNM,1994,70.97567
Vietnam,VNM,1995,69.87986
Vietnam,VNM,1996,68.81586
Vietnam,VNM,1997,64.25222
Vietnam,VNM,1998,63.63809
Vietnam,VNM,1999,63.898693
Vietnam,VNM,2000,64.20675
Vietnam,VNM,2001,62.96055
Vietnam,VNM,2002,60.9876
Vietnam,VNM,2003,58.611477
Vietnam,VNM,2004,56.814884
Vietnam,VNM,2005,53.704746
Vietnam,VNM,2006,50.52898
Vietnam,VNM,2007,49.283566
Vietnam,VNM,2008,48.51372
Vietnam,VNM,2009,47.552578
Vietnam,VNM,2010,48.707317
Vietnam,VNM,2011,48.31425
Vietnam,VNM,2012,47.366776
Vietnam,VNM,2013,46.81342
Vietnam,VNM,2014,46.335762
Vietnam,VNM,2015,44.01845
Vietnam,VNM,2016,41.864906
Vietnam,VNM,2017,40.155437
Vietnam,VNM,2018,37.724113
Vietnam,VNM,2019,34.53516
Vietnam,VNM,2020,32.61239
Vietnam,VNM,2021,29.028326
Vietnam,VNM,2022,33.46237
Vietnam,VNM,2023,26.982706
Vietnam,VNM,2024,25.874134
Vietnam,VNM,2025,25.043392
World,OWID_WRL,1991,42.822468
World,OWID_WRL,1992,42.598583
World,OWID_WRL,1993,41.898315
World,OWID_WRL,1994,41.33536
World,OWID_WRL,1995,40.568993
World,OWID_WRL,1996,39.870407
World,OWID_WRL,1997,39.42035
World,OWID_WRL,1998,39.463345
World,OWID_WRL,1999,39.500744
World,OWID_WRL,2000,39.34752
World,OWID_WRL,2001,38.998592
World,OWID_WRL,2002,38.746067
World,OWID_WRL,2003,38.24563
World,OWID_WRL,2004,37.179356
World,OWID_WRL,2005,36.265175
World,OWID_WRL,2006,35.212574
World,OWID_WRL,2007,34.311054
World,OWID_WRL,2008,33.72585
World,OWID_WRL,2009,33.22353
World,OWID_WRL,2010,32.561657
World,OWID_WRL,2011,31.692682
World,OWID_WRL,2012,30.87729
World,OWID_WRL,2013,30.085678
World,OWID_WRL,2014,29.215431
World,OWID_WRL,2015,28.537577
World,OWID_WRL,2016,28.012707
World,OWID_WRL,2017,27.450184
World,OWID_WRL,2018,26.809841
World,OWID_WRL,2019,26.279526
World,OWID_WRL,2020,27.190374
World,OWID_WRL,2021,26.863895
World,OWID_WRL,2022,26.907053
World,OWID_WRL,2023,26.555992
World,OWID_WRL,2024,26.072107
World,OWID_WRL,2025,25.763578
Yemen,YEM,1991,59.756416
Yemen,YEM,1992,59.685795
Yemen,YEM,1993,59.565918
Yemen,YEM,1994,59.514545
Yemen,YEM,1995,60.074898
Yemen,YEM,1996,60.659203
Yemen,YEM,1997,61.126114
Yemen,YEM,1998,61.570866
Yemen,YEM,1999,58.98399
Yemen,YEM,2000,54.76936
Yemen,YEM,2001,50.343616
Yemen,YEM,2002,45.677795
Yemen,YEM,2003,41.0421
Yemen,YEM,2004,36.315407
Yemen,YEM,2005,34.828087
Yemen,YEM,2006,33.500435
Yemen,YEM,2007,32.409008
Yemen,YEM,2008,31.309618
Yemen,YEM,2009,30.392025
Yemen,YEM,2010,29.181803
Yemen,YEM,2011,30.162611
Yemen,YEM,2012,29.799484
Yemen,YEM,2013,29.263573
Yemen,YEM,2014,29.243763
Yemen,YEM,2015,30.451834
Yemen,YEM,2016,30.84346
Yemen,YEM,2017,30.995687
Yemen,YEM,2018,30.686075
Yemen,YEM,2019,30.371851
Yemen,YEM,2020,32.063244
Yemen,YEM,2021,32.461555
Yemen,YEM,2022,32.10475
Yemen,YEM,2023,31.96262
Yemen,YEM,2024,31.814697
Yemen,YEM,2025,31.616934
Zambia,ZMB,1991,74.59251
Zambia,ZMB,1992,74.996155
Zambia,ZMB,1993,75.069534
Zambia,ZMB,1994,74.79142
Zambia,ZMB,1995,74.85188
Zambia,ZMB,1996,74.661255
Zambia,ZMB,1997,74.64373
Zambia,ZMB,1998,74.99431
Zambia,ZMB,1999,75.77093
Zambia,ZMB,2000,76.00997
Zambia,ZMB,2001,76.532684
Zambia,ZMB,2002,76.922356
Zambia,ZMB,2003,77.072975
Zambia,ZMB,2004,77.06812
Zambia,ZMB,2005,76.97697
Zambia,ZMB,2006,76.82179
Zambia,ZMB,2007,76.61802
Zambia,ZMB,2008,76.39201
Zambia,ZMB,2009,73.51509
Zambia,ZMB,2010,70.181206
Zambia,ZMB,2011,66.91701
Zambia,ZMB,2012,62.990723
Zambia,ZMB,2013,62.622437
Zambia,ZMB,2014,62.01982
Zambia,ZMB,2015,61.31646
Zambia,ZMB,2016,61.088097
Zambia,ZMB,2017,60.866283
Zambia,ZMB,2018,59.773457
Zambia,ZMB,2019,57.3663
Zambia,ZMB,2020,59.11173
Zambia,ZMB,2021,57.809135
Zambia,ZMB,2022,56.063286
Zambia,ZMB,2023,55.968834
Zambia,ZMB,2024,55.324337
Zambia,ZMB,2025,54.528606
Zimbabwe,ZWE,1991,47.67019
Zimbabwe,ZWE,1992,48.365067
Zimbabwe,ZWE,1993,48.769573
Zimbabwe,ZWE,1994,47.83067
Zimbabwe,ZWE,1995,47.70942
Zimbabwe,ZWE,1996,46.98494
Zimbabwe,ZWE,1997,46.86501
Zimbabwe,ZWE,1998,46.65528
Zimbabwe,ZWE,1999,47.331417
Zimbabwe,ZWE,2000,49.73259
Zimbabwe,ZWE,2001,51.800686
Zimbabwe,ZWE,2002,55.27495
Zimbabwe,ZWE,2003,58.867325
Zimbabwe,ZWE,2004,61.448
Zimbabwe,ZWE,2005,62.054665
Zimbabwe,ZWE,2006,63.653812
Zimbabwe,ZWE,2007,64.22985
Zimbabwe,ZWE,2008,66.14793
Zimbabwe,ZWE,2009,64.44778
Zimbabwe,ZWE,2010,62.195835
Zimbabwe,ZWE,2011,62.016476
Zimbabwe,ZWE,2012,61.964325
Zimbabwe,ZWE,2013,63.189476
Zimbabwe,ZWE,2014,63.987213
Zimbabwe,ZWE,2015,63.741238
Zimbabwe,ZWE,2016,63.721478
Zimbabwe,ZWE,2017,63.02858
Zimbabwe,ZWE,2018,62.43465
Zimbabwe,ZWE,2019,62.397972
Zimbabwe,ZWE,2020,58.605595
Zimbabwe,ZWE,2021,53.62253
Zimbabwe,ZWE,2022,53.323833
Zimbabwe,ZWE,2023,55.449432
Zimbabwe,ZWE,2024,55.17001
Zimbabwe,ZWE,2025,54.311543