entity,code,year,hiv_prevalence__age_15_49__sex_total__estimate_central
Afghanistan,AFG,1990,0.00473
Afghanistan,AFG,1991,0.00552
Afghanistan,AFG,1992,0.00651
Afghanistan,AFG,1993,0.00738
Afghanistan,AFG,1994,0.00835
Afghanistan,AFG,1995,0.00944
Afghanistan,AFG,1996,0.01047
Afghanistan,AFG,1997,0.01149
Afghanistan,AFG,1998,0.01261
Afghanistan,AFG,1999,0.01368
Afghanistan,AFG,2000,0.01488
Afghanistan,AFG,2001,0.01609
Afghanistan,AFG,2002,0.01724
Afghanistan,AFG,2003,0.01846
Afghanistan,AFG,2004,0.01977
Afghanistan,AFG,2005,0.02101
Afghanistan,AFG,2006,0.02249
Afghanistan,AFG,2007,0.02416
Afghanistan,AFG,2008,0.02575
Afghanistan,AFG,2009,0.02717
Afghanistan,AFG,2010,0.02864
Afghanistan,AFG,2011,0.03025
Afghanistan,AFG,2012,0.03151
Afghanistan,AFG,2013,0.03318
Afghanistan,AFG,2014,0.035
Afghanistan,AFG,2015,0.03686
Afghanistan,AFG,2016,0.03879
Afghanistan,AFG,2017,0.04075
Afghanistan,AFG,2018,0.04273
Afghanistan,AFG,2019,0.04471
Afghanistan,AFG,2020,0.04689
Afghanistan,AFG,2021,0.04865
Afghanistan,AFG,2022,0.05081
Afghanistan,AFG,2023,0.053
Afghanistan,AFG,2024,0.05556
Albania,ALB,1990,0.00045
Albania,ALB,1991,0.00063
Albania,ALB,1992,0.00087
Albania,ALB,1993,0.00118
Albania,ALB,1994,0.00159
Albania,ALB,1995,0.0021
Albania,ALB,1996,0.00273
Albania,ALB,1997,0.0035
Albania,ALB,1998,0.0044
Albania,ALB,1999,0.00546
Albania,ALB,2000,0.00667
Albania,ALB,2001,0.00811
Albania,ALB,2002,0.00979
Albania,ALB,2003,0.01169
Albania,ALB,2004,0.01409
Albania,ALB,2005,0.01683
Albania,ALB,2006,0.01986
Albania,ALB,2007,0.0232
Albania,ALB,2008,0.02686
Albania,ALB,2009,0.03072
Albania,ALB,2010,0.03467
Albania,ALB,2011,0.03822
Albania,ALB,2012,0.04153
Albania,ALB,2013,0.04488
Albania,ALB,2014,0.04862
Albania,ALB,2015,0.05184
Albania,ALB,2016,0.05499
Albania,ALB,2017,0.05761
Albania,ALB,2018,0.06007
Albania,ALB,2019,0.06292
Albania,ALB,2020,0.06588
Albania,ALB,2021,0.06969
Albania,ALB,2022,0.07263
Albania,ALB,2023,0.07561
Albania,ALB,2024,0.07909
Algeria,DZA,1990,0.00349
Algeria,DZA,1991,0.00401
Algeria,DZA,1992,0.00461
Algeria,DZA,1993,0.00528
Algeria,DZA,1994,0.00603
Algeria,DZA,1995,0.00687
Algeria,DZA,1996,0.00782
Algeria,DZA,1997,0.0089
Algeria,DZA,1998,0.0102
Algeria,DZA,1999,0.01174
Algeria,DZA,2000,0.01348
Algeria,DZA,2001,0.01544
Algeria,DZA,2002,0.01768
Algeria,DZA,2003,0.02018
Algeria,DZA,2004,0.02302
Algeria,DZA,2005,0.02623
Algeria,DZA,2006,0.0298
Algeria,DZA,2007,0.03359
Algeria,DZA,2008,0.03732
Algeria,DZA,2009,0.0407
Algeria,DZA,2010,0.04374
Algeria,DZA,2011,0.04648
Algeria,DZA,2012,0.04899
Algeria,DZA,2013,0.05151
Algeria,DZA,2014,0.05413
Algeria,DZA,2015,0.05695
Algeria,DZA,2016,0.06005
Algeria,DZA,2017,0.06348
Algeria,DZA,2018,0.06722
Algeria,DZA,2019,0.07126
Algeria,DZA,2020,0.07565
Algeria,DZA,2021,0.08041
Algeria,DZA,2022,0.0856
Algeria,DZA,2023,0.09114
Algeria,DZA,2024,0.09717
Angola,AGO,1990,0.51889
Angola,AGO,1991,0.60933
Angola,AGO,1992,0.70919
Angola,AGO,1993,0.80778
Angola,AGO,1994,0.9056
Angola,AGO,1995,1.00143
Angola,AGO,1996,1.09059
Angola,AGO,1997,1.17291
Angola,AGO,1998,1.24632
Angola,AGO,1999,1.31655
Angola,AGO,2000,1.37848
Angola,AGO,2001,1.4326
Angola,AGO,2002,1.48255
Angola,AGO,2003,1.52901
Angola,AGO,2004,1.56737
Angola,AGO,2005,1.60313
Angola,AGO,2006,1.63121
Angola,AGO,2007,1.66022
Angola,AGO,2008,1.69216
Angola,AGO,2009,1.71866
Angola,AGO,2010,1.73751
Angola,AGO,2011,1.75324
Angola,AGO,2012,1.76516
Angola,AGO,2013,1.77282
Angola,AGO,2014,1.78165
Angola,AGO,2015,1.78388
Angola,AGO,2016,1.77725
Angola,AGO,2017,1.76189
Angola,AGO,2018,1.74215
Angola,AGO,2019,1.71823
Angola,AGO,2020,1.69183
Angola,AGO,2021,1.66302
Angola,AGO,2022,1.63091
Angola,AGO,2023,1.59734
Angola,AGO,2024,1.56141
Antigua and Barbuda,ATG,1990,0.25928
Antigua and Barbuda,ATG,1991,0.28107
Antigua and Barbuda,ATG,1992,0.30139
Antigua and Barbuda,ATG,1993,0.32212
Antigua and Barbuda,ATG,1994,0.34185
Antigua and Barbuda,ATG,1995,0.36679
Antigua and Barbuda,ATG,1996,0.39729
Antigua and Barbuda,ATG,1997,0.42858
Antigua and Barbuda,ATG,1998,0.45705
Antigua and Barbuda,ATG,1999,0.48597
Antigua and Barbuda,ATG,2000,0.51524
Antigua and Barbuda,ATG,2001,0.54687
Antigua and Barbuda,ATG,2002,0.57389
Antigua and Barbuda,ATG,2003,0.5951
Antigua and Barbuda,ATG,2004,0.61282
Antigua and Barbuda,ATG,2005,0.63326
Antigua and Barbuda,ATG,2006,0.65784
Antigua and Barbuda,ATG,2007,0.67936
Antigua and Barbuda,ATG,2008,0.70319
Antigua and Barbuda,ATG,2009,0.72662
Antigua and Barbuda,ATG,2010,0.74258
Antigua and Barbuda,ATG,2011,0.76565
Antigua and Barbuda,ATG,2012,0.7991
Antigua and Barbuda,ATG,2013,0.832
Antigua and Barbuda,ATG,2014,0.864
Antigua and Barbuda,ATG,2015,0.89233
Antigua and Barbuda,ATG,2016,0.9225
Antigua and Barbuda,ATG,2017,0.95376
Antigua and Barbuda,ATG,2018,0.98278
Antigua and Barbuda,ATG,2019,1.00789
Antigua and Barbuda,ATG,2020,1.02762
Antigua and Barbuda,ATG,2021,1.0476
Antigua and Barbuda,ATG,2022,1.06968
Antigua and Barbuda,ATG,2023,1.08972
Antigua and Barbuda,ATG,2024,1.10997
Argentina,ARG,1990,0.1054
Argentina,ARG,1991,0.1306
Argentina,ARG,1992,0.15378
Argentina,ARG,1993,0.17478
Argentina,ARG,1994,0.19361
Argentina,ARG,1995,0.21031
Argentina,ARG,1996,0.22495
Argentina,ARG,1997,0.23763
Argentina,ARG,1998,0.25047
Argentina,ARG,1999,0.26446
Argentina,ARG,2000,0.27846
Argentina,ARG,2001,0.29252
Argentina,ARG,2002,0.30606
Argentina,ARG,2003,0.31876
Argentina,ARG,2004,0.33064
Argentina,ARG,2005,0.3415
Argentina,ARG,2006,0.35141
Argentina,ARG,2007,0.36057
Argentina,ARG,2008,0.36925
Argentina,ARG,2009,0.37708
Argentina,ARG,2010,0.38398
Argentina,ARG,2011,0.39021
Argentina,ARG,2012,0.39592
Argentina,ARG,2013,0.40098
Argentina,ARG,2014,0.40515
Argentina,ARG,2015,0.40866
Argentina,ARG,2016,0.41155
Argentina,ARG,2017,0.41358
Argentina,ARG,2018,0.41474
Argentina,ARG,2019,0.41497
Argentina,ARG,2020,0.41419
Argentina,ARG,2021,0.4126
Argentina,ARG,2022,0.41045
Argentina,ARG,2023,0.40705
Argentina,ARG,2024,0.40319
Armenia,ARM,1990,0.00003
Armenia,ARM,1991,0.00006
Armenia,ARM,1992,0.0001
Armenia,ARM,1993,0.00019
Armenia,ARM,1994,0.00035
Armenia,ARM,1995,0.00061
Armenia,ARM,1996,0.00103
Armenia,ARM,1997,0.00169
Armenia,ARM,1998,0.00269
Armenia,ARM,1999,0.00417
Armenia,ARM,2000,0.00629
Armenia,ARM,2001,0.00918
Armenia,ARM,2002,0.01303
Armenia,ARM,2003,0.01801
Armenia,ARM,2004,0.0242
Armenia,ARM,2005,0.03184
Armenia,ARM,2006,0.04112
Armenia,ARM,2007,0.05201
Armenia,ARM,2008,0.06489
Armenia,ARM,2009,0.07936
Armenia,ARM,2010,0.09516
Armenia,ARM,2011,0.11223
Armenia,ARM,2012,0.13056
Armenia,ARM,2013,0.14988
Armenia,ARM,2014,0.17025
Armenia,ARM,2015,0.19118
Armenia,ARM,2016,0.21298
Armenia,ARM,2017,0.23502
Armenia,ARM,2018,0.25757
Armenia,ARM,2019,0.27984
Armenia,ARM,2020,0.3012
Armenia,ARM,2021,0.32148
Armenia,ARM,2022,0.33888
Armenia,ARM,2023,0.35416
Armenia,ARM,2024,0.37344
Asia and the Pacific (UNAIDS),,1990,0.080780186
Asia and the Pacific (UNAIDS),,1991,0.10756681
Asia and the Pacific (UNAIDS),,1992,0.13198394
Asia and the Pacific (UNAIDS),,1993,0.15429993
Asia and the Pacific (UNAIDS),,1994,0.18019506
Asia and the Pacific (UNAIDS),,1995,0.20594253
Asia and the Pacific (UNAIDS),,1996,0.22990027
Asia and the Pacific (UNAIDS),,1997,0.24752855
Asia and the Pacific (UNAIDS),,1998,0.258505
Asia and the Pacific (UNAIDS),,1999,0.26291546
Asia and the Pacific (UNAIDS),,2000,0.26428226
Asia and the Pacific (UNAIDS),,2001,0.26304314
Asia and the Pacific (UNAIDS),,2002,0.26101297
Asia and the Pacific (UNAIDS),,2003,0.25694934
Asia and the Pacific (UNAIDS),,2004,0.25255242
Asia and the Pacific (UNAIDS),,2005,0.24820198
Asia and the Pacific (UNAIDS),,2006,0.24427511
Asia and the Pacific (UNAIDS),,2007,0.24083953
Asia and the Pacific (UNAIDS),,2008,0.23782541
Asia and the Pacific (UNAIDS),,2009,0.23508072
Asia and the Pacific (UNAIDS),,2010,0.23268394
Asia and the Pacific (UNAIDS),,2011,0.23088355
Asia and the Pacific (UNAIDS),,2012,0.2296797
Asia and the Pacific (UNAIDS),,2013,0.22890392
Asia and the Pacific (UNAIDS),,2014,0.22807379
Asia and the Pacific (UNAIDS),,2015,0.227034
Asia and the Pacific (UNAIDS),,2016,0.22609846
Asia and the Pacific (UNAIDS),,2017,0.22511886
Asia and the Pacific (UNAIDS),,2018,0.22440225
Asia and the Pacific (UNAIDS),,2019,0.22355707
Asia and the Pacific (UNAIDS),,2020,0.22244374
Asia and the Pacific (UNAIDS),,2021,0.22094761
Asia and the Pacific (UNAIDS),,2022,0.21955931
Asia and the Pacific (UNAIDS),,2023,0.2181771
Asia and the Pacific (UNAIDS),,2024,0.21694808
Australia,AUS,1990,0.09923
Australia,AUS,1991,0.09838
Australia,AUS,1992,0.09609
Australia,AUS,1993,0.09279
Australia,AUS,1994,0.08892
Australia,AUS,1995,0.08479
Australia,AUS,1996,0.08351
Australia,AUS,1997,0.0848
Australia,AUS,1998,0.08685
Australia,AUS,1999,0.08923
Australia,AUS,2000,0.09167
Australia,AUS,2001,0.09373
Australia,AUS,2002,0.09644
Australia,AUS,2003,0.09911
Australia,AUS,2004,0.10169
Australia,AUS,2005,0.10401
Australia,AUS,2006,0.1062
Australia,AUS,2007,0.10669
Australia,AUS,2008,0.10673
Australia,AUS,2009,0.10694
Australia,AUS,2010,0.10768
Australia,AUS,2011,0.1081
Australia,AUS,2012,0.10919
Australia,AUS,2013,0.10909
Australia,AUS,2014,0.10884
Australia,AUS,2015,0.10877
Australia,AUS,2016,0.10929
Australia,AUS,2017,0.10966
Australia,AUS,2018,0.10977
Australia,AUS,2019,0.11001
Australia,AUS,2020,0.11061
Australia,AUS,2021,0.10842
Australia,AUS,2022,0.1064
Australia,AUS,2023,0.10538
Australia,AUS,2024,0.10097
Azerbaijan,AZE,1990,0.00526
Azerbaijan,AZE,1991,0.0068
Azerbaijan,AZE,1992,0.00891
Azerbaijan,AZE,1993,0.01186
Azerbaijan,AZE,1994,0.01612
Azerbaijan,AZE,1995,0.02219
Azerbaijan,AZE,1996,0.03028
Azerbaijan,AZE,1997,0.04086
Azerbaijan,AZE,1998,0.0528
Azerbaijan,AZE,1999,0.06595
Azerbaijan,AZE,2000,0.07872
Azerbaijan,AZE,2001,0.08978
Azerbaijan,AZE,2002,0.09856
Azerbaijan,AZE,2003,0.10538
Azerbaijan,AZE,2004,0.11052
Azerbaijan,AZE,2005,0.11409
Azerbaijan,AZE,2006,0.11665
Azerbaijan,AZE,2007,0.11848
Azerbaijan,AZE,2008,0.12015
Azerbaijan,AZE,2009,0.12191
Azerbaijan,AZE,2010,0.1235
Azerbaijan,AZE,2011,0.12539
Azerbaijan,AZE,2012,0.1268
Azerbaijan,AZE,2013,0.12824
Azerbaijan,AZE,2014,0.12987
Azerbaijan,AZE,2015,0.13135
Azerbaijan,AZE,2016,0.13159
Azerbaijan,AZE,2017,0.1324
Azerbaijan,AZE,2018,0.13344
Azerbaijan,AZE,2019,0.13463
Azerbaijan,AZE,2020,0.13489
Azerbaijan,AZE,2021,0.13433
Azerbaijan,AZE,2022,0.13356
Azerbaijan,AZE,2023,0.13316
Azerbaijan,AZE,2024,0.13166
Bahamas,BHS,1990,1.42418
Bahamas,BHS,1991,1.61849
Bahamas,BHS,1992,1.78137
Bahamas,BHS,1993,1.91316
Bahamas,BHS,1994,2.01487
Bahamas,BHS,1995,2.08764
Bahamas,BHS,1996,2.13286
Bahamas,BHS,1997,2.153
Bahamas,BHS,1998,2.15065
Bahamas,BHS,1999,2.12883
Bahamas,BHS,2000,2.09016
Bahamas,BHS,2001,2.03723
Bahamas,BHS,2002,1.97268
Bahamas,BHS,2003,1.93075
Bahamas,BHS,2004,1.91303
Bahamas,BHS,2005,1.89287
Bahamas,BHS,2006,1.87448
Bahamas,BHS,2007,1.85099
Bahamas,BHS,2008,1.82229
Bahamas,BHS,2009,1.79766
Bahamas,BHS,2010,1.76793
Bahamas,BHS,2011,1.71953
Bahamas,BHS,2012,1.65885
Bahamas,BHS,2013,1.60626
Bahamas,BHS,2014,1.56543
Bahamas,BHS,2015,1.52544
Bahamas,BHS,2016,1.47475
Bahamas,BHS,2017,1.42772
Bahamas,BHS,2018,1.38676
Bahamas,BHS,2019,1.34181
Bahamas,BHS,2020,1.29074
Bahamas,BHS,2021,1.23454
Bahamas,BHS,2022,1.17787
Bahamas,BHS,2023,1.11836
Bahamas,BHS,2024,1.05703
Bahrain,BHR,1990,0.03663
Bahrain,BHR,1991,0.04113
Bahrain,BHR,1992,0.04514
Bahrain,BHR,1993,0.04943
Bahrain,BHR,1994,0.05384
Bahrain,BHR,1995,0.05756
Bahrain,BHR,1996,0.05866
Bahrain,BHR,1997,0.05633
Bahrain,BHR,1998,0.05233
Bahrain,BHR,1999,0.04805
Bahrain,BHR,2000,0.04444
Bahrain,BHR,2001,0.04018
Bahrain,BHR,2002,0.03614
Bahrain,BHR,2003,0.03286
Bahrain,BHR,2004,0.0302
Bahrain,BHR,2005,0.0282
Bahrain,BHR,2006,0.02688
Bahrain,BHR,2007,0.02613
Bahrain,BHR,2008,0.02579
Bahrain,BHR,2009,0.02582
Bahrain,BHR,2010,0.02578
Bahrain,BHR,2011,0.02595
Bahrain,BHR,2012,0.02656
Bahrain,BHR,2013,0.02715
Bahrain,BHR,2014,0.02818
Bahrain,BHR,2015,0.02973
Bahrain,BHR,2016,0.03155
Bahrain,BHR,2017,0.03355
Bahrain,BHR,2018,0.0356
Bahrain,BHR,2019,0.03827
Bahrain,BHR,2020,0.03973
Bahrain,BHR,2021,0.04297
Bahrain,BHR,2022,0.0477
Bahrain,BHR,2023,0.05161
Bahrain,BHR,2024,0.05583
Bangladesh,BGD,1990,0.00023
Bangladesh,BGD,1991,0.00027
Bangladesh,BGD,1992,0.00032
Bangladesh,BGD,1993,0.00038
Bangladesh,BGD,1994,0.00045
Bangladesh,BGD,1995,0.00053
Bangladesh,BGD,1996,0.00063
Bangladesh,BGD,1997,0.00077
Bangladesh,BGD,1998,0.00094
Bangladesh,BGD,1999,0.00118
Bangladesh,BGD,2000,0.00155
Bangladesh,BGD,2001,0.00206
Bangladesh,BGD,2002,0.00269
Bangladesh,BGD,2003,0.00343
Bangladesh,BGD,2004,0.00423
Bangladesh,BGD,2005,0.00502
Bangladesh,BGD,2006,0.00574
Bangladesh,BGD,2007,0.00641
Bangladesh,BGD,2008,0.00705
Bangladesh,BGD,2009,0.00768
Bangladesh,BGD,2010,0.00825
Bangladesh,BGD,2011,0.0088
Bangladesh,BGD,2012,0.00937
Bangladesh,BGD,2013,0.00998
Bangladesh,BGD,2014,0.01061
Bangladesh,BGD,2015,0.01123
Bangladesh,BGD,2016,0.0118
Bangladesh,BGD,2017,0.0123
Bangladesh,BGD,2018,0.01273
Bangladesh,BGD,2019,0.01311
Bangladesh,BGD,2020,0.01343
Bangladesh,BGD,2021,0.01372
Bangladesh,BGD,2022,0.01395
Bangladesh,BGD,2023,0.01418
Bangladesh,BGD,2024,0.01441
Barbados,BRB,1990,0.16888
Barbados,BRB,1991,0.23535
Barbados,BRB,1992,0.31999
Barbados,BRB,1993,0.4278
Barbados,BRB,1994,0.55244
Barbados,BRB,1995,0.6636
Barbados,BRB,1996,0.75797
Barbados,BRB,1997,0.83624
Barbados,BRB,1998,0.89914
Barbados,BRB,1999,0.94936
Barbados,BRB,2000,0.98707
Barbados,BRB,2001,1.01333
Barbados,BRB,2002,1.03367
Barbados,BRB,2003,1.06655
Barbados,BRB,2004,1.10912
Barbados,BRB,2005,1.14507
Barbados,BRB,2006,1.17385
Barbados,BRB,2007,1.19621
Barbados,BRB,2008,1.21364
Barbados,BRB,2009,1.22664
Barbados,BRB,2010,1.23452
Barbados,BRB,2011,1.23822
Barbados,BRB,2012,1.23878
Barbados,BRB,2013,1.23727
Barbados,BRB,2014,1.2289
Barbados,BRB,2015,1.21371
Barbados,BRB,2016,1.1964
Barbados,BRB,2017,1.18002
Barbados,BRB,2018,1.16292
Barbados,BRB,2019,1.14617
Barbados,BRB,2020,1.12897
Barbados,BRB,2021,1.11084
Barbados,BRB,2022,1.08977
Barbados,BRB,2023,1.06775
Barbados,BRB,2024,1.04912
Belgium,BEL,1990,0.05354
Belgium,BEL,1991,0.0547
Belgium,BEL,1992,0.05625
Belgium,BEL,1993,0.058
Belgium,BEL,1994,0.06011
Belgium,BEL,1995,0.06389
Belgium,BEL,1996,0.06941
Belgium,BEL,1997,0.07574
Belgium,BEL,1998,0.08254
Belgium,BEL,1999,0.08963
Belgium,BEL,2000,0.0968
Belgium,BEL,2001,0.10376
Belgium,BEL,2002,0.11074
Belgium,BEL,2003,0.11786
Belgium,BEL,2004,0.125
Belgium,BEL,2005,0.13192
Belgium,BEL,2006,0.14098
Belgium,BEL,2007,0.14962
Belgium,BEL,2008,0.15827
Belgium,BEL,2009,0.1661
Belgium,BEL,2010,0.17379
Belgium,BEL,2011,0.1818
Belgium,BEL,2012,0.18886
Belgium,BEL,2013,0.19518
Belgium,BEL,2014,0.20016
Belgium,BEL,2015,0.20302
Belgium,BEL,2016,0.20568
Belgium,BEL,2017,0.2069
Belgium,BEL,2018,0.20655
Belgium,BEL,2019,0.20511
Belgium,BEL,2020,0.20331
Belgium,BEL,2021,0.20145
Belgium,BEL,2022,0.20016
Belgium,BEL,2023,0.20107
Belgium,BEL,2024,0.19906
Belize,BLZ,1990,0.14427
Belize,BLZ,1991,0.19118
Belize,BLZ,1992,0.25076
Belize,BLZ,1993,0.32465
Belize,BLZ,1994,0.4116
Belize,BLZ,1995,0.50988
Belize,BLZ,1996,0.61689
Belize,BLZ,1997,0.72924
Belize,BLZ,1998,0.84219
Belize,BLZ,1999,0.95176
Belize,BLZ,2000,1.05379
Belize,BLZ,2001,1.14183
Belize,BLZ,2002,1.21924
Belize,BLZ,2003,1.28976
Belize,BLZ,2004,1.34626
Belize,BLZ,2005,1.38689
Belize,BLZ,2006,1.41919
Belize,BLZ,2007,1.43948
Belize,BLZ,2008,1.45059
Belize,BLZ,2009,1.45634
Belize,BLZ,2010,1.45434
Belize,BLZ,2011,1.44648
Belize,BLZ,2012,1.43455
Belize,BLZ,2013,1.41786
Belize,BLZ,2014,1.39514
Belize,BLZ,2015,1.3682
Belize,BLZ,2016,1.34018
Belize,BLZ,2017,1.31084
Belize,BLZ,2018,1.28197
Belize,BLZ,2019,1.25614
Belize,BLZ,2020,1.22968
Belize,BLZ,2021,1.20563
Belize,BLZ,2022,1.1845
Belize,BLZ,2023,1.17206
Belize,BLZ,2024,1.16604
Benin,BEN,1990,0.24474
Benin,BEN,1991,0.35284
Benin,BEN,1992,0.48951
Benin,BEN,1993,0.66456
Benin,BEN,1994,0.84876
Benin,BEN,1995,1.03664
Benin,BEN,1996,1.20026
Benin,BEN,1997,1.32357
Benin,BEN,1998,1.40198
Benin,BEN,1999,1.43987
Benin,BEN,2000,1.45032
Benin,BEN,2001,1.43864
Benin,BEN,2002,1.4079
Benin,BEN,2003,1.36502
Benin,BEN,2004,1.31902
Benin,BEN,2005,1.27099
Benin,BEN,2006,1.21324
Benin,BEN,2007,1.15868
Benin,BEN,2008,1.13694
Benin,BEN,2009,1.12826
Benin,BEN,2010,1.11751
Benin,BEN,2011,1.0999
Benin,BEN,2012,1.08209
Benin,BEN,2013,1.06143
Benin,BEN,2014,1.03467
Benin,BEN,2015,1.00614
Benin,BEN,2016,0.97343
Benin,BEN,2017,0.93701
Benin,BEN,2018,0.89905
Benin,BEN,2019,0.86132
Benin,BEN,2020,0.82345
Benin,BEN,2021,0.78283
Benin,BEN,2022,0.74295
Benin,BEN,2023,0.70123
Benin,BEN,2024,0.66092
Bhutan,BTN,1990,0.03505
Bhutan,BTN,1991,0.03718
Bhutan,BTN,1992,0.03927
Bhutan,BTN,1993,0.0414
Bhutan,BTN,1994,0.04354
Bhutan,BTN,1995,0.04568
Bhutan,BTN,1996,0.04786
Bhutan,BTN,1997,0.05005
Bhutan,BTN,1998,0.05228
Bhutan,BTN,1999,0.05443
Bhutan,BTN,2000,0.05661
Bhutan,BTN,2001,0.05883
Bhutan,BTN,2002,0.06111
Bhutan,BTN,2003,0.06347
Bhutan,BTN,2004,0.06594
Bhutan,BTN,2005,0.06857
Bhutan,BTN,2006,0.07152
Bhutan,BTN,2007,0.07492
Bhutan,BTN,2008,0.07864
Bhutan,BTN,2009,0.08259
Bhutan,BTN,2010,0.08675
Bhutan,BTN,2011,0.09117
Bhutan,BTN,2012,0.09585
Bhutan,BTN,2013,0.10075
Bhutan,BTN,2014,0.10585
Bhutan,BTN,2015,0.11119
Bhutan,BTN,2016,0.11686
Bhutan,BTN,2017,0.12317
Bhutan,BTN,2018,0.1298
Bhutan,BTN,2019,0.13668
Bhutan,BTN,2020,0.14351
Bhutan,BTN,2021,0.15025
Bhutan,BTN,2022,0.1569
Bhutan,BTN,2023,0.16353
Bhutan,BTN,2024,0.16986
Bolivia,BOL,1990,0.05298
Bolivia,BOL,1991,0.083
Bolivia,BOL,1992,0.12777
Bolivia,BOL,1993,0.18361
Bolivia,BOL,1994,0.22402
Bolivia,BOL,1995,0.24981
Bolivia,BOL,1996,0.269
Bolivia,BOL,1997,0.28314
Bolivia,BOL,1998,0.29478
Bolivia,BOL,1999,0.30644
Bolivia,BOL,2000,0.3155
Bolivia,BOL,2001,0.32072
Bolivia,BOL,2002,0.32392
Bolivia,BOL,2003,0.32629
Bolivia,BOL,2004,0.3279
Bolivia,BOL,2005,0.32915
Bolivia,BOL,2006,0.3296
Bolivia,BOL,2007,0.33035
Bolivia,BOL,2008,0.33049
Bolivia,BOL,2009,0.33143
Bolivia,BOL,2010,0.33202
Bolivia,BOL,2011,0.33201
Bolivia,BOL,2012,0.33219
Bolivia,BOL,2013,0.33283
Bolivia,BOL,2014,0.33376
Bolivia,BOL,2015,0.33583
Bolivia,BOL,2016,0.33861
Bolivia,BOL,2017,0.34119
Bolivia,BOL,2018,0.34474
Bolivia,BOL,2019,0.34836
Bolivia,BOL,2020,0.35156
Bolivia,BOL,2021,0.35483
Bolivia,BOL,2022,0.35797
Bolivia,BOL,2023,0.36061
Bolivia,BOL,2024,0.36296
Botswana,BWA,1990,7.65814
Botswana,BWA,1991,10.27309
Botswana,BWA,1992,13.15437
Botswana,BWA,1993,16.09886
Botswana,BWA,1994,18.91075
Botswana,BWA,1995,21.31235
Botswana,BWA,1996,23.19765
Botswana,BWA,1997,24.52409
Botswana,BWA,1998,25.36392
Botswana,BWA,1999,25.78551
Botswana,BWA,2000,25.86537
Botswana,BWA,2001,25.68433
Botswana,BWA,2002,25.28662
Botswana,BWA,2003,24.85517
Botswana,BWA,2004,24.47414
Botswana,BWA,2005,24.15332
Botswana,BWA,2006,23.88143
Botswana,BWA,2007,23.64462
Botswana,BWA,2008,23.40799
Botswana,BWA,2009,23.18938
Botswana,BWA,2010,22.98838
Botswana,BWA,2011,22.84323
Botswana,BWA,2012,22.65789
Botswana,BWA,2013,22.40524
Botswana,BWA,2014,22.12956
Botswana,BWA,2015,21.80091
Botswana,BWA,2016,21.38179
Botswana,BWA,2017,20.88965
Botswana,BWA,2018,20.31354
Botswana,BWA,2019,19.6679
Botswana,BWA,2020,18.96976
Botswana,BWA,2021,18.17518
Botswana,BWA,2022,17.36666
Botswana,BWA,2023,16.55562
Botswana,BWA,2024,15.74182
Brazil,BRA,1990,0.14684
Brazil,BRA,1991,0.17368
Brazil,BRA,1992,0.19876
Brazil,BRA,1993,0.22083
Brazil,BRA,1994,0.23884
Brazil,BRA,1995,0.252
Brazil,BRA,1996,0.26678
Brazil,BRA,1997,0.27879
Brazil,BRA,1998,0.28624
Brazil,BRA,1999,0.29151
Brazil,BRA,2000,0.29503
Brazil,BRA,2001,0.29766
Brazil,BRA,2002,0.29995
Brazil,BRA,2003,0.3018
Brazil,BRA,2004,0.30455
Brazil,BRA,2005,0.30996
Brazil,BRA,2006,0.31915
Brazil,BRA,2007,0.33044
Brazil,BRA,2008,0.34468
Brazil,BRA,2009,0.36218
Brazil,BRA,2010,0.38405
Brazil,BRA,2011,0.40904
Brazil,BRA,2012,0.43628
Brazil,BRA,2013,0.46523
Brazil,BRA,2014,0.49459
Brazil,BRA,2015,0.52458
Brazil,BRA,2016,0.55558
Brazil,BRA,2017,0.58651
Brazil,BRA,2018,0.61652
Brazil,BRA,2019,0.64502
Brazil,BRA,2020,0.67168
Brazil,BRA,2021,0.69537
Brazil,BRA,2022,0.71611
Brazil,BRA,2023,0.73339
Brazil,BRA,2024,0.74698
Bulgaria,BGR,1990,0.01935
Bulgaria,BGR,1991,0.02175
Bulgaria,BGR,1992,0.0244
Bulgaria,BGR,1993,0.02738
Bulgaria,BGR,1994,0.03064
Bulgaria,BGR,1995,0.03428
Bulgaria,BGR,1996,0.03824
Bulgaria,BGR,1997,0.03869
Bulgaria,BGR,1998,0.03859
Bulgaria,BGR,1999,0.03872
Bulgaria,BGR,2000,0.03919
Bulgaria,BGR,2001,0.03958
Bulgaria,BGR,2002,0.04014
Bulgaria,BGR,2003,0.04085
Bulgaria,BGR,2004,0.04181
Bulgaria,BGR,2005,0.04295
Bulgaria,BGR,2006,0.04433
Bulgaria,BGR,2007,0.04589
Bulgaria,BGR,2008,0.04771
Bulgaria,BGR,2009,0.04999
Bulgaria,BGR,2010,0.05277
Bulgaria,BGR,2011,0.05572
Bulgaria,BGR,2012,0.05899
Bulgaria,BGR,2013,0.06242
Bulgaria,BGR,2014,0.06584
Bulgaria,BGR,2015,0.06949
Bulgaria,BGR,2016,0.07336
Bulgaria,BGR,2017,0.07761
Bulgaria,BGR,2018,0.08246
Bulgaria,BGR,2019,0.08756
Bulgaria,BGR,2020,0.09276
Bulgaria,BGR,2021,0.0979
Bulgaria,BGR,2022,0.10368
Bulgaria,BGR,2023,0.10973
Bulgaria,BGR,2024,0.11476
Burkina Faso,BFA,1990,2.51318
Burkina Faso,BFA,1991,2.66739
Burkina Faso,BFA,1992,2.74531
Burkina Faso,BFA,1993,2.75134
Burkina Faso,BFA,1994,2.69857
Burkina Faso,BFA,1995,2.60557
Burkina Faso,BFA,1996,2.48552
Burkina Faso,BFA,1997,2.35305
Burkina Faso,BFA,1998,2.21365
Burkina Faso,BFA,1999,2.06681
Burkina Faso,BFA,2000,1.92088
Burkina Faso,BFA,2001,1.77888
Burkina Faso,BFA,2002,1.64507
Burkina Faso,BFA,2003,1.52001
Burkina Faso,BFA,2004,1.40872
Burkina Faso,BFA,2005,1.31524
Burkina Faso,BFA,2006,1.23716
Burkina Faso,BFA,2007,1.16886
Burkina Faso,BFA,2008,1.11014
Burkina Faso,BFA,2009,1.06021
Burkina Faso,BFA,2010,1.01584
Burkina Faso,BFA,2011,0.97222
Burkina Faso,BFA,2012,0.92962
Burkina Faso,BFA,2013,0.88547
Burkina Faso,BFA,2014,0.84164
Burkina Faso,BFA,2015,0.79936
Burkina Faso,BFA,2016,0.7591
Burkina Faso,BFA,2017,0.72191
Burkina Faso,BFA,2018,0.68958
Burkina Faso,BFA,2019,0.65677
Burkina Faso,BFA,2020,0.62525
Burkina Faso,BFA,2021,0.59684
Burkina Faso,BFA,2022,0.56926
Burkina Faso,BFA,2023,0.54414
Burkina Faso,BFA,2024,0.52056
Burundi,BDI,1990,4.43086
Burundi,BDI,1991,4.81285
Burundi,BDI,1992,5.06491
Burundi,BDI,1993,4.71461
Burundi,BDI,1994,5.18995
Burundi,BDI,1995,4.80164
Burundi,BDI,1996,4.5086
Burundi,BDI,1997,4.25572
Burundi,BDI,1998,3.99316
Burundi,BDI,1999,3.6713
Burundi,BDI,2000,3.35818
Burundi,BDI,2001,3.08335
Burundi,BDI,2002,2.81327
Burundi,BDI,2003,2.57767
Burundi,BDI,2004,2.37215
Burundi,BDI,2005,2.19215
Burundi,BDI,2006,2.04248
Burundi,BDI,2007,1.91153
Burundi,BDI,2008,1.80398
Burundi,BDI,2009,1.71859
Burundi,BDI,2010,1.63736
Burundi,BDI,2011,1.56029
Burundi,BDI,2012,1.49304
Burundi,BDI,2013,1.42685
Burundi,BDI,2014,1.36559
Burundi,BDI,2015,1.30826
Burundi,BDI,2016,1.24927
Burundi,BDI,2017,1.19003
Burundi,BDI,2018,1.12726
Burundi,BDI,2019,1.06605
Burundi,BDI,2020,1.00451
Burundi,BDI,2021,0.94503
Burundi,BDI,2022,0.88697
Burundi,BDI,2023,0.83103
Burundi,BDI,2024,0.77931
Cambodia,KHM,1990,0.00914
Cambodia,KHM,1991,0.03073
Cambodia,KHM,1992,0.0879
Cambodia,KHM,1993,0.20044
Cambodia,KHM,1994,0.36233
Cambodia,KHM,1995,0.55689
Cambodia,KHM,1996,0.75304
Cambodia,KHM,1997,0.91842
Cambodia,KHM,1998,1.05121
Cambodia,KHM,1999,1.12932
Cambodia,KHM,2000,1.15541
Cambodia,KHM,2001,1.14553
Cambodia,KHM,2002,1.11773
Cambodia,KHM,2003,1.0804
Cambodia,KHM,2004,1.0418
Cambodia,KHM,2005,1.00394
Cambodia,KHM,2006,0.97197
Cambodia,KHM,2007,0.94597
Cambodia,KHM,2008,0.91839
Cambodia,KHM,2009,0.89386
Cambodia,KHM,2010,0.87153
Cambodia,KHM,2011,0.85027
Cambodia,KHM,2012,0.83025
Cambodia,KHM,2013,0.8082
Cambodia,KHM,2014,0.78405
Cambodia,KHM,2015,0.7583
Cambodia,KHM,2016,0.73089
Cambodia,KHM,2017,0.70496
Cambodia,KHM,2018,0.67815
Cambodia,KHM,2019,0.64946
Cambodia,KHM,2020,0.61831
Cambodia,KHM,2021,0.58893
Cambodia,KHM,2022,0.56048
Cambodia,KHM,2023,0.53257
Cambodia,KHM,2024,0.50433
Cameroon,CMR,1990,0.98681
Cameroon,CMR,1991,1.30725
Cameroon,CMR,1992,1.70496
Cameroon,CMR,1993,2.17349
Cameroon,CMR,1994,2.71317
Cameroon,CMR,1995,3.27237
Cameroon,CMR,1996,3.83956
Cameroon,CMR,1997,4.3611
Cameroon,CMR,1998,4.82794
Cameroon,CMR,1999,5.19575
Cameroon,CMR,2000,5.45924
Cameroon,CMR,2001,5.60372
Cameroon,CMR,2002,5.66176
Cameroon,CMR,2003,5.64023
Cameroon,CMR,2004,5.56808
Cameroon,CMR,2005,5.4724
Cameroon,CMR,2006,5.35536
Cameroon,CMR,2007,5.22828
Cameroon,CMR,2008,5.10251
Cameroon,CMR,2009,4.96876
Cameroon,CMR,2010,4.81619
Cameroon,CMR,2011,4.65798
Cameroon,CMR,2012,4.48028
Cameroon,CMR,2013,4.28758
Cameroon,CMR,2014,4.08341
Cameroon,CMR,2015,3.88246
Cameroon,CMR,2016,3.69701
Cameroon,CMR,2017,3.52336
Cameroon,CMR,2018,3.3652
Cameroon,CMR,2019,3.21811
Cameroon,CMR,2020,3.08476
Cameroon,CMR,2021,2.94584
Cameroon,CMR,2022,2.79874
Cameroon,CMR,2023,2.65586
Cameroon,CMR,2024,2.51949
Canada,CAN,1990,0.18795
Canada,CAN,1991,0.18902
Canada,CAN,1992,0.18847
Canada,CAN,1993,0.18689
Canada,CAN,1994,0.1844
Canada,CAN,1995,0.1811
Canada,CAN,1996,0.17993
Canada,CAN,1997,0.18113
Canada,CAN,1998,0.18281
Canada,CAN,1999,0.18451
Canada,CAN,2000,0.18602
Canada,CAN,2001,0.18727
Canada,CAN,2002,0.18898
Canada,CAN,2003,0.19052
Canada,CAN,2004,0.19062
Canada,CAN,2005,0.18949
Canada,CAN,2006,0.18746
Canada,CAN,2007,0.18477
Canada,CAN,2008,0.18144
Canada,CAN,2009,0.17886
Canada,CAN,2010,0.17623
Canada,CAN,2011,0.17214
Canada,CAN,2012,0.1673
Canada,CAN,2013,0.16342
Canada,CAN,2014,0.16079
Canada,CAN,2015,0.15864
Canada,CAN,2016,0.15662
Canada,CAN,2017,0.15511
Canada,CAN,2018,0.15397
Canada,CAN,2019,0.15236
Canada,CAN,2020,0.15009
Canada,CAN,2021,0.14874
Canada,CAN,2022,0.14755
Cape Verde,CPV,1990,0.48749
Cape Verde,CPV,1991,0.5202
Cape Verde,CPV,1992,0.54633
Cape Verde,CPV,1993,0.57005
Cape Verde,CPV,1994,0.5898
Cape Verde,CPV,1995,0.60855
Cape Verde,CPV,1996,0.62316
Cape Verde,CPV,1997,0.63534
Cape Verde,CPV,1998,0.64554
Cape Verde,CPV,1999,0.65368
Cape Verde,CPV,2000,0.66133
Cape Verde,CPV,2001,0.6672
Cape Verde,CPV,2002,0.6692
Cape Verde,CPV,2003,0.67173
Cape Verde,CPV,2004,0.67417
Cape Verde,CPV,2005,0.67571
Cape Verde,CPV,2006,0.67858
Cape Verde,CPV,2007,0.68104
Cape Verde,CPV,2008,0.68482
Cape Verde,CPV,2009,0.68968
Cape Verde,CPV,2010,0.6988
Cape Verde,CPV,2011,0.71046
Cape Verde,CPV,2012,0.72337
Cape Verde,CPV,2013,0.73779
Cape Verde,CPV,2014,0.75541
Cape Verde,CPV,2015,0.77396
Cape Verde,CPV,2016,0.79593
Cape Verde,CPV,2017,0.81905
Cape Verde,CPV,2018,0.83861
Cape Verde,CPV,2019,0.85441
Cape Verde,CPV,2020,0.86905
Cape Verde,CPV,2021,0.87835
Cape Verde,CPV,2022,0.88833
Cape Verde,CPV,2023,0.90308
Cape Verde,CPV,2024,0.91553
Caribbean (UNAIDS),,1990,0.633974
Caribbean (UNAIDS),,1991,0.74138665
Caribbean (UNAIDS),,1992,0.8404011
Caribbean (UNAIDS),,1993,0.93204945
Caribbean (UNAIDS),,1994,1.0108905
Caribbean (UNAIDS),,1995,1.0771233
Caribbean (UNAIDS),,1996,1.1240584
Caribbean (UNAIDS),,1997,1.1573902
Caribbean (UNAIDS),,1998,1.1799716
Caribbean (UNAIDS),,1999,1.1948612
Caribbean (UNAIDS),,2000,1.2051722
Caribbean (UNAIDS),,2001,1.2074463
Caribbean (UNAIDS),,2002,1.2039902
Caribbean (UNAIDS),,2003,1.194221
Caribbean (UNAIDS),,2004,1.1795768
Caribbean (UNAIDS),,2005,1.1651059
Caribbean (UNAIDS),,2006,1.1544613
Caribbean (UNAIDS),,2007,1.1473224
Caribbean (UNAIDS),,2008,1.142858
Caribbean (UNAIDS),,2009,1.1414534
Caribbean (UNAIDS),,2010,1.1387466
Caribbean (UNAIDS),,2011,1.1351256
Caribbean (UNAIDS),,2012,1.1313466
Caribbean (UNAIDS),,2013,1.1283011
Caribbean (UNAIDS),,2014,1.1257304
Caribbean (UNAIDS),,2015,1.1235507
Caribbean (UNAIDS),,2016,1.1219617
Caribbean (UNAIDS),,2017,1.1260833
Caribbean (UNAIDS),,2018,1.1321383
Caribbean (UNAIDS),,2019,1.1426514
Caribbean (UNAIDS),,2020,1.1511658
Caribbean (UNAIDS),,2021,1.1578672
Caribbean (UNAIDS),,2022,1.1639594
Caribbean (UNAIDS),,2023,1.166291
Caribbean (UNAIDS),,2024,1.164177
Central African Republic,CAF,1990,4.45688
Central African Republic,CAF,1991,5.27968
Central African Republic,CAF,1992,5.99751
Central African Republic,CAF,1993,6.64588
Central African Republic,CAF,1994,7.19284
Central African Republic,CAF,1995,7.60057
Central African Republic,CAF,1996,7.80359
Central African Republic,CAF,1997,7.88676
Central African Republic,CAF,1998,7.86065
Central African Republic,CAF,1999,7.73557
Central African Republic,CAF,2000,7.52617
Central African Republic,CAF,2001,7.28258
Central African Republic,CAF,2002,6.9833
Central African Republic,CAF,2003,6.66395
Central African Republic,CAF,2004,6.35149
Central African Republic,CAF,2005,6.04071
Central African Republic,CAF,2006,5.73764
Central African Republic,CAF,2007,5.47744
Central African Republic,CAF,2008,5.24976
Central African Republic,CAF,2009,5.05882
Central African Republic,CAF,2010,4.85742
Central African Republic,CAF,2011,4.63873
Central African Republic,CAF,2012,4.40975
Central African Republic,CAF,2013,4.19216
Central African Republic,CAF,2014,3.9658
Central African Republic,CAF,2015,3.79338
Central African Republic,CAF,2016,3.61946
Central African Republic,CAF,2017,3.4478
Central African Republic,CAF,2018,3.27674
Central African Republic,CAF,2019,3.11982
Central African Republic,CAF,2020,2.97842
Central African Republic,CAF,2021,2.82871
Central African Republic,CAF,2022,2.68941
Central African Republic,CAF,2023,2.54778
Central African Republic,CAF,2024,2.42055
Chad,TCD,1990,1.15282
Chad,TCD,1991,1.42794
Chad,TCD,1992,1.67018
Chad,TCD,1993,1.8851
Chad,TCD,1994,2.07529
Chad,TCD,1995,2.24372
Chad,TCD,1996,2.34336
Chad,TCD,1997,2.43574
Chad,TCD,1998,2.47741
Chad,TCD,1999,2.46667
Chad,TCD,2000,2.42702
Chad,TCD,2001,2.38106
Chad,TCD,2002,2.31782
Chad,TCD,2003,2.24437
Chad,TCD,2004,2.1518
Chad,TCD,2005,2.05702
Chad,TCD,2006,1.97546
Chad,TCD,2007,1.90505
Chad,TCD,2008,1.83977
Chad,TCD,2009,1.77801
Chad,TCD,2010,1.72262
Chad,TCD,2011,1.6633
Chad,TCD,2012,1.60429
Chad,TCD,2013,1.54599
Chad,TCD,2014,1.4834
Chad,TCD,2015,1.4221
Chad,TCD,2016,1.36222
Chad,TCD,2017,1.29989
Chad,TCD,2018,1.24114
Chad,TCD,2019,1.18333
Chad,TCD,2020,1.12469
Chad,TCD,2021,1.06763
Chad,TCD,2022,1.01337
Chad,TCD,2023,0.96373
Chad,TCD,2024,0.92163
Chile,CHL,1990,0.04504
Chile,CHL,1991,0.05966
Chile,CHL,1992,0.07529
Chile,CHL,1993,0.09124
Chile,CHL,1994,0.10685
Chile,CHL,1995,0.12154
Chile,CHL,1996,0.13519
Chile,CHL,1997,0.14799
Chile,CHL,1998,0.15998
Chile,CHL,1999,0.1712
Chile,CHL,2000,0.18213
Chile,CHL,2001,0.19334
Chile,CHL,2002,0.20533
Chile,CHL,2003,0.21853
Chile,CHL,2004,0.23256
Chile,CHL,2005,0.24744
Chile,CHL,2006,0.26362
Chile,CHL,2007,0.2804
Chile,CHL,2008,0.29755
Chile,CHL,2009,0.31477
Chile,CHL,2010,0.33183
Chile,CHL,2011,0.34882
Chile,CHL,2012,0.36628
Chile,CHL,2013,0.38451
Chile,CHL,2014,0.40294
Chile,CHL,2015,0.42166
Chile,CHL,2016,0.43955
Chile,CHL,2017,0.45851
Chile,CHL,2018,0.48328
Chile,CHL,2019,0.51365
Chile,CHL,2020,0.54485
Chile,CHL,2021,0.5772
Chile,CHL,2022,0.61067
Chile,CHL,2023,0.63721
Chile,CHL,2024,0.66599
Colombia,COL,1990,0.08611
Colombia,COL,1991,0.1169
Colombia,COL,1992,0.15364
Colombia,COL,1993,0.19546
Colombia,COL,1994,0.23981
Colombia,COL,1995,0.2836
Colombia,COL,1996,0.32516
Colombia,COL,1997,0.36208
Colombia,COL,1998,0.39367
Colombia,COL,1999,0.42082
Colombia,COL,2000,0.44266
Colombia,COL,2001,0.45675
Colombia,COL,2002,0.46759
Colombia,COL,2003,0.47751
Colombia,COL,2004,0.48469
Colombia,COL,2005,0.48923
Colombia,COL,2006,0.49432
Colombia,COL,2007,0.49869
Colombia,COL,2008,0.50088
Colombia,COL,2009,0.50219
Colombia,COL,2010,0.50323
Colombia,COL,2011,0.50448
Colombia,COL,2012,0.5074
Colombia,COL,2013,0.51168
Colombia,COL,2014,0.51576
Colombia,COL,2015,0.52152
Colombia,COL,2016,0.52622
Colombia,COL,2017,0.53304
Colombia,COL,2018,0.5413
Colombia,COL,2019,0.55018
Colombia,COL,2020,0.55799
Colombia,COL,2021,0.56758
Colombia,COL,2022,0.57732
Colombia,COL,2023,0.59313
Colombia,COL,2024,0.59143
Comoros,COM,1990,0.01553
Comoros,COM,1991,0.01686
Comoros,COM,1992,0.0182
Comoros,COM,1993,0.01982
Comoros,COM,1994,0.02203
Comoros,COM,1995,0.02446
Comoros,COM,1996,0.02637
Comoros,COM,1997,0.02707
Comoros,COM,1998,0.02692
Comoros,COM,1999,0.02671
Comoros,COM,2000,0.02622
Comoros,COM,2001,0.02585
Comoros,COM,2002,0.02551
Comoros,COM,2003,0.02506
Comoros,COM,2004,0.02488
Comoros,COM,2005,0.02468
Comoros,COM,2006,0.02457
Comoros,COM,2007,0.02447
Comoros,COM,2008,0.02445
Comoros,COM,2009,0.02455
Comoros,COM,2010,0.02485
Comoros,COM,2011,0.02527
Comoros,COM,2012,0.02568
Comoros,COM,2013,0.02636
Comoros,COM,2014,0.02665
Comoros,COM,2015,0.02685
Comoros,COM,2016,0.02694
Comoros,COM,2017,0.02677
Comoros,COM,2018,0.02694
Comoros,COM,2019,0.02706
Comoros,COM,2020,0.02708
Comoros,COM,2021,0.02713
Comoros,COM,2022,0.02708
Comoros,COM,2023,0.02698
Comoros,COM,2024,0.02688
Congo,COG,1990,4.94876
Congo,COG,1991,5.21143
Congo,COG,1992,5.31307
Congo,COG,1993,5.34461
Congo,COG,1994,5.31439
Congo,COG,1995,5.24208
Congo,COG,1996,5.1374
Congo,COG,1997,4.99334
Congo,COG,1998,4.86666
Congo,COG,1999,4.68264
Congo,COG,2000,4.52548
Congo,COG,2001,4.33923
Congo,COG,2002,4.17274
Congo,COG,2003,4.0288
Congo,COG,2004,3.87416
Congo,COG,2005,3.74947
Congo,COG,2006,3.64563
Congo,COG,2007,3.54272
Congo,COG,2008,3.47238
Congo,COG,2009,3.42802
Congo,COG,2010,3.38681
Congo,COG,2011,3.35852
Congo,COG,2012,3.3295
Congo,COG,2013,3.29836
Congo,COG,2014,3.26867
Congo,COG,2015,3.23927
Congo,COG,2016,3.21548
Congo,COG,2017,3.20017
Congo,COG,2018,3.18937
Congo,COG,2019,3.20618
Congo,COG,2020,3.2109
Congo,COG,2021,3.21923
Congo,COG,2022,3.23416
Congo,COG,2023,3.23668
Congo,COG,2024,3.23412
Costa Rica,CRI,1990,0.07614
Costa Rica,CRI,1991,0.08611
Costa Rica,CRI,1992,0.0942
Costa Rica,CRI,1993,0.10045
Costa Rica,CRI,1994,0.10525
Costa Rica,CRI,1995,0.10929
Costa Rica,CRI,1996,0.11323
Costa Rica,CRI,1997,0.11767
Costa Rica,CRI,1998,0.12308
Costa Rica,CRI,1999,0.12974
Costa Rica,CRI,2000,0.13929
Costa Rica,CRI,2001,0.15243
Costa Rica,CRI,2002,0.1675
Costa Rica,CRI,2003,0.18409
Costa Rica,CRI,2004,0.20191
Costa Rica,CRI,2005,0.2207
Costa Rica,CRI,2006,0.24027
Costa Rica,CRI,2007,0.26036
Costa Rica,CRI,2008,0.28078
Costa Rica,CRI,2009,0.30137
Costa Rica,CRI,2010,0.32351
Costa Rica,CRI,2011,0.34727
Costa Rica,CRI,2012,0.3709
Costa Rica,CRI,2013,0.39333
Costa Rica,CRI,2014,0.41444
Costa Rica,CRI,2015,0.43536
Costa Rica,CRI,2016,0.45698
Costa Rica,CRI,2017,0.47902
Costa Rica,CRI,2018,0.50127
Costa Rica,CRI,2019,0.52366
Costa Rica,CRI,2020,0.54505
Costa Rica,CRI,2021,0.5666
Costa Rica,CRI,2022,0.58835
Costa Rica,CRI,2023,0.60946
Costa Rica,CRI,2024,0.62999
Cote d'Ivoire,CIV,1990,4.84032
Cote d'Ivoire,CIV,1991,5.66086
Cote d'Ivoire,CIV,1992,6.37033
Cote d'Ivoire,CIV,1993,6.91405
Cote d'Ivoire,CIV,1994,7.29185
Cote d'Ivoire,CIV,1995,7.49008
Cote d'Ivoire,CIV,1996,7.5348
Cote d'Ivoire,CIV,1997,7.43585
Cote d'Ivoire,CIV,1998,7.24346
Cote d'Ivoire,CIV,1999,7.0444
Cote d'Ivoire,CIV,2000,6.74553
Cote d'Ivoire,CIV,2001,6.40559
Cote d'Ivoire,CIV,2002,6.04142
Cote d'Ivoire,CIV,2003,5.65411
Cote d'Ivoire,CIV,2004,5.28082
Cote d'Ivoire,CIV,2005,4.92432
Cote d'Ivoire,CIV,2006,4.60385
Cote d'Ivoire,CIV,2007,4.31098
Cote d'Ivoire,CIV,2008,4.01404
Cote d'Ivoire,CIV,2009,3.78042
Cote d'Ivoire,CIV,2010,3.57534
Cote d'Ivoire,CIV,2011,3.38328
Cote d'Ivoire,CIV,2012,3.21198
Cote d'Ivoire,CIV,2013,3.05605
Cote d'Ivoire,CIV,2014,2.88637
Cote d'Ivoire,CIV,2015,2.738
Cote d'Ivoire,CIV,2016,2.6018
Cote d'Ivoire,CIV,2017,2.46797
Cote d'Ivoire,CIV,2018,2.34263
Cote d'Ivoire,CIV,2019,2.22285
Cote d'Ivoire,CIV,2020,2.10951
Cote d'Ivoire,CIV,2021,1.99918
Cote d'Ivoire,CIV,2022,1.88829
Cote d'Ivoire,CIV,2023,1.78279
Cote d'Ivoire,CIV,2024,1.67546
Croatia,HRV,1990,0.00695
Croatia,HRV,1991,0.00789
Croatia,HRV,1992,0.00883
Croatia,HRV,1993,0.00975
Croatia,HRV,1994,0.01065
Croatia,HRV,1995,0.01156
Croatia,HRV,1996,0.01265
Croatia,HRV,1997,0.014
Croatia,HRV,1998,0.01554
Croatia,HRV,1999,0.01724
Croatia,HRV,2000,0.0191
Croatia,HRV,2001,0.02109
Croatia,HRV,2002,0.02319
Croatia,HRV,2003,0.02538
Croatia,HRV,2004,0.02766
Croatia,HRV,2005,0.02983
Croatia,HRV,2006,0.0322
Croatia,HRV,2007,0.03466
Croatia,HRV,2008,0.03717
Croatia,HRV,2009,0.0397
Croatia,HRV,2010,0.04212
Croatia,HRV,2011,0.04441
Croatia,HRV,2012,0.04665
Croatia,HRV,2013,0.04897
Croatia,HRV,2014,0.05128
Croatia,HRV,2015,0.05355
Croatia,HRV,2016,0.05574
Croatia,HRV,2017,0.05897
Croatia,HRV,2018,0.06151
Croatia,HRV,2019,0.06349
Croatia,HRV,2020,0.065
Croatia,HRV,2021,0.0661
Croatia,HRV,2022,0.06636
Croatia,HRV,2023,0.06668
Croatia,HRV,2024,0.06718
Cuba,CUB,1990,0.01213
Cuba,CUB,1991,0.01394
Cuba,CUB,1992,0.01534
Cuba,CUB,1993,0.0166
Cuba,CUB,1994,0.01818
Cuba,CUB,1995,0.02077
Cuba,CUB,1996,0.02508
Cuba,CUB,1997,0.03172
Cuba,CUB,1998,0.04142
Cuba,CUB,1999,0.05464
Cuba,CUB,2000,0.07146
Cuba,CUB,2001,0.09188
Cuba,CUB,2002,0.11546
Cuba,CUB,2003,0.14106
Cuba,CUB,2004,0.16771
Cuba,CUB,2005,0.19459
Cuba,CUB,2006,0.22165
Cuba,CUB,2007,0.24871
Cuba,CUB,2008,0.27573
Cuba,CUB,2009,0.30272
Cuba,CUB,2010,0.32927
Cuba,CUB,2011,0.35529
Cuba,CUB,2012,0.38042
Cuba,CUB,2013,0.40484
Cuba,CUB,2014,0.42876
Cuba,CUB,2015,0.45251
Cuba,CUB,2016,0.47583
Cuba,CUB,2017,0.49808
Cuba,CUB,2018,0.51978
Cuba,CUB,2019,0.54159
Cuba,CUB,2020,0.56303
Cuba,CUB,2021,0.58367
Cuba,CUB,2022,0.60288
Cuba,CUB,2023,0.61928
Cuba,CUB,2024,0.6323
Democratic Republic of Congo,COD,1990,1.93979
Democratic Republic of Congo,COD,1991,2.09309
Democratic Republic of Congo,COD,1992,2.21415
Democratic Republic of Congo,COD,1993,2.30666
Democratic Republic of Congo,COD,1994,2.36412
Democratic Republic of Congo,COD,1995,2.37317
Democratic Republic of Congo,COD,1996,2.35914
Democratic Republic of Congo,COD,1997,2.32959
Democratic Republic of Congo,COD,1998,2.27684
Democratic Republic of Congo,COD,1999,2.2077
Democratic Republic of Congo,COD,2000,2.12787
Democratic Republic of Congo,COD,2001,2.0367
Democratic Republic of Congo,COD,2002,1.94447
Democratic Republic of Congo,COD,2003,1.84913
Democratic Republic of Congo,COD,2004,1.75875
Democratic Republic of Congo,COD,2005,1.67295
Democratic Republic of Congo,COD,2006,1.59176
Democratic Republic of Congo,COD,2007,1.51502
Democratic Republic of Congo,COD,2008,1.43801
Democratic Republic of Congo,COD,2009,1.368
Democratic Republic of Congo,COD,2010,1.29823
Democratic Republic of Congo,COD,2011,1.23271
Democratic Republic of Congo,COD,2012,1.17131
Democratic Republic of Congo,COD,2013,1.11672
Democratic Republic of Congo,COD,2014,1.06661
Democratic Republic of Congo,COD,2015,1.02108
Democratic Republic of Congo,COD,2016,0.98055
Democratic Republic of Congo,COD,2017,0.94498
Democratic Republic of Congo,COD,2018,0.91289
Democratic Republic of Congo,COD,2019,0.88349
Democratic Republic of Congo,COD,2020,0.85447
Democratic Republic of Congo,COD,2021,0.82811
Democratic Republic of Congo,COD,2022,0.80274
Democratic Republic of Congo,COD,2023,0.77532
Democratic Republic of Congo,COD,2024,0.74788
Denmark,DNK,1990,0.08188
Denmark,DNK,1991,0.08689
Denmark,DNK,1992,0.09109
Denmark,DNK,1993,0.09444
Denmark,DNK,1994,0.09708
Denmark,DNK,1995,0.09905
Denmark,DNK,1996,0.10044
Denmark,DNK,1997,0.10549
Denmark,DNK,1998,0.11194
Denmark,DNK,1999,0.11784
Denmark,DNK,2000,0.12301
Denmark,DNK,2001,0.12734
Denmark,DNK,2002,0.13082
Denmark,DNK,2003,0.13336
Denmark,DNK,2004,0.13501
Denmark,DNK,2005,0.13568
Denmark,DNK,2006,0.13559
Denmark,DNK,2007,0.13469
Denmark,DNK,2008,0.13338
Denmark,DNK,2009,0.13194
Denmark,DNK,2010,0.13013
Denmark,DNK,2011,0.1279
Denmark,DNK,2012,0.12524
Denmark,DNK,2013,0.12212
Denmark,DNK,2014,0.11861
Denmark,DNK,2015,0.11456
Denmark,DNK,2016,0.11046
Denmark,DNK,2017,0.10612
Denmark,DNK,2018,0.10158
Denmark,DNK,2019,0.09687
Denmark,DNK,2020,0.09209
Denmark,DNK,2021,0.08721
Denmark,DNK,2022,0.08222
Denmark,DNK,2023,0.07777
Denmark,DNK,2024,0.07306
Djibouti,DJI,1990,0.92112
Djibouti,DJI,1991,1.2353
Djibouti,DJI,1992,1.65016
Djibouti,DJI,1993,2.02228
Djibouti,DJI,1994,2.36059
Djibouti,DJI,1995,2.68043
Djibouti,DJI,1996,2.97514
Djibouti,DJI,1997,3.19687
Djibouti,DJI,1998,3.36636
Djibouti,DJI,1999,3.50204
Djibouti,DJI,2000,3.606
Djibouti,DJI,2001,3.64545
Djibouti,DJI,2002,3.60924
Djibouti,DJI,2003,3.52678
Djibouti,DJI,2004,3.43252
Djibouti,DJI,2005,3.31154
Djibouti,DJI,2006,3.16209
Djibouti,DJI,2007,3.0038
Djibouti,DJI,2008,2.84895
Djibouti,DJI,2009,2.69869
Djibouti,DJI,2010,2.54579
Djibouti,DJI,2011,2.37657
Djibouti,DJI,2012,2.20657
Djibouti,DJI,2013,2.03717
Djibouti,DJI,2014,1.87358
Djibouti,DJI,2015,1.72997
Djibouti,DJI,2016,1.58406
Djibouti,DJI,2017,1.4529
Djibouti,DJI,2018,1.35057
Djibouti,DJI,2019,1.25544
Djibouti,DJI,2020,1.17125
Djibouti,DJI,2021,1.0909
Djibouti,DJI,2022,1.01686
Djibouti,DJI,2023,0.96111
Djibouti,DJI,2024,0.90952
Dominica,DMA,1990,0.36989
Dominica,DMA,1991,0.38562
Dominica,DMA,1992,0.39992
Dominica,DMA,1993,0.4116
Dominica,DMA,1994,0.42066
Dominica,DMA,1995,0.42678
Dominica,DMA,1996,0.42973
Dominica,DMA,1997,0.42982
Dominica,DMA,1998,0.42777
Dominica,DMA,1999,0.42415
Dominica,DMA,2000,0.42065
Dominica,DMA,2001,0.41826
Dominica,DMA,2002,0.4166
Dominica,DMA,2003,0.41546
Dominica,DMA,2004,0.41525
Dominica,DMA,2005,0.41566
Dominica,DMA,2006,0.41623
Dominica,DMA,2007,0.41675
Dominica,DMA,2008,0.41581
Dominica,DMA,2009,0.41619
Dominica,DMA,2010,0.41935
Dominica,DMA,2011,0.42312
Dominica,DMA,2012,0.43152
Dominica,DMA,2013,0.43429
Dominica,DMA,2014,0.43895
Dominica,DMA,2015,0.43963
Dominica,DMA,2016,0.44808
Dominica,DMA,2017,0.45149
Dominica,DMA,2018,0.45611
Dominica,DMA,2019,0.46089
Dominica,DMA,2020,0.46549
Dominica,DMA,2021,0.46943
Dominica,DMA,2022,0.47132
Dominica,DMA,2023,0.47336
Dominica,DMA,2024,0.47578
Dominican Republic,DOM,1990,0.44591
Dominican Republic,DOM,1991,0.60736
Dominican Republic,DOM,1992,0.78065
Dominican Republic,DOM,1993,0.95581
Dominican Republic,DOM,1994,1.1138
Dominican Republic,DOM,1995,1.24219
Dominican Republic,DOM,1996,1.32114
Dominican Republic,DOM,1997,1.37326
Dominican Republic,DOM,1998,1.40267
Dominican Republic,DOM,1999,1.4174
Dominican Republic,DOM,2000,1.4231
Dominican Republic,DOM,2001,1.41252
Dominican Republic,DOM,2002,1.39565
Dominican Republic,DOM,2003,1.36904
Dominican Republic,DOM,2004,1.33289
Dominican Republic,DOM,2005,1.29891
Dominican Republic,DOM,2006,1.26944
Dominican Republic,DOM,2007,1.24366
Dominican Republic,DOM,2008,1.22142
Dominican Republic,DOM,2009,1.20295
Dominican Republic,DOM,2010,1.18573
Dominican Republic,DOM,2011,1.1662
Dominican Republic,DOM,2012,1.14675
Dominican Republic,DOM,2013,1.12513
Dominican Republic,DOM,2014,1.10466
Dominican Republic,DOM,2015,1.08516
Dominican Republic,DOM,2016,1.06919
Dominican Republic,DOM,2017,1.05737
Dominican Republic,DOM,2018,1.04807
Dominican Republic,DOM,2019,1.04159
Dominican Republic,DOM,2020,1.03833
Dominican Republic,DOM,2021,1.03745
Dominican Republic,DOM,2022,1.03598
Dominican Republic,DOM,2023,1.03367
Dominican Republic,DOM,2024,1.02999
East Timor,TLS,1990,0.03966
East Timor,TLS,1991,0.04731
East Timor,TLS,1992,0.05512
East Timor,TLS,1993,0.06373
East Timor,TLS,1994,0.07166
East Timor,TLS,1995,0.07983
East Timor,TLS,1996,0.08644
East Timor,TLS,1997,0.09338
East Timor,TLS,1998,0.09999
East Timor,TLS,1999,0.10541
East Timor,TLS,2000,0.10947
East Timor,TLS,2001,0.11424
East Timor,TLS,2002,0.11974
East Timor,TLS,2003,0.12431
East Timor,TLS,2004,0.12881
East Timor,TLS,2005,0.13274
East Timor,TLS,2006,0.13654
East Timor,TLS,2007,0.13997
East Timor,TLS,2008,0.14279
East Timor,TLS,2009,0.14531
East Timor,TLS,2010,0.14873
East Timor,TLS,2011,0.15214
East Timor,TLS,2012,0.15523
East Timor,TLS,2013,0.15897
East Timor,TLS,2014,0.16453
East Timor,TLS,2015,0.16968
East Timor,TLS,2016,0.17436
East Timor,TLS,2017,0.17881
East Timor,TLS,2018,0.18403
East Timor,TLS,2019,0.18957
East Timor,TLS,2020,0.19473
East Timor,TLS,2021,0.20082
East Timor,TLS,2022,0.2064
East Timor,TLS,2023,0.21163
East Timor,TLS,2024,0.2178
East and Southern Africa (UNAIDS),,1990,4.322183
East and Southern Africa (UNAIDS),,1991,5.0855975
East and Southern Africa (UNAIDS),,1992,5.8083324
East and Southern Africa (UNAIDS),,1993,6.450385
East and Southern Africa (UNAIDS),,1994,7.0143247
East and Southern Africa (UNAIDS),,1995,7.467129
East and Southern Africa (UNAIDS),,1996,7.8197026
East and Southern Africa (UNAIDS),,1997,8.080996
East and Southern Africa (UNAIDS),,1998,8.25848
East and Southern Africa (UNAIDS),,1999,8.334408
East and Southern Africa (UNAIDS),,2000,8.33642
East and Southern Africa (UNAIDS),,2001,8.271771
East and Southern Africa (UNAIDS),,2002,8.156608
East and Southern Africa (UNAIDS),,2003,7.997027
East and Southern Africa (UNAIDS),,2004,7.82411
East and Southern Africa (UNAIDS),,2005,7.6590266
East and Southern Africa (UNAIDS),,2006,7.5164638
East and Southern Africa (UNAIDS),,2007,7.413898
East and Southern Africa (UNAIDS),,2008,7.346895
East and Southern Africa (UNAIDS),,2009,7.297161
East and Southern Africa (UNAIDS),,2010,7.2508044
East and Southern Africa (UNAIDS),,2011,7.208893
East and Southern Africa (UNAIDS),,2012,7.1656966
East and Southern Africa (UNAIDS),,2013,7.1163425
East and Southern Africa (UNAIDS),,2014,7.063164
East and Southern Africa (UNAIDS),,2015,6.993428
East and Southern Africa (UNAIDS),,2016,6.9118953
East and Southern Africa (UNAIDS),,2017,6.8040476
East and Southern Africa (UNAIDS),,2018,6.663227
East and Southern Africa (UNAIDS),,2019,6.5044966
East and Southern Africa (UNAIDS),,2020,6.324733
East and Southern Africa (UNAIDS),,2021,6.1372933
East and Southern Africa (UNAIDS),,2022,5.9324117
East and Southern Africa (UNAIDS),,2023,5.7161345
East and Southern Africa (UNAIDS),,2024,5.4950423
Eastern Europe and Central Asia (UNAIDS),,1990,0.049473822
Eastern Europe and Central Asia (UNAIDS),,1991,0.054583494
Eastern Europe and Central Asia (UNAIDS),,1992,0.061241515
Eastern Europe and Central Asia (UNAIDS),,1993,0.070834264
Eastern Europe and Central Asia (UNAIDS),,1994,0.08496783
Eastern Europe and Central Asia (UNAIDS),,1995,0.10397687
Eastern Europe and Central Asia (UNAIDS),,1996,0.12848902
Eastern Europe and Central Asia (UNAIDS),,1997,0.15502326
Eastern Europe and Central Asia (UNAIDS),,1998,0.18212971
Eastern Europe and Central Asia (UNAIDS),,1999,0.20794274
Eastern Europe and Central Asia (UNAIDS),,2000,0.23206252
Eastern Europe and Central Asia (UNAIDS),,2001,0.25333962
Eastern Europe and Central Asia (UNAIDS),,2002,0.27273476
Eastern Europe and Central Asia (UNAIDS),,2003,0.29194
Eastern Europe and Central Asia (UNAIDS),,2004,0.3127012
Eastern Europe and Central Asia (UNAIDS),,2005,0.33593908
Eastern Europe and Central Asia (UNAIDS),,2006,0.36357132
Eastern Europe and Central Asia (UNAIDS),,2007,0.39777
Eastern Europe and Central Asia (UNAIDS),,2008,0.4385478
Eastern Europe and Central Asia (UNAIDS),,2009,0.48447654
Eastern Europe and Central Asia (UNAIDS),,2010,0.534506
Eastern Europe and Central Asia (UNAIDS),,2011,0.5888387
Eastern Europe and Central Asia (UNAIDS),,2012,0.6461213
Eastern Europe and Central Asia (UNAIDS),,2013,0.7044552
Eastern Europe and Central Asia (UNAIDS),,2014,0.76265067
Eastern Europe and Central Asia (UNAIDS),,2015,0.81905794
Eastern Europe and Central Asia (UNAIDS),,2016,0.87369657
Eastern Europe and Central Asia (UNAIDS),,2017,0.9267036
Eastern Europe and Central Asia (UNAIDS),,2018,0.975679
Eastern Europe and Central Asia (UNAIDS),,2019,1.0213072
Eastern Europe and Central Asia (UNAIDS),,2020,1.0631539
Eastern Europe and Central Asia (UNAIDS),,2021,1.0990604
Eastern Europe and Central Asia (UNAIDS),,2022,1.1348797
Eastern Europe and Central Asia (UNAIDS),,2023,1.1588289
Eastern Europe and Central Asia (UNAIDS),,2024,1.1736356
Ecuador,ECU,1990,0.07341
Ecuador,ECU,1991,0.0933
Ecuador,ECU,1992,0.11842
Ecuador,ECU,1993,0.14712
Ecuador,ECU,1994,0.17846
Ecuador,ECU,1995,0.21127
Ecuador,ECU,1996,0.24297
Ecuador,ECU,1997,0.2719
Ecuador,ECU,1998,0.29737
Ecuador,ECU,1999,0.31799
Ecuador,ECU,2000,0.33512
Ecuador,ECU,2001,0.34794
Ecuador,ECU,2002,0.35759
Ecuador,ECU,2003,0.36446
Ecuador,ECU,2004,0.36936
Ecuador,ECU,2005,0.37258
Ecuador,ECU,2006,0.37605
Ecuador,ECU,2007,0.37989
Ecuador,ECU,2008,0.38512
Ecuador,ECU,2009,0.39083
Ecuador,ECU,2010,0.3977
Ecuador,ECU,2011,0.40418
Ecuador,ECU,2012,0.40872
Ecuador,ECU,2013,0.41129
Ecuador,ECU,2014,0.41253
Ecuador,ECU,2015,0.41349
Ecuador,ECU,2016,0.41362
Ecuador,ECU,2017,0.41388
Ecuador,ECU,2018,0.41452
Ecuador,ECU,2019,0.41587
Ecuador,ECU,2020,0.41673
Ecuador,ECU,2021,0.4184
Ecuador,ECU,2022,0.41985
Ecuador,ECU,2023,0.41999
Ecuador,ECU,2024,0.41954
Egypt,EGY,1990,0.01732
Egypt,EGY,1991,0.01954
Egypt,EGY,1992,0.02151
Egypt,EGY,1993,0.02324
Egypt,EGY,1994,0.0248
Egypt,EGY,1995,0.0262
Egypt,EGY,1996,0.02734
Egypt,EGY,1997,0.02833
Egypt,EGY,1998,0.02908
Egypt,EGY,1999,0.02966
Egypt,EGY,2000,0.03022
Egypt,EGY,2001,0.0307
Egypt,EGY,2002,0.03114
Egypt,EGY,2003,0.03153
Egypt,EGY,2004,0.03201
Egypt,EGY,2005,0.03259
Egypt,EGY,2006,0.03319
Egypt,EGY,2007,0.0339
Egypt,EGY,2008,0.03484
Egypt,EGY,2009,0.03586
Egypt,EGY,2010,0.03699
Egypt,EGY,2011,0.03839
Egypt,EGY,2012,0.03985
Egypt,EGY,2013,0.04154
Egypt,EGY,2014,0.04337
Egypt,EGY,2015,0.04542
Egypt,EGY,2016,0.04778
Egypt,EGY,2017,0.05044
Egypt,EGY,2018,0.05336
Egypt,EGY,2019,0.05665
Egypt,EGY,2020,0.06026
Egypt,EGY,2021,0.06418
Egypt,EGY,2022,0.06808
Egypt,EGY,2023,0.07263
Egypt,EGY,2024,0.07754
El Salvador,SLV,1990,0.06211
El Salvador,SLV,1991,0.08969
El Salvador,SLV,1992,0.12388
El Salvador,SLV,1993,0.16395
El Salvador,SLV,1994,0.2087
El Salvador,SLV,1995,0.25675
El Salvador,SLV,1996,0.30655
El Salvador,SLV,1997,0.35659
El Salvador,SLV,1998,0.40526
El Salvador,SLV,1999,0.45091
El Salvador,SLV,2000,0.49175
El Salvador,SLV,2001,0.52626
El Salvador,SLV,2002,0.55305
El Salvador,SLV,2003,0.57215
El Salvador,SLV,2004,0.58485
El Salvador,SLV,2005,0.59234
El Salvador,SLV,2006,0.59339
El Salvador,SLV,2007,0.58836
El Salvador,SLV,2008,0.57715
El Salvador,SLV,2009,0.56241
El Salvador,SLV,2010,0.54628
El Salvador,SLV,2011,0.52965
El Salvador,SLV,2012,0.51224
El Salvador,SLV,2013,0.49514
El Salvador,SLV,2014,0.4802
El Salvador,SLV,2015,0.46682
El Salvador,SLV,2016,0.45525
El Salvador,SLV,2017,0.44516
El Salvador,SLV,2018,0.4362
El Salvador,SLV,2019,0.42955
El Salvador,SLV,2020,0.42481
El Salvador,SLV,2021,0.42094
El Salvador,SLV,2022,0.41826
El Salvador,SLV,2023,0.41657
El Salvador,SLV,2024,0.41596
Eritrea,ERI,1990,1.50039
Eritrea,ERI,1991,1.73605
Eritrea,ERI,1992,1.94442
Eritrea,ERI,1993,2.16177
Eritrea,ERI,1994,2.29168
Eritrea,ERI,1995,2.44351
Eritrea,ERI,1996,2.43849
Eritrea,ERI,1997,2.4661
Eritrea,ERI,1998,2.45095
Eritrea,ERI,1999,2.40422
Eritrea,ERI,2000,2.31009
Eritrea,ERI,2001,2.19531
Eritrea,ERI,2002,2.04276
Eritrea,ERI,2003,1.90006
Eritrea,ERI,2004,1.73267
Eritrea,ERI,2005,1.57468
Eritrea,ERI,2006,1.43476
Eritrea,ERI,2007,1.31758
Eritrea,ERI,2008,1.21797
Eritrea,ERI,2009,1.12285
Eritrea,ERI,2010,1.04021
Eritrea,ERI,2011,0.96051
Eritrea,ERI,2012,0.89517
Eritrea,ERI,2013,0.8329
Eritrea,ERI,2014,0.78102
Eritrea,ERI,2015,0.73135
Eritrea,ERI,2016,0.68366
Eritrea,ERI,2017,0.63827
Eritrea,ERI,2018,0.59741
Eritrea,ERI,2019,0.55774
Eritrea,ERI,2020,0.51844
Eritrea,ERI,2021,0.48463
Eritrea,ERI,2022,0.45466
Eritrea,ERI,2023,0.42634
Eritrea,ERI,2024,0.40057
Estonia,EST,1990,0
Estonia,EST,1991,0
Estonia,EST,1992,0
Estonia,EST,1993,0
Estonia,EST,1994,0
Estonia,EST,1995,0
Estonia,EST,1996,0
Estonia,EST,1997,0
Estonia,EST,1998,0
Estonia,EST,1999,0
Estonia,EST,2000,0.0212
Estonia,EST,2001,0.16296
Estonia,EST,2002,0.28506
Estonia,EST,2003,0.38681
Estonia,EST,2004,0.47003
Estonia,EST,2005,0.53953
Estonia,EST,2006,0.59889
Estonia,EST,2007,0.64855
Estonia,EST,2008,0.69087
Estonia,EST,2009,0.72575
Estonia,EST,2010,0.75394
Estonia,EST,2011,0.77662
Estonia,EST,2012,0.79456
Estonia,EST,2013,0.80813
Estonia,EST,2014,0.81735
Estonia,EST,2015,0.81972
Estonia,EST,2016,0.82108
Estonia,EST,2017,0.8196
Estonia,EST,2018,0.81511
Estonia,EST,2019,0.80731
Estonia,EST,2020,0.7937
Estonia,EST,2021,0.77463
Estonia,EST,2022,0.75098
Estonia,EST,2023,0.73032
Estonia,EST,2024,0.70752
Eswatini,SWZ,1990,1.20927
Eswatini,SWZ,1991,2.33252
Eswatini,SWZ,1992,4.0871
Eswatini,SWZ,1993,6.51072
Eswatini,SWZ,1994,9.31018
Eswatini,SWZ,1995,12.62505
Eswatini,SWZ,1996,15.80222
Eswatini,SWZ,1997,18.64861
Eswatini,SWZ,1998,20.95878
Eswatini,SWZ,1999,22.82359
Eswatini,SWZ,2000,24.20568
Eswatini,SWZ,2001,25.20228
Eswatini,SWZ,2002,25.87362
Eswatini,SWZ,2003,26.33589
Eswatini,SWZ,2004,26.62652
Eswatini,SWZ,2005,26.7913
Eswatini,SWZ,2006,26.99873
Eswatini,SWZ,2007,27.21436
Eswatini,SWZ,2008,27.46366
Eswatini,SWZ,2009,27.72765
Eswatini,SWZ,2010,28.03664
Eswatini,SWZ,2011,28.41971
Eswatini,SWZ,2012,28.79841
Eswatini,SWZ,2013,29.17014
Eswatini,SWZ,2014,29.40869
Eswatini,SWZ,2015,29.34391
Eswatini,SWZ,2016,28.9998
Eswatini,SWZ,2017,28.57319
Eswatini,SWZ,2018,28.13938
Eswatini,SWZ,2019,27.59498
Eswatini,SWZ,2020,26.89184
Eswatini,SWZ,2021,26.14575
Eswatini,SWZ,2022,25.20576
Eswatini,SWZ,2023,24.30406
Eswatini,SWZ,2024,23.37995
Ethiopia,ETH,1990,2.191398
Ethiopia,ETH,1991,2.6497133
Ethiopia,ETH,1992,3.0137029
Ethiopia,ETH,1993,3.2672217
Ethiopia,ETH,1994,3.3979704
Ethiopia,ETH,1995,3.4286964
Ethiopia,ETH,1996,3.375419
Ethiopia,ETH,1997,3.2658677
Ethiopia,ETH,1998,3.1158633
Ethiopia,ETH,1999,2.9409988
Ethiopia,ETH,2000,2.7489076
Ethiopia,ETH,2001,2.5506024
Ethiopia,ETH,2002,2.3531086
Ethiopia,ETH,2003,2.1620655
Ethiopia,ETH,2004,1.9812992
Ethiopia,ETH,2005,1.8216355
Ethiopia,ETH,2006,1.6884108
Ethiopia,ETH,2007,1.5861086
Ethiopia,ETH,2008,1.508708
Ethiopia,ETH,2009,1.4435347
Ethiopia,ETH,2010,1.3872477
Ethiopia,ETH,2011,1.335259
Ethiopia,ETH,2012,1.2850205
Ethiopia,ETH,2013,1.2318566
Ethiopia,ETH,2014,1.1752117
Ethiopia,ETH,2015,1.1230166
Ethiopia,ETH,2016,1.0723393
Ethiopia,ETH,2017,1.0212142
Ethiopia,ETH,2018,0.9703808
Ethiopia,ETH,2019,0.9191587
Ethiopia,ETH,2020,0.86876154
Ethiopia,ETH,2021,0.8205156
Ethiopia,ETH,2022,0.76978064
Ethiopia,ETH,2023,0.7212354
Ethiopia,ETH,2024,0.6749597
Fiji,FJI,1990,0
Fiji,FJI,1991,0.00001
Fiji,FJI,1992,0.00002
Fiji,FJI,1993,0.00004
Fiji,FJI,1994,0.00005
Fiji,FJI,1995,0.00009
Fiji,FJI,1996,0.00014
Fiji,FJI,1997,0.00021
Fiji,FJI,1998,0.00031
Fiji,FJI,1999,0.00047
Fiji,FJI,2000,0.00069
Fiji,FJI,2001,0.00102
Fiji,FJI,2002,0.00148
Fiji,FJI,2003,0.00215
Fiji,FJI,2004,0.0031
Fiji,FJI,2005,0.00449
Fiji,FJI,2006,0.00646
Fiji,FJI,2007,0.0092
Fiji,FJI,2008,0.01298
Fiji,FJI,2009,0.01819
Fiji,FJI,2010,0.02517
Fiji,FJI,2011,0.03472
Fiji,FJI,2012,0.04756
Fiji,FJI,2013,0.06453
Fiji,FJI,2014,0.08713
Fiji,FJI,2015,0.11667
Fiji,FJI,2016,0.15453
Fiji,FJI,2017,0.20233
Fiji,FJI,2018,0.26255
Fiji,FJI,2019,0.33781
Fiji,FJI,2020,0.43072
Fiji,FJI,2021,0.54427
Fiji,FJI,2022,0.6809
Fiji,FJI,2023,0.84352
Fiji,FJI,2024,1.04185
France,FRA,1990,0.12917
France,FRA,1991,0.13886
France,FRA,1992,0.14743
France,FRA,1993,0.15493
France,FRA,1994,0.16141
France,FRA,1995,0.16686
France,FRA,1996,0.17141
France,FRA,1997,0.17819
France,FRA,1998,0.18789
France,FRA,1999,0.19794
France,FRA,2000,0.20824
France,FRA,2001,0.21809
France,FRA,2002,0.22742
France,FRA,2003,0.23558
France,FRA,2004,0.24313
France,FRA,2005,0.24988
France,FRA,2006,0.25627
France,FRA,2007,0.26129
France,FRA,2008,0.2657
France,FRA,2009,0.26923
France,FRA,2010,0.27225
France,FRA,2011,0.27448
France,FRA,2012,0.27697
France,FRA,2013,0.27831
France,FRA,2014,0.27943
France,FRA,2015,0.28119
France,FRA,2016,0.28247
France,FRA,2017,0.28353
France,FRA,2018,0.28431
France,FRA,2019,0.28532
France,FRA,2020,0.28237
France,FRA,2021,0.2792
France,FRA,2022,0.2821
France,FRA,2023,0.28482
Gabon,GAB,1990,1.2596
Gabon,GAB,1991,1.61171
Gabon,GAB,1992,2.01409
Gabon,GAB,1993,2.44947
Gabon,GAB,1994,2.9176
Gabon,GAB,1995,3.4119
Gabon,GAB,1996,3.83614
Gabon,GAB,1997,4.21001
Gabon,GAB,1998,4.48616
Gabon,GAB,1999,4.65917
Gabon,GAB,2000,4.74483
Gabon,GAB,2001,4.78181
Gabon,GAB,2002,4.77254
Gabon,GAB,2003,4.72166
Gabon,GAB,2004,4.65213
Gabon,GAB,2005,4.5993
Gabon,GAB,2006,4.55309
Gabon,GAB,2007,4.5036
Gabon,GAB,2008,4.42518
Gabon,GAB,2009,4.35078
Gabon,GAB,2010,4.27042
Gabon,GAB,2011,4.18438
Gabon,GAB,2012,4.10756
Gabon,GAB,2013,4.03651
Gabon,GAB,2014,3.96077
Gabon,GAB,2015,3.87261
Gabon,GAB,2016,3.7651
Gabon,GAB,2017,3.66183
Gabon,GAB,2018,3.55224
Gabon,GAB,2019,3.4287
Gabon,GAB,2020,3.30393
Gabon,GAB,2021,3.17691
Gabon,GAB,2022,3.04993
Gabon,GAB,2023,2.93149
Gabon,GAB,2024,2.79942
Gambia,GMB,1990,0.18167
Gambia,GMB,1991,0.25141
Gambia,GMB,1992,0.34699
Gambia,GMB,1993,0.46525
Gambia,GMB,1994,0.60613
Gambia,GMB,1995,0.76847
Gambia,GMB,1996,0.94225
Gambia,GMB,1997,1.12401
Gambia,GMB,1998,1.30524
Gambia,GMB,1999,1.46606
Gambia,GMB,2000,1.61007
Gambia,GMB,2001,1.72882
Gambia,GMB,2002,1.82711
Gambia,GMB,2003,1.89986
Gambia,GMB,2004,1.94226
Gambia,GMB,2005,1.97577
Gambia,GMB,2006,2.00031
Gambia,GMB,2007,2.00555
Gambia,GMB,2008,2.00629
Gambia,GMB,2009,1.99714
Gambia,GMB,2010,1.98314
Gambia,GMB,2011,1.97565
Gambia,GMB,2012,1.96376
Gambia,GMB,2013,1.94169
Gambia,GMB,2014,1.906
Gambia,GMB,2015,1.8627
Gambia,GMB,2016,1.81019
Gambia,GMB,2017,1.75246
Gambia,GMB,2018,1.68785
Gambia,GMB,2019,1.62458
Gambia,GMB,2020,1.56022
Gambia,GMB,2021,1.48918
Gambia,GMB,2022,1.4186
Gambia,GMB,2023,1.35207
Gambia,GMB,2024,1.28522
Georgia,GEO,1990,0.00016
Georgia,GEO,1991,0.00016
Georgia,GEO,1992,0.00014
Georgia,GEO,1993,0.00012
Georgia,GEO,1994,0.00014
Georgia,GEO,1995,0.00023
Georgia,GEO,1996,0.00048
Georgia,GEO,1997,0.00101
Georgia,GEO,1998,0.00196
Georgia,GEO,1999,0.00351
Georgia,GEO,2000,0.0059
Georgia,GEO,2001,0.00935
Georgia,GEO,2002,0.01402
Georgia,GEO,2003,0.02
Georgia,GEO,2004,0.02748
Georgia,GEO,2005,0.03665
Georgia,GEO,2006,0.04757
Georgia,GEO,2007,0.06032
Georgia,GEO,2008,0.07485
Georgia,GEO,2009,0.09108
Georgia,GEO,2010,0.10916
Georgia,GEO,2011,0.1286
Georgia,GEO,2012,0.14921
Georgia,GEO,2013,0.17091
Georgia,GEO,2014,0.19289
Georgia,GEO,2015,0.21527
Georgia,GEO,2016,0.23795
Georgia,GEO,2017,0.26032
Georgia,GEO,2018,0.28207
Georgia,GEO,2019,0.30272
Georgia,GEO,2020,0.3218
Georgia,GEO,2021,0.3388
Georgia,GEO,2022,0.35198
Georgia,GEO,2023,0.36337
Georgia,GEO,2024,0.37175
Germany,DEU,2010,0.11559
Germany,DEU,2011,0.11781
Germany,DEU,2012,0.12101
Germany,DEU,2013,0.12359
Germany,DEU,2014,0.12642
Germany,DEU,2015,0.128
Germany,DEU,2016,0.13089
Germany,DEU,2017,0.13355
Germany,DEU,2018,0.13607
Germany,DEU,2019,0.13927
Germany,DEU,2020,0.14119
Germany,DEU,2021,0.14305
Germany,DEU,2022,0.14703
Germany,DEU,2023,0.15221
Germany,DEU,2024,0.15825
Ghana,GHA,1990,1.31554
Ghana,GHA,1991,1.59325
Ghana,GHA,1992,1.85253
Ghana,GHA,1993,2.08423
Ghana,GHA,1994,2.28629
Ghana,GHA,1995,2.42238
Ghana,GHA,1996,2.51822
Ghana,GHA,1997,2.57213
Ghana,GHA,1998,2.59167
Ghana,GHA,1999,2.58592
Ghana,GHA,2000,2.55226
Ghana,GHA,2001,2.50216
Ghana,GHA,2002,2.43841
Ghana,GHA,2003,2.36542
Ghana,GHA,2004,2.28795
Ghana,GHA,2005,2.21135
Ghana,GHA,2006,2.1404
Ghana,GHA,2007,2.07726
Ghana,GHA,2008,2.02363
Ghana,GHA,2009,1.9771
Ghana,GHA,2010,1.94049
Ghana,GHA,2011,1.91267
Ghana,GHA,2012,1.88848
Ghana,GHA,2013,1.86317
Ghana,GHA,2014,1.83467
Ghana,GHA,2015,1.80426
Ghana,GHA,2016,1.77058
Ghana,GHA,2017,1.73706
Ghana,GHA,2018,1.70242
Ghana,GHA,2019,1.66795
Ghana,GHA,2020,1.63557
Ghana,GHA,2021,1.59908
Ghana,GHA,2022,1.56437
Ghana,GHA,2023,1.52905
Ghana,GHA,2024,1.48983
Greece,GRC,1990,0.01936
Greece,GRC,1991,0.02414
Greece,GRC,1992,0.02938
Greece,GRC,1993,0.03486
Greece,GRC,1994,0.04031
Greece,GRC,1995,0.04667
Greece,GRC,1996,0.05304
Greece,GRC,1997,0.05885
Greece,GRC,1998,0.06394
Greece,GRC,1999,0.06839
Greece,GRC,2000,0.0725
Greece,GRC,2001,0.07674
Greece,GRC,2002,0.08163
Greece,GRC,2003,0.08772
Greece,GRC,2004,0.09522
Greece,GRC,2005,0.1038
Greece,GRC,2006,0.11304
Greece,GRC,2007,0.12252
Greece,GRC,2008,0.13202
Greece,GRC,2009,0.1414
Greece,GRC,2010,0.15103
Greece,GRC,2011,0.16119
Greece,GRC,2012,0.1719
Greece,GRC,2013,0.18244
Greece,GRC,2014,0.19239
Greece,GRC,2015,0.20185
Greece,GRC,2016,0.20943
Greece,GRC,2017,0.21675
Greece,GRC,2018,0.22376
Greece,GRC,2019,0.2297
Greece,GRC,2020,0.23532
Greece,GRC,2021,0.24736
Greece,GRC,2022,0.25306
Greece,GRC,2023,0.26109
Greece,GRC,2024,0.26963
Guatemala,GTM,1990,0.17652
Guatemala,GTM,1991,0.22146
Guatemala,GTM,1992,0.26688
Guatemala,GTM,1993,0.31352
Guatemala,GTM,1994,0.35263
Guatemala,GTM,1995,0.38412
Guatemala,GTM,1996,0.40792
Guatemala,GTM,1997,0.42158
Guatemala,GTM,1998,0.4274
Guatemala,GTM,1999,0.42687
Guatemala,GTM,2000,0.42256
Guatemala,GTM,2001,0.41151
Guatemala,GTM,2002,0.39903
Guatemala,GTM,2003,0.38688
Guatemala,GTM,2004,0.37538
Guatemala,GTM,2005,0.36271
Guatemala,GTM,2006,0.35086
Guatemala,GTM,2007,0.34189
Guatemala,GTM,2008,0.33437
Guatemala,GTM,2009,0.32774
Guatemala,GTM,2010,0.31987
Guatemala,GTM,2011,0.30998
Guatemala,GTM,2012,0.2998
Guatemala,GTM,2013,0.28949
Guatemala,GTM,2014,0.27939
Guatemala,GTM,2015,0.26982
Guatemala,GTM,2016,0.26109
Guatemala,GTM,2017,0.2528
Guatemala,GTM,2018,0.24669
Guatemala,GTM,2019,0.24116
Guatemala,GTM,2020,0.23671
Guatemala,GTM,2021,0.23365
Guatemala,GTM,2022,0.23061
Guatemala,GTM,2023,0.22774
Guatemala,GTM,2024,0.22556
Guinea,GIN,1990,0.34188
Guinea,GIN,1991,0.42812
Guinea,GIN,1992,0.52847
Guinea,GIN,1993,0.64319
Guinea,GIN,1994,0.7634
Guinea,GIN,1995,0.89089
Guinea,GIN,1996,1.02296
Guinea,GIN,1997,1.14944
Guinea,GIN,1998,1.26737
Guinea,GIN,1999,1.376
Guinea,GIN,2000,1.46687
Guinea,GIN,2001,1.5394
Guinea,GIN,2002,1.59415
Guinea,GIN,2003,1.63587
Guinea,GIN,2004,1.65757
Guinea,GIN,2005,1.67372
Guinea,GIN,2006,1.68721
Guinea,GIN,2007,1.70048
Guinea,GIN,2008,1.70742
Guinea,GIN,2009,1.72021
Guinea,GIN,2010,1.73195
Guinea,GIN,2011,1.73476
Guinea,GIN,2012,1.729
Guinea,GIN,2013,1.71583
Guinea,GIN,2014,1.7002
Guinea,GIN,2015,1.67702
Guinea,GIN,2016,1.64715
Guinea,GIN,2017,1.61758
Guinea,GIN,2018,1.58506
Guinea,GIN,2019,1.54814
Guinea,GIN,2020,1.51115
Guinea,GIN,2021,1.47232
Guinea,GIN,2022,1.4292
Guinea,GIN,2023,1.38394
Guinea,GIN,2024,1.33698
Guinea-Bissau,GNB,1990,0.23254
Guinea-Bissau,GNB,1991,0.32838
Guinea-Bissau,GNB,1992,0.45924
Guinea-Bissau,GNB,1993,0.63572
Guinea-Bissau,GNB,1994,0.87901
Guinea-Bissau,GNB,1995,1.21211
Guinea-Bissau,GNB,1996,1.64679
Guinea-Bissau,GNB,1997,2.16512
Guinea-Bissau,GNB,1998,2.75133
Guinea-Bissau,GNB,1999,3.31559
Guinea-Bissau,GNB,2000,3.81808
Guinea-Bissau,GNB,2001,4.16431
Guinea-Bissau,GNB,2002,4.37962
Guinea-Bissau,GNB,2003,4.47989
Guinea-Bissau,GNB,2004,4.49008
Guinea-Bissau,GNB,2005,4.43615
Guinea-Bissau,GNB,2006,4.35342
Guinea-Bissau,GNB,2007,4.26425
Guinea-Bissau,GNB,2008,4.16601
Guinea-Bissau,GNB,2009,4.0691
Guinea-Bissau,GNB,2010,3.95416
Guinea-Bissau,GNB,2011,3.83228
Guinea-Bissau,GNB,2012,3.7104
Guinea-Bissau,GNB,2013,3.58171
Guinea-Bissau,GNB,2014,3.44606
Guinea-Bissau,GNB,2015,3.31377
Guinea-Bissau,GNB,2016,3.18141
Guinea-Bissau,GNB,2017,3.04586
Guinea-Bissau,GNB,2018,2.90717
Guinea-Bissau,GNB,2019,2.77791
Guinea-Bissau,GNB,2020,2.65116
Guinea-Bissau,GNB,2021,2.52609
Guinea-Bissau,GNB,2022,2.40328
Guinea-Bissau,GNB,2023,2.28429
Guinea-Bissau,GNB,2024,2.16422
Guyana,GUY,1990,0.16079
Guyana,GUY,1991,0.21584
Guyana,GUY,1992,0.28936
Guyana,GUY,1993,0.36114
Guyana,GUY,1994,0.43802
Guyana,GUY,1995,0.51564
Guyana,GUY,1996,0.59468
Guyana,GUY,1997,0.67567
Guyana,GUY,1998,0.75245
Guyana,GUY,1999,0.82861
Guyana,GUY,2000,0.89932
Guyana,GUY,2001,0.96203
Guyana,GUY,2002,1.0206
Guyana,GUY,2003,1.07011
Guyana,GUY,2004,1.11512
Guyana,GUY,2005,1.16661
Guyana,GUY,2006,1.21569
Guyana,GUY,2007,1.26202
Guyana,GUY,2008,1.30102
Guyana,GUY,2009,1.33599
Guyana,GUY,2010,1.36221
Guyana,GUY,2011,1.38255
Guyana,GUY,2012,1.40445
Guyana,GUY,2013,1.42193
Guyana,GUY,2014,1.43799
Guyana,GUY,2015,1.44921
Guyana,GUY,2016,1.45851
Guyana,GUY,2017,1.4682
Guyana,GUY,2018,1.46674
Guyana,GUY,2019,1.49483
Guyana,GUY,2020,1.50324
Guyana,GUY,2021,1.51555
Guyana,GUY,2022,1.53655
Guyana,GUY,2023,1.55575
Guyana,GUY,2024,1.56755
Haiti,HTI,1990,2.20586
Haiti,HTI,1991,2.43339
Haiti,HTI,1992,2.58792
Haiti,HTI,1993,2.68878
Haiti,HTI,1994,2.73508
Haiti,HTI,1995,2.74958
Haiti,HTI,1996,2.73075
Haiti,HTI,1997,2.6857
Haiti,HTI,1998,2.62481
Haiti,HTI,1999,2.55209
Haiti,HTI,2000,2.47878
Haiti,HTI,2001,2.40386
Haiti,HTI,2002,2.32291
Haiti,HTI,2003,2.23767
Haiti,HTI,2004,2.15062
Haiti,HTI,2005,2.06785
Haiti,HTI,2006,1.99882
Haiti,HTI,2007,1.94406
Haiti,HTI,2008,1.89843
Haiti,HTI,2009,1.86154
Haiti,HTI,2010,1.82471
Haiti,HTI,2011,1.78562
Haiti,HTI,2012,1.7493
Haiti,HTI,2013,1.72055
Haiti,HTI,2014,1.69537
Haiti,HTI,2015,1.67428
Haiti,HTI,2016,1.65593
Haiti,HTI,2017,1.65664
Haiti,HTI,2018,1.66046
Haiti,HTI,2019,1.67229
Haiti,HTI,2020,1.67941
Haiti,HTI,2021,1.67887
Haiti,HTI,2022,1.67749
Haiti,HTI,2023,1.66719
Haiti,HTI,2024,1.64909
Honduras,HND,1990,0.41188
Honduras,HND,1991,0.48627
Honduras,HND,1992,0.56223
Honduras,HND,1993,0.63656
Honduras,HND,1994,0.70177
Honduras,HND,1995,0.75651
Honduras,HND,1996,0.79584
Honduras,HND,1997,0.82219
Honduras,HND,1998,0.83247
Honduras,HND,1999,0.82702
Honduras,HND,2000,0.8069
Honduras,HND,2001,0.77142
Honduras,HND,2002,0.72698
Honduras,HND,2003,0.68121
Honduras,HND,2004,0.63475
Honduras,HND,2005,0.589
Honduras,HND,2006,0.54431
Honduras,HND,2007,0.50259
Honduras,HND,2008,0.46287
Honduras,HND,2009,0.42627
Honduras,HND,2010,0.39291
Honduras,HND,2011,0.36278
Honduras,HND,2012,0.33592
Honduras,HND,2013,0.31183
Honduras,HND,2014,0.28991
Honduras,HND,2015,0.26973
Honduras,HND,2016,0.25209
Honduras,HND,2017,0.23611
Honduras,HND,2018,0.2227
Honduras,HND,2019,0.21061
Honduras,HND,2020,0.19924
Honduras,HND,2021,0.18911
Honduras,HND,2022,0.17966
Honduras,HND,2023,0.1709
Honduras,HND,2024,0.16271
Iceland,ISL,1990,0.03996
Iceland,ISL,1991,0.04217
Iceland,ISL,1992,0.04434
Iceland,ISL,1993,0.04637
Iceland,ISL,1994,0.04818
Iceland,ISL,1995,0.04987
Iceland,ISL,1996,0.05155
Iceland,ISL,1997,0.05316
Iceland,ISL,1998,0.056
Iceland,ISL,1999,0.0602
Iceland,ISL,2000,0.06499
Iceland,ISL,2001,0.06985
Iceland,ISL,2002,0.07452
Iceland,ISL,2003,0.07902
Iceland,ISL,2004,0.08358
Iceland,ISL,2005,0.08651
Iceland,ISL,2006,0.08866
Iceland,ISL,2007,0.09064
Iceland,ISL,2008,0.09306
Iceland,ISL,2009,0.09551
Iceland,ISL,2010,0.0983
Iceland,ISL,2011,0.10088
Iceland,ISL,2012,0.10335
Iceland,ISL,2013,0.10569
Iceland,ISL,2014,0.10797
Iceland,ISL,2015,0.10986
Iceland,ISL,2016,0.11018
Iceland,ISL,2017,0.10832
Iceland,ISL,2018,0.10754
Iceland,ISL,2019,0.10707
Iceland,ISL,2020,0.10861
Iceland,ISL,2021,0.10992
Iceland,ISL,2022,0.11045
Iceland,ISL,2023,0.11122
Iceland,ISL,2024,0.11973
India,IND,2024,0.1992796
Indonesia,IDN,1990,0.00028
Indonesia,IDN,1991,0.0005
Indonesia,IDN,1992,0.00088
Indonesia,IDN,1993,0.00148
Indonesia,IDN,1994,0.00244
Indonesia,IDN,1995,0.00395
Indonesia,IDN,1996,0.00623
Indonesia,IDN,1997,0.00964
Indonesia,IDN,1998,0.01459
Indonesia,IDN,1999,0.02182
Indonesia,IDN,2000,0.03492
Indonesia,IDN,2001,0.06013
Indonesia,IDN,2002,0.09087
Indonesia,IDN,2003,0.1195
Indonesia,IDN,2004,0.14895
Indonesia,IDN,2005,0.17905
Indonesia,IDN,2006,0.20788
Indonesia,IDN,2007,0.2339
Indonesia,IDN,2008,0.25729
Indonesia,IDN,2009,0.27924
Indonesia,IDN,2010,0.29935
Indonesia,IDN,2011,0.31683
Indonesia,IDN,2012,0.33141
Indonesia,IDN,2013,0.34281
Indonesia,IDN,2014,0.35163
Indonesia,IDN,2015,0.35836
Indonesia,IDN,2016,0.36318
Indonesia,IDN,2017,0.36657
Indonesia,IDN,2018,0.36851
Indonesia,IDN,2019,0.36906
Indonesia,IDN,2020,0.36835
Indonesia,IDN,2021,0.36636
Indonesia,IDN,2022,0.36301
Indonesia,IDN,2023,0.35885
Indonesia,IDN,2024,0.35506
Iran,IRN,2024,0.06397
Iraq,IRQ,1990,0.00033
Iraq,IRQ,1991,0.00041
Iraq,IRQ,1992,0.0005
Iraq,IRQ,1993,0.00062
Iraq,IRQ,1994,0.00075
Iraq,IRQ,1995,0.00092
Iraq,IRQ,1996,0.0011
Iraq,IRQ,1997,0.0013
Iraq,IRQ,1998,0.00153
Iraq,IRQ,1999,0.00178
Iraq,IRQ,2000,0.00208
Iraq,IRQ,2001,0.00241
Iraq,IRQ,2002,0.00277
Iraq,IRQ,2003,0.00312
Iraq,IRQ,2004,0.00346
Iraq,IRQ,2005,0.00378
Iraq,IRQ,2006,0.00406
Iraq,IRQ,2007,0.00431
Iraq,IRQ,2008,0.00451
Iraq,IRQ,2009,0.00466
Iraq,IRQ,2010,0.00474
Iraq,IRQ,2011,0.00475
Iraq,IRQ,2012,0.00472
Iraq,IRQ,2013,0.00465
Iraq,IRQ,2014,0.00457
Iraq,IRQ,2015,0.00452
Iraq,IRQ,2016,0.00452
Iraq,IRQ,2017,0.00463
Iraq,IRQ,2018,0.00487
Iraq,IRQ,2019,0.00529
Iraq,IRQ,2020,0.00593
Iraq,IRQ,2021,0.00688
Iraq,IRQ,2022,0.00822
Iraq,IRQ,2023,0.01001
Iraq,IRQ,2024,0.01218
Ireland,IRL,1990,0.02693
Ireland,IRL,1991,0.03264
Ireland,IRL,1992,0.0383
Ireland,IRL,1993,0.04384
Ireland,IRL,1994,0.04932
Ireland,IRL,1995,0.05479
Ireland,IRL,1996,0.0611
Ireland,IRL,1997,0.06824
Ireland,IRL,1998,0.07607
Ireland,IRL,1999,0.08402
Ireland,IRL,2000,0.09192
Ireland,IRL,2001,0.09976
Ireland,IRL,2002,0.10722
Ireland,IRL,2003,0.11459
Ireland,IRL,2004,0.12199
Ireland,IRL,2005,0.12899
Ireland,IRL,2006,0.1354
Ireland,IRL,2007,0.14167
Ireland,IRL,2008,0.14863
Ireland,IRL,2009,0.15634
Ireland,IRL,2010,0.16483
Ireland,IRL,2011,0.17289
Ireland,IRL,2012,0.18126
Ireland,IRL,2013,0.18812
Ireland,IRL,2014,0.19323
Ireland,IRL,2015,0.19775
Ireland,IRL,2016,0.20121
Ireland,IRL,2017,0.2031
Ireland,IRL,2018,0.20434
Ireland,IRL,2019,0.20305
Ireland,IRL,2020,0.20318
Ireland,IRL,2021,0.20135
Ireland,IRL,2022,0.20513
Ireland,IRL,2023,0.21905
Ireland,IRL,2024,0.22399
Italy,ITA,1990,0.16515
Italy,ITA,1991,0.17048
Italy,ITA,1992,0.1743
Italy,ITA,1993,0.17685
Italy,ITA,1994,0.17837
Italy,ITA,1995,0.17903
Italy,ITA,1996,0.17973
Italy,ITA,1997,0.18242
Italy,ITA,1998,0.18779
Italy,ITA,1999,0.19502
Italy,ITA,2000,0.20319
Italy,ITA,2001,0.21181
Italy,ITA,2002,0.22076
Italy,ITA,2003,0.22901
Italy,ITA,2004,0.23692
Italy,ITA,2005,0.24416
Italy,ITA,2006,0.25079
Italy,ITA,2007,0.25595
Italy,ITA,2008,0.26067
Italy,ITA,2009,0.26486
Italy,ITA,2010,0.26816
Italy,ITA,2011,0.27034
Italy,ITA,2012,0.27153
Italy,ITA,2013,0.27172
Italy,ITA,2014,0.27093
Italy,ITA,2015,0.26935
Italy,ITA,2016,0.2672
Italy,ITA,2017,0.26466
Italy,ITA,2018,0.26258
Italy,ITA,2019,0.26043
Italy,ITA,2020,0.2584
Italy,ITA,2021,0.25671
Italy,ITA,2022,0.25489
Italy,ITA,2023,0.25312
Italy,ITA,2024,0.25081
Jamaica,JAM,1990,0.42194
Jamaica,JAM,1991,0.59002
Jamaica,JAM,1992,0.77287
Jamaica,JAM,1993,0.9609
Jamaica,JAM,1994,1.14076
Jamaica,JAM,1995,1.30543
Jamaica,JAM,1996,1.44397
Jamaica,JAM,1997,1.55846
Jamaica,JAM,1998,1.64364
Jamaica,JAM,1999,1.70186
Jamaica,JAM,2000,1.73729
Jamaica,JAM,2001,1.74398
Jamaica,JAM,2002,1.73467
Jamaica,JAM,2003,1.71121
Jamaica,JAM,2004,1.67973
Jamaica,JAM,2005,1.64588
Jamaica,JAM,2006,1.61266
Jamaica,JAM,2007,1.5796
Jamaica,JAM,2008,1.54839
Jamaica,JAM,2009,1.51949
Jamaica,JAM,2010,1.4943
Jamaica,JAM,2011,1.46608
Jamaica,JAM,2012,1.43689
Jamaica,JAM,2013,1.40713
Jamaica,JAM,2014,1.37675
Jamaica,JAM,2015,1.34718
Jamaica,JAM,2016,1.31712
Jamaica,JAM,2017,1.28855
Jamaica,JAM,2018,1.26714
Jamaica,JAM,2019,1.24609
Jamaica,JAM,2020,1.22193
Jamaica,JAM,2021,1.19876
Jamaica,JAM,2022,1.17731
Jamaica,JAM,2023,1.15965
Jamaica,JAM,2024,1.13844
Jordan,JOR,1990,0.00404
Jordan,JOR,1991,0.00424
Jordan,JOR,1992,0.00443
Jordan,JOR,1993,0.0046
Jordan,JOR,1994,0.00476
Jordan,JOR,1995,0.0049
Jordan,JOR,1996,0.00503
Jordan,JOR,1997,0.00513
Jordan,JOR,1998,0.00523
Jordan,JOR,1999,0.00531
Jordan,JOR,2000,0.00546
Jordan,JOR,2001,0.00567
Jordan,JOR,2002,0.00587
Jordan,JOR,2003,0.00603
Jordan,JOR,2004,0.00619
Jordan,JOR,2005,0.00636
Jordan,JOR,2006,0.00653
Jordan,JOR,2007,0.0067
Jordan,JOR,2008,0.00686
Jordan,JOR,2009,0.00701
Jordan,JOR,2010,0.00715
Jordan,JOR,2011,0.00729
Jordan,JOR,2012,0.00742
Jordan,JOR,2013,0.00763
Jordan,JOR,2014,0.00783
Jordan,JOR,2015,0.00794
Jordan,JOR,2016,0.00803
Jordan,JOR,2017,0.00813
Jordan,JOR,2018,0.00823
Jordan,JOR,2019,0.00834
Jordan,JOR,2020,0.00845
Jordan,JOR,2021,0.00854
Jordan,JOR,2022,0.00857
Jordan,JOR,2023,0.00858
Jordan,JOR,2024,0.00861
Kazakhstan,KAZ,1990,0.0004
Kazakhstan,KAZ,1991,0.00064
Kazakhstan,KAZ,1992,0.00108
Kazakhstan,KAZ,1993,0.00182
Kazakhstan,KAZ,1994,0.00297
Kazakhstan,KAZ,1995,0.00453
Kazakhstan,KAZ,1996,0.00687
Kazakhstan,KAZ,1997,0.01013
Kazakhstan,KAZ,1998,0.01446
Kazakhstan,KAZ,1999,0.01944
Kazakhstan,KAZ,2000,0.02629
Kazakhstan,KAZ,2001,0.03484
Kazakhstan,KAZ,2002,0.0438
Kazakhstan,KAZ,2003,0.05353
Kazakhstan,KAZ,2004,0.06492
Kazakhstan,KAZ,2005,0.07601
Kazakhstan,KAZ,2006,0.08849
Kazakhstan,KAZ,2007,0.10159
Kazakhstan,KAZ,2008,0.11624
Kazakhstan,KAZ,2009,0.13103
Kazakhstan,KAZ,2010,0.14657
Kazakhstan,KAZ,2011,0.16312
Kazakhstan,KAZ,2012,0.181
Kazakhstan,KAZ,2013,0.19904
Kazakhstan,KAZ,2014,0.21711
Kazakhstan,KAZ,2015,0.23485
Kazakhstan,KAZ,2016,0.25199
Kazakhstan,KAZ,2017,0.2676
Kazakhstan,KAZ,2018,0.28139
Kazakhstan,KAZ,2019,0.29416
Kazakhstan,KAZ,2020,0.30585
Kazakhstan,KAZ,2021,0.31444
Kazakhstan,KAZ,2022,0.31849
Kazakhstan,KAZ,2023,0.32404
Kazakhstan,KAZ,2024,0.32703
Kenya,KEN,1990,5.518339
Kenya,KEN,1991,6.878563
Kenya,KEN,1992,8.116694
Kenya,KEN,1993,9.100036
Kenya,KEN,1994,9.723945
Kenya,KEN,1995,10.012869
Kenya,KEN,1996,10.0508375
Kenya,KEN,1997,9.89846
Kenya,KEN,1998,9.619028
Kenya,KEN,1999,9.248996
Kenya,KEN,2000,8.805916
Kenya,KEN,2001,8.333859
Kenya,KEN,2002,7.847415
Kenya,KEN,2003,7.36761
Kenya,KEN,2004,6.9230285
Kenya,KEN,2005,6.5399714
Kenya,KEN,2006,6.2291026
Kenya,KEN,2007,5.9815855
Kenya,KEN,2008,5.774517
Kenya,KEN,2009,5.6019306
Kenya,KEN,2010,5.4511986
Kenya,KEN,2011,5.3091826
Kenya,KEN,2012,5.16541
Kenya,KEN,2013,5.0145454
Kenya,KEN,2014,4.852327
Kenya,KEN,2015,4.6810055
Kenya,KEN,2016,4.5006495
Kenya,KEN,2017,4.3121862
Kenya,KEN,2018,4.121155
Kenya,KEN,2019,3.930805
Kenya,KEN,2020,3.7412548
Kenya,KEN,2021,3.5557857
Kenya,KEN,2022,3.3795125
Kenya,KEN,2023,3.2024887
Kenya,KEN,2024,3.0294228
Kuwait,KWT,1990,0.00724
Kuwait,KWT,1991,0.00766
Kuwait,KWT,1992,0.00807
Kuwait,KWT,1993,0.00838
Kuwait,KWT,1994,0.00894
Kuwait,KWT,1995,0.00954
Kuwait,KWT,1996,0.01011
Kuwait,KWT,1997,0.01071
Kuwait,KWT,1998,0.01132
Kuwait,KWT,1999,0.01199
Kuwait,KWT,2000,0.01269
Kuwait,KWT,2001,0.01341
Kuwait,KWT,2002,0.01423
Kuwait,KWT,2003,0.01515
Kuwait,KWT,2004,0.01616
Kuwait,KWT,2005,0.01695
Kuwait,KWT,2006,0.01768
Kuwait,KWT,2007,0.01852
Kuwait,KWT,2008,0.01941
Kuwait,KWT,2009,0.02034
Kuwait,KWT,2010,0.02133
Kuwait,KWT,2011,0.02287
Kuwait,KWT,2012,0.0241
Kuwait,KWT,2013,0.02535
Kuwait,KWT,2014,0.02665
Kuwait,KWT,2015,0.02795
Kuwait,KWT,2016,0.02922
Kuwait,KWT,2017,0.03053
Kuwait,KWT,2018,0.03174
Kuwait,KWT,2019,0.03269
Kuwait,KWT,2020,0.03355
Kuwait,KWT,2021,0.04061
Kuwait,KWT,2022,0.04224
Kuwait,KWT,2023,0.04387
Kuwait,KWT,2024,0.04602
Kyrgyzstan,KGZ,1990,0
Kyrgyzstan,KGZ,1991,0
Kyrgyzstan,KGZ,1992,0
Kyrgyzstan,KGZ,1993,0
Kyrgyzstan,KGZ,1994,0
Kyrgyzstan,KGZ,1995,0
Kyrgyzstan,KGZ,1996,0
Kyrgyzstan,KGZ,1997,0
Kyrgyzstan,KGZ,1998,0.00015
Kyrgyzstan,KGZ,1999,0.00071
Kyrgyzstan,KGZ,2000,0.00426
Kyrgyzstan,KGZ,2001,0.02784
Kyrgyzstan,KGZ,2002,0.03371
Kyrgyzstan,KGZ,2003,0.03494
Kyrgyzstan,KGZ,2004,0.03897
Kyrgyzstan,KGZ,2005,0.04683
Kyrgyzstan,KGZ,2006,0.05837
Kyrgyzstan,KGZ,2007,0.07284
Kyrgyzstan,KGZ,2008,0.08884
Kyrgyzstan,KGZ,2009,0.10515
Kyrgyzstan,KGZ,2010,0.12241
Kyrgyzstan,KGZ,2011,0.13977
Kyrgyzstan,KGZ,2012,0.15778
Kyrgyzstan,KGZ,2013,0.1748
Kyrgyzstan,KGZ,2014,0.19192
Kyrgyzstan,KGZ,2015,0.20749
Kyrgyzstan,KGZ,2016,0.22005
Kyrgyzstan,KGZ,2017,0.22953
Kyrgyzstan,KGZ,2018,0.24012
Kyrgyzstan,KGZ,2019,0.24708
Kyrgyzstan,KGZ,2020,0.25165
Kyrgyzstan,KGZ,2021,0.25546
Kyrgyzstan,KGZ,2022,0.26295
Kyrgyzstan,KGZ,2023,0.26773
Kyrgyzstan,KGZ,2024,0.27156
Laos,LAO,1990,0.00082
Laos,LAO,1991,0.00175
Laos,LAO,1992,0.00318
Laos,LAO,1993,0.00533
Laos,LAO,1994,0.00853
Laos,LAO,1995,0.01319
Laos,LAO,1996,0.02053
Laos,LAO,1997,0.03262
Laos,LAO,1998,0.04833
Laos,LAO,1999,0.06433
Laos,LAO,2000,0.08257
Laos,LAO,2001,0.10348
Laos,LAO,2002,0.12411
Laos,LAO,2003,0.14273
Laos,LAO,2004,0.15965
Laos,LAO,2005,0.17619
Laos,LAO,2006,0.19305
Laos,LAO,2007,0.21001
Laos,LAO,2008,0.22618
Laos,LAO,2009,0.2419
Laos,LAO,2010,0.25716
Laos,LAO,2011,0.27121
Laos,LAO,2012,0.28462
Laos,LAO,2013,0.29761
Laos,LAO,2014,0.31006
Laos,LAO,2015,0.32228
Laos,LAO,2016,0.33463
Laos,LAO,2017,0.34726
Laos,LAO,2018,0.35974
Laos,LAO,2019,0.37139
Laos,LAO,2020,0.38187
Laos,LAO,2021,0.39145
Laos,LAO,2022,0.40081
Laos,LAO,2023,0.40964
Laos,LAO,2024,0.41796
Latin America (UNAIDS),,1990,0.1216091
Latin America (UNAIDS),,1991,0.14574482
Latin America (UNAIDS),,1992,0.16973044
Latin America (UNAIDS),,1993,0.19290945
Latin America (UNAIDS),,1994,0.21388258
Latin America (UNAIDS),,1995,0.23226042
Latin America (UNAIDS),,1996,0.25038862
Latin America (UNAIDS),,1997,0.26627386
Latin America (UNAIDS),,1998,0.27944478
Latin America (UNAIDS),,1999,0.29103506
Latin America (UNAIDS),,2000,0.30126232
Latin America (UNAIDS),,2001,0.31027782
Latin America (UNAIDS),,2002,0.3189994
Latin America (UNAIDS),,2003,0.3276969
Latin America (UNAIDS),,2004,0.33615533
Latin America (UNAIDS),,2005,0.34350127
Latin America (UNAIDS),,2006,0.35015345
Latin America (UNAIDS),,2007,0.35691708
Latin America (UNAIDS),,2008,0.3645265
Latin America (UNAIDS),,2009,0.37335995
Latin America (UNAIDS),,2010,0.38394055
Latin America (UNAIDS),,2011,0.3955492
Latin America (UNAIDS),,2012,0.4082321
Latin America (UNAIDS),,2013,0.42143974
Latin America (UNAIDS),,2014,0.4346248
Latin America (UNAIDS),,2015,0.4484176
Latin America (UNAIDS),,2016,0.46274775
Latin America (UNAIDS),,2017,0.47713628
Latin America (UNAIDS),,2018,0.49141344
Latin America (UNAIDS),,2019,0.5055492
Latin America (UNAIDS),,2020,0.51905215
Latin America (UNAIDS),,2021,0.5319664
Latin America (UNAIDS),,2022,0.54374415
Latin America (UNAIDS),,2023,0.5544571
Latin America (UNAIDS),,2024,0.5624077
Latvia,LVA,1990,0.05192
Latvia,LVA,1991,0.06035
Latvia,LVA,1992,0.0688
Latvia,LVA,1993,0.07808
Latvia,LVA,1994,0.08824
Latvia,LVA,1995,0.09909
Latvia,LVA,1996,0.11071
Latvia,LVA,1997,0.12773
Latvia,LVA,1998,0.16803
Latvia,LVA,1999,0.23105
Latvia,LVA,2000,0.26678
Latvia,LVA,2001,0.29935
Latvia,LVA,2002,0.33031
Latvia,LVA,2003,0.35942
Latvia,LVA,2004,0.38647
Latvia,LVA,2005,0.41112
Latvia,LVA,2006,0.43453
Latvia,LVA,2007,0.45833
Latvia,LVA,2008,0.48138
Latvia,LVA,2009,0.50304
Latvia,LVA,2010,0.52395
Latvia,LVA,2011,0.54351
Latvia,LVA,2012,0.5614
Latvia,LVA,2013,0.57673
Latvia,LVA,2014,0.58857
Latvia,LVA,2015,0.59763
Latvia,LVA,2016,0.6073
Latvia,LVA,2017,0.61437
Latvia,LVA,2018,0.61512
Latvia,LVA,2019,0.612
Latvia,LVA,2020,0.60452
Latvia,LVA,2021,0.58879
Latvia,LVA,2022,0.56833
Latvia,LVA,2023,0.54436
Latvia,LVA,2024,0.51834
Lebanon,LBN,1990,0.00925
Lebanon,LBN,1991,0.01025
Lebanon,LBN,1992,0.01126
Lebanon,LBN,1993,0.01229
Lebanon,LBN,1994,0.01333
Lebanon,LBN,1995,0.01439
Lebanon,LBN,1996,0.01544
Lebanon,LBN,1997,0.01649
Lebanon,LBN,1998,0.01753
Lebanon,LBN,1999,0.01858
Lebanon,LBN,2000,0.01972
Lebanon,LBN,2001,0.02103
Lebanon,LBN,2002,0.02247
Lebanon,LBN,2003,0.024
Lebanon,LBN,2004,0.02558
Lebanon,LBN,2005,0.02719
Lebanon,LBN,2006,0.02879
Lebanon,LBN,2007,0.0304
Lebanon,LBN,2008,0.032
Lebanon,LBN,2009,0.03359
Lebanon,LBN,2010,0.03514
Lebanon,LBN,2011,0.03663
Lebanon,LBN,2012,0.03807
Lebanon,LBN,2013,0.03938
Lebanon,LBN,2014,0.0406
Lebanon,LBN,2015,0.04142
Lebanon,LBN,2016,0.04268
Lebanon,LBN,2017,0.04476
Lebanon,LBN,2018,0.04745
Lebanon,LBN,2019,0.05045
Lebanon,LBN,2020,0.05589
Lebanon,LBN,2021,0.06182
Lebanon,LBN,2022,0.06795
Lebanon,LBN,2023,0.07396
Lebanon,LBN,2024,0.07959
Lesotho,LSO,1990,2.3382
Lesotho,LSO,1991,3.75857
Lesotho,LSO,1992,5.76094
Lesotho,LSO,1993,8.27098
Lesotho,LSO,1994,11.15793
Lesotho,LSO,1995,14.05848
Lesotho,LSO,1996,16.59613
Lesotho,LSO,1997,18.63057
Lesotho,LSO,1998,20.14219
Lesotho,LSO,1999,21.24526
Lesotho,LSO,2000,22.01176
Lesotho,LSO,2001,22.5236
Lesotho,LSO,2002,22.83311
Lesotho,LSO,2003,23.05424
Lesotho,LSO,2004,23.16673
Lesotho,LSO,2005,23.27878
Lesotho,LSO,2006,23.48618
Lesotho,LSO,2007,23.82172
Lesotho,LSO,2008,24.21792
Lesotho,LSO,2009,24.56474
Lesotho,LSO,2010,24.77737
Lesotho,LSO,2011,24.90431
Lesotho,LSO,2012,24.92842
Lesotho,LSO,2013,24.87802
Lesotho,LSO,2014,24.68756
Lesotho,LSO,2015,24.34674
Lesotho,LSO,2016,23.79542
Lesotho,LSO,2017,23.08467
Lesotho,LSO,2018,22.30416
Lesotho,LSO,2019,21.50185
Lesotho,LSO,2020,20.68541
Lesotho,LSO,2021,19.82391
Lesotho,LSO,2022,18.9062
Lesotho,LSO,2023,18.03193
Lesotho,LSO,2024,17.12807
Liberia,LBR,1990,1.78004
Liberia,LBR,1991,2.16086
Liberia,LBR,1992,2.44397
Liberia,LBR,1993,2.65158
Liberia,LBR,1994,2.78101
Liberia,LBR,1995,2.83192
Liberia,LBR,1996,2.85655
Liberia,LBR,1997,2.88227
Liberia,LBR,1998,2.86016
Liberia,LBR,1999,2.80079
Liberia,LBR,2000,2.72293
Liberia,LBR,2001,2.62239
Liberia,LBR,2002,2.50696
Liberia,LBR,2003,2.38701
Liberia,LBR,2004,2.27176
Liberia,LBR,2005,2.1523
Liberia,LBR,2006,2.04677
Liberia,LBR,2007,1.94762
Liberia,LBR,2008,1.85639
Liberia,LBR,2009,1.77304
Liberia,LBR,2010,1.70036
Liberia,LBR,2011,1.63473
Liberia,LBR,2012,1.56747
Liberia,LBR,2013,1.50239
Liberia,LBR,2014,1.43646
Liberia,LBR,2015,1.37253
Liberia,LBR,2016,1.30911
Liberia,LBR,2017,1.25155
Liberia,LBR,2018,1.20383
Liberia,LBR,2019,1.15807
Liberia,LBR,2020,1.11047
Liberia,LBR,2021,1.06417
Liberia,LBR,2022,1.01676
Liberia,LBR,2023,0.9677
Liberia,LBR,2024,0.91809
Libya,LBY,1990,0.00102
Libya,LBY,1991,0.00173
Libya,LBY,1992,0.00281
Libya,LBY,1993,0.00438
Libya,LBY,1994,0.00654
Libya,LBY,1995,0.00935
Libya,LBY,1996,0.01289
Libya,LBY,1997,0.01713
Libya,LBY,1998,0.02205
Libya,LBY,1999,0.02751
Libya,LBY,2000,0.03341
Libya,LBY,2001,0.03935
Libya,LBY,2002,0.04538
Libya,LBY,2003,0.05152
Libya,LBY,2004,0.05779
Libya,LBY,2005,0.06392
Libya,LBY,2006,0.07021
Libya,LBY,2007,0.07645
Libya,LBY,2008,0.08261
Libya,LBY,2009,0.0886
Libya,LBY,2010,0.09403
Libya,LBY,2011,0.1001
Libya,LBY,2012,0.1045
Libya,LBY,2013,0.10862
Libya,LBY,2014,0.11263
Libya,LBY,2015,0.11628
Libya,LBY,2016,0.11941
Libya,LBY,2017,0.1221
Libya,LBY,2018,0.12432
Libya,LBY,2019,0.12589
Libya,LBY,2020,0.12738
Libya,LBY,2021,0.12858
Libya,LBY,2022,0.12964
Libya,LBY,2023,0.13068
Libya,LBY,2024,0.13194
Lithuania,LTU,1990,0.02693
Lithuania,LTU,1991,0.03012
Lithuania,LTU,1992,0.03319
Lithuania,LTU,1993,0.03619
Lithuania,LTU,1994,0.03922
Lithuania,LTU,1995,0.04229
Lithuania,LTU,1996,0.04544
Lithuania,LTU,1997,0.04874
Lithuania,LTU,1998,0.05213
Lithuania,LTU,1999,0.05582
Lithuania,LTU,2000,0.05991
Lithuania,LTU,2001,0.06425
Lithuania,LTU,2002,0.06906
Lithuania,LTU,2003,0.07462
Lithuania,LTU,2004,0.08086
Lithuania,LTU,2005,0.08726
Lithuania,LTU,2006,0.09367
Lithuania,LTU,2007,0.10032
Lithuania,LTU,2008,0.10762
Lithuania,LTU,2009,0.11496
Lithuania,LTU,2010,0.12176
Lithuania,LTU,2011,0.12914
Lithuania,LTU,2012,0.1373
Lithuania,LTU,2013,0.14641
Lithuania,LTU,2014,0.15496
Lithuania,LTU,2015,0.16289
Lithuania,LTU,2016,0.17208
Lithuania,LTU,2017,0.18199
Lithuania,LTU,2018,0.1924
Lithuania,LTU,2019,0.20327
Lithuania,LTU,2020,0.2124
Lithuania,LTU,2021,0.21694
Lithuania,LTU,2022,0.2104
Lithuania,LTU,2023,0.21251
Lithuania,LTU,2024,0.21562
Luxembourg,LUX,1990,0.08737
Luxembourg,LUX,1991,0.09859
Luxembourg,LUX,1992,0.10716
Luxembourg,LUX,1993,0.11297
Luxembourg,LUX,1994,0.11665
Luxembourg,LUX,1995,0.12152
Luxembourg,LUX,1996,0.1276
Luxembourg,LUX,1997,0.1336
Luxembourg,LUX,1998,0.13942
Luxembourg,LUX,1999,0.14486
Luxembourg,LUX,2000,0.14968
Luxembourg,LUX,2001,0.15527
Luxembourg,LUX,2002,0.16135
Luxembourg,LUX,2003,0.16688
Luxembourg,LUX,2004,0.17261
Luxembourg,LUX,2005,0.17865
Luxembourg,LUX,2006,0.18575
Luxembourg,LUX,2007,0.19291
Luxembourg,LUX,2008,0.20026
Luxembourg,LUX,2009,0.2035
Luxembourg,LUX,2010,0.2106
Luxembourg,LUX,2011,0.21664
Luxembourg,LUX,2012,0.22297
Luxembourg,LUX,2013,0.22922
Luxembourg,LUX,2014,0.22836
Luxembourg,LUX,2015,0.23363
Luxembourg,LUX,2016,0.23811
Luxembourg,LUX,2017,0.24223
Luxembourg,LUX,2018,0.24601
Luxembourg,LUX,2019,0.24873
Luxembourg,LUX,2020,0.24778
Luxembourg,LUX,2021,0.24972
Luxembourg,LUX,2022,0.24492
Luxembourg,LUX,2023,0.26394
Luxembourg,LUX,2024,0.28208
Madagascar,MDG,1990,0.00774
Madagascar,MDG,1991,0.00962
Madagascar,MDG,1992,0.01166
Madagascar,MDG,1993,0.01419
Madagascar,MDG,1994,0.01701
Madagascar,MDG,1995,0.02024
Madagascar,MDG,1996,0.02405
Madagascar,MDG,1997,0.02825
Madagascar,MDG,1998,0.03359
Madagascar,MDG,1999,0.04
Madagascar,MDG,2000,0.04806
Madagascar,MDG,2001,0.05793
Madagascar,MDG,2002,0.06972
Madagascar,MDG,2003,0.08384
Madagascar,MDG,2004,0.09959
Madagascar,MDG,2005,0.11736
Madagascar,MDG,2006,0.13595
Madagascar,MDG,2007,0.15484
Madagascar,MDG,2008,0.17327
Madagascar,MDG,2009,0.19053
Madagascar,MDG,2010,0.20598
Madagascar,MDG,2011,0.21973
Madagascar,MDG,2012,0.231
Madagascar,MDG,2013,0.24139
Madagascar,MDG,2014,0.25167
Madagascar,MDG,2015,0.26179
Madagascar,MDG,2016,0.2729
Madagascar,MDG,2017,0.28541
Madagascar,MDG,2018,0.2994
Madagascar,MDG,2019,0.31536
Madagascar,MDG,2020,0.33264
Madagascar,MDG,2021,0.35252
Madagascar,MDG,2022,0.37374
Madagascar,MDG,2023,0.42187
Madagascar,MDG,2024,0.47871
Malawi,MWI,1990,8.9786
Malawi,MWI,1991,10.59835
Malawi,MWI,1992,12.08839
Malawi,MWI,1993,13.38216
Malawi,MWI,1994,14.43179
Malawi,MWI,1995,15.20871
Malawi,MWI,1996,15.71643
Malawi,MWI,1997,15.98005
Malawi,MWI,1998,16.03836
Malawi,MWI,1999,15.69112
Malawi,MWI,2000,15.32144
Malawi,MWI,2001,14.83146
Malawi,MWI,2002,14.25074
Malawi,MWI,2003,13.59738
Malawi,MWI,2004,12.94396
Malawi,MWI,2005,12.33154
Malawi,MWI,2006,11.78895
Malawi,MWI,2007,11.34627
Malawi,MWI,2008,11.09431
Malawi,MWI,2009,10.85235
Malawi,MWI,2010,10.65776
Malawi,MWI,2011,10.49026
Malawi,MWI,2012,10.30894
Malawi,MWI,2013,10.11338
Malawi,MWI,2014,9.89522
Malawi,MWI,2015,9.64925
Malawi,MWI,2016,9.36521
Malawi,MWI,2017,9.03121
Malawi,MWI,2018,8.65788
Malawi,MWI,2019,8.26586
Malawi,MWI,2020,7.86419
Malawi,MWI,2021,7.44884
Malawi,MWI,2022,7.03897
Malawi,MWI,2023,6.63373
Malawi,MWI,2024,6.24509
Malaysia,MYS,1990,0.23477
Malaysia,MYS,1991,0.27958
Malaysia,MYS,1992,0.30868
Malaysia,MYS,1993,0.32901
Malaysia,MYS,1994,0.34451
Malaysia,MYS,1995,0.35652
Malaysia,MYS,1996,0.36577
Malaysia,MYS,1997,0.37281
Malaysia,MYS,1998,0.37805
Malaysia,MYS,1999,0.38175
Malaysia,MYS,2000,0.38328
Malaysia,MYS,2001,0.38292
Malaysia,MYS,2002,0.38244
Malaysia,MYS,2003,0.38187
Malaysia,MYS,2004,0.3815
Malaysia,MYS,2005,0.38114
Malaysia,MYS,2006,0.38087
Malaysia,MYS,2007,0.3805
Malaysia,MYS,2008,0.38034
Malaysia,MYS,2009,0.38004
Malaysia,MYS,2010,0.37902
Malaysia,MYS,2011,0.37683
Malaysia,MYS,2012,0.37353
Malaysia,MYS,2013,0.36884
Malaysia,MYS,2014,0.36308
Malaysia,MYS,2015,0.35677
Malaysia,MYS,2016,0.35023
Malaysia,MYS,2017,0.34349
Malaysia,MYS,2018,0.33574
Malaysia,MYS,2019,0.32767
Malaysia,MYS,2020,0.3203
Malaysia,MYS,2021,0.31268
Malaysia,MYS,2022,0.30458
Malaysia,MYS,2023,0.29612
Malaysia,MYS,2024,0.28763
Maldives,MDV,1990,0.00054
Maldives,MDV,1991,0.00075
Maldives,MDV,1992,0.00105
Maldives,MDV,1993,0.00149
Maldives,MDV,1994,0.00206
Maldives,MDV,1995,0.00309
Maldives,MDV,1996,0.0045
Maldives,MDV,1997,0.00583
Maldives,MDV,1998,0.00689
Maldives,MDV,1999,0.00746
Maldives,MDV,2000,0.00768
Maldives,MDV,2001,0.0078
Maldives,MDV,2002,0.00778
Maldives,MDV,2003,0.00769
Maldives,MDV,2004,0.00762
Maldives,MDV,2005,0.00755
Maldives,MDV,2006,0.00745
Maldives,MDV,2007,0.00745
Maldives,MDV,2008,0.00765
Maldives,MDV,2009,0.00787
Maldives,MDV,2010,0.00812
Maldives,MDV,2011,0.00847
Maldives,MDV,2012,0.00887
Maldives,MDV,2013,0.00928
Maldives,MDV,2014,0.0096
Maldives,MDV,2015,0.00978
Maldives,MDV,2016,0.01005
Maldives,MDV,2017,0.01056
Maldives,MDV,2018,0.01117
Maldives,MDV,2019,0.01186
Maldives,MDV,2020,0.01263
Maldives,MDV,2021,0.01348
Maldives,MDV,2022,0.01449
Maldives,MDV,2023,0.01561
Maldives,MDV,2024,0.01679
Mali,MLI,1990,1.00685
Mali,MLI,1991,1.19372
Mali,MLI,1992,1.36104
Mali,MLI,1993,1.50781
Mali,MLI,1994,1.62889
Mali,MLI,1995,1.7138
Mali,MLI,1996,1.75997
Mali,MLI,1997,1.77645
Mali,MLI,1998,1.76878
Mali,MLI,1999,1.74732
Mali,MLI,2000,1.71202
Mali,MLI,2001,1.66391
Mali,MLI,2002,1.61622
Mali,MLI,2003,1.55954
Mali,MLI,2004,1.50971
Mali,MLI,2005,1.46869
Mali,MLI,2006,1.43147
Mali,MLI,2007,1.40713
Mali,MLI,2008,1.38701
Mali,MLI,2009,1.36484
Mali,MLI,2010,1.33793
Mali,MLI,2011,1.31117
Mali,MLI,2012,1.27602
Mali,MLI,2013,1.24108
Mali,MLI,2014,1.19731
Mali,MLI,2015,1.15417
Mali,MLI,2016,1.11034
Mali,MLI,2017,1.0652
Mali,MLI,2018,1.02116
Mali,MLI,2019,0.97426
Mali,MLI,2020,0.92688
Mali,MLI,2021,0.88281
Mali,MLI,2022,0.83888
Mali,MLI,2023,0.79663
Mali,MLI,2024,0.75743
Malta,MLT,1990,0.02837
Malta,MLT,1991,0.02831
Malta,MLT,1992,0.02794
Malta,MLT,1993,0.02783
Malta,MLT,1994,0.02824
Malta,MLT,1995,0.02947
Malta,MLT,1996,0.03168
Malta,MLT,1997,0.03485
Malta,MLT,1998,0.0391
Malta,MLT,1999,0.0444
Malta,MLT,2000,0.05218
Malta,MLT,2001,0.06149
Malta,MLT,2002,0.07146
Malta,MLT,2003,0.08178
Malta,MLT,2004,0.09221
Malta,MLT,2005,0.1031
Malta,MLT,2006,0.11439
Malta,MLT,2007,0.12583
Malta,MLT,2008,0.1381
Malta,MLT,2009,0.15112
Malta,MLT,2010,0.16448
Malta,MLT,2011,0.17748
Malta,MLT,2012,0.19046
Malta,MLT,2013,0.2037
Malta,MLT,2014,0.21779
Malta,MLT,2015,0.23209
Malta,MLT,2016,0.23998
Malta,MLT,2017,0.24139
Malta,MLT,2018,0.24083
Malta,MLT,2019,0.23894
Malta,MLT,2020,0.24658
Malta,MLT,2021,0.25911
Malta,MLT,2022,0.27209
Malta,MLT,2023,0.28452
Malta,MLT,2024,0.29548
Mauritania,MRT,1990,0.19328
Mauritania,MRT,1991,0.23642
Mauritania,MRT,1992,0.28616
Mauritania,MRT,1993,0.33681
Mauritania,MRT,1994,0.39328
Mauritania,MRT,1995,0.45
Mauritania,MRT,1996,0.51
Mauritania,MRT,1997,0.56683
Mauritania,MRT,1998,0.61976
Mauritania,MRT,1999,0.66316
Mauritania,MRT,2000,0.69702
Mauritania,MRT,2001,0.71604
Mauritania,MRT,2002,0.72245
Mauritania,MRT,2003,0.71539
Mauritania,MRT,2004,0.69772
Mauritania,MRT,2005,0.67197
Mauritania,MRT,2006,0.64181
Mauritania,MRT,2007,0.60669
Mauritania,MRT,2008,0.56928
Mauritania,MRT,2009,0.52744
Mauritania,MRT,2010,0.48543
Mauritania,MRT,2011,0.44478
Mauritania,MRT,2012,0.40508
Mauritania,MRT,2013,0.36598
Mauritania,MRT,2014,0.33141
Mauritania,MRT,2015,0.2991
Mauritania,MRT,2016,0.26997
Mauritania,MRT,2017,0.24486
Mauritania,MRT,2018,0.223
Mauritania,MRT,2019,0.20338
Mauritania,MRT,2020,0.18628
Mauritania,MRT,2021,0.17161
Mauritania,MRT,2022,0.15961
Mauritania,MRT,2023,0.149
Mauritania,MRT,2024,0.13952
Mexico,MEX,1990,0.06535
Mexico,MEX,1991,0.08288
Mexico,MEX,1992,0.09927
Mexico,MEX,1993,0.11451
Mexico,MEX,1994,0.12864
Mexico,MEX,1995,0.14219
Mexico,MEX,1996,0.15548
Mexico,MEX,1997,0.16804
Mexico,MEX,1998,0.1796
Mexico,MEX,1999,0.19016
Mexico,MEX,2000,0.20019
Mexico,MEX,2001,0.21036
Mexico,MEX,2002,0.22064
Mexico,MEX,2003,0.2313
Mexico,MEX,2004,0.24208
Mexico,MEX,2005,0.25252
Mexico,MEX,2006,0.26298
Mexico,MEX,2007,0.27377
Mexico,MEX,2008,0.28492
Mexico,MEX,2009,0.29634
Mexico,MEX,2010,0.30812
Mexico,MEX,2011,0.3194
Mexico,MEX,2012,0.33106
Mexico,MEX,2013,0.34199
Mexico,MEX,2014,0.35252
Mexico,MEX,2015,0.36328
Mexico,MEX,2016,0.37408
Mexico,MEX,2017,0.3846
Mexico,MEX,2018,0.39534
Mexico,MEX,2019,0.40585
Mexico,MEX,2020,0.41609
Mexico,MEX,2021,0.42676
Mexico,MEX,2022,0.43726
Mexico,MEX,2023,0.44738
Mexico,MEX,2024,0.45731
Middle East and North Africa (UNAIDS),,1990,0.024211075
Middle East and North Africa (UNAIDS),,1991,0.027675645
Middle East and North Africa (UNAIDS),,1992,0.0311913
Middle East and North Africa (UNAIDS),,1993,0.035154395
Middle East and North Africa (UNAIDS),,1994,0.038299296
Middle East and North Africa (UNAIDS),,1995,0.041441083
Middle East and North Africa (UNAIDS),,1996,0.044136412
Middle East and North Africa (UNAIDS),,1997,0.046736974
Middle East and North Africa (UNAIDS),,1998,0.048924014
Middle East and North Africa (UNAIDS),,1999,0.05082099
Middle East and North Africa (UNAIDS),,2000,0.052402757
Middle East and North Africa (UNAIDS),,2001,0.05362617
Middle East and North Africa (UNAIDS),,2002,0.054397132
Middle East and North Africa (UNAIDS),,2003,0.0547697
Middle East and North Africa (UNAIDS),,2004,0.055058517
Middle East and North Africa (UNAIDS),,2005,0.05529517
Middle East and North Africa (UNAIDS),,2006,0.055391405
Middle East and North Africa (UNAIDS),,2007,0.055456176
Middle East and North Africa (UNAIDS),,2008,0.0556659
Middle East and North Africa (UNAIDS),,2009,0.055978052
Middle East and North Africa (UNAIDS),,2010,0.056104835
Middle East and North Africa (UNAIDS),,2011,0.05604396
Middle East and North Africa (UNAIDS),,2012,0.056102984
Middle East and North Africa (UNAIDS),,2013,0.056354564
Middle East and North Africa (UNAIDS),,2014,0.056801282
Middle East and North Africa (UNAIDS),,2015,0.057365518
Middle East and North Africa (UNAIDS),,2016,0.058136914
Middle East and North Africa (UNAIDS),,2017,0.059519287
Middle East and North Africa (UNAIDS),,2018,0.06085871
Middle East and North Africa (UNAIDS),,2019,0.06215398
Middle East and North Africa (UNAIDS),,2020,0.06394851
Middle East and North Africa (UNAIDS),,2021,0.066016205
Middle East and North Africa (UNAIDS),,2022,0.06814463
Middle East and North Africa (UNAIDS),,2023,0.070755996
Middle East and North Africa (UNAIDS),,2024,0.07375616
Moldova,MDA,1990,0.014340384
Moldova,MDA,1991,0.021592809
Moldova,MDA,1992,0.033206496
Moldova,MDA,1993,0.051403657
Moldova,MDA,1994,0.07816984
Moldova,MDA,1995,0.11487475
Moldova,MDA,1996,0.16266018
Moldova,MDA,1997,0.22109887
Moldova,MDA,1998,0.28708977
Moldova,MDA,1999,0.3573338
Moldova,MDA,2000,0.4280446
Moldova,MDA,2001,0.49294302
Moldova,MDA,2002,0.5510652
Moldova,MDA,2003,0.60290176
Moldova,MDA,2004,0.649314
Moldova,MDA,2005,0.6893269
Moldova,MDA,2006,0.7243382
Moldova,MDA,2007,0.7550404
Moldova,MDA,2008,0.7815248
Moldova,MDA,2009,0.80491894
Moldova,MDA,2010,0.82462
Moldova,MDA,2011,0.8420525
Moldova,MDA,2012,0.85894245
Moldova,MDA,2013,0.87584245
Moldova,MDA,2014,0.88827956
Moldova,MDA,2015,0.89997977
Moldova,MDA,2016,0.9148346
Moldova,MDA,2017,0.9272599
Moldova,MDA,2018,0.9374949
Moldova,MDA,2019,0.9431968
Moldova,MDA,2020,0.94495964
Moldova,MDA,2021,0.9421095
Moldova,MDA,2022,0.9360602
Moldova,MDA,2023,0.92911965
Moldova,MDA,2024,0.91915935
Mongolia,MNG,1990,0.00011
Mongolia,MNG,1991,0.00016
Mongolia,MNG,1992,0.00028
Mongolia,MNG,1993,0.00045
Mongolia,MNG,1994,0.00065
Mongolia,MNG,1995,0.0009
Mongolia,MNG,1996,0.00126
Mongolia,MNG,1997,0.00179
Mongolia,MNG,1998,0.0025
Mongolia,MNG,1999,0.00341
Mongolia,MNG,2000,0.00469
Mongolia,MNG,2001,0.00644
Mongolia,MNG,2002,0.00864
Mongolia,MNG,2003,0.0113
Mongolia,MNG,2004,0.01392
Mongolia,MNG,2005,0.01577
Mongolia,MNG,2006,0.01704
Mongolia,MNG,2007,0.01818
Mongolia,MNG,2008,0.01935
Mongolia,MNG,2009,0.02055
Mongolia,MNG,2010,0.02179
Mongolia,MNG,2011,0.02302
Mongolia,MNG,2012,0.02422
Mongolia,MNG,2013,0.02533
Mongolia,MNG,2014,0.02621
Mongolia,MNG,2015,0.02691
Mongolia,MNG,2016,0.02755
Mongolia,MNG,2017,0.0281
Mongolia,MNG,2018,0.02864
Mongolia,MNG,2019,0.02938
Mongolia,MNG,2020,0.02995
Mongolia,MNG,2021,0.03014
Mongolia,MNG,2022,0.03004
Mongolia,MNG,2023,0.02994
Mongolia,MNG,2024,0.02982
Montenegro,MNE,1990,0.00815
Montenegro,MNE,1991,0.01069
Montenegro,MNE,1992,0.01267
Montenegro,MNE,1993,0.0135
Montenegro,MNE,1994,0.01348
Montenegro,MNE,1995,0.01321
Montenegro,MNE,1996,0.01302
Montenegro,MNE,1997,0.01296
Montenegro,MNE,1998,0.01307
Montenegro,MNE,1999,0.0137
Montenegro,MNE,2000,0.01472
Montenegro,MNE,2001,0.01593
Montenegro,MNE,2002,0.01757
Montenegro,MNE,2003,0.01983
Montenegro,MNE,2004,0.02245
Montenegro,MNE,2005,0.02567
Montenegro,MNE,2006,0.02942
Montenegro,MNE,2007,0.03358
Montenegro,MNE,2008,0.03818
Montenegro,MNE,2009,0.04315
Montenegro,MNE,2010,0.04886
Montenegro,MNE,2011,0.05458
Montenegro,MNE,2012,0.06047
Montenegro,MNE,2013,0.06705
Montenegro,MNE,2014,0.07347
Montenegro,MNE,2015,0.0811
Montenegro,MNE,2016,0.0879
Montenegro,MNE,2017,0.09506
Montenegro,MNE,2018,0.1025
Montenegro,MNE,2019,0.11018
Montenegro,MNE,2020,0.11806
Montenegro,MNE,2021,0.1253
Montenegro,MNE,2022,0.1323
Montenegro,MNE,2023,0.13918
Montenegro,MNE,2024,0.14599
Morocco,MAR,1990,0.01663
Morocco,MAR,1991,0.02027
Morocco,MAR,1992,0.02434
Morocco,MAR,1993,0.02866
Morocco,MAR,1994,0.03322
Morocco,MAR,1995,0.03782
Morocco,MAR,1996,0.04236
Morocco,MAR,1997,0.04677
Morocco,MAR,1998,0.05114
Morocco,MAR,1999,0.0556
Morocco,MAR,2000,0.05991
Morocco,MAR,2001,0.06376
Morocco,MAR,2002,0.06717
Morocco,MAR,2003,0.07025
Morocco,MAR,2004,0.07313
Morocco,MAR,2005,0.07568
Morocco,MAR,2006,0.07757
Morocco,MAR,2007,0.07905
Morocco,MAR,2008,0.08032
Morocco,MAR,2009,0.08136
Morocco,MAR,2010,0.08207
Morocco,MAR,2011,0.08249
Morocco,MAR,2012,0.08245
Morocco,MAR,2013,0.08227
Morocco,MAR,2014,0.08189
Morocco,MAR,2015,0.08144
Morocco,MAR,2016,0.08087
Morocco,MAR,2017,0.08044
Morocco,MAR,2018,0.08023
Morocco,MAR,2019,0.07984
Morocco,MAR,2020,0.07922
Morocco,MAR,2021,0.07877
Morocco,MAR,2022,0.07796
Morocco,MAR,2023,0.07727
Morocco,MAR,2024,0.07649
Mozambique,MOZ,1990,1.80024
Mozambique,MOZ,1991,2.2934
Mozambique,MOZ,1992,2.85958
Mozambique,MOZ,1993,3.48872
Mozambique,MOZ,1994,4.17886
Mozambique,MOZ,1995,4.91791
Mozambique,MOZ,1996,5.70679
Mozambique,MOZ,1997,6.50805
Mozambique,MOZ,1998,7.30713
Mozambique,MOZ,1999,8.08493
Mozambique,MOZ,2000,8.79605
Mozambique,MOZ,2001,9.41577
Mozambique,MOZ,2002,9.9265
Mozambique,MOZ,2003,10.32223
Mozambique,MOZ,2004,10.64111
Mozambique,MOZ,2005,10.89165
Mozambique,MOZ,2006,11.11412
Mozambique,MOZ,2007,11.3353
Mozambique,MOZ,2008,11.57981
Mozambique,MOZ,2009,11.8134
Mozambique,MOZ,2010,12.03207
Mozambique,MOZ,2011,12.2503
Mozambique,MOZ,2012,12.43862
Mozambique,MOZ,2013,12.60772
Mozambique,MOZ,2014,12.73769
Mozambique,MOZ,2015,12.83092
Mozambique,MOZ,2016,12.8628
Mozambique,MOZ,2017,12.83427
Mozambique,MOZ,2018,12.77283
Mozambique,MOZ,2019,12.68958
Mozambique,MOZ,2020,12.55586
Mozambique,MOZ,2021,12.37194
Mozambique,MOZ,2022,12.12242
Mozambique,MOZ,2023,11.81787
Mozambique,MOZ,2024,11.46364
Myanmar,MMR,1990,0.0827
Myanmar,MMR,1991,0.16359
Myanmar,MMR,1992,0.23935
Myanmar,MMR,1993,0.29384
Myanmar,MMR,1994,0.33951
Myanmar,MMR,1995,0.38224
Myanmar,MMR,1996,0.42663
Myanmar,MMR,1997,0.4745
Myanmar,MMR,1998,0.52702
Myanmar,MMR,1999,0.58611
Myanmar,MMR,2000,0.64511
Myanmar,MMR,2001,0.69782
Myanmar,MMR,2002,0.74283
Myanmar,MMR,2003,0.78026
Myanmar,MMR,2004,0.80996
Myanmar,MMR,2005,0.83192
Myanmar,MMR,2006,0.84817
Myanmar,MMR,2007,0.86055
Myanmar,MMR,2008,0.8692
Myanmar,MMR,2009,0.87359
Myanmar,MMR,2010,0.87587
Myanmar,MMR,2011,0.87804
Myanmar,MMR,2012,0.88127
Myanmar,MMR,2013,0.88603
Myanmar,MMR,2014,0.89086
Myanmar,MMR,2015,0.89514
Myanmar,MMR,2016,0.89832
Myanmar,MMR,2017,0.89971
Myanmar,MMR,2018,0.89952
Myanmar,MMR,2019,0.89805
Myanmar,MMR,2020,0.89588
Myanmar,MMR,2021,0.89571
Myanmar,MMR,2022,0.89512
Myanmar,MMR,2023,0.89238
Myanmar,MMR,2024,0.88864
Namibia,NAM,1990,2.16102
Namibia,NAM,1991,2.98712
Namibia,NAM,1992,4.04625
Namibia,NAM,1993,5.32878
Namibia,NAM,1994,6.79396
Namibia,NAM,1995,8.31728
Namibia,NAM,1996,9.77418
Namibia,NAM,1997,11.06938
Namibia,NAM,1998,12.10712
Namibia,NAM,1999,12.88972
Namibia,NAM,2000,13.42023
Namibia,NAM,2001,13.71094
Namibia,NAM,2002,13.81128
Namibia,NAM,2003,13.75541
Namibia,NAM,2004,13.61663
Namibia,NAM,2005,13.42125
Namibia,NAM,2006,13.27822
Namibia,NAM,2007,13.1931
Namibia,NAM,2008,13.15101
Namibia,NAM,2009,13.13539
Namibia,NAM,2010,13.12136
Namibia,NAM,2011,13.11679
Namibia,NAM,2012,13.01033
Namibia,NAM,2013,12.83341
Namibia,NAM,2014,12.62454
Namibia,NAM,2015,12.37622
Namibia,NAM,2016,12.10604
Namibia,NAM,2017,11.80248
Namibia,NAM,2018,11.46558
Namibia,NAM,2019,11.07181
Namibia,NAM,2020,10.64345
Namibia,NAM,2021,10.2205
Namibia,NAM,2022,9.77783
Namibia,NAM,2023,9.35233
Namibia,NAM,2024,8.96745
Nepal,NPL,1990,0.00007
Nepal,NPL,1991,0.00034
Nepal,NPL,1992,0.00137
Nepal,NPL,1993,0.00368
Nepal,NPL,1994,0.00793
Nepal,NPL,1995,0.01577
Nepal,NPL,1996,0.03061
Nepal,NPL,1997,0.05661
Nepal,NPL,1998,0.09272
Nepal,NPL,1999,0.13301
Nepal,NPL,2000,0.1699
Nepal,NPL,2001,0.19968
Nepal,NPL,2002,0.22402
Nepal,NPL,2003,0.24312
Nepal,NPL,2004,0.25701
Nepal,NPL,2005,0.2662
Nepal,NPL,2006,0.27007
Nepal,NPL,2007,0.26933
Nepal,NPL,2008,0.26611
Nepal,NPL,2009,0.26144
Nepal,NPL,2010,0.25466
Nepal,NPL,2011,0.24785
Nepal,NPL,2012,0.24054
Nepal,NPL,2013,0.23215
Nepal,NPL,2014,0.22285
Nepal,NPL,2015,0.2124
Nepal,NPL,2016,0.2036
Nepal,NPL,2017,0.19515
Nepal,NPL,2018,0.18609
Nepal,NPL,2019,0.17236
Nepal,NPL,2020,0.16019
Nepal,NPL,2021,0.14982
Nepal,NPL,2022,0.14454
Nepal,NPL,2023,0.13989
Nepal,NPL,2024,0.13464
Netherlands,NLD,1990,0.08114
Netherlands,NLD,1991,0.08079
Netherlands,NLD,1992,0.08023
Netherlands,NLD,1993,0.07986
Netherlands,NLD,1994,0.07983
Netherlands,NLD,1995,0.07997
Netherlands,NLD,1996,0.08345
Netherlands,NLD,1997,0.08972
Netherlands,NLD,1998,0.09676
Netherlands,NLD,1999,0.10419
Netherlands,NLD,2000,0.11104
Netherlands,NLD,2001,0.11751
Netherlands,NLD,2002,0.12472
Netherlands,NLD,2003,0.13245
Netherlands,NLD,2004,0.14051
Netherlands,NLD,2005,0.14837
Netherlands,NLD,2006,0.15607
Netherlands,NLD,2007,0.1629
Netherlands,NLD,2008,0.16871
Netherlands,NLD,2009,0.17387
Netherlands,NLD,2010,0.17836
Netherlands,NLD,2011,0.18165
Netherlands,NLD,2012,0.18398
Netherlands,NLD,2013,0.18469
Netherlands,NLD,2014,0.1838
Netherlands,NLD,2015,0.18126
Netherlands,NLD,2016,0.17735
Netherlands,NLD,2017,0.17352
Netherlands,NLD,2018,0.16927
Netherlands,NLD,2019,0.16489
Netherlands,NLD,2020,0.16045
Netherlands,NLD,2021,0.15597
Netherlands,NLD,2022,0.15226
Netherlands,NLD,2023,0.14872
New Zealand,NZL,1990,0.04206
New Zealand,NZL,1991,0.0435
New Zealand,NZL,1992,0.04415
New Zealand,NZL,1993,0.04425
New Zealand,NZL,1994,0.04387
New Zealand,NZL,1995,0.04479
New Zealand,NZL,1996,0.04651
New Zealand,NZL,1997,0.04828
New Zealand,NZL,1998,0.05004
New Zealand,NZL,1999,0.05179
New Zealand,NZL,2000,0.05372
New Zealand,NZL,2001,0.0555
New Zealand,NZL,2002,0.05717
New Zealand,NZL,2003,0.05937
New Zealand,NZL,2004,0.06227
New Zealand,NZL,2005,0.06538
New Zealand,NZL,2006,0.06867
New Zealand,NZL,2007,0.07212
New Zealand,NZL,2008,0.07532
New Zealand,NZL,2009,0.07812
New Zealand,NZL,2010,0.08073
New Zealand,NZL,2011,0.08306
New Zealand,NZL,2012,0.08505
New Zealand,NZL,2013,0.08681
New Zealand,NZL,2014,0.08624
New Zealand,NZL,2015,0.08732
New Zealand,NZL,2016,0.08825
New Zealand,NZL,2017,0.08907
New Zealand,NZL,2018,0.08765
New Zealand,NZL,2019,0.08753
New Zealand,NZL,2020,0.08707
New Zealand,NZL,2021,0.0861
New Zealand,NZL,2022,0.08387
New Zealand,NZL,2023,0.0814
New Zealand,NZL,2024,0.08455
Niger,NER,1990,0.2421
Niger,NER,1991,0.32716
Niger,NER,1992,0.41296
Niger,NER,1993,0.49875
Niger,NER,1994,0.57979
Niger,NER,1995,0.64495
Niger,NER,1996,0.68894
Niger,NER,1997,0.7156
Niger,NER,1998,0.72721
Niger,NER,1999,0.72121
Niger,NER,2000,0.7041
Niger,NER,2001,0.67869
Niger,NER,2002,0.64542
Niger,NER,2003,0.60864
Niger,NER,2004,0.57207
Niger,NER,2005,0.53298
Niger,NER,2006,0.49627
Niger,NER,2007,0.46117
Niger,NER,2008,0.42777
Niger,NER,2009,0.39874
Niger,NER,2010,0.37358
Niger,NER,2011,0.34991
Niger,NER,2012,0.32734
Niger,NER,2013,0.30616
Niger,NER,2014,0.28574
Niger,NER,2015,0.26582
Niger,NER,2016,0.24743
Niger,NER,2017,0.23092
Niger,NER,2018,0.21678
Niger,NER,2019,0.20402
Niger,NER,2020,0.19275
Niger,NER,2021,0.18145
Niger,NER,2022,0.17042
Niger,NER,2023,0.16006
Niger,NER,2024,0.15039
Nigeria,NGA,1990,0.95607
Nigeria,NGA,1991,1.14567
Nigeria,NGA,1992,1.33934
Nigeria,NGA,1993,1.5288
Nigeria,NGA,1994,1.70134
Nigeria,NGA,1995,1.85724
Nigeria,NGA,1996,1.99022
Nigeria,NGA,1997,2.09574
Nigeria,NGA,1998,2.17233
Nigeria,NGA,1999,2.21888
Nigeria,NGA,2000,2.2417
Nigeria,NGA,2001,2.2428
Nigeria,NGA,2002,2.22565
Nigeria,NGA,2003,2.19586
Nigeria,NGA,2004,2.15846
Nigeria,NGA,2005,2.11889
Nigeria,NGA,2006,2.08019
Nigeria,NGA,2007,2.04353
Nigeria,NGA,2008,2.01098
Nigeria,NGA,2009,1.98423
Nigeria,NGA,2010,1.95281
Nigeria,NGA,2011,1.91559
Nigeria,NGA,2012,1.87617
Nigeria,NGA,2013,1.8344
Nigeria,NGA,2014,1.79067
Nigeria,NGA,2015,1.74225
Nigeria,NGA,2016,1.68691
Nigeria,NGA,2017,1.62747
Nigeria,NGA,2018,1.56491
Nigeria,NGA,2019,1.50011
Nigeria,NGA,2020,1.43434
Nigeria,NGA,2021,1.36829
Nigeria,NGA,2022,1.29997
Nigeria,NGA,2023,1.23371
Nigeria,NGA,2024,1.15986
North Macedonia,MKD,1990,0
North Macedonia,MKD,1991,0
North Macedonia,MKD,1992,0.00001
North Macedonia,MKD,1993,0.00005
North Macedonia,MKD,1994,0.00017
North Macedonia,MKD,1995,0.00057
North Macedonia,MKD,1996,0.00162
North Macedonia,MKD,1997,0.0035
North Macedonia,MKD,1998,0.00501
North Macedonia,MKD,1999,0.00549
North Macedonia,MKD,2000,0.00554
North Macedonia,MKD,2001,0.00552
North Macedonia,MKD,2002,0.00553
North Macedonia,MKD,2003,0.00565
North Macedonia,MKD,2004,0.00595
North Macedonia,MKD,2005,0.0065
North Macedonia,MKD,2006,0.00739
North Macedonia,MKD,2007,0.00881
North Macedonia,MKD,2008,0.01057
North Macedonia,MKD,2009,0.01278
North Macedonia,MKD,2010,0.01539
North Macedonia,MKD,2011,0.01842
North Macedonia,MKD,2012,0.02188
North Macedonia,MKD,2013,0.02619
North Macedonia,MKD,2014,0.03045
North Macedonia,MKD,2015,0.03496
North Macedonia,MKD,2016,0.03978
North Macedonia,MKD,2017,0.04472
North Macedonia,MKD,2018,0.04981
North Macedonia,MKD,2019,0.05508
North Macedonia,MKD,2020,0.0604
North Macedonia,MKD,2021,0.0656
North Macedonia,MKD,2022,0.07067
North Macedonia,MKD,2023,0.07554
North Macedonia,MKD,2024,0.08032
Norway,NOR,1990,0.03566
Norway,NOR,1991,0.03813
Norway,NOR,1992,0.03983
Norway,NOR,1993,0.04085
Norway,NOR,1994,0.04145
Norway,NOR,1995,0.04179
Norway,NOR,1996,0.04307
Norway,NOR,1997,0.04544
Norway,NOR,1998,0.04848
Norway,NOR,1999,0.05214
Norway,NOR,2000,0.05654
Norway,NOR,2001,0.0617
Norway,NOR,2002,0.06743
Norway,NOR,2003,0.07354
Norway,NOR,2004,0.0799
Norway,NOR,2005,0.08594
Norway,NOR,2006,0.09171
Norway,NOR,2007,0.09668
Norway,NOR,2008,0.1011
Norway,NOR,2009,0.10515
Norway,NOR,2010,0.10814
Norway,NOR,2011,0.11012
Norway,NOR,2012,0.11138
Norway,NOR,2013,0.11221
Norway,NOR,2014,0.11236
Norway,NOR,2015,0.11219
Norway,NOR,2016,0.11153
Norway,NOR,2017,0.11041
Norway,NOR,2018,0.10903
Norway,NOR,2019,0.10648
Norway,NOR,2020,0.10417
Norway,NOR,2021,0.10087
Norway,NOR,2022,0.09644
Norway,NOR,2023,0.09174
Norway,NOR,2024,0.08748
Oman,OMN,1990,0.01469
Oman,OMN,1991,0.02889
Oman,OMN,1992,0.04601
Oman,OMN,1993,0.05964
Oman,OMN,1994,0.06664
Oman,OMN,1995,0.06991
Oman,OMN,1996,0.07121
Oman,OMN,1997,0.0715
Oman,OMN,1998,0.07122
Oman,OMN,1999,0.07058
Oman,OMN,2000,0.07076
Oman,OMN,2001,0.07125
Oman,OMN,2002,0.07162
Oman,OMN,2003,0.07182
Oman,OMN,2004,0.07083
Oman,OMN,2005,0.06992
Oman,OMN,2006,0.06923
Oman,OMN,2007,0.06896
Oman,OMN,2008,0.06924
Oman,OMN,2009,0.06988
Oman,OMN,2010,0.07084
Oman,OMN,2011,0.07442
Oman,OMN,2012,0.07614
Oman,OMN,2013,0.07633
Oman,OMN,2014,0.07675
Oman,OMN,2015,0.07714
Oman,OMN,2016,0.07749
Oman,OMN,2017,0.07805
Oman,OMN,2018,0.07826
Oman,OMN,2019,0.07802
Oman,OMN,2020,0.07744
Oman,OMN,2021,0.07767
Oman,OMN,2022,0.0782
Oman,OMN,2023,0.07834
Oman,OMN,2024,0.07865
Pakistan,PAK,1990,0
Pakistan,PAK,1991,0.00003
Pakistan,PAK,1992,0.00006
Pakistan,PAK,1993,0.0001
Pakistan,PAK,1994,0.00015
Pakistan,PAK,1995,0.00021
Pakistan,PAK,1996,0.00028
Pakistan,PAK,1997,0.00037
Pakistan,PAK,1998,0.00048
Pakistan,PAK,1999,0.00059
Pakistan,PAK,2000,0.00074
Pakistan,PAK,2001,0.00094
Pakistan,PAK,2002,0.00124
Pakistan,PAK,2003,0.00231
Pakistan,PAK,2004,0.00894
Pakistan,PAK,2005,0.01957
Pakistan,PAK,2006,0.03
Pakistan,PAK,2007,0.04131
Pakistan,PAK,2008,0.05344
Pakistan,PAK,2009,0.06444
Pakistan,PAK,2010,0.0742
Pakistan,PAK,2011,0.0836
Pakistan,PAK,2012,0.09335
Pakistan,PAK,2013,0.10327
Pakistan,PAK,2014,0.11323
Pakistan,PAK,2015,0.12333
Pakistan,PAK,2016,0.13342
Pakistan,PAK,2017,0.14314
Pakistan,PAK,2018,0.15358
Pakistan,PAK,2019,0.16525
Pakistan,PAK,2020,0.17733
Pakistan,PAK,2021,0.1897
Pakistan,PAK,2022,0.20387
Pakistan,PAK,2023,0.22036
Pakistan,PAK,2024,0.23764
Palestine,PSE,1990,0.01903
Palestine,PSE,1991,0.02372
Palestine,PSE,1992,0.02977
Palestine,PSE,1993,0.03718
Palestine,PSE,1994,0.04657
Palestine,PSE,1995,0.0582
Palestine,PSE,1996,0.07269
Palestine,PSE,1997,0.09101
Palestine,PSE,1998,0.11356
Palestine,PSE,1999,0.14192
Palestine,PSE,2000,0.17628
Palestine,PSE,2001,0.21668
Palestine,PSE,2002,0.26279
Palestine,PSE,2003,0.31688
Palestine,PSE,2004,0.37792
Palestine,PSE,2005,0.44541
Palestine,PSE,2006,0.51657
Palestine,PSE,2007,0.58955
Palestine,PSE,2008,0.66128
Palestine,PSE,2009,0.7316
Palestine,PSE,2010,0.79868
Palestine,PSE,2011,0.86224
Palestine,PSE,2012,0.91956
Palestine,PSE,2013,0.97243
Palestine,PSE,2014,1.01895
Palestine,PSE,2015,1.06112
Palestine,PSE,2016,1.09799
Palestine,PSE,2017,1.13008
Palestine,PSE,2018,1.1569
Palestine,PSE,2019,1.17872
Palestine,PSE,2020,1.19583
Palestine,PSE,2021,1.20863
Palestine,PSE,2022,1.2176
Palestine,PSE,2023,1.222
Palestine,PSE,2024,1.22225
Panama,PAN,1990,0.3087
Panama,PAN,1991,0.38047
Panama,PAN,1992,0.44441
Panama,PAN,1993,0.50064
Panama,PAN,1994,0.5493
Panama,PAN,1995,0.59075
Panama,PAN,1996,0.62531
Panama,PAN,1997,0.65345
Panama,PAN,1998,0.67579
Panama,PAN,1999,0.69807
Panama,PAN,2000,0.72176
Panama,PAN,2001,0.74365
Panama,PAN,2002,0.76533
Panama,PAN,2003,0.78612
Panama,PAN,2004,0.80544
Panama,PAN,2005,0.82381
Panama,PAN,2006,0.84208
Panama,PAN,2007,0.8599
Panama,PAN,2008,0.87663
Panama,PAN,2009,0.89605
Panama,PAN,2010,0.91772
Panama,PAN,2011,0.93672
Panama,PAN,2012,0.95418
Panama,PAN,2013,0.97083
Panama,PAN,2014,0.98826
Panama,PAN,2015,1.00459
Panama,PAN,2016,1.02117
Panama,PAN,2017,1.03859
Panama,PAN,2018,1.05462
Panama,PAN,2019,1.06684
Panama,PAN,2020,1.07487
Panama,PAN,2021,1.07982
Panama,PAN,2022,1.0893
Panama,PAN,2023,1.10363
Panama,PAN,2024,1.11778
Papua New Guinea,PNG,1990,0.23105
Papua New Guinea,PNG,1991,0.27955
Papua New Guinea,PNG,1992,0.32406
Papua New Guinea,PNG,1993,0.36903
Papua New Guinea,PNG,1994,0.41214
Papua New Guinea,PNG,1995,0.45745
Papua New Guinea,PNG,1996,0.50255
Papua New Guinea,PNG,1997,0.54796
Papua New Guinea,PNG,1998,0.59396
Papua New Guinea,PNG,1999,0.63883
Papua New Guinea,PNG,2000,0.68387
Papua New Guinea,PNG,2001,0.72632
Papua New Guinea,PNG,2002,0.76578
Papua New Guinea,PNG,2003,0.80385
Papua New Guinea,PNG,2004,0.83539
Papua New Guinea,PNG,2005,0.86592
Papua New Guinea,PNG,2006,0.895
Papua New Guinea,PNG,2007,0.92759
Papua New Guinea,PNG,2008,0.95944
Papua New Guinea,PNG,2009,0.9909
Papua New Guinea,PNG,2010,1.02038
Papua New Guinea,PNG,2011,1.04803
Papua New Guinea,PNG,2012,1.07408
Papua New Guinea,PNG,2013,1.0981
Papua New Guinea,PNG,2014,1.12007
Papua New Guinea,PNG,2015,1.14414
Papua New Guinea,PNG,2016,1.16684
Papua New Guinea,PNG,2017,1.1927
Papua New Guinea,PNG,2018,1.22861
Papua New Guinea,PNG,2019,1.26556
Papua New Guinea,PNG,2020,1.30692
Papua New Guinea,PNG,2021,1.35008
Papua New Guinea,PNG,2022,1.39626
Papua New Guinea,PNG,2023,1.44743
Papua New Guinea,PNG,2024,1.50141
Paraguay,PRY,1990,0.00825
Paraguay,PRY,1991,0.01094
Paraguay,PRY,1992,0.01584
Paraguay,PRY,1993,0.02363
Paraguay,PRY,1994,0.03505
Paraguay,PRY,1995,0.05093
Paraguay,PRY,1996,0.07148
Paraguay,PRY,1997,0.0921
Paraguay,PRY,1998,0.11235
Paraguay,PRY,1999,0.13206
Paraguay,PRY,2000,0.15106
Paraguay,PRY,2001,0.16918
Paraguay,PRY,2002,0.18634
Paraguay,PRY,2003,0.20279
Paraguay,PRY,2004,0.21832
Paraguay,PRY,2005,0.23487
Paraguay,PRY,2006,0.25292
Paraguay,PRY,2007,0.27134
Paraguay,PRY,2008,0.29048
Paraguay,PRY,2009,0.31027
Paraguay,PRY,2010,0.33008
Paraguay,PRY,2011,0.34866
Paraguay,PRY,2012,0.36499
Paraguay,PRY,2013,0.37987
Paraguay,PRY,2014,0.39392
Paraguay,PRY,2015,0.40731
Paraguay,PRY,2016,0.42015
Paraguay,PRY,2017,0.43291
Paraguay,PRY,2018,0.44513
Paraguay,PRY,2019,0.45605
Paraguay,PRY,2020,0.46545
Paraguay,PRY,2021,0.47322
Paraguay,PRY,2022,0.48046
Paraguay,PRY,2023,0.48637
Paraguay,PRY,2024,0.49052
Peru,PER,1990,0.34948
Peru,PER,1991,0.36911
Peru,PER,1992,0.38394
Peru,PER,1993,0.39467
Peru,PER,1994,0.4001
Peru,PER,1995,0.40232
Peru,PER,1996,0.40188
Peru,PER,1997,0.39788
Peru,PER,1998,0.39236
Peru,PER,1999,0.38639
Peru,PER,2000,0.38006
Peru,PER,2001,0.37272
Peru,PER,2002,0.36546
Peru,PER,2003,0.35893
Peru,PER,2004,0.35346
Peru,PER,2005,0.34861
Peru,PER,2006,0.34645
Peru,PER,2007,0.34536
Peru,PER,2008,0.34453
Peru,PER,2009,0.34438
Peru,PER,2010,0.34532
Peru,PER,2011,0.34709
Peru,PER,2012,0.35022
Peru,PER,2013,0.35499
Peru,PER,2014,0.36035
Peru,PER,2015,0.3663
Peru,PER,2016,0.37478
Peru,PER,2017,0.38485
Peru,PER,2018,0.39508
Peru,PER,2019,0.40631
Peru,PER,2020,0.41559
Peru,PER,2021,0.42567
Peru,PER,2022,0.43425
Peru,PER,2023,0.44197
Peru,PER,2024,0.44828
Philippines,PHL,1990,0.00046
Philippines,PHL,1991,0.00053
Philippines,PHL,1992,0.0006
Philippines,PHL,1993,0.0007
Philippines,PHL,1994,0.00083
Philippines,PHL,1995,0.00102
Philippines,PHL,1996,0.00124
Philippines,PHL,1997,0.00151
Philippines,PHL,1998,0.00184
Philippines,PHL,1999,0.00226
Philippines,PHL,2000,0.00282
Philippines,PHL,2001,0.00354
Philippines,PHL,2002,0.00448
Philippines,PHL,2003,0.00572
Philippines,PHL,2004,0.00733
Philippines,PHL,2005,0.0094
Philippines,PHL,2006,0.01211
Philippines,PHL,2007,0.01601
Philippines,PHL,2008,0.02207
Philippines,PHL,2009,0.02915
Philippines,PHL,2010,0.0367
Philippines,PHL,2011,0.04571
Philippines,PHL,2012,0.05597
Philippines,PHL,2013,0.06808
Philippines,PHL,2014,0.08173
Philippines,PHL,2015,0.09715
Philippines,PHL,2016,0.11438
Philippines,PHL,2017,0.13344
Philippines,PHL,2018,0.15431
Philippines,PHL,2019,0.17674
Philippines,PHL,2020,0.20098
Philippines,PHL,2021,0.22797
Philippines,PHL,2022,0.25843
Philippines,PHL,2023,0.29238
Philippines,PHL,2024,0.32992
Portugal,PRT,1990,0.24294
Portugal,PRT,1991,0.29359
Portugal,PRT,1992,0.33898
Portugal,PRT,1993,0.37916
Portugal,PRT,1994,0.41382
Portugal,PRT,1995,0.44262
Portugal,PRT,1996,0.466
Portugal,PRT,1997,0.48675
Portugal,PRT,1998,0.50728
Portugal,PRT,1999,0.5258
Portugal,PRT,2000,0.53852
Portugal,PRT,2001,0.55542
Portugal,PRT,2002,0.56975
Portugal,PRT,2003,0.58203
Portugal,PRT,2004,0.59236
Portugal,PRT,2005,0.6003
Portugal,PRT,2006,0.60549
Portugal,PRT,2007,0.60825
Portugal,PRT,2008,0.60921
Portugal,PRT,2009,0.60862
Portugal,PRT,2010,0.60703
Portugal,PRT,2011,0.60687
Portugal,PRT,2012,0.60605
Portugal,PRT,2013,0.60346
Portugal,PRT,2014,0.59789
Portugal,PRT,2015,0.58824
Portugal,PRT,2016,0.57782
Portugal,PRT,2017,0.56675
Portugal,PRT,2018,0.55536
Portugal,PRT,2019,0.5424
Portugal,PRT,2020,0.52957
Portugal,PRT,2021,0.50884
Portugal,PRT,2022,0.49297
Portugal,PRT,2023,0.48794
Portugal,PRT,2024,0.4743
Qatar,QAT,1990,0.00044
Qatar,QAT,1991,0.00064
Qatar,QAT,1992,0.00092
Qatar,QAT,1993,0.00131
Qatar,QAT,1994,0.00186
Qatar,QAT,1995,0.00261
Qatar,QAT,1996,0.00366
Qatar,QAT,1997,0.00498
Qatar,QAT,1998,0.00675
Qatar,QAT,1999,0.00787
Qatar,QAT,2000,0.00741
Qatar,QAT,2001,0.00694
Qatar,QAT,2002,0.00647
Qatar,QAT,2003,0.00603
Qatar,QAT,2004,0.00555
Qatar,QAT,2005,0.00508
Qatar,QAT,2006,0.00448
Qatar,QAT,2007,0.00409
Qatar,QAT,2008,0.00402
Qatar,QAT,2009,0.00419
Qatar,QAT,2010,0.00436
Qatar,QAT,2011,0.00467
Qatar,QAT,2012,0.00522
Qatar,QAT,2013,0.006
Qatar,QAT,2014,0.00702
Qatar,QAT,2015,0.00834
Qatar,QAT,2016,0.00997
Qatar,QAT,2017,0.01195
Qatar,QAT,2018,0.01432
Qatar,QAT,2019,0.01709
Qatar,QAT,2020,0.02023
Qatar,QAT,2021,0.0239
Qatar,QAT,2022,0.02822
Qatar,QAT,2023,0.03321
Qatar,QAT,2024,0.03818
Romania,ROU,1990,0.00985
Romania,ROU,1991,0.01551
Romania,ROU,1992,0.02213
Romania,ROU,1993,0.02894
Romania,ROU,1994,0.03527
Romania,ROU,1995,0.04072
Romania,ROU,1996,0.04523
Romania,ROU,1997,0.04893
Romania,ROU,1998,0.05234
Romania,ROU,1999,0.05541
Romania,ROU,2000,0.05849
Romania,ROU,2001,0.06318
Romania,ROU,2002,0.06993
Romania,ROU,2003,0.07831
Romania,ROU,2004,0.08756
Romania,ROU,2005,0.09714
Romania,ROU,2006,0.10538
Romania,ROU,2007,0.11188
Romania,ROU,2008,0.11673
Romania,ROU,2009,0.12049
Romania,ROU,2010,0.12366
Romania,ROU,2011,0.12651
Romania,ROU,2012,0.12906
Romania,ROU,2013,0.13182
Romania,ROU,2014,0.13486
Romania,ROU,2015,0.13811
Romania,ROU,2016,0.14179
Romania,ROU,2017,0.14579
Romania,ROU,2018,0.14862
Romania,ROU,2019,0.15188
Romania,ROU,2020,0.15348
Romania,ROU,2021,0.15481
Romania,ROU,2022,0.15544
Romania,ROU,2023,0.1555
Romania,ROU,2024,0.15511
Rwanda,RWA,1990,2.66866
Rwanda,RWA,1991,3.22018
Rwanda,RWA,1992,3.74809
Rwanda,RWA,1993,4.19139
Rwanda,RWA,1994,4.42427
Rwanda,RWA,1995,4.71943
Rwanda,RWA,1996,4.87058
Rwanda,RWA,1997,4.90458
Rwanda,RWA,1998,4.95732
Rwanda,RWA,1999,4.93154
Rwanda,RWA,2000,4.85855
Rwanda,RWA,2001,4.7667
Rwanda,RWA,2002,4.61324
Rwanda,RWA,2003,4.39043
Rwanda,RWA,2004,4.20773
Rwanda,RWA,2005,4.06669
Rwanda,RWA,2006,3.96839
Rwanda,RWA,2007,3.8881
Rwanda,RWA,2008,3.81699
Rwanda,RWA,2009,3.74238
Rwanda,RWA,2010,3.6702
Rwanda,RWA,2011,3.59065
Rwanda,RWA,2012,3.51061
Rwanda,RWA,2013,3.43845
Rwanda,RWA,2014,3.34506
Rwanda,RWA,2015,3.24488
Rwanda,RWA,2016,3.12774
Rwanda,RWA,2017,2.99749
Rwanda,RWA,2018,2.86343
Rwanda,RWA,2019,2.72236
Rwanda,RWA,2020,2.57816
Rwanda,RWA,2021,2.43558
Rwanda,RWA,2022,2.29349
Rwanda,RWA,2023,2.15465
Rwanda,RWA,2024,2.02225
Saint Kitts and Nevis,KNA,1990,0.24706
Saint Kitts and Nevis,KNA,1991,0.25837
Saint Kitts and Nevis,KNA,1992,0.26972
Saint Kitts and Nevis,KNA,1993,0.28183
Saint Kitts and Nevis,KNA,1994,0.29414
Saint Kitts and Nevis,KNA,1995,0.30604
Saint Kitts and Nevis,KNA,1996,0.31714
Saint Kitts and Nevis,KNA,1997,0.327
Saint Kitts and Nevis,KNA,1998,0.3366
Saint Kitts and Nevis,KNA,1999,0.34603
Saint Kitts and Nevis,KNA,2000,0.35478
Saint Kitts and Nevis,KNA,2001,0.36289
Saint Kitts and Nevis,KNA,2002,0.37087
Saint Kitts and Nevis,KNA,2003,0.38127
Saint Kitts and Nevis,KNA,2004,0.39485
Saint Kitts and Nevis,KNA,2005,0.41058
Saint Kitts and Nevis,KNA,2006,0.42828
Saint Kitts and Nevis,KNA,2007,0.44763
Saint Kitts and Nevis,KNA,2008,0.46886
Saint Kitts and Nevis,KNA,2009,0.49015
Saint Kitts and Nevis,KNA,2010,0.51116
Saint Kitts and Nevis,KNA,2011,0.53142
Saint Kitts and Nevis,KNA,2012,0.54876
Saint Kitts and Nevis,KNA,2013,0.56671
Saint Kitts and Nevis,KNA,2014,0.58703
Saint Kitts and Nevis,KNA,2015,0.6091
Saint Kitts and Nevis,KNA,2016,0.62935
Saint Kitts and Nevis,KNA,2017,0.64887
Saint Kitts and Nevis,KNA,2018,0.66743
Saint Kitts and Nevis,KNA,2019,0.68523
Saint Kitts and Nevis,KNA,2020,0.70515
Saint Kitts and Nevis,KNA,2021,0.72633
Saint Kitts and Nevis,KNA,2022,0.74659
Saint Kitts and Nevis,KNA,2023,0.76661
Saint Kitts and Nevis,KNA,2024,0.78633
Saint Lucia,LCA,1990,0.13129
Saint Lucia,LCA,1991,0.13779
Saint Lucia,LCA,1992,0.14419
Saint Lucia,LCA,1993,0.1503
Saint Lucia,LCA,1994,0.15636
Saint Lucia,LCA,1995,0.1624
Saint Lucia,LCA,1996,0.16953
Saint Lucia,LCA,1997,0.17763
Saint Lucia,LCA,1998,0.1871
Saint Lucia,LCA,1999,0.19823
Saint Lucia,LCA,2000,0.20904
Saint Lucia,LCA,2001,0.2196
Saint Lucia,LCA,2002,0.23107
Saint Lucia,LCA,2003,0.23809
Saint Lucia,LCA,2004,0.24469
Saint Lucia,LCA,2005,0.25169
Saint Lucia,LCA,2006,0.26178
Saint Lucia,LCA,2007,0.2787
Saint Lucia,LCA,2008,0.29808
Saint Lucia,LCA,2009,0.31535
Saint Lucia,LCA,2010,0.32704
Saint Lucia,LCA,2011,0.34153
Saint Lucia,LCA,2012,0.35966
Saint Lucia,LCA,2013,0.36866
Saint Lucia,LCA,2014,0.37713
Saint Lucia,LCA,2015,0.38748
Saint Lucia,LCA,2016,0.39536
Saint Lucia,LCA,2017,0.40463
Saint Lucia,LCA,2018,0.4133
Saint Lucia,LCA,2019,0.42121
Saint Lucia,LCA,2020,0.4301
Saint Lucia,LCA,2021,0.43766
Saint Lucia,LCA,2022,0.44132
Saint Lucia,LCA,2023,0.44395
Saint Lucia,LCA,2024,0.44678
Saint Vincent and the Grenadines,VCT,1990,0.37758
Saint Vincent and the Grenadines,VCT,1991,0.44164
Saint Vincent and the Grenadines,VCT,1992,0.50846
Saint Vincent and the Grenadines,VCT,1993,0.57548
Saint Vincent and the Grenadines,VCT,1994,0.64117
Saint Vincent and the Grenadines,VCT,1995,0.70411
Saint Vincent and the Grenadines,VCT,1996,0.76019
Saint Vincent and the Grenadines,VCT,1997,0.8082
Saint Vincent and the Grenadines,VCT,1998,0.84885
Saint Vincent and the Grenadines,VCT,1999,0.88266
Saint Vincent and the Grenadines,VCT,2000,0.90909
Saint Vincent and the Grenadines,VCT,2001,0.93343
Saint Vincent and the Grenadines,VCT,2002,0.95689
Saint Vincent and the Grenadines,VCT,2003,0.97782
Saint Vincent and the Grenadines,VCT,2004,0.99576
Saint Vincent and the Grenadines,VCT,2005,1.01037
Saint Vincent and the Grenadines,VCT,2006,1.02095
Saint Vincent and the Grenadines,VCT,2007,1.02721
Saint Vincent and the Grenadines,VCT,2008,1.02866
Saint Vincent and the Grenadines,VCT,2009,1.02957
Saint Vincent and the Grenadines,VCT,2010,1.02883
Saint Vincent and the Grenadines,VCT,2011,1.02485
Saint Vincent and the Grenadines,VCT,2012,1.02086
Saint Vincent and the Grenadines,VCT,2013,1.01539
Saint Vincent and the Grenadines,VCT,2014,1.00662
Saint Vincent and the Grenadines,VCT,2015,0.99321
Saint Vincent and the Grenadines,VCT,2016,0.97945
Saint Vincent and the Grenadines,VCT,2017,0.96384
Saint Vincent and the Grenadines,VCT,2018,0.94788
Saint Vincent and the Grenadines,VCT,2019,0.93233
Saint Vincent and the Grenadines,VCT,2020,0.91504
Saint Vincent and the Grenadines,VCT,2021,0.89253
Saint Vincent and the Grenadines,VCT,2022,0.86816
Saint Vincent and the Grenadines,VCT,2023,0.84095
Saint Vincent and the Grenadines,VCT,2024,0.81387
Saudi Arabia,SAU,1990,0.04024
Saudi Arabia,SAU,1991,0.04598
Saudi Arabia,SAU,1992,0.05196
Saudi Arabia,SAU,1993,0.05798
Saudi Arabia,SAU,1994,0.06375
Saudi Arabia,SAU,1995,0.06941
Saudi Arabia,SAU,1996,0.07475
Saudi Arabia,SAU,1997,0.07917
Saudi Arabia,SAU,1998,0.08225
Saudi Arabia,SAU,1999,0.08371
Saudi Arabia,SAU,2000,0.08247
Saudi Arabia,SAU,2001,0.07965
Saudi Arabia,SAU,2002,0.07557
Saudi Arabia,SAU,2003,0.07066
Saudi Arabia,SAU,2004,0.06541
Saudi Arabia,SAU,2005,0.06019
Saudi Arabia,SAU,2006,0.05525
Saudi Arabia,SAU,2007,0.05074
Saudi Arabia,SAU,2008,0.04671
Saudi Arabia,SAU,2009,0.04312
Saudi Arabia,SAU,2010,0.03987
Saudi Arabia,SAU,2011,0.03692
Saudi Arabia,SAU,2012,0.03426
Saudi Arabia,SAU,2013,0.03194
Saudi Arabia,SAU,2014,0.03018
Saudi Arabia,SAU,2015,0.02916
Saudi Arabia,SAU,2016,0.0286
Saudi Arabia,SAU,2017,0.02973
Saudi Arabia,SAU,2018,0.03136
Saudi Arabia,SAU,2019,0.03187
Saudi Arabia,SAU,2020,0.03347
Saudi Arabia,SAU,2021,0.0357
Saudi Arabia,SAU,2022,0.03739
Saudi Arabia,SAU,2023,0.04106
Saudi Arabia,SAU,2024,0.04504
Senegal,SEN,1990,0.14768
Senegal,SEN,1991,0.18092
Senegal,SEN,1992,0.22276
Senegal,SEN,1993,0.26909
Senegal,SEN,1994,0.31939
Senegal,SEN,1995,0.37573
Senegal,SEN,1996,0.43699
Senegal,SEN,1997,0.50439
Senegal,SEN,1998,0.57177
Senegal,SEN,1999,0.63461
Senegal,SEN,2000,0.68465
Senegal,SEN,2001,0.7126
Senegal,SEN,2002,0.71977
Senegal,SEN,2003,0.70925
Senegal,SEN,2004,0.68647
Senegal,SEN,2005,0.65496
Senegal,SEN,2006,0.62076
Senegal,SEN,2007,0.5944
Senegal,SEN,2008,0.57391
Senegal,SEN,2009,0.55546
Senegal,SEN,2010,0.53607
Senegal,SEN,2011,0.51544
Senegal,SEN,2012,0.49109
Senegal,SEN,2013,0.464
Senegal,SEN,2014,0.43762
Senegal,SEN,2015,0.41297
Senegal,SEN,2016,0.39099
Senegal,SEN,2017,0.3713
Senegal,SEN,2018,0.35592
Senegal,SEN,2019,0.34255
Senegal,SEN,2020,0.33176
Senegal,SEN,2021,0.32515
Senegal,SEN,2022,0.32732
Senegal,SEN,2023,0.32868
Senegal,SEN,2024,0.32957
Serbia,SRB,1990,0.01525
Serbia,SRB,1991,0.01695
Serbia,SRB,1992,0.01839
Serbia,SRB,1993,0.01956
Serbia,SRB,1994,0.02048
Serbia,SRB,1995,0.02119
Serbia,SRB,1996,0.02172
Serbia,SRB,1997,0.02214
Serbia,SRB,1998,0.02251
Serbia,SRB,1999,0.0229
Serbia,SRB,2000,0.02336
Serbia,SRB,2001,0.02396
Serbia,SRB,2002,0.02478
Serbia,SRB,2003,0.02662
Serbia,SRB,2004,0.0291
Serbia,SRB,2005,0.03189
Serbia,SRB,2006,0.03485
Serbia,SRB,2007,0.03799
Serbia,SRB,2008,0.04128
Serbia,SRB,2009,0.04472
Serbia,SRB,2010,0.04833
Serbia,SRB,2011,0.0521
Serbia,SRB,2012,0.05601
Serbia,SRB,2013,0.06002
Serbia,SRB,2014,0.06438
Serbia,SRB,2015,0.06844
Serbia,SRB,2016,0.07286
Serbia,SRB,2017,0.0769
Serbia,SRB,2018,0.08091
Serbia,SRB,2019,0.08494
Serbia,SRB,2020,0.089
Serbia,SRB,2021,0.09305
Serbia,SRB,2022,0.0972
Serbia,SRB,2023,0.1013
Serbia,SRB,2024,0.10533
Sierra Leone,SLE,1990,0.60427
Sierra Leone,SLE,1991,0.7266
Sierra Leone,SLE,1992,0.85082
Sierra Leone,SLE,1993,0.98471
Sierra Leone,SLE,1994,1.11728
Sierra Leone,SLE,1995,1.23441
Sierra Leone,SLE,1996,1.34313
Sierra Leone,SLE,1997,1.43931
Sierra Leone,SLE,1998,1.51655
Sierra Leone,SLE,1999,1.57887
Sierra Leone,SLE,2000,1.62255
Sierra Leone,SLE,2001,1.6511
Sierra Leone,SLE,2002,1.66815
Sierra Leone,SLE,2003,1.67237
Sierra Leone,SLE,2004,1.66964
Sierra Leone,SLE,2005,1.65921
Sierra Leone,SLE,2006,1.64882
Sierra Leone,SLE,2007,1.63766
Sierra Leone,SLE,2008,1.62886
Sierra Leone,SLE,2009,1.62173
Sierra Leone,SLE,2010,1.61892
Sierra Leone,SLE,2011,1.61586
Sierra Leone,SLE,2012,1.61073
Sierra Leone,SLE,2013,1.59771
Sierra Leone,SLE,2014,1.58528
Sierra Leone,SLE,2015,1.57896
Sierra Leone,SLE,2016,1.57386
Sierra Leone,SLE,2017,1.56654
Sierra Leone,SLE,2018,1.55479
Sierra Leone,SLE,2019,1.53839
Sierra Leone,SLE,2020,1.52185
Sierra Leone,SLE,2021,1.49607
Sierra Leone,SLE,2022,1.46054
Sierra Leone,SLE,2023,1.41869
Sierra Leone,SLE,2024,1.3733
Singapore,SGP,1990,0.00791
Singapore,SGP,1991,0.00946
Singapore,SGP,1992,0.01135
Singapore,SGP,1993,0.0135
Singapore,SGP,1994,0.01589
Singapore,SGP,1995,0.01843
Singapore,SGP,1996,0.02126
Singapore,SGP,1997,0.02457
Singapore,SGP,1998,0.02881
Singapore,SGP,1999,0.0338
Singapore,SGP,2000,0.03871
Singapore,SGP,2001,0.04458
Singapore,SGP,2002,0.05215
Singapore,SGP,2003,0.05977
Singapore,SGP,2004,0.06624
Singapore,SGP,2005,0.07182
Singapore,SGP,2006,0.07667
Singapore,SGP,2007,0.08046
Singapore,SGP,2008,0.08513
Singapore,SGP,2009,0.09225
Singapore,SGP,2010,0.09948
Singapore,SGP,2011,0.10598
Singapore,SGP,2012,0.1123
Singapore,SGP,2013,0.1187
Singapore,SGP,2014,0.12459
Singapore,SGP,2015,0.12931
Singapore,SGP,2016,0.13438
Singapore,SGP,2017,0.13888
Singapore,SGP,2018,0.14073
Singapore,SGP,2019,0.14172
Singapore,SGP,2020,0.1462
Singapore,SGP,2021,0.14593
Singapore,SGP,2022,0.13591
Singapore,SGP,2023,0.13204
Singapore,SGP,2024,0.12833
Slovakia,SVK,1990,0.00086
Slovakia,SVK,1991,0.00106
Slovakia,SVK,1992,0.00131
Slovakia,SVK,1993,0.00158
Slovakia,SVK,1994,0.0019
Slovakia,SVK,1995,0.00227
Slovakia,SVK,1996,0.00269
Slovakia,SVK,1997,0.00317
Slovakia,SVK,1998,0.0037
Slovakia,SVK,1999,0.00428
Slovakia,SVK,2000,0.00488
Slovakia,SVK,2001,0.00551
Slovakia,SVK,2002,0.00613
Slovakia,SVK,2003,0.00675
Slovakia,SVK,2004,0.00746
Slovakia,SVK,2005,0.00822
Slovakia,SVK,2006,0.00898
Slovakia,SVK,2007,0.00979
Slovakia,SVK,2008,0.01063
Slovakia,SVK,2009,0.01159
Slovakia,SVK,2010,0.01272
Slovakia,SVK,2011,0.01406
Slovakia,SVK,2012,0.0157
Slovakia,SVK,2013,0.01766
Slovakia,SVK,2014,0.01991
Slovakia,SVK,2015,0.0224
Slovakia,SVK,2016,0.02512
Slovakia,SVK,2017,0.028
Slovakia,SVK,2018,0.03096
Slovakia,SVK,2019,0.03391
Slovakia,SVK,2020,0.0368
Slovakia,SVK,2021,0.03966
Slovakia,SVK,2022,0.04588
Slovakia,SVK,2023,0.05017
Slovakia,SVK,2024,0.05332
Slovenia,SVN,1990,0.00692
Slovenia,SVN,1991,0.00775
Slovenia,SVN,1992,0.00855
Slovenia,SVN,1993,0.00931
Slovenia,SVN,1994,0.01002
Slovenia,SVN,1995,0.01081
Slovenia,SVN,1996,0.01145
Slovenia,SVN,1997,0.012
Slovenia,SVN,1998,0.01264
Slovenia,SVN,1999,0.01351
Slovenia,SVN,2000,0.01444
Slovenia,SVN,2001,0.01554
Slovenia,SVN,2002,0.01678
Slovenia,SVN,2003,0.01827
Slovenia,SVN,2004,0.02004
Slovenia,SVN,2005,0.02222
Slovenia,SVN,2006,0.02475
Slovenia,SVN,2007,0.02784
Slovenia,SVN,2008,0.03096
Slovenia,SVN,2009,0.03449
Slovenia,SVN,2010,0.03797
Slovenia,SVN,2011,0.04171
Slovenia,SVN,2012,0.04563
Slovenia,SVN,2013,0.04973
Slovenia,SVN,2014,0.05383
Slovenia,SVN,2015,0.05787
Slovenia,SVN,2016,0.0619
Slovenia,SVN,2017,0.06583
Slovenia,SVN,2018,0.06889
Slovenia,SVN,2019,0.07126
Slovenia,SVN,2020,0.07244
Slovenia,SVN,2021,0.07511
Slovenia,SVN,2022,0.07751
Slovenia,SVN,2023,0.079
Slovenia,SVN,2024,0.07996
Somalia,SOM,1990,0.22826
Somalia,SOM,1991,0.25466
Somalia,SOM,1992,0.27501
Somalia,SOM,1993,0.28934
Somalia,SOM,1994,0.29826
Somalia,SOM,1995,0.30337
Somalia,SOM,1996,0.30428
Somalia,SOM,1997,0.29973
Somalia,SOM,1998,0.29164
Somalia,SOM,1999,0.28308
Somalia,SOM,2000,0.27143
Somalia,SOM,2001,0.2586
Somalia,SOM,2002,0.24513
Somalia,SOM,2003,0.23146
Somalia,SOM,2004,0.21815
Somalia,SOM,2005,0.20535
Somalia,SOM,2006,0.19324
Somalia,SOM,2007,0.18081
Somalia,SOM,2008,0.16872
Somalia,SOM,2009,0.15735
Somalia,SOM,2010,0.14692
Somalia,SOM,2011,0.13726
Somalia,SOM,2012,0.12821
Somalia,SOM,2013,0.12002
Somalia,SOM,2014,0.11209
Somalia,SOM,2015,0.10481
Somalia,SOM,2016,0.09842
Somalia,SOM,2017,0.09246
Somalia,SOM,2018,0.08676
Somalia,SOM,2019,0.08166
Somalia,SOM,2020,0.0768
Somalia,SOM,2021,0.07225
Somalia,SOM,2022,0.06807
Somalia,SOM,2023,0.06406
Somalia,SOM,2024,0.06059
South Africa,ZAF,1990,1.46384
South Africa,ZAF,1991,2.25885
South Africa,ZAF,1992,3.29568
South Africa,ZAF,1993,4.55149
South Africa,ZAF,1994,5.97377
South Africa,ZAF,1995,7.48291
South Africa,ZAF,1996,9.00645
South Africa,ZAF,1997,10.44059
South Africa,ZAF,1998,11.73982
South Africa,ZAF,1999,12.86037
South Africa,ZAF,2000,13.80045
South Africa,ZAF,2001,14.53112
South Africa,ZAF,2002,15.0936
South Africa,ZAF,2003,15.50248
South Africa,ZAF,2004,15.81486
South Africa,ZAF,2005,16.07592
South Africa,ZAF,2006,16.30832
South Africa,ZAF,2007,16.56039
South Africa,ZAF,2008,16.84496
South Africa,ZAF,2009,17.1223
South Africa,ZAF,2010,17.38975
South Africa,ZAF,2011,17.65505
South Africa,ZAF,2012,17.888
South Africa,ZAF,2013,18.12491
South Africa,ZAF,2014,18.33454
South Africa,ZAF,2015,18.50169
South Africa,ZAF,2016,18.6064
South Africa,ZAF,2017,18.63932
South Africa,ZAF,2018,18.62567
South Africa,ZAF,2019,18.54612
South Africa,ZAF,2020,18.38679
South Africa,ZAF,2021,18.16829
South Africa,ZAF,2022,17.89548
South Africa,ZAF,2023,17.56931
South Africa,ZAF,2024,17.20138
South Sudan,SSD,1990,0.78769
South Sudan,SSD,1991,0.9844
South Sudan,SSD,1992,1.19062
South Sudan,SSD,1993,1.40673
South Sudan,SSD,1994,1.63512
South Sudan,SSD,1995,1.82365
South Sudan,SSD,1996,1.9787
South Sudan,SSD,1997,2.12265
South Sudan,SSD,1998,2.24682
South Sudan,SSD,1999,2.3288
South Sudan,SSD,2000,2.39306
South Sudan,SSD,2001,2.42671
South Sudan,SSD,2002,2.45035
South Sudan,SSD,2003,2.46078
South Sudan,SSD,2004,2.45648
South Sudan,SSD,2005,2.41656
South Sudan,SSD,2006,2.37267
South Sudan,SSD,2007,2.32704
South Sudan,SSD,2008,2.27607
South Sudan,SSD,2009,2.22682
South Sudan,SSD,2010,2.1734
South Sudan,SSD,2011,2.12506
South Sudan,SSD,2012,2.0851
South Sudan,SSD,2013,2.04675
South Sudan,SSD,2014,2.01556
South Sudan,SSD,2015,1.97741
South Sudan,SSD,2016,1.94354
South Sudan,SSD,2017,1.89637
South Sudan,SSD,2018,1.84083
South Sudan,SSD,2019,1.78614
South Sudan,SSD,2020,1.72912
South Sudan,SSD,2021,1.67241
South Sudan,SSD,2022,1.61968
South Sudan,SSD,2023,1.56994
South Sudan,SSD,2024,1.52182
Spain,ESP,1990,0.36509
Spain,ESP,1991,0.41056
Spain,ESP,1992,0.44296
Spain,ESP,1993,0.46237
Spain,ESP,1994,0.47048
Spain,ESP,1995,0.46916
Spain,ESP,1996,0.4668
Spain,ESP,1997,0.46651
Spain,ESP,1998,0.46649
Spain,ESP,1999,0.46602
Spain,ESP,2000,0.46524
Spain,ESP,2001,0.46436
Spain,ESP,2002,0.46341
Spain,ESP,2003,0.46153
Spain,ESP,2004,0.45943
Spain,ESP,2005,0.45657
Spain,ESP,2006,0.45265
Spain,ESP,2007,0.44805
Spain,ESP,2008,0.44333
Spain,ESP,2009,0.43886
Spain,ESP,2010,0.4343
Spain,ESP,2011,0.42844
Spain,ESP,2012,0.42074
Spain,ESP,2013,0.41206
Spain,ESP,2014,0.40148
Spain,ESP,2015,0.38929
Spain,ESP,2016,0.37636
Spain,ESP,2017,0.36305
Spain,ESP,2018,0.34736
Spain,ESP,2019,0.33115
Spain,ESP,2020,0.3185
Spain,ESP,2021,0.30772
Spain,ESP,2022,0.29794
Spain,ESP,2023,0.29045
Spain,ESP,2024,0.28375
Sri Lanka,LKA,1990,0.0006
Sri Lanka,LKA,1991,0.0011
Sri Lanka,LKA,1992,0.00189
Sri Lanka,LKA,1993,0.00305
Sri Lanka,LKA,1994,0.00464
Sri Lanka,LKA,1995,0.00676
Sri Lanka,LKA,1996,0.00931
Sri Lanka,LKA,1997,0.01225
Sri Lanka,LKA,1998,0.01538
Sri Lanka,LKA,1999,0.01847
Sri Lanka,LKA,2000,0.0213
Sri Lanka,LKA,2001,0.02384
Sri Lanka,LKA,2002,0.02613
Sri Lanka,LKA,2003,0.02808
Sri Lanka,LKA,2004,0.0296
Sri Lanka,LKA,2005,0.03068
Sri Lanka,LKA,2006,0.03132
Sri Lanka,LKA,2007,0.03154
Sri Lanka,LKA,2008,0.0314
Sri Lanka,LKA,2009,0.03091
Sri Lanka,LKA,2010,0.03018
Sri Lanka,LKA,2011,0.0293
Sri Lanka,LKA,2012,0.02854
Sri Lanka,LKA,2013,0.028
Sri Lanka,LKA,2014,0.02778
Sri Lanka,LKA,2015,0.0279
Sri Lanka,LKA,2016,0.02826
Sri Lanka,LKA,2017,0.02872
Sri Lanka,LKA,2018,0.02927
Sri Lanka,LKA,2019,0.03004
Sri Lanka,LKA,2020,0.03098
Sri Lanka,LKA,2021,0.03209
Sri Lanka,LKA,2022,0.03332
Sri Lanka,LKA,2023,0.03463
Sri Lanka,LKA,2024,0.03589
Sudan,SDN,1990,0.04974
Sudan,SDN,1991,0.05781
Sudan,SDN,1992,0.06693
Sudan,SDN,1993,0.07529
Sudan,SDN,1994,0.08259
Sudan,SDN,1995,0.08956
Sudan,SDN,1996,0.09518
Sudan,SDN,1997,0.10058
Sudan,SDN,1998,0.10581
Sudan,SDN,1999,0.11082
Sudan,SDN,2000,0.11518
Sudan,SDN,2001,0.11839
Sudan,SDN,2002,0.12077
Sudan,SDN,2003,0.12277
Sudan,SDN,2004,0.1238
Sudan,SDN,2005,0.12468
Sudan,SDN,2006,0.1253
Sudan,SDN,2007,0.12615
Sudan,SDN,2008,0.12586
Sudan,SDN,2009,0.12718
Sudan,SDN,2010,0.12855
Sudan,SDN,2011,0.1299
Sudan,SDN,2012,0.13041
Sudan,SDN,2013,0.13111
Sudan,SDN,2014,0.13274
Sudan,SDN,2015,0.13441
Sudan,SDN,2016,0.13612
Sudan,SDN,2017,0.13803
Sudan,SDN,2018,0.13975
Sudan,SDN,2019,0.14179
Sudan,SDN,2020,0.1458
Sudan,SDN,2021,0.15074
Sudan,SDN,2022,0.15816
Sudan,SDN,2023,0.16716
Sudan,SDN,2024,0.17594
Suriname,SUR,1990,0.32962
Suriname,SUR,1991,0.38285
Suriname,SUR,1992,0.44486
Suriname,SUR,1993,0.51446
Suriname,SUR,1994,0.5924
Suriname,SUR,1995,0.6788
Suriname,SUR,1996,0.76858
Suriname,SUR,1997,0.86046
Suriname,SUR,1998,0.94937
Suriname,SUR,1999,1.0364
Suriname,SUR,2000,1.12023
Suriname,SUR,2001,1.19305
Suriname,SUR,2002,1.25863
Suriname,SUR,2003,1.31625
Suriname,SUR,2004,1.36003
Suriname,SUR,2005,1.39916
Suriname,SUR,2006,1.43249
Suriname,SUR,2007,1.46127
Suriname,SUR,2008,1.48856
Suriname,SUR,2009,1.51262
Suriname,SUR,2010,1.53346
Suriname,SUR,2011,1.54863
Suriname,SUR,2012,1.56117
Suriname,SUR,2013,1.56856
Suriname,SUR,2014,1.57175
Suriname,SUR,2015,1.57079
Suriname,SUR,2016,1.56941
Suriname,SUR,2017,1.57047
Suriname,SUR,2018,1.5724
Suriname,SUR,2019,1.57719
Suriname,SUR,2020,1.58889
Suriname,SUR,2021,1.59311
Suriname,SUR,2022,1.59009
Suriname,SUR,2023,1.59197
Suriname,SUR,2024,1.59584
Sweden,SWE,1990,0.03346
Sweden,SWE,1991,0.03682
Sweden,SWE,1992,0.03989
Sweden,SWE,1993,0.04255
Sweden,SWE,1994,0.04475
Sweden,SWE,1995,0.04689
Sweden,SWE,1996,0.04978
Sweden,SWE,1997,0.05344
Sweden,SWE,1998,0.05721
Sweden,SWE,1999,0.06088
Sweden,SWE,2000,0.06482
Sweden,SWE,2001,0.06836
Sweden,SWE,2002,0.07141
Sweden,SWE,2003,0.07443
Sweden,SWE,2004,0.07741
Sweden,SWE,2005,0.08003
Sweden,SWE,2006,0.08214
Sweden,SWE,2007,0.08412
Sweden,SWE,2008,0.08597
Sweden,SWE,2009,0.0875
Sweden,SWE,2010,0.08894
Sweden,SWE,2011,0.09029
Sweden,SWE,2012,0.09106
Sweden,SWE,2013,0.0919
Sweden,SWE,2014,0.09216
Sweden,SWE,2015,0.09174
Sweden,SWE,2016,0.09075
Sweden,SWE,2017,0.08992
Sweden,SWE,2018,0.0895
Sweden,SWE,2019,0.08967
Sweden,SWE,2020,0.08894
Sweden,SWE,2021,0.08717
Sweden,SWE,2022,0.08712
Switzerland,CHE,1990,0.14026
Switzerland,CHE,1991,0.15662
Switzerland,CHE,1992,0.17123
Switzerland,CHE,1993,0.18419
Switzerland,CHE,1994,0.19496
Switzerland,CHE,1995,0.20304
Switzerland,CHE,1996,0.21162
Switzerland,CHE,1997,0.22134
Switzerland,CHE,1998,0.23018
Switzerland,CHE,1999,0.23756
Switzerland,CHE,2000,0.24332
Switzerland,CHE,2001,0.24798
Switzerland,CHE,2002,0.25097
Switzerland,CHE,2003,0.25249
Switzerland,CHE,2004,0.25301
Switzerland,CHE,2005,0.25264
Switzerland,CHE,2006,0.25159
Switzerland,CHE,2007,0.24985
Switzerland,CHE,2008,0.2477
Switzerland,CHE,2009,0.2451
Switzerland,CHE,2010,0.24143
Switzerland,CHE,2011,0.23787
Switzerland,CHE,2012,0.23401
Switzerland,CHE,2013,0.22954
Switzerland,CHE,2014,0.22458
Switzerland,CHE,2015,0.21885
Switzerland,CHE,2016,0.21311
Switzerland,CHE,2017,0.20752
Switzerland,CHE,2018,0.20196
Switzerland,CHE,2019,0.19626
Switzerland,CHE,2020,0.19045
Switzerland,CHE,2021,0.18479
Switzerland,CHE,2022,0.17943
Switzerland,CHE,2023,0.17473
Switzerland,CHE,2024,0.16907
Syria,SYR,1990,0.00058
Syria,SYR,1991,0.0007
Syria,SYR,1992,0.00084
Syria,SYR,1993,0.00099
Syria,SYR,1994,0.00115
Syria,SYR,1995,0.00132
Syria,SYR,1996,0.00149
Syria,SYR,1997,0.00167
Syria,SYR,1998,0.00184
Syria,SYR,1999,0.00202
Syria,SYR,2000,0.00219
Syria,SYR,2001,0.00237
Syria,SYR,2002,0.00254
Syria,SYR,2003,0.00272
Syria,SYR,2004,0.0029
Syria,SYR,2005,0.00307
Syria,SYR,2006,0.00326
Syria,SYR,2007,0.00344
Syria,SYR,2008,0.00361
Syria,SYR,2009,0.00379
Syria,SYR,2010,0.00396
Syria,SYR,2011,0.00412
Syria,SYR,2012,0.00428
Syria,SYR,2013,0.00441
Syria,SYR,2014,0.0045
Syria,SYR,2015,0.00455
Syria,SYR,2016,0.00459
Syria,SYR,2017,0.00463
Syria,SYR,2018,0.00469
Syria,SYR,2019,0.00476
Syria,SYR,2020,0.00481
Syria,SYR,2021,0.00485
Syria,SYR,2022,0.00489
Syria,SYR,2023,0.00492
Syria,SYR,2024,0.00497
Tajikistan,TJK,1990,0.00027
Tajikistan,TJK,1991,0.00049
Tajikistan,TJK,1992,0.00088
Tajikistan,TJK,1993,0.00158
Tajikistan,TJK,1994,0.01462
Tajikistan,TJK,1995,0.01967
Tajikistan,TJK,1996,0.02666
Tajikistan,TJK,1997,0.03515
Tajikistan,TJK,1998,0.04556
Tajikistan,TJK,1999,0.0578
Tajikistan,TJK,2000,0.07225
Tajikistan,TJK,2001,0.08745
Tajikistan,TJK,2002,0.10311
Tajikistan,TJK,2003,0.11757
Tajikistan,TJK,2004,0.13137
Tajikistan,TJK,2005,0.14172
Tajikistan,TJK,2006,0.15294
Tajikistan,TJK,2007,0.16205
Tajikistan,TJK,2008,0.17077
Tajikistan,TJK,2009,0.17913
Tajikistan,TJK,2010,0.18649
Tajikistan,TJK,2011,0.19343
Tajikistan,TJK,2012,0.19684
Tajikistan,TJK,2013,0.20112
Tajikistan,TJK,2014,0.20441
Tajikistan,TJK,2015,0.20666
Tajikistan,TJK,2016,0.209
Tajikistan,TJK,2017,0.21006
Tajikistan,TJK,2018,0.2111
Tajikistan,TJK,2019,0.21248
Tajikistan,TJK,2020,0.20959
Tajikistan,TJK,2021,0.20644
Tajikistan,TJK,2022,0.20215
Tajikistan,TJK,2023,0.19736
Tajikistan,TJK,2024,0.19102
Tanzania,TZA,1990,4.77106
Tanzania,TZA,1991,5.33547
Tanzania,TZA,1992,5.79997
Tanzania,TZA,1993,6.17321
Tanzania,TZA,1994,6.41298
Tanzania,TZA,1995,6.52649
Tanzania,TZA,1996,6.53122
Tanzania,TZA,1997,6.50173
Tanzania,TZA,1998,6.394
Tanzania,TZA,1999,6.25583
Tanzania,TZA,2000,6.08212
Tanzania,TZA,2001,5.88286
Tanzania,TZA,2002,5.67819
Tanzania,TZA,2003,5.46591
Tanzania,TZA,2004,5.24799
Tanzania,TZA,2005,5.04587
Tanzania,TZA,2006,4.88239
Tanzania,TZA,2007,4.77222
Tanzania,TZA,2008,4.6938
Tanzania,TZA,2009,4.636
Tanzania,TZA,2010,4.59386
Tanzania,TZA,2011,4.56119
Tanzania,TZA,2012,4.53327
Tanzania,TZA,2013,4.51482
Tanzania,TZA,2014,4.4927
Tanzania,TZA,2015,4.46057
Tanzania,TZA,2016,4.42797
Tanzania,TZA,2017,4.37888
Tanzania,TZA,2018,4.32368
Tanzania,TZA,2019,4.24588
Tanzania,TZA,2020,4.13642
Tanzania,TZA,2021,4.01401
Tanzania,TZA,2022,3.87527
Tanzania,TZA,2023,3.72088
Tanzania,TZA,2024,3.54043
Thailand,THA,1990,0.91378
Thailand,THA,1991,1.39328
Thailand,THA,1992,1.79774
Thailand,THA,1993,2.09286
Thailand,THA,1994,2.29863
Thailand,THA,1995,2.42924
Thailand,THA,1996,2.49898
Thailand,THA,1997,2.52281
Thailand,THA,1998,2.51199
Thailand,THA,1999,2.47409
Thailand,THA,2000,2.40963
Thailand,THA,2001,2.32542
Thailand,THA,2002,2.22952
Thailand,THA,2003,2.12886
Thailand,THA,2004,2.03074
Thailand,THA,2005,1.94743
Thailand,THA,2006,1.87669
Thailand,THA,2007,1.8115
Thailand,THA,2008,1.7511
Thailand,THA,2009,1.695
Thailand,THA,2010,1.64635
Thailand,THA,2011,1.60181
Thailand,THA,2012,1.5582
Thailand,THA,2013,1.51427
Thailand,THA,2014,1.47229
Thailand,THA,2015,1.43055
Thailand,THA,2016,1.38507
Thailand,THA,2017,1.3397
Thailand,THA,2018,1.294
Thailand,THA,2019,1.24599
Thailand,THA,2020,1.19668
Thailand,THA,2021,1.14844
Thailand,THA,2022,1.0997
Thailand,THA,2023,1.05213
Thailand,THA,2024,1.0064
Togo,TGO,1990,0.87472
Togo,TGO,1991,1.13971
Togo,TGO,1992,1.45042
Togo,TGO,1993,1.81032
Togo,TGO,1994,2.19134
Togo,TGO,1995,2.59016
Togo,TGO,1996,2.96668
Togo,TGO,1997,3.29126
Togo,TGO,1998,3.51738
Togo,TGO,1999,3.6535
Togo,TGO,2000,3.715
Togo,TGO,2001,3.69789
Togo,TGO,2002,3.62424
Togo,TGO,2003,3.52004
Togo,TGO,2004,3.40055
Togo,TGO,2005,3.2801
Togo,TGO,2006,3.15919
Togo,TGO,2007,3.03747
Togo,TGO,2008,2.92003
Togo,TGO,2009,2.81725
Togo,TGO,2010,2.73807
Togo,TGO,2011,2.66136
Togo,TGO,2012,2.58043
Togo,TGO,2013,2.49445
Togo,TGO,2014,2.40608
Togo,TGO,2015,2.31691
Togo,TGO,2016,2.23194
Togo,TGO,2017,2.15679
Togo,TGO,2018,2.08024
Togo,TGO,2019,2.0082
Togo,TGO,2020,1.93328
Togo,TGO,2021,1.85908
Togo,TGO,2022,1.7857
Togo,TGO,2023,1.71232
Togo,TGO,2024,1.63841
Tunisia,TUN,1990,0.00435
Tunisia,TUN,1991,0.00551
Tunisia,TUN,1992,0.00694
Tunisia,TUN,1993,0.00861
Tunisia,TUN,1994,0.01059
Tunisia,TUN,1995,0.01286
Tunisia,TUN,1996,0.01534
Tunisia,TUN,1997,0.01794
Tunisia,TUN,1998,0.02069
Tunisia,TUN,1999,0.02363
Tunisia,TUN,2000,0.02687
Tunisia,TUN,2001,0.03031
Tunisia,TUN,2002,0.0339
Tunisia,TUN,2003,0.03773
Tunisia,TUN,2004,0.04208
Tunisia,TUN,2005,0.04654
Tunisia,TUN,2006,0.05082
Tunisia,TUN,2007,0.05498
Tunisia,TUN,2008,0.05871
Tunisia,TUN,2009,0.06226
Tunisia,TUN,2010,0.06551
Tunisia,TUN,2011,0.0686
Tunisia,TUN,2012,0.07113
Tunisia,TUN,2013,0.07375
Tunisia,TUN,2014,0.0765
Tunisia,TUN,2015,0.07879
Tunisia,TUN,2016,0.08123
Tunisia,TUN,2017,0.08339
Tunisia,TUN,2018,0.08578
Tunisia,TUN,2019,0.08819
Tunisia,TUN,2020,0.09081
Tunisia,TUN,2021,0.09333
Tunisia,TUN,2022,0.09618
Tunisia,TUN,2023,0.09907
Tunisia,TUN,2024,0.10251
Uganda,UGA,1990,10.91081
Uganda,UGA,1991,10.85131
Uganda,UGA,1992,10.71683
Uganda,UGA,1993,10.5154
Uganda,UGA,1994,10.25602
Uganda,UGA,1995,9.97651
Uganda,UGA,1996,9.67356
Uganda,UGA,1997,9.3614
Uganda,UGA,1998,9.05128
Uganda,UGA,1999,8.74591
Uganda,UGA,2000,8.45161
Uganda,UGA,2001,8.18392
Uganda,UGA,2002,7.95092
Uganda,UGA,2003,7.74265
Uganda,UGA,2004,7.57496
Uganda,UGA,2005,7.45624
Uganda,UGA,2006,7.36158
Uganda,UGA,2007,7.27987
Uganda,UGA,2008,7.23176
Uganda,UGA,2009,7.20533
Uganda,UGA,2010,7.17959
Uganda,UGA,2011,7.14979
Uganda,UGA,2012,7.09489
Uganda,UGA,2013,7.01433
Uganda,UGA,2014,6.90564
Uganda,UGA,2015,6.7802
Uganda,UGA,2016,6.63691
Uganda,UGA,2017,6.45821
Uganda,UGA,2018,6.25677
Uganda,UGA,2019,6.05079
Uganda,UGA,2020,5.83956
Uganda,UGA,2021,5.62794
Uganda,UGA,2022,5.40336
Uganda,UGA,2023,5.17149
Uganda,UGA,2024,4.93709
United Arab Emirates,ARE,1990,0
United Arab Emirates,ARE,1991,0
United Arab Emirates,ARE,1992,0
United Arab Emirates,ARE,1993,0.00001
United Arab Emirates,ARE,1994,0.00003
United Arab Emirates,ARE,1995,0.00007
United Arab Emirates,ARE,1996,0.00014
United Arab Emirates,ARE,1997,0.00027
United Arab Emirates,ARE,1998,0.00051
United Arab Emirates,ARE,1999,0.00095
United Arab Emirates,ARE,2000,0.00171
United Arab Emirates,ARE,2001,0.00304
United Arab Emirates,ARE,2002,0.00528
United Arab Emirates,ARE,2003,0.00801
United Arab Emirates,ARE,2004,0.01024
United Arab Emirates,ARE,2005,0.01198
United Arab Emirates,ARE,2006,0.01325
United Arab Emirates,ARE,2007,0.01412
United Arab Emirates,ARE,2008,0.01461
United Arab Emirates,ARE,2009,0.01473
United Arab Emirates,ARE,2010,0.0146
United Arab Emirates,ARE,2011,0.01425
United Arab Emirates,ARE,2012,0.0138
United Arab Emirates,ARE,2013,0.0133
United Arab Emirates,ARE,2014,0.0127
United Arab Emirates,ARE,2015,0.01205
United Arab Emirates,ARE,2016,0.01143
United Arab Emirates,ARE,2017,0.01094
United Arab Emirates,ARE,2018,0.01062
United Arab Emirates,ARE,2019,0.01054
United Arab Emirates,ARE,2020,0.01085
United Arab Emirates,ARE,2021,0.01111
United Arab Emirates,ARE,2022,0.01206
United Arab Emirates,ARE,2023,0.01343
United Arab Emirates,ARE,2024,0.01497
United Kingdom,GBR,2016,0.21552
United Kingdom,GBR,2017,0.21469
United Kingdom,GBR,2018,0.2128
United Kingdom,GBR,2019,0.20975
United Kingdom,GBR,2020,0.20588
United Kingdom,GBR,2021,0.20085
United Kingdom,GBR,2022,0.19581
United Kingdom,GBR,2023,0.19031
Venezuela,VEN,1990,0.05663
Venezuela,VEN,1991,0.06805
Venezuela,VEN,1992,0.08156
Venezuela,VEN,1993,0.09749
Venezuela,VEN,1994,0.11623
Venezuela,VEN,1995,0.13822
Venezuela,VEN,1996,0.16396
Venezuela,VEN,1997,0.194
Venezuela,VEN,1998,0.22891
Venezuela,VEN,1999,0.26935
Venezuela,VEN,2000,0.31681
Venezuela,VEN,2001,0.37324
Venezuela,VEN,2002,0.43897
Venezuela,VEN,2003,0.51132
Venezuela,VEN,2004,0.57915
Venezuela,VEN,2005,0.61636
Venezuela,VEN,2006,0.61364
Venezuela,VEN,2007,0.59749
Venezuela,VEN,2008,0.5802
Venezuela,VEN,2009,0.56411
Venezuela,VEN,2010,0.55022
Venezuela,VEN,2011,0.53854
Venezuela,VEN,2012,0.52842
Venezuela,VEN,2013,0.51955
Venezuela,VEN,2014,0.51113
Venezuela,VEN,2015,0.50727
Venezuela,VEN,2016,0.50779
Venezuela,VEN,2017,0.5077
Venezuela,VEN,2018,0.50473
Venezuela,VEN,2019,0.50294
Venezuela,VEN,2020,0.51147
Venezuela,VEN,2021,0.52401
Venezuela,VEN,2022,0.53875
Venezuela,VEN,2023,0.55601
Venezuela,VEN,2024,0.57633
Vietnam,VNM,1990,0.00551
Vietnam,VNM,1991,0.01104
Vietnam,VNM,1992,0.02112
Vietnam,VNM,1993,0.03771
Vietnam,VNM,1994,0.06158
Vietnam,VNM,1995,0.09112
Vietnam,VNM,1996,0.12306
Vietnam,VNM,1997,0.15449
Vietnam,VNM,1998,0.18424
Vietnam,VNM,1999,0.2129
Vietnam,VNM,2000,0.23998
Vietnam,VNM,2001,0.26512
Vietnam,VNM,2002,0.28936
Vietnam,VNM,2003,0.31067
Vietnam,VNM,2004,0.32834
Vietnam,VNM,2005,0.34196
Vietnam,VNM,2006,0.34932
Vietnam,VNM,2007,0.35664
Vietnam,VNM,2008,0.36456
Vietnam,VNM,2009,0.37585
Vietnam,VNM,2010,0.38735
Vietnam,VNM,2011,0.39752
Vietnam,VNM,2012,0.4076
Vietnam,VNM,2013,0.41757
Vietnam,VNM,2014,0.42756
Vietnam,VNM,2015,0.43638
Vietnam,VNM,2016,0.44433
Vietnam,VNM,2017,0.4511
Vietnam,VNM,2018,0.45615
Vietnam,VNM,2019,0.45898
Vietnam,VNM,2020,0.46
Vietnam,VNM,2021,0.45853
Vietnam,VNM,2022,0.45489
Vietnam,VNM,2023,0.44841
Vietnam,VNM,2024,0.43966
Western & Central Europe and North America (UNAIDS),,1990,0.19179152
Western & Central Europe and North America (UNAIDS),,1991,0.19783261
Western & Central Europe and North America (UNAIDS),,1992,0.20168407
Western & Central Europe and North America (UNAIDS),,1993,0.20378603
Western & Central Europe and North America (UNAIDS),,1994,0.20432994
Western & Central Europe and North America (UNAIDS),,1995,0.20512885
Western & Central Europe and North America (UNAIDS),,1996,0.20726922
Western & Central Europe and North America (UNAIDS),,1997,0.21072912
Western & Central Europe and North America (UNAIDS),,1998,0.21655747
Western & Central Europe and North America (UNAIDS),,1999,0.22275731
Western & Central Europe and North America (UNAIDS),,2000,0.22845183
Western & Central Europe and North America (UNAIDS),,2001,0.23406503
Western & Central Europe and North America (UNAIDS),,2002,0.23960641
Western & Central Europe and North America (UNAIDS),,2003,0.24457778
Western & Central Europe and North America (UNAIDS),,2004,0.24928616
Western & Central Europe and North America (UNAIDS),,2005,0.25343466
Western & Central Europe and North America (UNAIDS),,2006,0.25753668
Western & Central Europe and North America (UNAIDS),,2007,0.26107457
Western & Central Europe and North America (UNAIDS),,2008,0.26404715
Western & Central Europe and North America (UNAIDS),,2009,0.26625875
Western & Central Europe and North America (UNAIDS),,2010,0.2676356
Western & Central Europe and North America (UNAIDS),,2011,0.26862726
Western & Central Europe and North America (UNAIDS),,2012,0.26942188
Western & Central Europe and North America (UNAIDS),,2013,0.26938272
Western & Central Europe and North America (UNAIDS),,2014,0.26873073
Western & Central Europe and North America (UNAIDS),,2015,0.266575
Western & Central Europe and North America (UNAIDS),,2016,0.26504514
Western & Central Europe and North America (UNAIDS),,2017,0.26312944
Western & Central Europe and North America (UNAIDS),,2018,0.26126882
Western & Central Europe and North America (UNAIDS),,2019,0.25937837
Western & Central Europe and North America (UNAIDS),,2020,0.2574087
Western & Central Europe and North America (UNAIDS),,2021,0.25535804
Western & Central Europe and North America (UNAIDS),,2022,0.25441226
Western & Central Europe and North America (UNAIDS),,2023,0.25404498
Western & Central Europe and North America (UNAIDS),,2024,0.25269917
Western and Central Africa (UNAIDS),,1990,1.4476626
Western and Central Africa (UNAIDS),,1991,1.6739422
Western and Central Africa (UNAIDS),,1992,1.8874568
Western and Central Africa (UNAIDS),,1993,2.059987
Western and Central Africa (UNAIDS),,1994,2.2494671
Western and Central Africa (UNAIDS),,1995,2.3787727
Western and Central Africa (UNAIDS),,1996,2.4801712
Western and Central Africa (UNAIDS),,1997,2.55539
Western and Central Africa (UNAIDS),,1998,2.598466
Western and Central Africa (UNAIDS),,1999,2.608392
Western and Central Africa (UNAIDS),,2000,2.58971
Western and Central Africa (UNAIDS),,2001,2.54592
Western and Central Africa (UNAIDS),,2002,2.4849532
Western and Central Africa (UNAIDS),,2003,2.411274
Western and Central Africa (UNAIDS),,2004,2.33243
Western and Central Africa (UNAIDS),,2005,2.2541811
Western and Central Africa (UNAIDS),,2006,2.1796134
Western and Central Africa (UNAIDS),,2007,2.110537
Western and Central Africa (UNAIDS),,2008,2.0473676
Western and Central Africa (UNAIDS),,2009,1.9929358
Western and Central Africa (UNAIDS),,2010,1.9372483
Western and Central Africa (UNAIDS),,2011,1.8795526
Western and Central Africa (UNAIDS),,2012,1.8214785
Western and Central Africa (UNAIDS),,2013,1.7626277
Western and Central Africa (UNAIDS),,2014,1.7024571
Western and Central Africa (UNAIDS),,2015,1.6438795
Western and Central Africa (UNAIDS),,2016,1.5841212
Western and Central Africa (UNAIDS),,2017,1.524776
Western and Central Africa (UNAIDS),,2018,1.4666237
Western and Central Africa (UNAIDS),,2019,1.4095372
Western and Central Africa (UNAIDS),,2020,1.3529167
Western and Central Africa (UNAIDS),,2021,1.2962227
Western and Central Africa (UNAIDS),,2022,1.2393384
Western and Central Africa (UNAIDS),,2023,1.1831495
Western and Central Africa (UNAIDS),,2024,1.1250244
World,OWID_WRL,1990,0.3247012
World,OWID_WRL,1991,0.38623554
World,OWID_WRL,1992,0.44561663
World,OWID_WRL,1993,0.5001894
World,OWID_WRL,1994,0.5530958
World,OWID_WRL,1995,0.60131484
World,OWID_WRL,1996,0.6436757
World,OWID_WRL,1997,0.67747724
World,OWID_WRL,1998,0.70276725
World,OWID_WRL,1999,0.718357
World,OWID_WRL,2000,0.7273759
World,OWID_WRL,2001,0.73008263
World,OWID_WRL,2002,0.72921646
World,OWID_WRL,2003,0.7244523
World,OWID_WRL,2004,0.7185431
World,OWID_WRL,2005,0.7126064
World,OWID_WRL,2006,0.70865256
World,OWID_WRL,2007,0.70796406
World,OWID_WRL,2008,0.7098941
World,OWID_WRL,2009,0.71295655
World,OWID_WRL,2010,0.71725625
World,OWID_WRL,2011,0.7220713
World,OWID_WRL,2012,0.72930866
World,OWID_WRL,2013,0.73724705
World,OWID_WRL,2014,0.74337006
World,OWID_WRL,2015,0.7483012
World,OWID_WRL,2016,0.7517697
World,OWID_WRL,2017,0.7534479
World,OWID_WRL,2018,0.75428843
World,OWID_WRL,2019,0.7532301
World,OWID_WRL,2020,0.75042
World,OWID_WRL,2021,0.7449946
World,OWID_WRL,2022,0.7380493
World,OWID_WRL,2023,0.73005515
World,OWID_WRL,2024,0.71965456
Yemen,YEM,1990,0.00474
Yemen,YEM,1991,0.00536
Yemen,YEM,1992,0.00607
Yemen,YEM,1993,0.00687
Yemen,YEM,1994,0.00777
Yemen,YEM,1995,0.00881
Yemen,YEM,1996,0.00999
Yemen,YEM,1997,0.01133
Yemen,YEM,1998,0.01287
Yemen,YEM,1999,0.01463
Yemen,YEM,2000,0.01665
Yemen,YEM,2001,0.01894
Yemen,YEM,2002,0.02153
Yemen,YEM,2003,0.02447
Yemen,YEM,2004,0.02777
Yemen,YEM,2005,0.03146
Yemen,YEM,2006,0.03544
Yemen,YEM,2007,0.03959
Yemen,YEM,2008,0.04361
Yemen,YEM,2009,0.04683
Yemen,YEM,2010,0.04868
Yemen,YEM,2011,0.04946
Yemen,YEM,2012,0.04986
Yemen,YEM,2013,0.0505
Yemen,YEM,2014,0.05154
Yemen,YEM,2015,0.05287
Yemen,YEM,2016,0.05447
Yemen,YEM,2017,0.05627
Yemen,YEM,2018,0.05812
Yemen,YEM,2019,0.06003
Yemen,YEM,2020,0.0619
Yemen,YEM,2021,0.06368
Yemen,YEM,2022,0.06546
Yemen,YEM,2023,0.06726
Yemen,YEM,2024,0.06905
Zambia,ZMB,1990,9.43451
Zambia,ZMB,1991,10.74314
Zambia,ZMB,1992,11.83561
Zambia,ZMB,1993,12.66371
Zambia,ZMB,1994,13.27076
Zambia,ZMB,1995,13.68254
Zambia,ZMB,1996,13.91251
Zambia,ZMB,1997,13.96938
Zambia,ZMB,1998,13.90138
Zambia,ZMB,1999,13.73595
Zambia,ZMB,2000,13.49475
Zambia,ZMB,2001,13.20146
Zambia,ZMB,2002,12.87668
Zambia,ZMB,2003,12.57061
Zambia,ZMB,2004,12.29354
Zambia,ZMB,2005,12.05736
Zambia,ZMB,2006,11.86476
Zambia,ZMB,2007,11.7439
Zambia,ZMB,2008,11.67852
Zambia,ZMB,2009,11.65989
Zambia,ZMB,2010,11.67477
Zambia,ZMB,2011,11.70754
Zambia,ZMB,2012,11.76282
Zambia,ZMB,2013,11.83873
Zambia,ZMB,2014,11.8713
Zambia,ZMB,2015,11.86012
Zambia,ZMB,2016,11.82018
Zambia,ZMB,2017,11.78851
Zambia,ZMB,2018,11.70282
Zambia,ZMB,2019,11.48721
Zambia,ZMB,2020,11.14541
Zambia,ZMB,2021,10.73916
Zambia,ZMB,2022,10.30327
Zambia,ZMB,2023,9.84175
Zambia,ZMB,2024,9.38553
Zimbabwe,ZWE,1990,19.90958
Zimbabwe,ZWE,1991,23.37271
Zimbabwe,ZWE,1992,26.09763
Zimbabwe,ZWE,1993,28.01934
Zimbabwe,ZWE,1994,29.20267
Zimbabwe,ZWE,1995,29.64893
Zimbabwe,ZWE,1996,29.51803
Zimbabwe,ZWE,1997,28.96918
Zimbabwe,ZWE,1998,28.10065
Zimbabwe,ZWE,1999,27.01836
Zimbabwe,ZWE,2000,25.7756
Zimbabwe,ZWE,2001,24.48447
Zimbabwe,ZWE,2002,23.16172
Zimbabwe,ZWE,2003,21.8608
Zimbabwe,ZWE,2004,20.64552
Zimbabwe,ZWE,2005,19.54829
Zimbabwe,ZWE,2006,18.60381
Zimbabwe,ZWE,2007,17.79469
Zimbabwe,ZWE,2008,17.13694
Zimbabwe,ZWE,2009,16.63017
Zimbabwe,ZWE,2010,16.31632
Zimbabwe,ZWE,2011,15.95751
Zimbabwe,ZWE,2012,15.64017
Zimbabwe,ZWE,2013,15.29757
Zimbabwe,ZWE,2014,14.9162
Zimbabwe,ZWE,2015,14.51391
Zimbabwe,ZWE,2016,14.08537
Zimbabwe,ZWE,2017,13.5901
Zimbabwe,ZWE,2018,13.06194
Zimbabwe,ZWE,2019,12.53706
Zimbabwe,ZWE,2020,12.00607
Zimbabwe,ZWE,2021,11.49095
Zimbabwe,ZWE,2022,10.92395
Zimbabwe,ZWE,2023,10.34684
Zimbabwe,ZWE,2024,9.78348