entity,code,year,observation_value__indicator_infant_mortality_rate__sex_total__wealth_quintile_total__unit_of_measure_deaths_per_100_live_births
Afghanistan,AFG,1957,26.236263
Afghanistan,AFG,1958,25.893744
Afghanistan,AFG,1959,25.580935
Afghanistan,AFG,1960,25.241615
Afghanistan,AFG,1961,24.924023
Afghanistan,AFG,1962,24.6426
Afghanistan,AFG,1963,24.359472
Afghanistan,AFG,1964,24.062521
Afghanistan,AFG,1965,23.765774
Afghanistan,AFG,1966,23.497393
Afghanistan,AFG,1967,23.238907
Afghanistan,AFG,1968,22.957224
Afghanistan,AFG,1969,22.66102
Afghanistan,AFG,1970,22.382528
Afghanistan,AFG,1971,24.895884
Afghanistan,AFG,1972,24.517517
Afghanistan,AFG,1973,21.476871
Afghanistan,AFG,1974,21.156157
Afghanistan,AFG,1975,20.829351
Afghanistan,AFG,1976,20.475046
Afghanistan,AFG,1977,20.10972
Afghanistan,AFG,1978,19.72396
Afghanistan,AFG,1979,19.349932
Afghanistan,AFG,1980,18.961073
Afghanistan,AFG,1981,18.55705
Afghanistan,AFG,1982,19.910803
Afghanistan,AFG,1983,19.502167
Afghanistan,AFG,1984,20.66215
Afghanistan,AFG,1985,20.166391
Afghanistan,AFG,1986,18.12668
Afghanistan,AFG,1987,17.6857
Afghanistan,AFG,1988,15.501684
Afghanistan,AFG,1989,15.042737
Afghanistan,AFG,1990,14.588698
Afghanistan,AFG,1991,14.144633
Afghanistan,AFG,1992,13.715596
Afghanistan,AFG,1993,13.314077
Afghanistan,AFG,1994,12.943209
Afghanistan,AFG,1995,12.599336
Afghanistan,AFG,1996,12.271245
Afghanistan,AFG,1997,11.964345
Afghanistan,AFG,1998,11.663217
Afghanistan,AFG,1999,11.36396
Afghanistan,AFG,2000,11.060397
Afghanistan,AFG,2001,10.751274
Afghanistan,AFG,2002,10.426084
Afghanistan,AFG,2003,10.083786
Afghanistan,AFG,2004,9.736279
Afghanistan,AFG,2005,9.379128
Afghanistan,AFG,2006,9.0283575
Afghanistan,AFG,2007,8.679439
Afghanistan,AFG,2008,8.340413
Afghanistan,AFG,2009,8.006325
Afghanistan,AFG,2010,7.6920195
Afghanistan,AFG,2011,7.397254
Afghanistan,AFG,2012,7.1172647
Afghanistan,AFG,2013,6.85873
Afghanistan,AFG,2014,6.6174593
Afghanistan,AFG,2015,6.3996677
Afghanistan,AFG,2016,6.1947527
Afghanistan,AFG,2017,6.008853
Afghanistan,AFG,2018,5.8278093
Afghanistan,AFG,2019,5.6566553
Afghanistan,AFG,2020,5.489117
Afghanistan,AFG,2021,5.322999
Afghanistan,AFG,2022,5.156927
Afghanistan,AFG,2023,4.9925947
Afghanistan,AFG,2024,4.8314753
Africa,OWID_AFR,1967,14.096664
Africa,OWID_AFR,1968,15.076063
Africa,OWID_AFR,1969,14.86634
Africa,OWID_AFR,1970,14.543891
Africa,OWID_AFR,1971,13.308191
Africa,OWID_AFR,1972,13.343074
Africa,OWID_AFR,1973,13.026031
Africa,OWID_AFR,1974,12.817622
Africa,OWID_AFR,1975,12.589132
Africa,OWID_AFR,1976,12.167451
Africa,OWID_AFR,1977,11.862291
Africa,OWID_AFR,1978,11.619898
Africa,OWID_AFR,1979,11.377224
Africa,OWID_AFR,1980,11.229404
Africa,OWID_AFR,1981,11.081936
Africa,OWID_AFR,1982,10.836285
Africa,OWID_AFR,1983,11.07832
Africa,OWID_AFR,1984,10.801771
Africa,OWID_AFR,1985,10.5955105
Africa,OWID_AFR,1986,10.34731
Africa,OWID_AFR,1987,9.861344
Africa,OWID_AFR,1988,10.389285
Africa,OWID_AFR,1989,9.647721
Africa,OWID_AFR,1990,9.57089
Africa,OWID_AFR,1991,9.632024
Africa,OWID_AFR,1992,9.561055
Africa,OWID_AFR,1993,9.480386
Africa,OWID_AFR,1994,9.346243
Africa,OWID_AFR,1995,9.141299
Africa,OWID_AFR,1996,9.199645
Africa,OWID_AFR,1997,9.033816
Africa,OWID_AFR,1998,8.983904
Africa,OWID_AFR,1999,8.574466
Africa,OWID_AFR,2000,8.321006
Africa,OWID_AFR,2001,8.115204
Africa,OWID_AFR,2002,7.74732
Africa,OWID_AFR,2003,7.450442
Africa,OWID_AFR,2004,7.1722016
Africa,OWID_AFR,2005,6.769962
Africa,OWID_AFR,2006,6.4872646
Africa,OWID_AFR,2007,6.2405987
Africa,OWID_AFR,2008,6.0122566
Africa,OWID_AFR,2009,5.8929353
Africa,OWID_AFR,2010,5.6651425
Africa,OWID_AFR,2011,5.6502013
Africa,OWID_AFR,2012,5.3457885
Africa,OWID_AFR,2013,5.191082
Africa,OWID_AFR,2014,5.140647
Africa,OWID_AFR,2015,5.0599685
Africa,OWID_AFR,2016,4.9894342
Africa,OWID_AFR,2017,4.94958
Africa,OWID_AFR,2018,4.7912464
Africa,OWID_AFR,2019,4.7429237
Africa,OWID_AFR,2020,4.6666265
Africa,OWID_AFR,2021,4.737375
Africa,OWID_AFR,2022,4.7770777
Africa,OWID_AFR,2023,4.5503206
Africa,OWID_AFR,2024,4.4471817
Albania,ALB,1978,6.8167276
Albania,ALB,1979,6.2404475
Albania,ALB,1980,5.709695
Albania,ALB,1981,5.2256203
Albania,ALB,1982,4.7875667
Albania,ALB,1983,4.393596
Albania,ALB,1984,4.046086
Albania,ALB,1985,3.7428112
Albania,ALB,1986,3.4766
Albania,ALB,1987,3.2451353
Albania,ALB,1988,3.0454261
Albania,ALB,1989,2.8742247
Albania,ALB,1990,2.7276828
Albania,ALB,1991,2.59812
Albania,ALB,1992,2.4898782
Albania,ALB,1993,2.3927882
Albania,ALB,1994,2.3030965
Albania,ALB,1995,2.215314
Albania,ALB,1996,2.1274076
Albania,ALB,1997,2.0388768
Albania,ALB,1998,1.9525489
Albania,ALB,1999,1.8663191
Albania,ALB,2000,1.7798591
Albania,ALB,2001,1.6951079
Albania,ALB,2002,1.6098607
Albania,ALB,2003,1.5248785
Albania,ALB,2004,1.4388305
Albania,ALB,2005,1.3525847
Albania,ALB,2006,1.2674911
Albania,ALB,2007,1.1855992
Albania,ALB,2008,1.1083881
Albania,ALB,2009,1.0345967
Albania,ALB,2010,0.9646415
Albania,ALB,2011,0.90040267
Albania,ALB,2012,0.84551257
Albania,ALB,2013,0.804586
Albania,ALB,2014,0.77747667
Albania,ALB,2015,0.7640828
Albania,ALB,2016,0.7626143
Albania,ALB,2017,0.7702629
Albania,ALB,2018,0.7831172
Albania,ALB,2019,0.7983395
Albania,ALB,2020,0.81344914
Albania,ALB,2021,0.8253567
Albania,ALB,2022,0.8320401
Albania,ALB,2023,0.8317321
Albania,ALB,2024,0.8251787
Algeria,DZA,1954,16.872154
Algeria,DZA,1955,16.729515
Algeria,DZA,1956,16.601732
Algeria,DZA,1957,16.47845
Algeria,DZA,1958,16.352102
Algeria,DZA,1959,16.251802
Algeria,DZA,1960,16.197002
Algeria,DZA,1961,16.153603
Algeria,DZA,1962,16.133802
Algeria,DZA,1963,16.152721
Algeria,DZA,1964,16.170298
Algeria,DZA,1965,16.210175
Algeria,DZA,1966,16.243593
Algeria,DZA,1967,16.240726
Algeria,DZA,1968,16.200872
Algeria,DZA,1969,16.093027
Algeria,DZA,1970,15.885806
Algeria,DZA,1971,15.605144
Algeria,DZA,1972,15.248902
Algeria,DZA,1973,14.840535
Algeria,DZA,1974,14.381453
Algeria,DZA,1975,13.886056
Algeria,DZA,1976,13.358226
Algeria,DZA,1977,12.808431
Algeria,DZA,1978,12.223029
Algeria,DZA,1979,11.550802
Algeria,DZA,1980,10.749647
Algeria,DZA,1981,9.793459
Algeria,DZA,1982,8.684586
Algeria,DZA,1983,7.506725
Algeria,DZA,1984,6.428068
Algeria,DZA,1985,5.549975
Algeria,DZA,1986,4.8906884
Algeria,DZA,1987,4.4434986
Algeria,DZA,1988,4.178776
Algeria,DZA,1989,4.039395
Algeria,DZA,1990,3.9753149
Algeria,DZA,1991,3.9533594
Algeria,DZA,1992,3.9471567
Algeria,DZA,1993,3.9397447
Algeria,DZA,1994,3.9198413
Algeria,DZA,1995,3.8814468
Algeria,DZA,1996,3.8240175
Algeria,DZA,1997,3.7550118
Algeria,DZA,1998,3.672078
Algeria,DZA,1999,3.579238
Algeria,DZA,2000,3.4771128
Algeria,DZA,2001,3.3674817
Algeria,DZA,2002,3.2513812
Algeria,DZA,2003,3.1317294
Algeria,DZA,2004,3.011814
Algeria,DZA,2005,2.8956664
Algeria,DZA,2006,2.7862723
Algeria,DZA,2007,2.6852727
Algeria,DZA,2008,2.5936236
Algeria,DZA,2009,2.5119956
Algeria,DZA,2010,2.4391763
Algeria,DZA,2011,2.3756347
Algeria,DZA,2012,2.3200054
Algeria,DZA,2013,2.2722511
Algeria,DZA,2014,2.2304265
Algeria,DZA,2015,2.193186
Algeria,DZA,2016,2.1587086
Algeria,DZA,2017,2.1270416
Algeria,DZA,2018,2.0983548
Algeria,DZA,2019,2.0702546
Algeria,DZA,2020,2.04309
Algeria,DZA,2021,2.01913
Algeria,DZA,2022,1.9952899
Algeria,DZA,2023,1.9722989
Algeria,DZA,2024,1.9463408
Andorra,AND,1985,1.0172043
Andorra,AND,1986,0.998814
Andorra,AND,1987,0.97543466
Andorra,AND,1988,0.9509743
Andorra,AND,1989,0.93429375
Andorra,AND,1990,0.91030306
Andorra,AND,1991,0.88479865
Andorra,AND,1992,0.8574341
Andorra,AND,1993,0.8340381
Andorra,AND,1994,0.80990493
Andorra,AND,1995,0.7841353
Andorra,AND,1996,0.7592747
Andorra,AND,1997,0.7323589
Andorra,AND,1998,0.7061856
Andorra,AND,1999,0.6824837
Andorra,AND,2000,0.6553232
Andorra,AND,2001,0.6305867
Andorra,AND,2002,0.6050345
Andorra,AND,2003,0.5792568
Andorra,AND,2004,0.5556865
Andorra,AND,2005,0.53413415
Andorra,AND,2006,0.50995827
Andorra,AND,2007,0.4862311
Andorra,AND,2008,0.46347103
Andorra,AND,2009,0.4431258
Andorra,AND,2010,0.42240092
Andorra,AND,2011,0.40454483
Andorra,AND,2012,0.3851488
Andorra,AND,2013,0.36784115
Andorra,AND,2014,0.35133857
Andorra,AND,2015,0.33386034
Andorra,AND,2016,0.3209861
Andorra,AND,2017,0.3086245
Andorra,AND,2018,0.2970298
Andorra,AND,2019,0.28686455
Andorra,AND,2020,0.2771817
Andorra,AND,2021,0.26736358
Andorra,AND,2022,0.25870886
Andorra,AND,2023,0.25056356
Andorra,AND,2024,0.24190658
Angola,AGO,1980,12.471181
Angola,AGO,1981,12.298039
Angola,AGO,1982,12.16607
Angola,AGO,1983,12.022925
Angola,AGO,1984,11.914268
Angola,AGO,1985,11.847909
Angola,AGO,1986,11.796421
Angola,AGO,1987,11.781363
Angola,AGO,1988,11.780641
Angola,AGO,1989,11.785408
Angola,AGO,1990,11.812789
Angola,AGO,1991,11.85011
Angola,AGO,1992,11.896939
Angola,AGO,1993,11.933899
Angola,AGO,1994,11.954652
Angola,AGO,1995,11.94361
Angola,AGO,1996,11.866295
Angola,AGO,1997,11.71622
Angola,AGO,1998,11.478848
Angola,AGO,1999,11.185482
Angola,AGO,2000,10.832275
Angola,AGO,2001,10.377562
Angola,AGO,2002,9.844007
Angola,AGO,2003,9.245493
Angola,AGO,2004,8.5844145
Angola,AGO,2005,7.8923206
Angola,AGO,2006,7.2217627
Angola,AGO,2007,6.5985017
Angola,AGO,2008,6.03112
Angola,AGO,2009,5.543995
Angola,AGO,2010,5.1144843
Angola,AGO,2011,4.7558484
Angola,AGO,2012,4.4568157
Angola,AGO,2013,4.2199874
Angola,AGO,2014,4.029949
Angola,AGO,2015,3.8765018
Angola,AGO,2016,3.7628512
Angola,AGO,2017,3.6716998
Angola,AGO,2018,3.5989413
Angola,AGO,2019,3.5451698
Angola,AGO,2020,3.4911852
Angola,AGO,2021,3.4418008
Angola,AGO,2022,3.3733103
Angola,AGO,2023,3.2997675
Angola,AGO,2024,3.2129433
Anguilla,AIA,1985,2.0638745
Anguilla,AIA,1986,1.9674866
Anguilla,AIA,1987,1.873418
Anguilla,AIA,1988,1.7885287
Anguilla,AIA,1989,1.70732
Anguilla,AIA,1990,1.6319392
Anguilla,AIA,1991,1.5602138
Anguilla,AIA,1992,1.490476
Anguilla,AIA,1993,1.4285653
Anguilla,AIA,1994,1.3690479
Anguilla,AIA,1995,1.3081918
Anguilla,AIA,1996,1.2528261
Anguilla,AIA,1997,1.2022843
Anguilla,AIA,1998,1.1557788
Anguilla,AIA,1999,1.1134735
Anguilla,AIA,2000,1.073213
Anguilla,AIA,2001,1.0371351
Anguilla,AIA,2002,1.0052079
Anguilla,AIA,2003,0.9721294
Anguilla,AIA,2004,0.9412544
Anguilla,AIA,2005,0.91170734
Anguilla,AIA,2006,0.8839744
Anguilla,AIA,2007,0.8571079
Anguilla,AIA,2008,0.83197975
Anguilla,AIA,2009,0.80937576
Anguilla,AIA,2010,0.785544
Anguilla,AIA,2011,0.7628906
Anguilla,AIA,2012,0.74312454
Anguilla,AIA,2013,0.72147244
Anguilla,AIA,2014,0.70179325
Anguilla,AIA,2015,0.683219
Anguilla,AIA,2016,0.6639679
Anguilla,AIA,2017,0.64482397
Anguilla,AIA,2018,0.6251597
Anguilla,AIA,2019,0.6074789
Anguilla,AIA,2020,0.58934855
Anguilla,AIA,2021,0.5710895
Anguilla,AIA,2022,0.552804
Anguilla,AIA,2023,0.5352086
Anguilla,AIA,2024,0.51970345
Antigua and Barbuda,ATG,1949,8.460073
Antigua and Barbuda,ATG,1950,8.286707
Antigua and Barbuda,ATG,1951,8.115495
Antigua and Barbuda,ATG,1952,7.9369197
Antigua and Barbuda,ATG,1953,7.7523704
Antigua and Barbuda,ATG,1954,7.567733
Antigua and Barbuda,ATG,1955,7.3791065
Antigua and Barbuda,ATG,1956,7.186457
Antigua and Barbuda,ATG,1957,6.989901
Antigua and Barbuda,ATG,1958,6.7747445
Antigua and Barbuda,ATG,1959,6.52087
Antigua and Barbuda,ATG,1960,6.2163053
Antigua and Barbuda,ATG,1961,5.861944
Antigua and Barbuda,ATG,1962,5.466443
Antigua and Barbuda,ATG,1963,5.0442233
Antigua and Barbuda,ATG,1964,4.611256
Antigua and Barbuda,ATG,1965,4.1799355
Antigua and Barbuda,ATG,1966,3.7712104
Antigua and Barbuda,ATG,1967,3.398144
Antigua and Barbuda,ATG,1968,3.0680292
Antigua and Barbuda,ATG,1969,2.783646
Antigua and Barbuda,ATG,1970,2.5451345
Antigua and Barbuda,ATG,1971,2.3461637
Antigua and Barbuda,ATG,1972,2.1807973
Antigua and Barbuda,ATG,1973,2.0402126
Antigua and Barbuda,ATG,1974,1.9173568
Antigua and Barbuda,ATG,1975,1.8061497
Antigua and Barbuda,ATG,1976,1.6994054
Antigua and Barbuda,ATG,1977,1.5915004
Antigua and Barbuda,ATG,1978,1.4865106
Antigua and Barbuda,ATG,1979,1.387453
Antigua and Barbuda,ATG,1980,1.2963332
Antigua and Barbuda,ATG,1981,1.2184348
Antigua and Barbuda,ATG,1982,1.156038
Antigua and Barbuda,ATG,1983,1.1072197
Antigua and Barbuda,ATG,1984,1.0738924
Antigua and Barbuda,ATG,1985,1.0541329
Antigua and Barbuda,ATG,1986,1.0470556
Antigua and Barbuda,ATG,1987,1.0513375
Antigua and Barbuda,ATG,1988,1.0631523
Antigua and Barbuda,ATG,1989,1.0833107
Antigua and Barbuda,ATG,1990,1.1094031
Antigua and Barbuda,ATG,1991,1.1383561
Antigua and Barbuda,ATG,1992,1.1715473
Antigua and Barbuda,ATG,1993,1.2047029
Antigua and Barbuda,ATG,1994,1.2340058
Antigua and Barbuda,ATG,1995,1.2560835
Antigua and Barbuda,ATG,1996,1.2683089
Antigua and Barbuda,ATG,1997,1.2683471
Antigua and Barbuda,ATG,1998,1.258349
Antigua and Barbuda,ATG,1999,1.2382575
Antigua and Barbuda,ATG,2000,1.2138385
Antigua and Barbuda,ATG,2001,1.1856366
Antigua and Barbuda,ATG,2002,1.1576703
Antigua and Barbuda,ATG,2003,1.1284394
Antigua and Barbuda,ATG,2004,1.0998173
Antigua and Barbuda,ATG,2005,1.0721064
Antigua and Barbuda,ATG,2006,1.0459685
Antigua and Barbuda,ATG,2007,1.0201801
Antigua and Barbuda,ATG,2008,0.9955457
Antigua and Barbuda,ATG,2009,0.9733033
Antigua and Barbuda,ATG,2010,0.9508073
Antigua and Barbuda,ATG,2011,0.93022263
Antigua and Barbuda,ATG,2012,0.91040224
Antigua and Barbuda,ATG,2013,0.89164484
Antigua and Barbuda,ATG,2014,0.8741234
Antigua and Barbuda,ATG,2015,0.8570479
Antigua and Barbuda,ATG,2016,0.84085983
Antigua and Barbuda,ATG,2017,0.82688177
Antigua and Barbuda,ATG,2018,0.81214195
Antigua and Barbuda,ATG,2019,0.796651
Antigua and Barbuda,ATG,2020,0.77991104
Antigua and Barbuda,ATG,2021,0.761901
Antigua and Barbuda,ATG,2022,0.7424816
Antigua and Barbuda,ATG,2023,0.7242709
Antigua and Barbuda,ATG,2024,0.7049175
Argentina,ARG,1969,5.980085
Argentina,ARG,1970,5.9333305
Argentina,ARG,1971,5.874907
Argentina,ARG,1972,5.796237
Argentina,ARG,1973,5.6852856
Argentina,ARG,1974,5.5293875
Argentina,ARG,1975,5.3124065
Argentina,ARG,1976,5.033497
Argentina,ARG,1977,4.69686
Argentina,ARG,1978,4.3239765
Argentina,ARG,1979,3.9589918
Argentina,ARG,1980,3.633692
Argentina,ARG,1981,3.3531873
Argentina,ARG,1982,3.1119516
Argentina,ARG,1983,2.9077659
Argentina,ARG,1984,2.7438927
Argentina,ARG,1985,2.621726
Argentina,ARG,1986,2.5405443
Argentina,ARG,1987,2.5002658
Argentina,ARG,1988,2.4929712
Argentina,ARG,1989,2.4949362
Argentina,ARG,1990,2.4825926
Argentina,ARG,1991,2.4458988
Argentina,ARG,1992,2.3832185
Argentina,ARG,1993,2.2970247
Argentina,ARG,1994,2.1967852
Argentina,ARG,1995,2.0926075
Argentina,ARG,1996,1.9904413
Argentina,ARG,1997,1.8931215
Argentina,ARG,1998,1.8044708
Argentina,ARG,1999,1.729057
Argentina,ARG,2000,1.6707027
Argentina,ARG,2001,1.623622
Argentina,ARG,2002,1.5799202
Argentina,ARG,2003,1.534722
Argentina,ARG,2004,1.4880991
Argentina,ARG,2005,1.4424415
Argentina,ARG,2006,1.3985616
Argentina,ARG,2007,1.3591002
Argentina,ARG,2008,1.3230314
Argentina,ARG,2009,1.2848419
Argentina,ARG,2010,1.2400293
Argentina,ARG,2011,1.1899253
Argentina,ARG,2012,1.1385176
Argentina,ARG,2013,1.0884786
Argentina,ARG,2014,1.0429802
Argentina,ARG,2015,1.0033445
Argentina,ARG,2016,0.9692956
Argentina,ARG,2017,0.93989366
Argentina,ARG,2018,0.91433066
Argentina,ARG,2019,0.8914189
Argentina,ARG,2020,0.8714446
Argentina,ARG,2021,0.8530692
Argentina,ARG,2022,0.8358719
Argentina,ARG,2023,0.81992084
Argentina,ARG,2024,0.8022725
Armenia,ARM,1976,8.223604
Armenia,ARM,1977,7.876646
Armenia,ARM,1978,7.5514584
Armenia,ARM,1979,7.235994
Armenia,ARM,1980,6.9377065
Armenia,ARM,1981,6.65337
Armenia,ARM,1982,6.3810253
Armenia,ARM,1983,6.1226273
Armenia,ARM,1984,5.869474
Armenia,ARM,1985,5.6298833
Armenia,ARM,1986,5.3992333
Armenia,ARM,1987,5.1773615
Armenia,ARM,1988,6.904658
Armenia,ARM,1989,4.762462
Armenia,ARM,1990,4.5566154
Armenia,ARM,1991,4.3556085
Armenia,ARM,1992,4.1590486
Armenia,ARM,1993,3.9620476
Armenia,ARM,1994,3.7748923
Armenia,ARM,1995,3.5916636
Armenia,ARM,1996,3.4166205
Armenia,ARM,1997,3.250798
Armenia,ARM,1998,3.0880833
Armenia,ARM,1999,2.9332461
Armenia,ARM,2000,2.7793632
Armenia,ARM,2001,2.6337907
Armenia,ARM,2002,2.4978025
Armenia,ARM,2003,2.364735
Armenia,ARM,2004,2.239916
Armenia,ARM,2005,2.1238494
Armenia,ARM,2006,2.010842
Armenia,ARM,2007,1.9061047
Armenia,ARM,2008,1.8075652
Armenia,ARM,2009,1.7171711
Armenia,ARM,2010,1.6325593
Armenia,ARM,2011,1.5536284
Armenia,ARM,2012,1.4794277
Armenia,ARM,2013,1.4084044
Armenia,ARM,2014,1.3446909
Armenia,ARM,2015,1.2831883
Armenia,ARM,2016,1.2244259
Armenia,ARM,2017,1.1688832
Armenia,ARM,2018,1.1171465
Armenia,ARM,2019,1.066497
Armenia,ARM,2020,1.0180476
Armenia,ARM,2021,0.97116166
Armenia,ARM,2022,0.9282691
Armenia,ARM,2023,0.8880196
Armenia,ARM,2024,0.84854054
Asia,OWID_ASI,1970,10.522626
Asia,OWID_ASI,1971,10.474949
Asia,OWID_ASI,1972,10.087125
Asia,OWID_ASI,1973,9.843876
Asia,OWID_ASI,1974,9.778077
Asia,OWID_ASI,1975,9.591748
Asia,OWID_ASI,1976,9.292925
Asia,OWID_ASI,1977,9.117565
Asia,OWID_ASI,1978,8.898444
Asia,OWID_ASI,1979,8.624775
Asia,OWID_ASI,1980,8.368213
Asia,OWID_ASI,1981,8.116925
Asia,OWID_ASI,1982,7.8647666
Asia,OWID_ASI,1983,7.686206
Asia,OWID_ASI,1984,7.556475
Asia,OWID_ASI,1985,7.3559685
Asia,OWID_ASI,1986,7.154327
Asia,OWID_ASI,1987,6.963696
Asia,OWID_ASI,1988,6.8153405
Asia,OWID_ASI,1989,6.6863537
Asia,OWID_ASI,1990,6.5282974
Asia,OWID_ASI,1991,6.438218
Asia,OWID_ASI,1992,6.3708215
Asia,OWID_ASI,1993,6.2536654
Asia,OWID_ASI,1994,6.123167
Asia,OWID_ASI,1995,5.9979935
Asia,OWID_ASI,1996,5.8468857
Asia,OWID_ASI,1997,5.6903605
Asia,OWID_ASI,1998,5.526456
Asia,OWID_ASI,1999,5.356146
Asia,OWID_ASI,2000,5.162292
Asia,OWID_ASI,2001,4.9767804
Asia,OWID_ASI,2002,4.80312
Asia,OWID_ASI,2003,4.6061645
Asia,OWID_ASI,2004,4.4350476
Asia,OWID_ASI,2005,4.2337027
Asia,OWID_ASI,2006,4.0548053
Asia,OWID_ASI,2007,3.8801556
Asia,OWID_ASI,2008,3.7258575
Asia,OWID_ASI,2009,3.5544808
Asia,OWID_ASI,2010,3.4070415
Asia,OWID_ASI,2011,3.2656183
Asia,OWID_ASI,2012,3.1091888
Asia,OWID_ASI,2013,2.9666085
Asia,OWID_ASI,2014,2.83564
Asia,OWID_ASI,2015,2.7195482
Asia,OWID_ASI,2016,2.6103144
Asia,OWID_ASI,2017,2.4953005
Asia,OWID_ASI,2018,2.4352443
Asia,OWID_ASI,2019,2.3882523
Asia,OWID_ASI,2020,2.3437493
Asia,OWID_ASI,2021,2.3147166
Asia,OWID_ASI,2022,2.268425
Asia,OWID_ASI,2023,2.215522
Asia,OWID_ASI,2024,2.1444397
Australia,AUS,1949,2.5303679
Australia,AUS,1950,2.4947598
Australia,AUS,1951,2.4560857
Australia,AUS,1952,2.4101598
Australia,AUS,1953,2.357388
Australia,AUS,1954,2.303415
Australia,AUS,1955,2.2517314
Australia,AUS,1956,2.203645
Australia,AUS,1957,2.1593592
Australia,AUS,1958,2.1180432
Australia,AUS,1959,2.0781457
Australia,AUS,1960,2.0369866
Australia,AUS,1961,1.9953083
Australia,AUS,1962,1.9538996
Australia,AUS,1963,1.9138339
Australia,AUS,1964,1.8788626
Australia,AUS,1965,1.852306
Australia,AUS,1966,1.8351678
Australia,AUS,1967,1.8256872
Australia,AUS,1968,1.8200718
Australia,AUS,1969,1.810231
Australia,AUS,1970,1.7869782
Australia,AUS,1971,1.7472405
Australia,AUS,1972,1.6899523
Australia,AUS,1973,1.6170602
Australia,AUS,1974,1.5320182
Australia,AUS,1975,1.4407549
Australia,AUS,1976,1.3490673
Australia,AUS,1977,1.2650965
Australia,AUS,1978,1.1921943
Australia,AUS,1979,1.1304728
Australia,AUS,1980,1.0800748
Australia,AUS,1981,1.0393732
Australia,AUS,1982,1.0074016
Australia,AUS,1983,0.98162544
Australia,AUS,1984,0.9580025
Australia,AUS,1985,0.93344545
Australia,AUS,1986,0.90622085
Australia,AUS,1987,0.87496394
Australia,AUS,1988,0.8396751
Australia,AUS,1989,0.8002072
Australia,AUS,1990,0.75659305
Australia,AUS,1991,0.7120235
Australia,AUS,1992,0.66954964
Australia,AUS,1993,0.6317612
Australia,AUS,1994,0.59998405
Australia,AUS,1995,0.5749517
Australia,AUS,1996,0.555981
Australia,AUS,1997,0.54135233
Australia,AUS,1998,0.52978194
Australia,AUS,1999,0.5198766
Australia,AUS,2000,0.510323
Australia,AUS,2001,0.5017117
Australia,AUS,2002,0.49481162
Australia,AUS,2003,0.48960468
Australia,AUS,2004,0.4840649
Australia,AUS,2005,0.4760626
Australia,AUS,2006,0.46512336
Australia,AUS,2007,0.45171505
Australia,AUS,2008,0.43610135
Australia,AUS,2009,0.4187371
Australia,AUS,2010,0.39976195
Australia,AUS,2011,0.38067022
Australia,AUS,2012,0.36295712
Australia,AUS,2013,0.34772122
Australia,AUS,2014,0.3358612
Australia,AUS,2015,0.32810855
Australia,AUS,2016,0.32392648
Australia,AUS,2017,0.3222275
Australia,AUS,2018,0.321936
Australia,AUS,2019,0.32194638
Australia,AUS,2020,0.32136574
Australia,AUS,2021,0.3196978
Australia,AUS,2022,0.31704107
Australia,AUS,2023,0.31342602
Australia,AUS,2024,0.30896154
Austria,AUT,1949,6.689571
Austria,AUT,1950,6.245739
Austria,AUT,1951,5.84276
Austria,AUT,1952,5.4781322
Austria,AUT,1953,5.165871
Austria,AUT,1954,4.9055843
Austria,AUT,1955,4.6879005
Austria,AUT,1956,4.504484
Austria,AUT,1957,4.3330455
Austria,AUT,1958,4.1478806
Austria,AUT,1959,3.9392588
Austria,AUT,1960,3.7186244
Austria,AUT,1961,3.500531
Austria,AUT,1962,3.2965326
Austria,AUT,1963,3.117255
Austria,AUT,1964,2.9669213
Austria,AUT,1965,2.8398426
Austria,AUT,1966,2.7314084
Austria,AUT,1967,2.6437995
Austria,AUT,1968,2.5828948
Austria,AUT,1969,2.5455058
Austria,AUT,1970,2.5160644
Austria,AUT,1971,2.4787045
Austria,AUT,1972,2.4147992
Austria,AUT,1973,2.3079913
Austria,AUT,1974,2.156679
Austria,AUT,1975,1.9862789
Austria,AUT,1976,1.8184984
Austria,AUT,1977,1.6696509
Austria,AUT,1978,1.5508231
Austria,AUT,1979,1.4613422
Austria,AUT,1980,1.3882257
Austria,AUT,1981,1.3193866
Austria,AUT,1982,1.2526724
Austria,AUT,1983,1.1890692
Austria,AUT,1984,1.1278766
Austria,AUT,1985,1.0662082
Austria,AUT,1986,1.0015028
Austria,AUT,1987,0.93872565
Austria,AUT,1988,0.88380957
Austria,AUT,1989,0.83808017
Austria,AUT,1990,0.7965226
Austria,AUT,1991,0.75451607
Austria,AUT,1992,0.7098273
Austria,AUT,1993,0.6615397
Austria,AUT,1994,0.6120628
Austria,AUT,1995,0.5664975
Austria,AUT,1996,0.52853936
Austria,AUT,1997,0.49959475
Austria,AUT,1998,0.47873873
Austria,AUT,1999,0.46501046
Austria,AUT,2000,0.45551482
Austria,AUT,2001,0.44737688
Austria,AUT,2002,0.4392377
Austria,AUT,2003,0.42945507
Austria,AUT,2004,0.41818872
Austria,AUT,2005,0.4064787
Austria,AUT,2006,0.39572096
Austria,AUT,2007,0.38587198
Austria,AUT,2008,0.3770633
Austria,AUT,2009,0.3690341
Austria,AUT,2010,0.35997096
Austria,AUT,2011,0.34906337
Austria,AUT,2012,0.33721715
Austria,AUT,2013,0.32605037
Austria,AUT,2014,0.31693518
Austria,AUT,2015,0.30939248
Austria,AUT,2016,0.3036342
Austria,AUT,2017,0.29888007
Austria,AUT,2018,0.2949225
Austria,AUT,2019,0.29121068
Austria,AUT,2020,0.28767315
Austria,AUT,2021,0.28423858
Austria,AUT,2022,0.28138152
Austria,AUT,2023,0.28008166
Austria,AUT,2024,0.28010392
Azerbaijan,AZE,1982,8.249966
Azerbaijan,AZE,1983,8.094982
Azerbaijan,AZE,1984,7.936737
Azerbaijan,AZE,1985,7.800359
Azerbaijan,AZE,1986,7.6749167
Azerbaijan,AZE,1987,7.5756407
Azerbaijan,AZE,1988,7.5123935
Azerbaijan,AZE,1989,7.4834824
Azerbaijan,AZE,1990,7.512851
Azerbaijan,AZE,1991,7.5789094
Azerbaijan,AZE,1992,7.6522794
Azerbaijan,AZE,1993,7.7152815
Azerbaijan,AZE,1994,7.7309113
Azerbaijan,AZE,1995,7.6632476
Azerbaijan,AZE,1996,7.5048313
Azerbaijan,AZE,1997,7.242851
Azerbaijan,AZE,1998,6.911617
Azerbaijan,AZE,1999,6.5258827
Azerbaijan,AZE,2000,6.1053257
Azerbaijan,AZE,2001,5.6847854
Azerbaijan,AZE,2002,5.271744
Azerbaijan,AZE,2003,4.890825
Azerbaijan,AZE,2004,4.537743
Azerbaijan,AZE,2005,4.2159257
Azerbaijan,AZE,2006,3.923204
Azerbaijan,AZE,2007,3.6573272
Azerbaijan,AZE,2008,3.414651
Azerbaijan,AZE,2009,3.1839926
Azerbaijan,AZE,2010,2.9688404
Azerbaijan,AZE,2011,2.7684617
Azerbaijan,AZE,2012,2.5851374
Azerbaijan,AZE,2013,2.4155672
Azerbaijan,AZE,2014,2.259123
Azerbaijan,AZE,2015,2.1121953
Azerbaijan,AZE,2016,1.9805493
Azerbaijan,AZE,2017,1.8626608
Azerbaijan,AZE,2018,1.751765
Azerbaijan,AZE,2019,1.6511979
Azerbaijan,AZE,2020,1.556206
Azerbaijan,AZE,2021,1.4705305
Azerbaijan,AZE,2022,1.3902282
Azerbaijan,AZE,2023,1.3186867
Azerbaijan,AZE,2024,1.2485812
Bahamas,BHS,1968,2.5232198
Bahamas,BHS,1969,2.558237
Bahamas,BHS,1970,2.5933409
Bahamas,BHS,1971,2.6261985
Bahamas,BHS,1972,2.6526887
Bahamas,BHS,1973,2.6689963
Bahamas,BHS,1974,2.6722257
Bahamas,BHS,1975,2.6608274
Bahamas,BHS,1976,2.6385307
Bahamas,BHS,1977,2.6070151
Bahamas,BHS,1978,2.57036
Bahamas,BHS,1979,2.5305772
Bahamas,BHS,1980,2.4930196
Bahamas,BHS,1981,2.4568806
Bahamas,BHS,1982,2.4249148
Bahamas,BHS,1983,2.3972497
Bahamas,BHS,1984,2.37199
Bahamas,BHS,1985,2.34217
Bahamas,BHS,1986,2.295477
Bahamas,BHS,1987,2.2281137
Bahamas,BHS,1988,2.1465032
Bahamas,BHS,1989,2.0561726
Bahamas,BHS,1990,1.9615195
Bahamas,BHS,1991,1.871052
Bahamas,BHS,1992,1.7844185
Bahamas,BHS,1993,1.7021135
Bahamas,BHS,1994,1.6221418
Bahamas,BHS,1995,1.5480748
Bahamas,BHS,1996,1.4822211
Bahamas,BHS,1997,1.4276646
Bahamas,BHS,1998,1.3890417
Bahamas,BHS,1999,1.3710657
Bahamas,BHS,2000,1.3717784
Bahamas,BHS,2001,1.3855593
Bahamas,BHS,2002,1.4057947
Bahamas,BHS,2003,1.4264251
Bahamas,BHS,2004,1.4409636
Bahamas,BHS,2005,1.4464511
Bahamas,BHS,2006,1.4407636
Bahamas,BHS,2007,1.4238073
Bahamas,BHS,2008,1.3990178
Bahamas,BHS,2009,1.3706875
Bahamas,BHS,2010,1.3409327
Bahamas,BHS,2011,1.311702
Bahamas,BHS,2012,1.2866106
Bahamas,BHS,2013,1.2638981
Bahamas,BHS,2014,1.2445605
Bahamas,BHS,2015,1.2283893
Bahamas,BHS,2016,1.216719
Bahamas,BHS,2017,1.2078966
Bahamas,BHS,2018,1.2001454
Bahamas,BHS,2019,1.5999284
Bahamas,BHS,2020,1.1852274
Bahamas,BHS,2021,1.1729885
Bahamas,BHS,2022,1.1561333
Bahamas,BHS,2023,1.1340379
Bahamas,BHS,2024,1.1089894
Bahrain,BHR,1955,23.402458
Bahrain,BHR,1956,21.66701
Bahrain,BHR,1957,20.102398
Bahrain,BHR,1958,18.650583
Bahrain,BHR,1959,17.2742
Bahrain,BHR,1960,15.967527
Bahrain,BHR,1961,14.728291
Bahrain,BHR,1962,13.574276
Bahrain,BHR,1963,12.486435
Bahrain,BHR,1964,11.470173
Bahrain,BHR,1965,10.519693
Bahrain,BHR,1966,9.62831
Bahrain,BHR,1967,8.785068
Bahrain,BHR,1968,8.007486
Bahrain,BHR,1969,7.288916
Bahrain,BHR,1970,6.621432
Bahrain,BHR,1971,6.0132914
Bahrain,BHR,1972,5.4712515
Bahrain,BHR,1973,4.983217
Bahrain,BHR,1974,4.5542197
Bahrain,BHR,1975,4.1797276
Bahrain,BHR,1976,3.8543513
Bahrain,BHR,1977,3.565033
Bahrain,BHR,1978,3.3077028
Bahrain,BHR,1979,3.0791812
Bahrain,BHR,1980,2.875014
Bahrain,BHR,1981,2.6978557
Bahrain,BHR,1982,2.5431864
Bahrain,BHR,1983,2.4088838
Bahrain,BHR,1984,2.294134
Bahrain,BHR,1985,2.1989071
Bahrain,BHR,1986,2.1252167
Bahrain,BHR,1987,2.0733056
Bahrain,BHR,1988,2.0411513
Bahrain,BHR,1989,2.019987
Bahrain,BHR,1990,2.000198
Bahrain,BHR,1991,1.9689416
Bahrain,BHR,1992,1.9094049
Bahrain,BHR,1993,1.8148348
Bahrain,BHR,1994,1.6940682
Bahrain,BHR,1995,1.5569646
Bahrain,BHR,1996,1.419228
Bahrain,BHR,1997,1.295534
Bahrain,BHR,1998,1.1935508
Bahrain,BHR,1999,1.1123016
Bahrain,BHR,2000,1.0510339
Bahrain,BHR,2001,1.0043766
Bahrain,BHR,2002,0.96864396
Bahrain,BHR,2003,0.938788
Bahrain,BHR,2004,0.91065353
Bahrain,BHR,2005,0.8808537
Bahrain,BHR,2006,0.8483276
Bahrain,BHR,2007,0.8127835
Bahrain,BHR,2008,0.7756523
Bahrain,BHR,2009,0.73976505
Bahrain,BHR,2010,0.7085381
Bahrain,BHR,2011,0.6832936
Bahrain,BHR,2012,0.66331893
Bahrain,BHR,2013,0.6492936
Bahrain,BHR,2014,0.63963056
Bahrain,BHR,2015,0.6330949
Bahrain,BHR,2016,0.6305089
Bahrain,BHR,2017,0.63259596
Bahrain,BHR,2018,0.6388533
Bahrain,BHR,2019,0.64912677
Bahrain,BHR,2020,0.66305
Bahrain,BHR,2021,0.6796399
Bahrain,BHR,2022,0.6980375
Bahrain,BHR,2023,0.7163572
Bahrain,BHR,2024,0.73143053
Bangladesh,BGD,1951,23.906393
Bangladesh,BGD,1952,23.102188
Bangladesh,BGD,1953,22.312428
Bangladesh,BGD,1954,21.556664
Bangladesh,BGD,1955,20.84536
Bangladesh,BGD,1956,20.175797
Bangladesh,BGD,1957,19.535172
Bangladesh,BGD,1958,18.921682
Bangladesh,BGD,1959,18.361366
Bangladesh,BGD,1960,17.789644
Bangladesh,BGD,1961,17.260567
Bangladesh,BGD,1962,16.758156
Bangladesh,BGD,1963,16.278286
Bangladesh,BGD,1964,15.856335
Bangladesh,BGD,1965,15.49294
Bangladesh,BGD,1966,15.211931
Bangladesh,BGD,1967,15.00023
Bangladesh,BGD,1968,14.860341
Bangladesh,BGD,1969,14.796832
Bangladesh,BGD,1970,16.44175
Bangladesh,BGD,1971,20.492428
Bangladesh,BGD,1972,14.815944
Bangladesh,BGD,1973,14.803662
Bangladesh,BGD,1974,17.435633
Bangladesh,BGD,1975,17.258202
Bangladesh,BGD,1976,14.479844
Bangladesh,BGD,1977,14.250004
Bangladesh,BGD,1978,13.968944
Bangladesh,BGD,1979,13.650666
Bangladesh,BGD,1980,13.315052
Bangladesh,BGD,1981,12.97191
Bangladesh,BGD,1982,12.624629
Bangladesh,BGD,1983,12.281318
Bangladesh,BGD,1984,11.924119
Bangladesh,BGD,1985,11.557667
Bangladesh,BGD,1986,11.177483
Bangladesh,BGD,1987,10.788771
Bangladesh,BGD,1988,10.400015
Bangladesh,BGD,1989,10.011901
Bangladesh,BGD,1990,9.633826
Bangladesh,BGD,1991,9.264802
Bangladesh,BGD,1992,8.896004
Bangladesh,BGD,1993,8.5229025
Bangladesh,BGD,1994,8.150849
Bangladesh,BGD,1995,7.7861586
Bangladesh,BGD,1996,7.4224086
Bangladesh,BGD,1997,7.055702
Bangladesh,BGD,1998,6.6864357
Bangladesh,BGD,1999,6.3257446
Bangladesh,BGD,2000,5.9793243
Bangladesh,BGD,2001,5.6550183
Bangladesh,BGD,2002,5.356806
Bangladesh,BGD,2003,5.0812
Bangladesh,BGD,2004,4.828417
Bangladesh,BGD,2005,4.596143
Bangladesh,BGD,2006,4.3798165
Bangladesh,BGD,2007,4.1822467
Bangladesh,BGD,2008,4.0000067
Bangladesh,BGD,2009,3.8325145
Bangladesh,BGD,2010,3.6787937
Bangladesh,BGD,2011,3.5348802
Bangladesh,BGD,2012,3.3933344
Bangladesh,BGD,2013,3.2552214
Bangladesh,BGD,2014,3.117884
Bangladesh,BGD,2015,2.9818993
Bangladesh,BGD,2016,2.8491926
Bangladesh,BGD,2017,2.7260325
Bangladesh,BGD,2018,2.6200364
Bangladesh,BGD,2019,2.537209
Bangladesh,BGD,2020,2.4793327
Bangladesh,BGD,2021,2.4465013
Bangladesh,BGD,2022,2.4370933
Bangladesh,BGD,2023,2.4427023
Bangladesh,BGD,2024,2.4438922
Barbados,BRB,1949,15.201706
Barbados,BRB,1950,14.764445
Barbados,BRB,1951,14.293643
Barbados,BRB,1952,13.746909
Barbados,BRB,1953,13.062041
Barbados,BRB,1954,12.211019
Barbados,BRB,1955,11.235861
Barbados,BRB,1956,10.208987
Barbados,BRB,1957,9.2181635
Barbados,BRB,1958,8.3372345
Barbados,BRB,1959,7.6123233
Barbados,BRB,1960,7.0253277
Barbados,BRB,1961,6.5347056
Barbados,BRB,1962,6.111232
Barbados,BRB,1963,5.7423162
Barbados,BRB,1964,5.418506
Barbados,BRB,1965,5.136974
Barbados,BRB,1966,4.896213
Barbados,BRB,1967,4.686328
Barbados,BRB,1968,4.4930573
Barbados,BRB,1969,4.300594
Barbados,BRB,1970,4.106096
Barbados,BRB,1971,3.911758
Barbados,BRB,1972,3.7187786
Barbados,BRB,1973,3.5281227
Barbados,BRB,1974,3.343322
Barbados,BRB,1975,3.1629572
Barbados,BRB,1976,2.9864593
Barbados,BRB,1977,2.8179579
Barbados,BRB,1978,2.6555982
Barbados,BRB,1979,2.5031126
Barbados,BRB,1980,2.365343
Barbados,BRB,1981,2.2474465
Barbados,BRB,1982,2.150884
Barbados,BRB,1983,2.0704052
Barbados,BRB,1984,2.0028172
Barbados,BRB,1985,1.9421788
Barbados,BRB,1986,1.8821455
Barbados,BRB,1987,1.8211374
Barbados,BRB,1988,1.7568796
Barbados,BRB,1989,1.6885594
Barbados,BRB,1990,1.6190706
Barbados,BRB,1991,1.5496902
Barbados,BRB,1992,1.4839996
Barbados,BRB,1993,1.4251901
Barbados,BRB,1994,1.3755628
Barbados,BRB,1995,1.3362617
Barbados,BRB,1996,1.3072245
Barbados,BRB,1997,1.2896731
Barbados,BRB,1998,1.2824463
Barbados,BRB,1999,1.2859447
Barbados,BRB,2000,1.296294
Barbados,BRB,2001,1.3129884
Barbados,BRB,2002,1.3297755
Barbados,BRB,2003,1.3441118
Barbados,BRB,2004,1.3510875
Barbados,BRB,2005,1.3489783
Barbados,BRB,2006,1.3392934
Barbados,BRB,2007,1.3235482
Barbados,BRB,2008,1.3047144
Barbados,BRB,2009,1.2863137
Barbados,BRB,2010,1.2685215
Barbados,BRB,2011,1.2516975
Barbados,BRB,2012,1.2367653
Barbados,BRB,2013,1.2189906
Barbados,BRB,2014,1.1993616
Barbados,BRB,2015,1.1737789
Barbados,BRB,2016,1.1464589
Barbados,BRB,2017,1.1178422
Barbados,BRB,2018,1.086802
Barbados,BRB,2019,1.0561945
Barbados,BRB,2020,1.0242687
Barbados,BRB,2021,0.9936804
Barbados,BRB,2022,0.96405053
Barbados,BRB,2023,0.9355964
Barbados,BRB,2024,0.9054641
Belarus,BLR,1958,4.608694
Belarus,BLR,1959,4.1215897
Belarus,BLR,1960,3.697046
Belarus,BLR,1961,3.331334
Belarus,BLR,1962,3.0195851
Belarus,BLR,1963,2.755085
Belarus,BLR,1964,2.5369072
Belarus,BLR,1965,2.3555443
Belarus,BLR,1966,2.2097285
Belarus,BLR,1967,2.0933096
Belarus,BLR,1968,2.0022202
Belarus,BLR,1969,1.9309562
Belarus,BLR,1970,1.8775645
Belarus,BLR,1971,1.835489
Belarus,BLR,1972,1.8063725
Belarus,BLR,1973,1.7876837
Belarus,BLR,1974,1.7769128
Belarus,BLR,1975,1.7711418
Belarus,BLR,1976,1.7647111
Belarus,BLR,1977,1.7539685
Belarus,BLR,1978,1.7350532
Belarus,BLR,1979,1.7065463
Belarus,BLR,1980,1.6692096
Belarus,BLR,1981,1.6228366
Belarus,BLR,1982,1.5713937
Belarus,BLR,1983,1.5186495
Belarus,BLR,1984,1.4678062
Belarus,BLR,1985,1.4176936
Belarus,BLR,1986,1.3669301
Belarus,BLR,1987,1.3175564
Belarus,BLR,1988,1.272782
Belarus,BLR,1989,1.2362895
Belarus,BLR,1990,1.2143723
Belarus,BLR,1991,1.2109021
Belarus,BLR,1992,1.221143
Belarus,BLR,1993,1.2346172
Belarus,BLR,1994,1.2430993
Belarus,BLR,1995,1.2409475
Belarus,BLR,1996,1.2238712
Belarus,BLR,1997,1.1894848
Belarus,BLR,1998,1.1367937
Belarus,BLR,1999,1.0688736
Belarus,BLR,2000,0.9933774
Belarus,BLR,2001,0.91718394
Belarus,BLR,2002,0.84523994
Belarus,BLR,2003,0.7808842
Belarus,BLR,2004,0.72341216
Belarus,BLR,2005,0.6681479
Belarus,BLR,2006,0.6114701
Belarus,BLR,2007,0.5556867
Belarus,BLR,2008,0.5051003
Belarus,BLR,2009,0.46162105
Belarus,BLR,2010,0.4249182
Belarus,BLR,2011,0.3945046
Belarus,BLR,2012,0.3694582
Belarus,BLR,2013,0.34818417
Belarus,BLR,2014,0.3295693
Belarus,BLR,2015,0.31196395
Belarus,BLR,2016,0.2944531
Belarus,BLR,2017,0.2766358
Belarus,BLR,2018,0.2582344
Belarus,BLR,2019,0.24008578
Belarus,BLR,2020,0.22341937
Belarus,BLR,2021,0.20992771
Belarus,BLR,2022,0.19854766
Belarus,BLR,2023,0.18893099
Belarus,BLR,2024,0.18022108
Belgium,BEL,1949,5.627616
Belgium,BEL,1950,5.31522
Belgium,BEL,1951,5.0232434
Belgium,BEL,1952,4.7440667
Belgium,BEL,1953,4.4835224
Belgium,BEL,1954,4.2318254
Belgium,BEL,1955,3.9869173
Belgium,BEL,1956,3.7446377
Belgium,BEL,1957,3.5126965
Belgium,BEL,1958,3.3027117
Belgium,BEL,1959,3.1195467
Belgium,BEL,1960,2.961192
Belgium,BEL,1961,2.8261244
Belgium,BEL,1962,2.708976
Belgium,BEL,1963,2.6026921
Belgium,BEL,1964,2.503654
Belgium,BEL,1965,2.4135294
Belgium,BEL,1966,2.332688
Belgium,BEL,1967,2.2598479
Belgium,BEL,1968,2.1905656
Belgium,BEL,1969,2.1220617
Belgium,BEL,1970,2.0459728
Belgium,BEL,1971,1.958117
Belgium,BEL,1972,1.861467
Belgium,BEL,1973,1.7614453
Belgium,BEL,1974,1.6636099
Belgium,BEL,1975,1.5709543
Belgium,BEL,1976,1.4851123
Belgium,BEL,1977,1.4068959
Belgium,BEL,1978,1.3370441
Belgium,BEL,1979,1.2742562
Belgium,BEL,1980,1.2159157
Belgium,BEL,1981,1.1600459
Belgium,BEL,1982,1.1073278
Belgium,BEL,1983,1.0597463
Belgium,BEL,1984,1.0177195
Belgium,BEL,1985,0.98117286
Belgium,BEL,1986,0.949028
Belgium,BEL,1987,0.9199643
Belgium,BEL,1988,0.891816
Belgium,BEL,1989,0.8635755
Belgium,BEL,1990,0.8341852
Belgium,BEL,1991,0.8023931
Belgium,BEL,1992,0.7668245
Belgium,BEL,1993,0.72603333
Belgium,BEL,1994,0.68095046
Belgium,BEL,1995,0.6357201
Belgium,BEL,1996,0.59420407
Belgium,BEL,1997,0.55842376
Belgium,BEL,1998,0.52860636
Belgium,BEL,1999,0.50466377
Belgium,BEL,2000,0.48479137
Belgium,BEL,2001,0.46742058
Belgium,BEL,2002,0.45178634
Belgium,BEL,2003,0.43762872
Belgium,BEL,2004,0.42491457
Belgium,BEL,2005,0.41340616
Belgium,BEL,2006,0.40289143
Belgium,BEL,2007,0.3931232
Belgium,BEL,2008,0.38399023
Belgium,BEL,2009,0.37532195
Belgium,BEL,2010,0.3673797
Belgium,BEL,2011,0.36023477
Belgium,BEL,2012,0.3539828
Belgium,BEL,2013,0.34843537
Belgium,BEL,2014,0.3436377
Belgium,BEL,2015,0.33967882
Belgium,BEL,2016,0.3368121
Belgium,BEL,2017,0.3342132
Belgium,BEL,2018,0.3314284
Belgium,BEL,2019,0.3278621
Belgium,BEL,2020,0.3239328
Belgium,BEL,2021,0.3203425
Belgium,BEL,2022,0.31740424
Belgium,BEL,2023,0.31535417
Belgium,BEL,2024,0.31384963
Belize,BLZ,1967,8.412967
Belize,BLZ,1968,8.077491
Belize,BLZ,1969,7.7639217
Belize,BLZ,1970,7.437777
Belize,BLZ,1971,7.148521
Belize,BLZ,1972,6.880675
Belize,BLZ,1973,6.623637
Belize,BLZ,1974,6.363456
Belize,BLZ,1975,6.1320796
Belize,BLZ,1976,5.904331
Belize,BLZ,1977,5.688266
Belize,BLZ,1978,5.4815197
Belize,BLZ,1979,5.2859907
Belize,BLZ,1980,5.090064
Belize,BLZ,1981,4.900603
Belize,BLZ,1982,4.713149
Belize,BLZ,1983,4.5181565
Belize,BLZ,1984,4.327764
Belize,BLZ,1985,4.126334
Belize,BLZ,1986,3.9195824
Belize,BLZ,1987,3.7098308
Belize,BLZ,1988,3.5014656
Belize,BLZ,1989,3.2976677
Belize,BLZ,1990,3.104808
Belize,BLZ,1991,2.9243267
Belize,BLZ,1992,2.7582798
Belize,BLZ,1993,2.614842
Belize,BLZ,1994,2.4862552
Belize,BLZ,1995,2.3760426
Belize,BLZ,1996,2.278481
Belize,BLZ,1997,2.18984
Belize,BLZ,1998,2.1084507
Belize,BLZ,1999,2.0325356
Belize,BLZ,2000,1.9610417
Belize,BLZ,2001,1.8942982
Belize,BLZ,2002,1.8369716
Belize,BLZ,2003,1.7872577
Belize,BLZ,2004,1.7439845
Belize,BLZ,2005,1.7076651
Belize,BLZ,2006,1.6752207
Belize,BLZ,2007,1.6452222
Belize,BLZ,2008,1.6165391
Belize,BLZ,2009,1.5874343
Belize,BLZ,2010,1.5526816
Belize,BLZ,2011,1.5132467
Belize,BLZ,2012,1.467602
Belize,BLZ,2013,1.4162657
Belize,BLZ,2014,1.3616719
Belize,BLZ,2015,1.3069572
Belize,BLZ,2016,1.2553394
Belize,BLZ,2017,1.2089107
Belize,BLZ,2018,1.1693828
Belize,BLZ,2019,1.1373124
Belize,BLZ,2020,1.1138179
Belize,BLZ,2021,1.0979227
Belize,BLZ,2022,1.0894893
Belize,BLZ,2023,1.0853672
Belize,BLZ,2024,1.0794126
Benin,BEN,1945,17.38158
Benin,BEN,1946,17.284765
Benin,BEN,1947,17.197807
Benin,BEN,1948,17.126429
Benin,BEN,1949,17.070862
Benin,BEN,1950,16.989632
Benin,BEN,1951,16.919437
Benin,BEN,1952,16.862001
Benin,BEN,1953,16.799896
Benin,BEN,1954,16.708836
Benin,BEN,1955,16.627758
Benin,BEN,1956,16.525412
Benin,BEN,1957,16.410685
Benin,BEN,1958,16.263514
Benin,BEN,1959,16.106232
Benin,BEN,1960,15.925498
Benin,BEN,1961,15.736208
Benin,BEN,1962,15.530065
Benin,BEN,1963,15.305958
Benin,BEN,1964,15.079081
Benin,BEN,1965,14.844396
Benin,BEN,1966,14.620437
Benin,BEN,1967,14.402521
Benin,BEN,1968,14.192576
Benin,BEN,1969,14.006846
Benin,BEN,1970,13.81406
Benin,BEN,1971,13.608338
Benin,BEN,1972,13.402603
Benin,BEN,1973,13.1781
Benin,BEN,1974,12.948381
Benin,BEN,1975,12.712649
Benin,BEN,1976,12.465448
Benin,BEN,1977,12.227238
Benin,BEN,1978,12.000444
Benin,BEN,1979,11.7847
Benin,BEN,1980,11.581921
Benin,BEN,1981,11.394918
Benin,BEN,1982,11.219784
Benin,BEN,1983,11.050275
Benin,BEN,1984,10.884131
Benin,BEN,1985,10.716385
Benin,BEN,1986,10.546225
Benin,BEN,1987,10.372176
Benin,BEN,1988,10.187731
Benin,BEN,1989,10.005342
Benin,BEN,1990,9.809416
Benin,BEN,1991,9.609176
Benin,BEN,1992,9.407706
Benin,BEN,1993,9.2110815
Benin,BEN,1994,9.021449
Benin,BEN,1995,8.842337
Benin,BEN,1996,8.667847
Benin,BEN,1997,8.496548
Benin,BEN,1998,8.325331
Benin,BEN,1999,8.150008
Benin,BEN,2000,7.969436
Benin,BEN,2001,7.782013
Benin,BEN,2002,7.602399
Benin,BEN,2003,7.42681
Benin,BEN,2004,7.2583303
Benin,BEN,2005,7.0974975
Benin,BEN,2006,6.939877
Benin,BEN,2007,6.79066
Benin,BEN,2008,6.6525264
Benin,BEN,2009,6.514265
Benin,BEN,2010,6.3761344
Benin,BEN,2011,6.2429566
Benin,BEN,2012,6.112546
Benin,BEN,2013,5.9776325
Benin,BEN,2014,5.839332
Benin,BEN,2015,5.704904
Benin,BEN,2016,5.5776477
Benin,BEN,2017,5.4425983
Benin,BEN,2018,5.3140717
Benin,BEN,2019,5.180812
Benin,BEN,2020,5.0420055
Benin,BEN,2021,4.912819
Benin,BEN,2022,4.7786736
Benin,BEN,2023,4.648027
Benin,BEN,2024,4.518518
Bhutan,BTN,1968,19.256653
Bhutan,BTN,1969,18.854452
Bhutan,BTN,1970,18.464657
Bhutan,BTN,1971,18.088072
Bhutan,BTN,1972,17.679516
Bhutan,BTN,1973,17.290876
Bhutan,BTN,1974,16.899817
Bhutan,BTN,1975,16.460571
Bhutan,BTN,1976,16.030539
Bhutan,BTN,1977,15.570255
Bhutan,BTN,1978,15.124829
Bhutan,BTN,1979,14.650553
Bhutan,BTN,1980,14.153521
Bhutan,BTN,1981,13.639916
Bhutan,BTN,1982,13.147551
Bhutan,BTN,1983,12.6819315
Bhutan,BTN,1984,12.199079
Bhutan,BTN,1985,11.733806
Bhutan,BTN,1986,11.266359
Bhutan,BTN,1987,10.81473
Bhutan,BTN,1988,10.3794565
Bhutan,BTN,1989,9.959124
Bhutan,BTN,1990,9.544923
Bhutan,BTN,1991,9.158719
Bhutan,BTN,1992,8.790897
Bhutan,BTN,1993,8.435576
Bhutan,BTN,1994,8.073216
Bhutan,BTN,1995,7.7112675
Bhutan,BTN,1996,7.344614
Bhutan,BTN,1997,6.986829
Bhutan,BTN,1998,6.6305985
Bhutan,BTN,1999,6.2776833
Bhutan,BTN,2000,5.93729
Bhutan,BTN,2001,5.6044307
Bhutan,BTN,2002,5.279288
Bhutan,BTN,2003,4.965263
Bhutan,BTN,2004,4.6611533
Bhutan,BTN,2005,4.3683567
Bhutan,BTN,2006,4.08786
Bhutan,BTN,2007,3.8263373
Bhutan,BTN,2008,3.5832787
Bhutan,BTN,2009,3.358781
Bhutan,BTN,2010,3.150548
Bhutan,BTN,2011,2.9534802
Bhutan,BTN,2012,2.7691548
Bhutan,BTN,2013,2.5958877
Bhutan,BTN,2014,2.438766
Bhutan,BTN,2015,2.290911
Bhutan,BTN,2016,2.1558838
Bhutan,BTN,2017,2.0300055
Bhutan,BTN,2018,1.9068114
Bhutan,BTN,2019,1.7933427
Bhutan,BTN,2020,1.6856834
Bhutan,BTN,2021,1.5876609
Bhutan,BTN,2022,1.5056697
Bhutan,BTN,2023,1.4313223
Bhutan,BTN,2024,1.3685961
Bolivia,BOL,1960,18.637966
Bolivia,BOL,1961,18.382433
Bolivia,BOL,1962,18.11822
Bolivia,BOL,1963,17.836708
Bolivia,BOL,1964,17.542324
Bolivia,BOL,1965,17.238476
Bolivia,BOL,1966,16.915176
Bolivia,BOL,1967,16.589445
Bolivia,BOL,1968,16.257942
Bolivia,BOL,1969,15.896616
Bolivia,BOL,1970,15.538735
Bolivia,BOL,1971,15.172885
Bolivia,BOL,1972,14.785688
Bolivia,BOL,1973,14.401049
Bolivia,BOL,1974,13.996651
Bolivia,BOL,1975,13.592611
Bolivia,BOL,1976,13.198024
Bolivia,BOL,1977,12.819774
Bolivia,BOL,1978,12.463966
Bolivia,BOL,1979,12.130701
Bolivia,BOL,1980,11.827355
Bolivia,BOL,1981,11.545512
Bolivia,BOL,1982,11.278588
Bolivia,BOL,1983,11.011808
Bolivia,BOL,1984,10.738254
Bolivia,BOL,1985,10.450373
Bolivia,BOL,1986,10.154787
Bolivia,BOL,1987,9.847132
Bolivia,BOL,1988,9.530379
Bolivia,BOL,1989,9.21239
Bolivia,BOL,1990,8.898386
Bolivia,BOL,1991,8.588795
Bolivia,BOL,1992,8.280582
Bolivia,BOL,1993,7.9734225
Bolivia,BOL,1994,7.669277
Bolivia,BOL,1995,7.356283
Bolivia,BOL,1996,7.0356297
Bolivia,BOL,1997,6.707152
Bolivia,BOL,1998,6.3779316
Bolivia,BOL,1999,6.0466123
Bolivia,BOL,2000,5.717654
Bolivia,BOL,2001,5.3983555
Bolivia,BOL,2002,5.0911736
Bolivia,BOL,2003,4.800683
Bolivia,BOL,2004,4.5222464
Bolivia,BOL,2005,4.2588005
Bolivia,BOL,2006,4.008509
Bolivia,BOL,2007,3.7724502
Bolivia,BOL,2008,3.5500286
Bolivia,BOL,2009,3.341995
Bolivia,BOL,2010,3.1489036
Bolivia,BOL,2011,2.9717762
Bolivia,BOL,2012,2.8034687
Bolivia,BOL,2013,2.641757
Bolivia,BOL,2014,2.489391
Bolivia,BOL,2015,2.3461497
Bolivia,BOL,2016,2.2091608
Bolivia,BOL,2017,2.0796993
Bolivia,BOL,2018,1.9574606
Bolivia,BOL,2019,1.841576
Bolivia,BOL,2020,1.735974
Bolivia,BOL,2021,1.6402303
Bolivia,BOL,2022,1.5580707
Bolivia,BOL,2023,1.4865654
Bolivia,BOL,2024,1.422611
Bosnia and Herzegovina,BIH,1984,2.6254807
Bosnia and Herzegovina,BIH,1985,2.408953
Bosnia and Herzegovina,BIH,1986,2.214079
Bosnia and Herzegovina,BIH,1987,2.0388258
Bosnia and Herzegovina,BIH,1988,1.8807608
Bosnia and Herzegovina,BIH,1989,1.7375033
Bosnia and Herzegovina,BIH,1990,1.6075293
Bosnia and Herzegovina,BIH,1991,1.4920365
Bosnia and Herzegovina,BIH,1992,3.240626
Bosnia and Herzegovina,BIH,1993,3.2354338
Bosnia and Herzegovina,BIH,1994,1.2262883
Bosnia and Herzegovina,BIH,1995,1.4271675
Bosnia and Herzegovina,BIH,1996,1.0881644
Bosnia and Herzegovina,BIH,1997,1.0223246
Bosnia and Herzegovina,BIH,1998,0.9569848
Bosnia and Herzegovina,BIH,1999,0.8935218
Bosnia and Herzegovina,BIH,2000,0.8333861
Bosnia and Herzegovina,BIH,2001,0.778644
Bosnia and Herzegovina,BIH,2002,0.73170054
Bosnia and Herzegovina,BIH,2003,0.6936128
Bosnia and Herzegovina,BIH,2004,0.66415167
Bosnia and Herzegovina,BIH,2005,0.6427312
Bosnia and Herzegovina,BIH,2006,0.6275294
Bosnia and Herzegovina,BIH,2007,0.6168861
Bosnia and Herzegovina,BIH,2008,0.60878813
Bosnia and Herzegovina,BIH,2009,0.60217375
Bosnia and Herzegovina,BIH,2010,0.59633505
Bosnia and Herzegovina,BIH,2011,0.59116685
Bosnia and Herzegovina,BIH,2012,0.5877581
Bosnia and Herzegovina,BIH,2013,0.5864939
Bosnia and Herzegovina,BIH,2014,0.5874503
Bosnia and Herzegovina,BIH,2015,0.59062827
Bosnia and Herzegovina,BIH,2016,0.5944752
Bosnia and Herzegovina,BIH,2017,0.59669083
Bosnia and Herzegovina,BIH,2018,0.5951026
Bosnia and Herzegovina,BIH,2019,0.58964247
Bosnia and Herzegovina,BIH,2020,0.5794066
Bosnia and Herzegovina,BIH,2021,0.5657163
Bosnia and Herzegovina,BIH,2022,0.5500874
Bosnia and Herzegovina,BIH,2023,0.5342443
Bosnia and Herzegovina,BIH,2024,0.5479824
Botswana,BWA,1954,13.436672
Botswana,BWA,1955,13.137646
Botswana,BWA,1956,12.826617
Botswana,BWA,1957,12.567576
Botswana,BWA,1958,12.3329935
Botswana,BWA,1959,12.052437
Botswana,BWA,1960,11.798221
Botswana,BWA,1961,11.538525
Botswana,BWA,1962,11.314766
Botswana,BWA,1963,11.0936575
Botswana,BWA,1964,10.859628
Botswana,BWA,1965,10.6512
Botswana,BWA,1966,10.463577
Botswana,BWA,1967,10.256703
Botswana,BWA,1968,10.0209875
Botswana,BWA,1969,9.778817
Botswana,BWA,1970,9.520558
Botswana,BWA,1971,9.234069
Botswana,BWA,1972,8.940767
Botswana,BWA,1973,8.632177
Botswana,BWA,1974,8.285694
Botswana,BWA,1975,7.92079
Botswana,BWA,1976,7.5367894
Botswana,BWA,1977,7.1248727
Botswana,BWA,1978,6.727361
Botswana,BWA,1979,6.3533244
Botswana,BWA,1980,6.003111
Botswana,BWA,1981,5.690459
Botswana,BWA,1982,5.403128
Botswana,BWA,1983,5.160078
Botswana,BWA,1984,4.950983
Botswana,BWA,1985,4.747873
Botswana,BWA,1986,4.535715
Botswana,BWA,1987,4.336047
Botswana,BWA,1988,4.1628637
Botswana,BWA,1989,4.0516696
Botswana,BWA,1990,3.9952047
Botswana,BWA,1991,3.98111
Botswana,BWA,1992,4.0452604
Botswana,BWA,1993,4.123164
Botswana,BWA,1994,4.2010427
Botswana,BWA,1995,4.0596504
Botswana,BWA,1996,4.069648
Botswana,BWA,1997,4.0433054
Botswana,BWA,1998,3.978065
Botswana,BWA,1999,3.9901867
Botswana,BWA,2000,3.943695
Botswana,BWA,2001,3.9043179
Botswana,BWA,2002,3.9682124
Botswana,BWA,2003,4.1449137
Botswana,BWA,2004,4.3967023
Botswana,BWA,2005,4.360997
Botswana,BWA,2006,4.577676
Botswana,BWA,2007,5.0303383
Botswana,BWA,2008,5.280149
Botswana,BWA,2009,5.2490273
Botswana,BWA,2010,5.32766
Botswana,BWA,2011,5.4321437
Botswana,BWA,2012,4.9498544
Botswana,BWA,2013,4.70005
Botswana,BWA,2014,4.6210012
Botswana,BWA,2015,4.4159365
Botswana,BWA,2016,4.284715
Botswana,BWA,2017,4
Botswana,BWA,2018,3.8656137
Botswana,BWA,2019,3.74033
Botswana,BWA,2020,3.6519954
Botswana,BWA,2021,3.535559
Botswana,BWA,2022,3.4300406
Botswana,BWA,2023,3.329282
Botswana,BWA,2024,3.2101715
Brazil,BRA,1931,15.582133
Brazil,BRA,1932,15.731594
Brazil,BRA,1933,15.908451
Brazil,BRA,1934,16.08998
Brazil,BRA,1935,16.29581
Brazil,BRA,1936,16.488089
Brazil,BRA,1937,16.649923
Brazil,BRA,1938,16.813974
Brazil,BRA,1939,16.947338
Brazil,BRA,1940,17.06634
Brazil,BRA,1941,17.132141
Brazil,BRA,1942,17.14568
Brazil,BRA,1943,17.116037
Brazil,BRA,1944,17.077663
Brazil,BRA,1945,16.993183
Brazil,BRA,1946,16.842781
Brazil,BRA,1947,16.664726
Brazil,BRA,1948,16.463848
Brazil,BRA,1949,16.229364
Brazil,BRA,1950,15.969832
Brazil,BRA,1951,15.689435
Brazil,BRA,1952,15.386184
Brazil,BRA,1953,15.080748
Brazil,BRA,1954,14.755236
Brazil,BRA,1955,14.406112
Brazil,BRA,1956,14.064743
Brazil,BRA,1957,13.727716
Brazil,BRA,1958,13.38109
Brazil,BRA,1959,13.044985
Brazil,BRA,1960,12.719217
Brazil,BRA,1961,12.395095
Brazil,BRA,1962,12.084199
Brazil,BRA,1963,11.799713
Brazil,BRA,1964,11.541842
Brazil,BRA,1965,11.3019705
Brazil,BRA,1966,11.069083
Brazil,BRA,1967,10.850085
Brazil,BRA,1968,10.63662
Brazil,BRA,1969,10.434476
Brazil,BRA,1970,10.222975
Brazil,BRA,1971,10.010531
Brazil,BRA,1972,9.78702
Brazil,BRA,1973,9.560745
Brazil,BRA,1974,9.328148
Brazil,BRA,1975,9.091011
Brazil,BRA,1976,8.83952
Brazil,BRA,1977,8.569588
Brazil,BRA,1978,8.287889
Brazil,BRA,1979,7.9873705
Brazil,BRA,1980,7.6746173
Brazil,BRA,1981,7.356572
Brazil,BRA,1982,7.043298
Brazil,BRA,1983,6.74486
Brazil,BRA,1984,6.4759393
Brazil,BRA,1985,6.2333393
Brazil,BRA,1986,6.014096
Brazil,BRA,1987,5.806236
Brazil,BRA,1988,5.601068
Brazil,BRA,1989,5.399557
Brazil,BRA,1990,5.192213
Brazil,BRA,1991,4.975517
Brazil,BRA,1992,4.740511
Brazil,BRA,1993,4.491707
Brazil,BRA,1994,4.237243
Brazil,BRA,1995,3.9873466
Brazil,BRA,1996,3.7483563
Brazil,BRA,1997,3.5210054
Brazil,BRA,1998,3.3075356
Brazil,BRA,1999,3.1060812
Brazil,BRA,2000,2.9146955
Brazil,BRA,2001,2.732517
Brazil,BRA,2002,2.5597372
Brazil,BRA,2003,2.3979008
Brazil,BRA,2004,2.244203
Brazil,BRA,2005,2.10167
Brazil,BRA,2006,1.9728005
Brazil,BRA,2007,1.8588251
Brazil,BRA,2008,1.7582227
Brazil,BRA,2009,1.671105
Brazil,BRA,2010,1.5966145
Brazil,BRA,2011,1.5333116
Brazil,BRA,2012,1.4807063
Brazil,BRA,2013,1.4371408
Brazil,BRA,2014,1.4014403
Brazil,BRA,2015,1.3724941
Brazil,BRA,2016,1.4579029
Brazil,BRA,2017,1.327474
Brazil,BRA,2018,1.3095841
Brazil,BRA,2019,1.293817
Brazil,BRA,2020,1.2805244
Brazil,BRA,2021,1.2681392
Brazil,BRA,2022,1.256867
Brazil,BRA,2023,1.2430646
Brazil,BRA,2024,1.2260427
British Virgin Islands,VGB,1955,9.517323
British Virgin Islands,VGB,1956,8.979149
British Virgin Islands,VGB,1957,8.44685
British Virgin Islands,VGB,1958,7.9565625
British Virgin Islands,VGB,1959,7.497842
British Virgin Islands,VGB,1960,7.0637503
British Virgin Islands,VGB,1961,6.642487
British Virgin Islands,VGB,1962,6.247212
British Virgin Islands,VGB,1963,5.869482
British Virgin Islands,VGB,1964,5.50953
British Virgin Islands,VGB,1965,5.1751513
British Virgin Islands,VGB,1966,4.8587475
British Virgin Islands,VGB,1967,4.564678
British Virgin Islands,VGB,1968,4.29588
British Virgin Islands,VGB,1969,4.048205
British Virgin Islands,VGB,1970,3.832839
British Virgin Islands,VGB,1971,3.6368718
British Virgin Islands,VGB,1972,3.4698198
British Virgin Islands,VGB,1973,3.3335
British Virgin Islands,VGB,1974,3.2162633
British Virgin Islands,VGB,1975,3.1199222
British Virgin Islands,VGB,1976,3.0410333
British Virgin Islands,VGB,1977,2.9746199
British Virgin Islands,VGB,1978,2.91296
British Virgin Islands,VGB,1979,2.8533716
British Virgin Islands,VGB,1980,2.7920387
British Virgin Islands,VGB,1981,2.72484
British Virgin Islands,VGB,1982,2.6471841
British Virgin Islands,VGB,1983,2.5629227
British Virgin Islands,VGB,1984,2.4770143
British Virgin Islands,VGB,1985,2.3883557
British Virgin Islands,VGB,1986,2.2933974
British Virgin Islands,VGB,1987,2.19847
British Virgin Islands,VGB,1988,2.102627
British Virgin Islands,VGB,1989,2.0086963
British Virgin Islands,VGB,1990,1.9193913
British Virgin Islands,VGB,1991,1.838154
British Virgin Islands,VGB,1992,1.7668358
British Virgin Islands,VGB,1993,1.7047664
British Virgin Islands,VGB,1994,1.6480153
British Virgin Islands,VGB,1995,1.6046209
British Virgin Islands,VGB,1996,1.5650476
British Virgin Islands,VGB,1997,1.5316079
British Virgin Islands,VGB,1998,1.5050906
British Virgin Islands,VGB,1999,1.4817126
British Virgin Islands,VGB,2000,1.4599288
British Virgin Islands,VGB,2001,1.442187
British Virgin Islands,VGB,2002,1.4277272
British Virgin Islands,VGB,2003,1.4150246
British Virgin Islands,VGB,2004,1.406075
British Virgin Islands,VGB,2005,1.3982214
British Virgin Islands,VGB,2006,1.3949379
British Virgin Islands,VGB,2007,1.3944856
British Virgin Islands,VGB,2008,1.3957711
British Virgin Islands,VGB,2009,1.3982575
British Virgin Islands,VGB,2010,1.4019786
British Virgin Islands,VGB,2011,1.4057609
British Virgin Islands,VGB,2012,1.4104452
British Virgin Islands,VGB,2013,1.4136657
British Virgin Islands,VGB,2014,1.4158916
British Virgin Islands,VGB,2015,1.4076699
British Virgin Islands,VGB,2016,1.3882773
British Virgin Islands,VGB,2017,1.3629706
British Virgin Islands,VGB,2018,1.3350168
British Virgin Islands,VGB,2019,1.3016804
British Virgin Islands,VGB,2020,1.2693859
British Virgin Islands,VGB,2021,1.2412711
British Virgin Islands,VGB,2022,1.2060779
British Virgin Islands,VGB,2023,1.1714882
British Virgin Islands,VGB,2024,1.1394035
Brunei,BRN,1945,18.982166
Brunei,BRN,1946,17.678356
Brunei,BRN,1947,16.44762
Brunei,BRN,1948,15.324646
Brunei,BRN,1949,14.238363
Brunei,BRN,1950,13.223334
Brunei,BRN,1951,12.265974
Brunei,BRN,1952,11.350492
Brunei,BRN,1953,10.480711
Brunei,BRN,1954,9.660782
Brunei,BRN,1955,8.884786
Brunei,BRN,1956,8.1793
Brunei,BRN,1957,7.534772
Brunei,BRN,1958,6.9458055
Brunei,BRN,1959,6.4157953
Brunei,BRN,1960,5.9385552
Brunei,BRN,1961,5.5180864
Brunei,BRN,1962,5.143103
Brunei,BRN,1963,4.8160925
Brunei,BRN,1964,4.534951
Brunei,BRN,1965,4.29412
Brunei,BRN,1966,4.088718
Brunei,BRN,1967,3.9074752
Brunei,BRN,1968,3.743595
Brunei,BRN,1969,3.5845826
Brunei,BRN,1970,3.4249368
Brunei,BRN,1971,3.2534933
Brunei,BRN,1972,3.0738893
Brunei,BRN,1973,2.8816414
Brunei,BRN,1974,2.6893072
Brunei,BRN,1975,2.49611
Brunei,BRN,1976,2.3095276
Brunei,BRN,1977,2.1319
Brunei,BRN,1978,1.9655235
Brunei,BRN,1979,1.8123314
Brunei,BRN,1980,1.6724995
Brunei,BRN,1981,1.5455467
Brunei,BRN,1982,1.433015
Brunei,BRN,1983,1.3342122
Brunei,BRN,1984,1.2492423
Brunei,BRN,1985,1.1782936
Brunei,BRN,1986,1.121348
Brunei,BRN,1987,1.0778191
Brunei,BRN,1988,1.0500224
Brunei,BRN,1989,1.0341678
Brunei,BRN,1990,1.0267516
Brunei,BRN,1991,1.0250351
Brunei,BRN,1992,1.0220597
Brunei,BRN,1993,1.0125034
Brunei,BRN,1994,0.99516773
Brunei,BRN,1995,0.97097915
Brunei,BRN,1996,0.94141334
Brunei,BRN,1997,0.90962344
Brunei,BRN,1998,0.87936836
Brunei,BRN,1999,0.8518349
Brunei,BRN,2000,0.8286204
Brunei,BRN,2001,0.80989623
Brunei,BRN,2002,0.79603875
Brunei,BRN,2003,0.7864097
Brunei,BRN,2004,0.7811488
Brunei,BRN,2005,0.7798766
Brunei,BRN,2006,0.7817497
Brunei,BRN,2007,0.786882
Brunei,BRN,2008,0.7956953
Brunei,BRN,2009,0.80747455
Brunei,BRN,2010,0.82191443
Brunei,BRN,2011,0.8379538
Brunei,BRN,2012,0.8557788
Brunei,BRN,2013,0.87325394
Brunei,BRN,2014,0.88891584
Brunei,BRN,2015,0.90063083
Brunei,BRN,2016,0.9072963
Brunei,BRN,2017,0.90871155
Brunei,BRN,2018,0.9054192
Brunei,BRN,2019,0.8984962
Brunei,BRN,2020,0.88942146
Brunei,BRN,2021,0.880636
Brunei,BRN,2022,0.8730549
Brunei,BRN,2023,0.866598
Brunei,BRN,2024,0.8593154
Bulgaria,BGR,1949,11.421964
Bulgaria,BGR,1950,10.741161
Bulgaria,BGR,1951,10.094045
Bulgaria,BGR,1952,9.458188
Bulgaria,BGR,1953,8.834414
Bulgaria,BGR,1954,8.211271
Bulgaria,BGR,1955,7.572815
Bulgaria,BGR,1956,6.918631
Bulgaria,BGR,1957,6.260082
Bulgaria,BGR,1958,5.62174
Bulgaria,BGR,1959,5.0227156
Bulgaria,BGR,1960,4.4891944
Bulgaria,BGR,1961,4.0393467
Bulgaria,BGR,1962,3.6801183
Bulgaria,BGR,1963,3.415944
Bulgaria,BGR,1964,3.241592
Bulgaria,BGR,1965,3.1435554
Bulgaria,BGR,1966,3.1073325
Bulgaria,BGR,1967,3.086404
Bulgaria,BGR,1968,3.0209544
Bulgaria,BGR,1969,2.8918629
Bulgaria,BGR,1970,2.7511842
Bulgaria,BGR,1971,2.6439588
Bulgaria,BGR,1972,2.5714672
Bulgaria,BGR,1973,2.51694
Bulgaria,BGR,1974,2.4664025
Bulgaria,BGR,1975,2.4139035
Bulgaria,BGR,1976,2.3497155
Bulgaria,BGR,1977,2.271469
Bulgaria,BGR,1978,2.1752436
Bulgaria,BGR,1979,2.0665503
Bulgaria,BGR,1980,1.962933
Bulgaria,BGR,1981,1.8780785
Bulgaria,BGR,1982,1.8063225
Bulgaria,BGR,1983,1.7352573
Bulgaria,BGR,1984,1.6587089
Bulgaria,BGR,1985,1.5788084
Bulgaria,BGR,1986,1.4991808
Bulgaria,BGR,1987,1.436356
Bulgaria,BGR,1988,1.4105413
Bulgaria,BGR,1989,1.4263872
Bulgaria,BGR,1990,1.4629784
Bulgaria,BGR,1991,1.5000857
Bulgaria,BGR,1992,1.5270529
Bulgaria,BGR,1993,1.541483
Bulgaria,BGR,1994,1.544926
Bulgaria,BGR,1995,1.5472875
Bulgaria,BGR,1996,1.5568752
Bulgaria,BGR,1997,1.5624335
Bulgaria,BGR,1998,1.5436003
Bulgaria,BGR,1999,1.4944521
Bulgaria,BGR,2000,1.4327466
Bulgaria,BGR,2001,1.3742448
Bulgaria,BGR,2002,1.3176382
Bulgaria,BGR,2003,1.2526098
Bulgaria,BGR,2004,1.177476
Bulgaria,BGR,2005,1.1028186
Bulgaria,BGR,2006,1.03874
Bulgaria,BGR,2007,0.98867106
Bulgaria,BGR,2008,0.9541658
Bulgaria,BGR,2009,0.9317016
Bulgaria,BGR,2010,0.9084247
Bulgaria,BGR,2011,0.87329656
Bulgaria,BGR,2012,0.8269786
Bulgaria,BGR,2013,0.77598155
Bulgaria,BGR,2014,0.72555125
Bulgaria,BGR,2015,0.67977464
Bulgaria,BGR,2016,0.64048344
Bulgaria,BGR,2017,0.6076531
Bulgaria,BGR,2018,0.57946724
Bulgaria,BGR,2019,0.5547
Bulgaria,BGR,2020,0.5334232
Bulgaria,BGR,2021,0.51527166
Bulgaria,BGR,2022,0.49876827
Bulgaria,BGR,2023,0.48224345
Bulgaria,BGR,2024,0.46498102
Burkina Faso,BFA,1944,18.722221
Burkina Faso,BFA,1945,18.66517
Burkina Faso,BFA,1946,18.586535
Burkina Faso,BFA,1947,18.550886
Burkina Faso,BFA,1948,18.473656
Burkina Faso,BFA,1949,18.401047
Burkina Faso,BFA,1950,18.3484
Burkina Faso,BFA,1951,18.28115
Burkina Faso,BFA,1952,18.199457
Burkina Faso,BFA,1953,18.090685
Burkina Faso,BFA,1954,17.979736
Burkina Faso,BFA,1955,17.863573
Burkina Faso,BFA,1956,17.725449
Burkina Faso,BFA,1957,17.572971
Burkina Faso,BFA,1958,17.427507
Burkina Faso,BFA,1959,17.289545
Burkina Faso,BFA,1960,17.153955
Burkina Faso,BFA,1961,17.004816
Burkina Faso,BFA,1962,16.876781
Burkina Faso,BFA,1963,16.748222
Burkina Faso,BFA,1964,16.624039
Burkina Faso,BFA,1965,16.522945
Burkina Faso,BFA,1966,16.417906
Burkina Faso,BFA,1967,16.327667
Burkina Faso,BFA,1968,16.237982
Burkina Faso,BFA,1969,16.124384
Burkina Faso,BFA,1970,16.007828
Burkina Faso,BFA,1971,15.851607
Burkina Faso,BFA,1972,15.632848
Burkina Faso,BFA,1973,15.337002
Burkina Faso,BFA,1974,14.955394
Burkina Faso,BFA,1975,14.495898
Burkina Faso,BFA,1976,13.994567
Burkina Faso,BFA,1977,13.517112
Burkina Faso,BFA,1978,13.06538
Burkina Faso,BFA,1979,12.670589
Burkina Faso,BFA,1980,12.333287
Burkina Faso,BFA,1981,12.046136
Burkina Faso,BFA,1982,11.79512
Burkina Faso,BFA,1983,11.56631
Burkina Faso,BFA,1984,11.340308
Burkina Faso,BFA,1985,11.114147
Burkina Faso,BFA,1986,10.888069
Burkina Faso,BFA,1987,10.668933
Burkina Faso,BFA,1988,10.491593
Burkina Faso,BFA,1989,10.364781
Burkina Faso,BFA,1990,10.281107
Burkina Faso,BFA,1991,10.234237
Burkina Faso,BFA,1992,10.210281
Burkina Faso,BFA,1993,10.179291
Burkina Faso,BFA,1994,10.132292
Burkina Faso,BFA,1995,10.04628
Burkina Faso,BFA,1996,9.921462
Burkina Faso,BFA,1997,9.768887
Burkina Faso,BFA,1998,9.605714
Burkina Faso,BFA,1999,9.4276705
Burkina Faso,BFA,2000,9.240929
Burkina Faso,BFA,2001,9.038694
Burkina Faso,BFA,2002,8.821931
Burkina Faso,BFA,2003,8.580969
Burkina Faso,BFA,2004,8.314546
Burkina Faso,BFA,2005,8.022108
Burkina Faso,BFA,2006,7.7138596
Burkina Faso,BFA,2007,7.409724
Burkina Faso,BFA,2008,7.122571
Burkina Faso,BFA,2009,6.853299
Burkina Faso,BFA,2010,6.604214
Burkina Faso,BFA,2011,6.381452
Burkina Faso,BFA,2012,6.174117
Burkina Faso,BFA,2013,5.980676
Burkina Faso,BFA,2014,5.799452
Burkina Faso,BFA,2015,5.6313944
Burkina Faso,BFA,2016,5.471869
Burkina Faso,BFA,2017,5.313287
Burkina Faso,BFA,2018,5.166519
Burkina Faso,BFA,2019,5.0245214
Burkina Faso,BFA,2020,4.873873
Burkina Faso,BFA,2021,4.7402554
Burkina Faso,BFA,2022,4.608801
Burkina Faso,BFA,2023,4.4865522
Burkina Faso,BFA,2024,4.363434
Burundi,BDI,1965,11.417637
Burundi,BDI,1966,11.556607
Burundi,BDI,1967,11.693604
Burundi,BDI,1968,11.820229
Burundi,BDI,1969,11.911564
Burundi,BDI,1970,11.990464
Burundi,BDI,1971,12.042031
Burundi,BDI,1972,13.655482
Burundi,BDI,1973,12.143611
Burundi,BDI,1974,12.183953
Burundi,BDI,1975,12.221196
Burundi,BDI,1976,12.218827
Burundi,BDI,1977,12.138726
Burundi,BDI,1978,11.949926
Burundi,BDI,1979,11.661168
Burundi,BDI,1980,11.305105
Burundi,BDI,1981,10.87817
Burundi,BDI,1982,10.417663
Burundi,BDI,1983,9.975619
Burundi,BDI,1984,9.595415
Burundi,BDI,1985,9.3147135
Burundi,BDI,1986,9.131682
Burundi,BDI,1987,9.048571
Burundi,BDI,1988,9.057774
Burundi,BDI,1989,9.128757
Burundi,BDI,1990,9.220793
Burundi,BDI,1991,9.31804
Burundi,BDI,1992,9.404507
Burundi,BDI,1993,9.97348
Burundi,BDI,1994,9.498755
Burundi,BDI,1995,9.493215
Burundi,BDI,1996,10.365444
Burundi,BDI,1997,9.366726
Burundi,BDI,1998,9.226369
Burundi,BDI,1999,9.052755
Burundi,BDI,2000,8.844763
Burundi,BDI,2001,8.608952
Burundi,BDI,2002,8.354361
Burundi,BDI,2003,8.063075
Burundi,BDI,2004,7.7389536
Burundi,BDI,2005,7.380326
Burundi,BDI,2006,6.9885902
Burundi,BDI,2007,6.5957246
Burundi,BDI,2008,6.2146893
Burundi,BDI,2009,5.84482
Burundi,BDI,2010,5.5118823
Burundi,BDI,2011,5.2004223
Burundi,BDI,2012,4.9095483
Burundi,BDI,2013,4.6408467
Burundi,BDI,2014,4.393676
Burundi,BDI,2015,4.1844935
Burundi,BDI,2016,4.000002
Burundi,BDI,2017,3.8364336
Burundi,BDI,2018,3.7009506
Burundi,BDI,2019,3.5717888
Burundi,BDI,2020,3.462031
Burundi,BDI,2021,3.3487115
Burundi,BDI,2022,3.2350013
Burundi,BDI,2023,3.141593
Burundi,BDI,2024,3.0498936
Cambodia,KHM,1976,25.314632
Cambodia,KHM,1977,24.407629
Cambodia,KHM,1978,22.904541
Cambodia,KHM,1979,13.98894
Cambodia,KHM,1980,12.420126
Cambodia,KHM,1981,11.043043
Cambodia,KHM,1982,9.97484
Cambodia,KHM,1983,9.297421
Cambodia,KHM,1984,8.94646
Cambodia,KHM,1985,8.783243
Cambodia,KHM,1986,8.713769
Cambodia,KHM,1987,8.694139
Cambodia,KHM,1988,8.726149
Cambodia,KHM,1989,8.799059
Cambodia,KHM,1990,8.876354
Cambodia,KHM,1991,8.946302
Cambodia,KHM,1992,9.024252
Cambodia,KHM,1993,9.141733
Cambodia,KHM,1994,9.277773
Cambodia,KHM,1995,9.422695
Cambodia,KHM,1996,9.522368
Cambodia,KHM,1997,9.525488
Cambodia,KHM,1998,9.396742
Cambodia,KHM,1999,9.088159
Cambodia,KHM,2000,8.575807
Cambodia,KHM,2001,7.8643045
Cambodia,KHM,2002,7.100212
Cambodia,KHM,2003,6.416209
Cambodia,KHM,2004,5.8554263
Cambodia,KHM,2005,5.381399
Cambodia,KHM,2006,4.9772153
Cambodia,KHM,2007,4.6291733
Cambodia,KHM,2008,4.3073306
Cambodia,KHM,2009,4.000837
Cambodia,KHM,2010,3.7166326
Cambodia,KHM,2011,3.4546938
Cambodia,KHM,2012,3.2090313
Cambodia,KHM,2013,2.9814966
Cambodia,KHM,2014,2.780028
Cambodia,KHM,2015,2.5800378
Cambodia,KHM,2016,2.405958
Cambodia,KHM,2017,2.2506714
Cambodia,KHM,2018,2.1194637
Cambodia,KHM,2019,2.0126624
Cambodia,KHM,2020,1.9247862
Cambodia,KHM,2021,1.8418393
Cambodia,KHM,2022,1.767412
Cambodia,KHM,2023,1.6977948
Cambodia,KHM,2024,1.6365193
Cameroon,CMR,1954,22.579443
Cameroon,CMR,1955,21.621723
Cameroon,CMR,1956,20.6934
Cameroon,CMR,1957,19.845755
Cameroon,CMR,1958,19.05298
Cameroon,CMR,1959,18.353893
Cameroon,CMR,1960,17.730785
Cameroon,CMR,1961,17.208391
Cameroon,CMR,1962,16.756763
Cameroon,CMR,1963,16.37252
Cameroon,CMR,1964,15.973588
Cameroon,CMR,1965,15.531852
Cameroon,CMR,1966,15.042575
Cameroon,CMR,1967,14.50836
Cameroon,CMR,1968,13.93448
Cameroon,CMR,1969,13.358484
Cameroon,CMR,1970,12.821824
Cameroon,CMR,1971,12.364575
Cameroon,CMR,1972,12.014326
Cameroon,CMR,1973,11.756385
Cameroon,CMR,1974,11.602117
Cameroon,CMR,1975,11.498467
Cameroon,CMR,1976,11.427823
Cameroon,CMR,1977,11.34763
Cameroon,CMR,1978,11.2271805
Cameroon,CMR,1979,11.041084
Cameroon,CMR,1980,10.784278
Cameroon,CMR,1981,10.478212
Cameroon,CMR,1982,10.122176
Cameroon,CMR,1983,9.733616
Cameroon,CMR,1984,9.343015
Cameroon,CMR,1985,8.9807
Cameroon,CMR,1986,8.655141
Cameroon,CMR,1987,8.400877
Cameroon,CMR,1988,8.232105
Cameroon,CMR,1989,8.150759
Cameroon,CMR,1990,8.152433
Cameroon,CMR,1991,8.218028
Cameroon,CMR,1992,8.3262205
Cameroon,CMR,1993,8.437424
Cameroon,CMR,1994,8.550626
Cameroon,CMR,1995,8.622538
Cameroon,CMR,1996,8.656664
Cameroon,CMR,1997,8.641918
Cameroon,CMR,1998,8.5812435
Cameroon,CMR,1999,8.472484
Cameroon,CMR,2000,8.305155
Cameroon,CMR,2001,8.116479
Cameroon,CMR,2002,7.909756
Cameroon,CMR,2003,7.7171526
Cameroon,CMR,2004,7.5231504
Cameroon,CMR,2005,7.3502364
Cameroon,CMR,2006,7.156346
Cameroon,CMR,2007,6.9912853
Cameroon,CMR,2008,6.7958922
Cameroon,CMR,2009,6.6337147
Cameroon,CMR,2010,6.3857417
Cameroon,CMR,2011,6.183564
Cameroon,CMR,2012,5.962893
Cameroon,CMR,2013,5.7284985
Cameroon,CMR,2014,5.53149
Cameroon,CMR,2015,5.3252306
Cameroon,CMR,2016,5.142007
Cameroon,CMR,2017,4.9638433
Cameroon,CMR,2018,4.802272
Cameroon,CMR,2019,4.688581
Cameroon,CMR,2020,4.5549984
Cameroon,CMR,2021,4.410145
Cameroon,CMR,2022,4.2742286
Cameroon,CMR,2023,4.132897
Cameroon,CMR,2024,4.024989
Canada,CAN,1949,4.3316445
Canada,CAN,1950,4.1140747
Canada,CAN,1951,3.9070873
Canada,CAN,1952,3.7154768
Canada,CAN,1953,3.5410478
Canada,CAN,1954,3.388158
Canada,CAN,1955,3.2588205
Canada,CAN,1956,3.1494238
Canada,CAN,1957,3.0515962
Canada,CAN,1958,2.9589705
Canada,CAN,1959,2.870402
Canada,CAN,1960,2.7838378
Canada,CAN,1961,2.695938
Canada,CAN,1962,2.6038923
Canada,CAN,1963,2.5062997
Canada,CAN,1964,2.4069297
Canada,CAN,1965,2.307638
Canada,CAN,1966,2.211453
Canada,CAN,1967,2.1187027
Canada,CAN,1968,2.0292675
Canada,CAN,1969,1.9410807
Canada,CAN,1970,1.8528799
Canada,CAN,1971,1.7640833
Canada,CAN,1972,1.6749758
Canada,CAN,1973,1.5866921
Canada,CAN,1974,1.499559
Canada,CAN,1975,1.4140586
Canada,CAN,1976,1.3307201
Canada,CAN,1977,1.2504659
Canada,CAN,1978,1.1737492
Canada,CAN,1979,1.1008413
Canada,CAN,1980,1.0330784
Canada,CAN,1981,0.9713127
Canada,CAN,1982,0.9168008
Canada,CAN,1983,0.8705422
Canada,CAN,1984,0.83162534
Canada,CAN,1985,0.7998525
Canada,CAN,1986,0.77338153
Canada,CAN,1987,0.74977577
Canada,CAN,1988,0.7273111
Canada,CAN,1989,0.7049076
Canada,CAN,1990,0.6816168
Canada,CAN,1991,0.6582832
Canada,CAN,1992,0.6359748
Canada,CAN,1993,0.6155492
Canada,CAN,1994,0.5964308
Canada,CAN,1995,0.57817954
Canada,CAN,1996,0.56154263
Canada,CAN,1997,0.5475662
Canada,CAN,1998,0.5368754
Canada,CAN,1999,0.52998394
Canada,CAN,2000,0.5269086
Canada,CAN,2001,0.5264896
Canada,CAN,2002,0.52717286
Canada,CAN,2003,0.52767384
Canada,CAN,2004,0.52713263
Canada,CAN,2005,0.52470654
Canada,CAN,2006,0.5204789
Canada,CAN,2007,0.5151444
Canada,CAN,2008,0.50899214
Canada,CAN,2009,0.5026593
Canada,CAN,2010,0.49656323
Canada,CAN,2011,0.49040627
Canada,CAN,2012,0.484088
Canada,CAN,2013,0.4774937
Canada,CAN,2014,0.47090733
Canada,CAN,2015,0.46470803
Canada,CAN,2016,0.45905674
Canada,CAN,2017,0.45455313
Canada,CAN,2018,0.45158488
Canada,CAN,2019,0.4505124
Canada,CAN,2020,0.45167583
Canada,CAN,2021,0.45503336
Canada,CAN,2022,0.46052086
Canada,CAN,2023,0.4667794
Canada,CAN,2024,0.47167638
Cape Verde,CPV,1945,15.195487
Cape Verde,CPV,1946,14.817081
Cape Verde,CPV,1947,14.454833
Cape Verde,CPV,1948,14.108281
Cape Verde,CPV,1949,13.770599
Cape Verde,CPV,1950,13.446278
Cape Verde,CPV,1951,13.130761
Cape Verde,CPV,1952,12.8481045
Cape Verde,CPV,1953,12.588292
Cape Verde,CPV,1954,12.331122
Cape Verde,CPV,1955,12.112619
Cape Verde,CPV,1956,11.919425
Cape Verde,CPV,1957,11.734135
Cape Verde,CPV,1958,11.569243
Cape Verde,CPV,1959,11.409502
Cape Verde,CPV,1960,11.234956
Cape Verde,CPV,1961,11.046288
Cape Verde,CPV,1962,10.857664
Cape Verde,CPV,1963,10.677711
Cape Verde,CPV,1964,10.460681
Cape Verde,CPV,1965,10.207148
Cape Verde,CPV,1966,9.939094
Cape Verde,CPV,1967,9.641792
Cape Verde,CPV,1968,9.312249
Cape Verde,CPV,1969,8.949111
Cape Verde,CPV,1970,8.559841
Cape Verde,CPV,1971,8.1707535
Cape Verde,CPV,1972,7.767794
Cape Verde,CPV,1973,7.3675537
Cape Verde,CPV,1974,6.976669
Cape Verde,CPV,1975,6.6090918
Cape Verde,CPV,1976,6.28381
Cape Verde,CPV,1977,5.9971366
Cape Verde,CPV,1978,5.7764063
Cape Verde,CPV,1979,5.616439
Cape Verde,CPV,1980,5.5153656
Cape Verde,CPV,1981,5.471746
Cape Verde,CPV,1982,5.4582043
Cape Verde,CPV,1983,5.440825
Cape Verde,CPV,1984,5.3837705
Cape Verde,CPV,1985,5.2648697
Cape Verde,CPV,1986,5.072769
Cape Verde,CPV,1987,4.827738
Cape Verde,CPV,1988,4.5763874
Cape Verde,CPV,1989,4.359329
Cape Verde,CPV,1990,4.2049007
Cape Verde,CPV,1991,4.1277976
Cape Verde,CPV,1992,4.1300297
Cape Verde,CPV,1993,4.168023
Cape Verde,CPV,1994,4.196528
Cape Verde,CPV,1995,4.1737776
Cape Verde,CPV,1996,4.057692
Cape Verde,CPV,1997,3.8366814
Cape Verde,CPV,1998,3.5483208
Cape Verde,CPV,1999,3.2318697
Cape Verde,CPV,2000,2.9355547
Cape Verde,CPV,2001,2.696432
Cape Verde,CPV,2002,2.531305
Cape Verde,CPV,2003,2.4309378
Cape Verde,CPV,2004,2.389867
Cape Verde,CPV,2005,2.3915057
Cape Verde,CPV,2006,2.4135864
Cape Verde,CPV,2007,2.4372532
Cape Verde,CPV,2008,2.446495
Cape Verde,CPV,2009,2.4284742
Cape Verde,CPV,2010,2.3787808
Cape Verde,CPV,2011,2.2965512
Cape Verde,CPV,2012,2.1857414
Cape Verde,CPV,2013,2.0524275
Cape Verde,CPV,2014,1.9066201
Cape Verde,CPV,2015,1.7594923
Cape Verde,CPV,2016,1.6235088
Cape Verde,CPV,2017,1.5055395
Cape Verde,CPV,2018,1.4052066
Cape Verde,CPV,2019,1.3228616
Cape Verde,CPV,2020,1.2544218
Cape Verde,CPV,2021,1.1970522
Cape Verde,CPV,2022,1.1476816
Cape Verde,CPV,2023,1.1036336
Cape Verde,CPV,2024,1.0627301
Central African Republic,CAF,1959,16.135838
Central African Republic,CAF,1960,15.883315
Central African Republic,CAF,1961,15.635217
Central African Republic,CAF,1962,15.400725
Central African Republic,CAF,1963,15.156675
Central African Republic,CAF,1964,14.884554
Central African Republic,CAF,1965,14.615724
Central African Republic,CAF,1966,14.312703
Central African Republic,CAF,1967,14.022708
Central African Republic,CAF,1968,13.735883
Central African Republic,CAF,1969,13.461944
Central African Republic,CAF,1970,13.202276
Central African Republic,CAF,1971,12.961214
Central African Republic,CAF,1972,12.748376
Central African Republic,CAF,1973,12.542439
Central African Republic,CAF,1974,12.345124
Central African Republic,CAF,1975,12.163848
Central African Republic,CAF,1976,11.990166
Central African Republic,CAF,1977,11.819026
Central African Republic,CAF,1978,11.66109
Central African Republic,CAF,1979,11.508135
Central African Republic,CAF,1980,11.386692
Central African Republic,CAF,1981,11.272927
Central African Republic,CAF,1982,11.195949
Central African Republic,CAF,1983,11.138784
Central African Republic,CAF,1984,11.093359
Central African Republic,CAF,1985,11.059902
Central African Republic,CAF,1986,11.032605
Central African Republic,CAF,1987,11.005095
Central African Republic,CAF,1988,10.973969
Central African Republic,CAF,1989,10.943809
Central African Republic,CAF,1990,10.902942
Central African Republic,CAF,1991,10.845708
Central African Republic,CAF,1992,10.768319
Central African Republic,CAF,1993,10.694268
Central African Republic,CAF,1994,10.621733
Central African Republic,CAF,1995,10.547095
Central African Republic,CAF,1996,10.447808
Central African Republic,CAF,1997,10.345704
Central African Republic,CAF,1998,10.23092
Central African Republic,CAF,1999,10.105853
Central African Republic,CAF,2000,9.95953
Central African Republic,CAF,2001,9.794948
Central African Republic,CAF,2002,9.613977
Central African Republic,CAF,2003,9.432332
Central African Republic,CAF,2004,9.217675
Central African Republic,CAF,2005,8.997399
Central African Republic,CAF,2006,8.742024
Central African Republic,CAF,2007,8.532578
Central African Republic,CAF,2008,8.335038
Central African Republic,CAF,2009,23.98525
Central African Republic,CAF,2010,8.849404
Central African Republic,CAF,2011,7.7741337
Central African Republic,CAF,2012,7.611645
Central African Republic,CAF,2013,8.103367
Central African Republic,CAF,2014,10.167097
Central African Republic,CAF,2015,7.199913
Central African Republic,CAF,2016,7.706494
Central African Republic,CAF,2017,8.84033
Central African Republic,CAF,2018,7.390092
Central African Republic,CAF,2019,12.893352
Central African Republic,CAF,2020,7.4721127
Central African Republic,CAF,2021,9.630948
Central African Republic,CAF,2022,20.677797
Central African Republic,CAF,2023,6.0757685
Central African Republic,CAF,2024,5.8825874
Chad,TCD,1944,14.807993
Chad,TCD,1945,14.762804
Chad,TCD,1946,14.710985
Chad,TCD,1947,14.667468
Chad,TCD,1948,14.617752
Chad,TCD,1949,14.5788965
Chad,TCD,1950,14.540354
Chad,TCD,1951,14.505385
Chad,TCD,1952,14.470121
Chad,TCD,1953,14.442645
Chad,TCD,1954,14.408709
Chad,TCD,1955,14.386447
Chad,TCD,1956,14.357096
Chad,TCD,1957,14.326239
Chad,TCD,1958,14.295428
Chad,TCD,1959,14.262907
Chad,TCD,1960,14.238319
Chad,TCD,1961,14.210143
Chad,TCD,1962,14.166332
Chad,TCD,1963,14.131781
Chad,TCD,1964,14.102108
Chad,TCD,1965,14.0497465
Chad,TCD,1966,14.00621
Chad,TCD,1967,13.953592
Chad,TCD,1968,13.902166
Chad,TCD,1969,13.847941
Chad,TCD,1970,13.784593
Chad,TCD,1971,13.7264805
Chad,TCD,1972,13.666643
Chad,TCD,1973,13.612172
Chad,TCD,1974,13.546562
Chad,TCD,1975,13.48524
Chad,TCD,1976,13.406506
Chad,TCD,1977,13.335888
Chad,TCD,1978,13.262742
Chad,TCD,1979,13.178998
Chad,TCD,1980,13.0837
Chad,TCD,1981,12.96785
Chad,TCD,1982,12.856748
Chad,TCD,1983,12.726628
Chad,TCD,1984,12.589745
Chad,TCD,1985,12.442763
Chad,TCD,1986,12.2983265
Chad,TCD,1987,12.1458235
Chad,TCD,1988,11.989524
Chad,TCD,1989,11.830106
Chad,TCD,1990,11.679838
Chad,TCD,1991,11.517365
Chad,TCD,1992,11.360742
Chad,TCD,1993,11.220285
Chad,TCD,1994,11.088228
Chad,TCD,1995,10.953328
Chad,TCD,1996,10.812758
Chad,TCD,1997,10.669344
Chad,TCD,1998,10.5136
Chad,TCD,1999,10.34843
Chad,TCD,2000,10.170828
Chad,TCD,2001,9.985151
Chad,TCD,2002,9.800791
Chad,TCD,2003,9.619075
Chad,TCD,2004,9.429999
Chad,TCD,2005,9.2419815
Chad,TCD,2006,9.03644
Chad,TCD,2007,8.830752
Chad,TCD,2008,8.62163
Chad,TCD,2009,8.411159
Chad,TCD,2010,8.195652
Chad,TCD,2011,7.986593
Chad,TCD,2012,7.783599
Chad,TCD,2013,7.5896573
Chad,TCD,2014,7.396217
Chad,TCD,2015,7.2052956
Chad,TCD,2016,7.0159564
Chad,TCD,2017,6.832738
Chad,TCD,2018,6.644993
Chad,TCD,2019,6.4631295
Chad,TCD,2020,6.2935395
Chad,TCD,2021,6.1292324
Chad,TCD,2022,5.962049
Chad,TCD,2023,5.796517
Chad,TCD,2024,5.626251
Chile,CHL,1954,11.701778
Chile,CHL,1955,11.707104
Chile,CHL,1956,11.865915
Chile,CHL,1957,12.129326
Chile,CHL,1958,12.353637
Chile,CHL,1959,12.444059
Chile,CHL,1960,12.370253
Chile,CHL,1961,12.135046
Chile,CHL,1962,11.737589
Chile,CHL,1963,11.185569
Chile,CHL,1964,10.484756
Chile,CHL,1965,9.647911
Chile,CHL,1966,8.703315
Chile,CHL,1967,7.840949
Chile,CHL,1968,7.2498503
Chile,CHL,1969,6.967208
Chile,CHL,1970,6.8460355
Chile,CHL,1971,6.7442174
Chile,CHL,1972,6.6029806
Chile,CHL,1973,6.3915877
Chile,CHL,1974,6.06799
Chile,CHL,1975,5.561425
Chile,CHL,1976,4.862098
Chile,CHL,1977,4.137112
Chile,CHL,1978,3.5550294
Chile,CHL,1979,3.145392
Chile,CHL,1980,2.826077
Chile,CHL,1981,2.5366945
Chile,CHL,1982,2.282861
Chile,CHL,1983,2.08714
Chile,CHL,1984,1.9574257
Chile,CHL,1985,1.8832785
Chile,CHL,1986,1.8562013
Chile,CHL,1987,1.8442528
Chile,CHL,1988,1.8022817
Chile,CHL,1989,1.7115104
Chile,CHL,1990,1.5942268
Chile,CHL,1991,1.4741429
Chile,CHL,1992,1.3595433
Chile,CHL,1993,1.2542037
Chile,CHL,1994,1.1624306
Chile,CHL,1995,1.0928794
Chile,CHL,1996,1.0512424
Chile,CHL,1997,1.0253917
Chile,CHL,1998,0.9984502
Chile,CHL,1999,0.9608841
Chile,CHL,2000,0.9160285
Chile,CHL,2001,0.86952364
Chile,CHL,2002,0.82794523
Chile,CHL,2003,0.7983284
Chile,CHL,2004,0.78220546
Chile,CHL,2005,0.7737239
Chile,CHL,2006,0.7664725
Chile,CHL,2007,0.76006377
Chile,CHL,2008,0.75580186
Chile,CHL,2009,0.75317097
Chile,CHL,2010,0.7488529
Chile,CHL,2011,0.7396609
Chile,CHL,2012,0.72594184
Chile,CHL,2013,0.7103967
Chile,CHL,2014,0.6947392
Chile,CHL,2015,0.68045086
Chile,CHL,2016,0.6678347
Chile,CHL,2017,0.6530441
Chile,CHL,2018,0.6312416
Chile,CHL,2019,0.60351264
Chile,CHL,2020,0.5827246
Chile,CHL,2021,0.5790791
Chile,CHL,2022,0.5861569
Chile,CHL,2023,0.5892279
Chile,CHL,2024,0.5797572
China,CHN,1969,8.883114
China,CHN,1970,8.463718
China,CHN,1971,8.04982
China,CHN,1972,7.6597366
China,CHN,1973,7.258658
China,CHN,1974,6.8596725
China,CHN,1975,6.4682736
China,CHN,1976,6.087214
China,CHN,1977,5.7275233
China,CHN,1978,5.4073615
China,CHN,1979,5.1256757
China,CHN,1980,4.884094
China,CHN,1981,4.6849275
China,CHN,1982,4.5312123
China,CHN,1983,4.4193764
China,CHN,1984,4.3468223
China,CHN,1985,4.3071036
China,CHN,1986,4.295469
China,CHN,1987,4.3069057
China,CHN,1988,4.324943
China,CHN,1989,4.335229
China,CHN,1990,4.329881
China,CHN,1991,4.295098
China,CHN,1992,4.2271814
China,CHN,1993,4.132641
China,CHN,1994,4.0109773
China,CHN,1995,3.8686707
China,CHN,1996,3.7172234
China,CHN,1997,3.553531
China,CHN,1998,3.3782551
China,CHN,1999,3.1921523
China,CHN,2000,2.9909148
China,CHN,2001,2.7784426
China,CHN,2002,2.5600588
China,CHN,2003,2.3425746
China,CHN,2004,2.1334217
China,CHN,2005,1.9400059
China,CHN,2006,1.7665441
China,CHN,2007,1.6131126
China,CHN,2008,1.476047
China,CHN,2009,1.3547239
China,CHN,2010,1.2447293
China,CHN,2011,1.1442438
China,CHN,2012,1.0530264
China,CHN,2013,0.9684126
China,CHN,2014,0.8913372
China,CHN,2015,0.8209425
China,CHN,2016,0.75655
China,CHN,2017,0.69783413
China,CHN,2018,0.6445537
China,CHN,2019,0.5965502
China,CHN,2020,0.5525938
China,CHN,2021,0.51223665
China,CHN,2022,0.475292
China,CHN,2023,0.43993053
China,CHN,2024,0.40788573
Colombia,COL,1954,11.426393
Colombia,COL,1955,11.1204815
Colombia,COL,1956,10.809161
Colombia,COL,1957,10.507621
Colombia,COL,1958,10.218018
Colombia,COL,1959,9.932985
Colombia,COL,1960,9.657501
Colombia,COL,1961,9.39386
Colombia,COL,1962,9.132279
Colombia,COL,1963,8.884361
Colombia,COL,1964,8.658803
Colombia,COL,1965,8.439404
Colombia,COL,1966,8.221227
Colombia,COL,1967,8.002208
Colombia,COL,1968,7.785837
Colombia,COL,1969,7.5621386
Colombia,COL,1970,7.3342333
Colombia,COL,1971,7.1000366
Colombia,COL,1972,6.853097
Colombia,COL,1973,6.5997357
Colombia,COL,1974,6.328816
Colombia,COL,1975,6.0483603
Colombia,COL,1976,5.7612367
Colombia,COL,1977,5.469649
Colombia,COL,1978,5.1842427
Colombia,COL,1979,4.904174
Colombia,COL,1980,4.6380215
Colombia,COL,1981,4.3869367
Colombia,COL,1982,4.1522436
Colombia,COL,1983,3.9349573
Colombia,COL,1984,3.7384803
Colombia,COL,1985,3.770633
Colombia,COL,1986,3.4104905
Colombia,COL,1987,3.2774034
Colombia,COL,1988,3.1618068
Colombia,COL,1989,3.0598772
Colombia,COL,1990,2.9649172
Colombia,COL,1991,2.8755674
Colombia,COL,1992,2.7885885
Colombia,COL,1993,2.702977
Colombia,COL,1994,2.617197
Colombia,COL,1995,2.5320728
Colombia,COL,1996,2.4492266
Colombia,COL,1997,2.370473
Colombia,COL,1998,2.2952945
Colombia,COL,1999,2.2242908
Colombia,COL,2000,2.1587365
Colombia,COL,2001,2.0966659
Colombia,COL,2002,2.036731
Colombia,COL,2003,1.9813529
Colombia,COL,2004,1.9273618
Colombia,COL,2005,1.8740518
Colombia,COL,2006,1.8222271
Colombia,COL,2007,1.7712283
Colombia,COL,2008,1.7198954
Colombia,COL,2009,1.6695967
Colombia,COL,2010,1.6192511
Colombia,COL,2011,1.5719883
Colombia,COL,2012,1.5249728
Colombia,COL,2013,1.478013
Colombia,COL,2014,1.432206
Colombia,COL,2015,1.3894467
Colombia,COL,2016,1.3472811
Colombia,COL,2017,1.3052833
Colombia,COL,2018,1.2651356
Colombia,COL,2019,1.2253771
Colombia,COL,2020,1.1884605
Colombia,COL,2021,1.1516932
Colombia,COL,2022,1.1160702
Colombia,COL,2023,1.0819403
Colombia,COL,2024,1.0493686
Comoros,COM,1973,14.887139
Comoros,COM,1974,14.581548
Comoros,COM,1975,14.278426
Comoros,COM,1976,13.975827
Comoros,COM,1977,13.673048
Comoros,COM,1978,13.342143
Comoros,COM,1979,13.003032
Comoros,COM,1980,12.672224
Comoros,COM,1981,12.328608
Comoros,COM,1982,11.975335
Comoros,COM,1983,11.627358
Comoros,COM,1984,11.290503
Comoros,COM,1985,10.946786
Comoros,COM,1986,10.621652
Comoros,COM,1987,10.296017
Comoros,COM,1988,9.980006
Comoros,COM,1989,9.666032
Comoros,COM,1990,9.348355
Comoros,COM,1991,9.023356
Comoros,COM,1992,8.706103
Comoros,COM,1993,8.384433
Comoros,COM,1994,8.077543
Comoros,COM,1995,7.7813253
Comoros,COM,1996,7.5013227
Comoros,COM,1997,7.241691
Comoros,COM,1998,6.9895763
Comoros,COM,1999,6.7488446
Comoros,COM,2000,6.5228
Comoros,COM,2001,6.3009477
Comoros,COM,2002,6.087067
Comoros,COM,2003,5.8877335
Comoros,COM,2004,5.6917243
Comoros,COM,2005,5.508098
Comoros,COM,2006,5.330898
Comoros,COM,2007,5.1727123
Comoros,COM,2008,5.02337
Comoros,COM,2009,4.8856497
Comoros,COM,2010,4.755599
Comoros,COM,2011,4.6433353
Comoros,COM,2012,4.538281
Comoros,COM,2013,4.440793
Comoros,COM,2014,4.3554173
Comoros,COM,2015,4.2755365
Comoros,COM,2016,4.200041
Comoros,COM,2017,4.12996
Comoros,COM,2018,4.0555277
Comoros,COM,2019,3.9798675
Comoros,COM,2020,3.8936436
Comoros,COM,2021,3.8027515
Comoros,COM,2022,3.7018366
Comoros,COM,2023,3.6035414
Comoros,COM,2024,3.50185
Congo,COG,1944,12.696574
Congo,COG,1945,12.591342
Congo,COG,1946,12.525936
Congo,COG,1947,12.410065
Congo,COG,1948,12.327949
Congo,COG,1949,12.210274
Congo,COG,1950,12.069726
Congo,COG,1951,11.909415
Congo,COG,1952,11.744164
Congo,COG,1953,11.531282
Congo,COG,1954,11.2900715
Congo,COG,1955,11.027758
Congo,COG,1956,10.744472
Congo,COG,1957,10.43539
Congo,COG,1958,10.126016
Congo,COG,1959,9.829322
Congo,COG,1960,9.54876
Congo,COG,1961,9.293662
Congo,COG,1962,9.046439
Congo,COG,1963,8.816561
Congo,COG,1964,8.594259
Congo,COG,1965,8.391165
Congo,COG,1966,8.193331
Congo,COG,1967,8.00182
Congo,COG,1968,7.817586
Congo,COG,1969,7.6535587
Congo,COG,1970,7.492242
Congo,COG,1971,7.365827
Congo,COG,1972,7.2422733
Congo,COG,1973,7.1256957
Congo,COG,1974,7.004294
Congo,COG,1975,6.894081
Congo,COG,1976,6.7896004
Congo,COG,1977,6.673623
Congo,COG,1978,6.5747137
Congo,COG,1979,6.4718833
Congo,COG,1980,6.362839
Congo,COG,1981,6.2550845
Congo,COG,1982,6.146535
Congo,COG,1983,6.025802
Congo,COG,1984,5.901586
Congo,COG,1985,5.8021708
Congo,COG,1986,5.722618
Congo,COG,1987,5.670317
Congo,COG,1988,5.6507206
Congo,COG,1989,5.6832986
Congo,COG,1990,5.7605553
Congo,COG,1991,5.88469
Congo,COG,1992,6.046124
Congo,COG,1993,6.241064
Congo,COG,1994,6.4681478
Congo,COG,1995,6.7028747
Congo,COG,1996,6.941105
Congo,COG,1997,7.1552362
Congo,COG,1998,7.3174753
Congo,COG,1999,7.369793
Congo,COG,2000,7.302106
Congo,COG,2001,7.1136584
Congo,COG,2002,6.817515
Congo,COG,2003,6.4575477
Congo,COG,2004,6.034668
Congo,COG,2005,5.6121955
Congo,COG,2006,5.212562
Congo,COG,2007,4.8536396
Congo,COG,2008,4.550817
Congo,COG,2009,4.3075085
Congo,COG,2010,4.12293
Congo,COG,2011,3.9740674
Congo,COG,2012,3.8496852
Congo,COG,2013,3.7420168
Congo,COG,2014,3.638222
Congo,COG,2015,3.5293138
Congo,COG,2016,3.4249396
Congo,COG,2017,3.3249974
Congo,COG,2018,3.22044
Congo,COG,2019,3.3210933
Congo,COG,2020,3.031293
Congo,COG,2021,2.9364731
Congo,COG,2022,2.8470972
Congo,COG,2023,2.771103
Congo,COG,2024,2.6981635
Cook Islands,COK,1951,14.534008
Cook Islands,COK,1952,13.7522335
Cook Islands,COK,1953,13.040104
Cook Islands,COK,1954,12.335819
Cook Islands,COK,1955,11.67707
Cook Islands,COK,1956,11.030512
Cook Islands,COK,1957,10.392461
Cook Islands,COK,1958,9.751418
Cook Islands,COK,1959,9.136731
Cook Islands,COK,1960,8.52261
Cook Islands,COK,1961,7.9336653
Cook Islands,COK,1962,7.3644032
Cook Islands,COK,1963,6.832055
Cook Islands,COK,1964,6.331266
Cook Islands,COK,1965,5.8505244
Cook Islands,COK,1966,5.396751
Cook Islands,COK,1967,4.9744716
Cook Islands,COK,1968,4.5933056
Cook Islands,COK,1969,4.245637
Cook Islands,COK,1970,3.9275692
Cook Islands,COK,1971,3.6526382
Cook Islands,COK,1972,3.4142022
Cook Islands,COK,1973,3.2088385
Cook Islands,COK,1974,3.038905
Cook Islands,COK,1975,2.9007974
Cook Islands,COK,1976,2.780793
Cook Islands,COK,1977,2.6731515
Cook Islands,COK,1978,2.5753572
Cook Islands,COK,1979,2.4830916
Cook Islands,COK,1980,2.3969548
Cook Islands,COK,1981,2.319068
Cook Islands,COK,1982,2.2489038
Cook Islands,COK,1983,2.1847203
Cook Islands,COK,1984,2.1297653
Cook Islands,COK,1985,2.07964
Cook Islands,COK,1986,2.0393255
Cook Islands,COK,1987,2.0117652
Cook Islands,COK,1988,1.9945546
Cook Islands,COK,1989,1.9840943
Cook Islands,COK,1990,1.9793748
Cook Islands,COK,1991,1.9777173
Cook Islands,COK,1992,1.972125
Cook Islands,COK,1993,1.961044
Cook Islands,COK,1994,1.9375421
Cook Islands,COK,1995,1.8988223
Cook Islands,COK,1996,1.8450975
Cook Islands,COK,1997,1.777349
Cook Islands,COK,1998,1.7025357
Cook Islands,COK,1999,1.6307065
Cook Islands,COK,2000,1.5628375
Cook Islands,COK,2001,1.4995414
Cook Islands,COK,2002,1.4393781
Cook Islands,COK,2003,1.3819274
Cook Islands,COK,2004,1.325041
Cook Islands,COK,2005,1.2679263
Cook Islands,COK,2006,1.2139549
Cook Islands,COK,2007,1.1646461
Cook Islands,COK,2008,1.1235149
Cook Islands,COK,2009,1.0923775
Cook Islands,COK,2010,1.0734923
Cook Islands,COK,2011,1.0659407
Cook Islands,COK,2012,1.0697877
Cook Islands,COK,2013,1.0822649
Cook Islands,COK,2014,1.1011713
Cook Islands,COK,2015,1.1241968
Cook Islands,COK,2016,1.1482453
Cook Islands,COK,2017,1.1726214
Cook Islands,COK,2018,1.1930921
Cook Islands,COK,2019,1.2052238
Cook Islands,COK,2020,1.2039903
Cook Islands,COK,2021,1.1939051
Cook Islands,COK,2022,1.1757015
Cook Islands,COK,2023,1.1546986
Cook Islands,COK,2024,1.1306801
Costa Rica,CRI,1949,9.172906
Costa Rica,CRI,1950,9.166352
Costa Rica,CRI,1951,9.136582
Costa Rica,CRI,1952,9.102236
Costa Rica,CRI,1953,9.033973
Costa Rica,CRI,1954,8.919526
Costa Rica,CRI,1955,8.737803
Costa Rica,CRI,1956,8.46926
Costa Rica,CRI,1957,8.127
Costa Rica,CRI,1958,7.746031
Costa Rica,CRI,1959,7.372048
Costa Rica,CRI,1960,7.0837955
Costa Rica,CRI,1961,6.9429884
Costa Rica,CRI,1962,6.9160843
Costa Rica,CRI,1963,6.9330196
Costa Rica,CRI,1964,6.9305825
Costa Rica,CRI,1965,6.8811216
Costa Rica,CRI,1966,6.7598286
Costa Rica,CRI,1967,6.584985
Costa Rica,CRI,1968,6.395518
Costa Rica,CRI,1969,6.202048
Costa Rica,CRI,1970,5.959394
Costa Rica,CRI,1971,5.6318593
Costa Rica,CRI,1972,5.22014
Costa Rica,CRI,1973,4.7498794
Costa Rica,CRI,1974,4.246011
Costa Rica,CRI,1975,3.7356358
Costa Rica,CRI,1976,3.2433112
Costa Rica,CRI,1977,2.8082843
Costa Rica,CRI,1978,2.4618642
Costa Rica,CRI,1979,2.2110717
Costa Rica,CRI,1980,2.0468793
Costa Rica,CRI,1981,1.9604547
Costa Rica,CRI,1982,1.9270334
Costa Rica,CRI,1983,1.91525
Costa Rica,CRI,1984,1.8999282
Costa Rica,CRI,1985,1.8637426
Costa Rica,CRI,1986,1.7947761
Costa Rica,CRI,1987,1.7022467
Costa Rica,CRI,1988,1.6046244
Costa Rica,CRI,1989,1.5159001
Costa Rica,CRI,1990,1.4407568
Costa Rica,CRI,1991,1.3814808
Costa Rica,CRI,1992,1.3381803
Costa Rica,CRI,1993,1.3075552
Costa Rica,CRI,1994,1.2870188
Costa Rica,CRI,1995,1.2716762
Costa Rica,CRI,1996,1.2567552
Costa Rica,CRI,1997,1.2366385
Costa Rica,CRI,1998,1.2063906
Costa Rica,CRI,1999,1.1655102
Costa Rica,CRI,2000,1.1207963
Costa Rica,CRI,2001,1.0787382
Costa Rica,CRI,2002,1.0424937
Costa Rica,CRI,2003,1.0129452
Costa Rica,CRI,2004,0.9907124
Costa Rica,CRI,2005,0.974818
Costa Rica,CRI,2006,0.9631818
Costa Rica,CRI,2007,0.9530321
Costa Rica,CRI,2008,0.94117475
Costa Rica,CRI,2009,0.9249851
Costa Rica,CRI,2010,0.9040737
Costa Rica,CRI,2011,0.8781015
Costa Rica,CRI,2012,0.84977525
Costa Rica,CRI,2013,0.8220689
Costa Rica,CRI,2014,0.797694
Costa Rica,CRI,2015,0.77983433
Costa Rica,CRI,2016,0.77032685
Costa Rica,CRI,2017,0.7697982
Costa Rica,CRI,2018,0.7770875
Costa Rica,CRI,2019,0.79148686
Costa Rica,CRI,2020,0.81084746
Costa Rica,CRI,2021,0.83368593
Costa Rica,CRI,2022,0.8589534
Costa Rica,CRI,2023,0.8845264
Costa Rica,CRI,2024,0.90813595
Cote d'Ivoire,CIV,1956,23.16194
Cote d'Ivoire,CIV,1957,22.601086
Cote d'Ivoire,CIV,1958,22.0217
Cote d'Ivoire,CIV,1959,21.483496
Cote d'Ivoire,CIV,1960,20.947414
Cote d'Ivoire,CIV,1961,20.415394
Cote d'Ivoire,CIV,1962,19.922672
Cote d'Ivoire,CIV,1963,19.424892
Cote d'Ivoire,CIV,1964,18.946133
Cote d'Ivoire,CIV,1965,18.489971
Cote d'Ivoire,CIV,1966,18.035816
Cote d'Ivoire,CIV,1967,17.58586
Cote d'Ivoire,CIV,1968,17.14207
Cote d'Ivoire,CIV,1969,16.694868
Cote d'Ivoire,CIV,1970,16.235374
Cote d'Ivoire,CIV,1971,15.746068
Cote d'Ivoire,CIV,1972,15.232669
Cote d'Ivoire,CIV,1973,14.688801
Cote d'Ivoire,CIV,1974,14.123257
Cote d'Ivoire,CIV,1975,13.549791
Cote d'Ivoire,CIV,1976,12.999351
Cote d'Ivoire,CIV,1977,12.491945
Cote d'Ivoire,CIV,1978,12.032275
Cote d'Ivoire,CIV,1979,11.635506
Cote d'Ivoire,CIV,1980,11.301515
Cote d'Ivoire,CIV,1981,11.008254
Cote d'Ivoire,CIV,1982,10.769721
Cote d'Ivoire,CIV,1983,10.579339
Cote d'Ivoire,CIV,1984,10.427482
Cote d'Ivoire,CIV,1985,10.315994
Cote d'Ivoire,CIV,1986,10.234851
Cote d'Ivoire,CIV,1987,10.173131
Cote d'Ivoire,CIV,1988,10.145243
Cote d'Ivoire,CIV,1989,10.13807
Cote d'Ivoire,CIV,1990,10.121868
Cote d'Ivoire,CIV,1991,10.109322
Cote d'Ivoire,CIV,1992,10.076885
Cote d'Ivoire,CIV,1993,10.031186
Cote d'Ivoire,CIV,1994,9.970759
Cote d'Ivoire,CIV,1995,9.887937
Cote d'Ivoire,CIV,1996,9.779267
Cote d'Ivoire,CIV,1997,9.649189
Cote d'Ivoire,CIV,1998,9.492386
Cote d'Ivoire,CIV,1999,9.331299
Cote d'Ivoire,CIV,2000,9.1398115
Cote d'Ivoire,CIV,2001,8.92959
Cote d'Ivoire,CIV,2002,8.712124
Cote d'Ivoire,CIV,2003,8.481421
Cote d'Ivoire,CIV,2004,8.249579
Cote d'Ivoire,CIV,2005,7.9950705
Cote d'Ivoire,CIV,2006,7.779294
Cote d'Ivoire,CIV,2007,7.531346
Cote d'Ivoire,CIV,2008,7.258367
Cote d'Ivoire,CIV,2009,7.04822
Cote d'Ivoire,CIV,2010,6.8426995
Cote d'Ivoire,CIV,2011,6.655041
Cote d'Ivoire,CIV,2012,6.4498754
Cote d'Ivoire,CIV,2013,6.238016
Cote d'Ivoire,CIV,2014,6.0302086
Cote d'Ivoire,CIV,2015,5.8379507
Cote d'Ivoire,CIV,2016,5.686314
Cote d'Ivoire,CIV,2017,5.5199423
Cote d'Ivoire,CIV,2018,5.3540645
Cote d'Ivoire,CIV,2019,5.179928
Cote d'Ivoire,CIV,2020,5.0295844
Cote d'Ivoire,CIV,2021,4.873332
Cote d'Ivoire,CIV,2022,4.744157
Cote d'Ivoire,CIV,2023,4.615366
Cote d'Ivoire,CIV,2024,4.4822817
Croatia,HRV,1981,1.9198184
Croatia,HRV,1982,1.836953
Croatia,HRV,1983,1.7540661
Croatia,HRV,1984,1.6674864
Croatia,HRV,1985,1.5757059
Croatia,HRV,1986,1.4799137
Croatia,HRV,1987,1.3816328
Croatia,HRV,1988,1.2864566
Croatia,HRV,1989,1.198327
Croatia,HRV,1990,1.1195759
Croatia,HRV,1991,1.137661
Croatia,HRV,1992,0.9939642
Croatia,HRV,1993,0.944632
Croatia,HRV,1994,0.90217024
Croatia,HRV,1995,0.8647981
Croatia,HRV,1996,0.83152646
Croatia,HRV,1997,0.8013663
Croatia,HRV,1998,0.77338475
Croatia,HRV,1999,0.7458074
Croatia,HRV,2000,0.7188992
Croatia,HRV,2001,0.69161296
Croatia,HRV,2002,0.66370964
Croatia,HRV,2003,0.6572736
Croatia,HRV,2004,0.6066189
Croatia,HRV,2005,0.5786295
Croatia,HRV,2006,0.55208766
Croatia,HRV,2007,0.5271869
Croatia,HRV,2008,0.5044791
Croatia,HRV,2009,0.48411018
Croatia,HRV,2010,0.4661704
Croatia,HRV,2011,0.4514783
Croatia,HRV,2012,0.4400783
Croatia,HRV,2013,0.43115425
Croatia,HRV,2014,0.42397165
Croatia,HRV,2015,0.41825214
Croatia,HRV,2016,0.4134774
Croatia,HRV,2017,0.40924066
Croatia,HRV,2018,0.4050439
Croatia,HRV,2019,0.40104553
Croatia,HRV,2020,0.39733952
Croatia,HRV,2021,0.3935955
Croatia,HRV,2022,0.38972986
Croatia,HRV,2023,0.4004423
Croatia,HRV,2024,0.41213
Cuba,CUB,1958,3.602392
Cuba,CUB,1959,3.627158
Cuba,CUB,1960,3.6551037
Cuba,CUB,1961,3.6777942
Cuba,CUB,1962,3.6922581
Cuba,CUB,1963,3.6897867
Cuba,CUB,1964,3.6693928
Cuba,CUB,1965,3.6288497
Cuba,CUB,1966,3.5740736
Cuba,CUB,1967,3.4983704
Cuba,CUB,1968,3.406096
Cuba,CUB,1969,3.2940784
Cuba,CUB,1970,3.1679432
Cuba,CUB,1971,3.031549
Cuba,CUB,1972,2.8832805
Cuba,CUB,1973,2.7289264
Cuba,CUB,1974,2.5797176
Cuba,CUB,1975,2.4336922
Cuba,CUB,1976,2.2949362
Cuba,CUB,1977,2.1619606
Cuba,CUB,1978,2.0409715
Cuba,CUB,1979,1.9268996
Cuba,CUB,1980,1.8219697
Cuba,CUB,1981,1.7259657
Cuba,CUB,1982,1.637119
Cuba,CUB,1983,1.5555438
Cuba,CUB,1984,1.479143
Cuba,CUB,1985,1.4065368
Cuba,CUB,1986,1.3368324
Cuba,CUB,1987,1.26894
Cuba,CUB,1988,1.2039328
Cuba,CUB,1989,1.1422035
Cuba,CUB,1990,1.0842403
Cuba,CUB,1991,1.0311654
Cuba,CUB,1992,0.9805516
Cuba,CUB,1993,0.9336024
Cuba,CUB,1994,0.8896824
Cuba,CUB,1995,0.84851384
Cuba,CUB,1996,0.8105523
Cuba,CUB,1997,0.77540344
Cuba,CUB,1998,0.74125993
Cuba,CUB,1999,0.7096505
Cuba,CUB,2000,0.68006796
Cuba,CUB,2001,0.6523489
Cuba,CUB,2002,0.62693894
Cuba,CUB,2003,0.60269636
Cuba,CUB,2004,0.5804691
Cuba,CUB,2005,0.5596147
Cuba,CUB,2006,0.54019725
Cuba,CUB,2007,0.52375025
Cuba,CUB,2008,0.5093479
Cuba,CUB,2009,0.49779046
Cuba,CUB,2010,0.48819396
Cuba,CUB,2011,0.48106813
Cuba,CUB,2012,0.47706062
Cuba,CUB,2013,0.47614676
Cuba,CUB,2014,0.4788121
Cuba,CUB,2015,0.48458308
Cuba,CUB,2016,0.4942796
Cuba,CUB,2017,0.5073829
Cuba,CUB,2018,0.52378196
Cuba,CUB,2019,0.54414415
Cuba,CUB,2020,0.5672681
Cuba,CUB,2021,0.5935991
Cuba,CUB,2022,0.62279385
Cuba,CUB,2023,0.65269196
Cuba,CUB,2024,0.68110365
Cyprus,CYP,1971,3.4292321
Cyprus,CYP,1972,3.3892572
Cyprus,CYP,1973,3.3438547
Cyprus,CYP,1974,3.2673538
Cyprus,CYP,1975,3.1461997
Cyprus,CYP,1976,2.9614434
Cyprus,CYP,1977,2.7111654
Cyprus,CYP,1978,2.4364183
Cyprus,CYP,1979,2.183946
Cyprus,CYP,1980,1.9721804
Cyprus,CYP,1981,1.7885593
Cyprus,CYP,1982,1.621652
Cyprus,CYP,1983,1.466859
Cyprus,CYP,1984,1.3180532
Cyprus,CYP,1985,1.1841109
Cyprus,CYP,1986,1.0828102
Cyprus,CYP,1987,1.0260148
Cyprus,CYP,1988,1.0029721
Cyprus,CYP,1989,0.99880904
Cyprus,CYP,1990,0.9984551
Cyprus,CYP,1991,0.9880203
Cyprus,CYP,1992,0.95627064
Cyprus,CYP,1993,0.9074808
Cyprus,CYP,1994,0.8532666
Cyprus,CYP,1995,0.8004587
Cyprus,CYP,1996,0.749044
Cyprus,CYP,1997,0.6998593
Cyprus,CYP,1998,0.6531124
Cyprus,CYP,1999,0.610406
Cyprus,CYP,2000,0.5704613
Cyprus,CYP,2001,0.5343713
Cyprus,CYP,2002,0.50076485
Cyprus,CYP,2003,0.46940547
Cyprus,CYP,2004,0.4378447
Cyprus,CYP,2005,0.40684393
Cyprus,CYP,2006,0.3761019
Cyprus,CYP,2007,0.34730947
Cyprus,CYP,2008,0.32060513
Cyprus,CYP,2009,0.29632863
Cyprus,CYP,2010,0.2747569
Cyprus,CYP,2011,0.25542185
Cyprus,CYP,2012,0.2388518
Cyprus,CYP,2013,0.225256
Cyprus,CYP,2014,0.21553569
Cyprus,CYP,2015,0.21029538
Cyprus,CYP,2016,0.21040013
Cyprus,CYP,2017,0.21680443
Cyprus,CYP,2018,0.22914433
Cyprus,CYP,2019,0.24735771
Cyprus,CYP,2020,0.27211165
Cyprus,CYP,2021,0.30268073
Cyprus,CYP,2022,0.33838814
Cyprus,CYP,2023,0.37637904
Cyprus,CYP,2024,0.41056606
Czechia,CZE,1949,7.1777105
Czechia,CZE,1950,6.0555477
Czechia,CZE,1951,5.113263
Czechia,CZE,1952,4.3446474
Czechia,CZE,1953,3.7371776
Czechia,CZE,1954,3.263909
Czechia,CZE,1955,2.8983068
Czechia,CZE,1956,2.6263626
Czechia,CZE,1957,2.4264383
Czechia,CZE,1958,2.2825823
Czechia,CZE,1959,2.182562
Czechia,CZE,1960,2.1194377
Czechia,CZE,1961,2.085629
Czechia,CZE,1962,2.0767684
Czechia,CZE,1963,2.08503
Czechia,CZE,1964,2.1017501
Czechia,CZE,1965,2.119976
Czechia,CZE,1966,2.1339042
Czechia,CZE,1967,2.1407173
Czechia,CZE,1968,2.1373484
Czechia,CZE,1969,2.1256883
Czechia,CZE,1970,2.1032877
Czechia,CZE,1971,2.0740924
Czechia,CZE,1972,2.036106
Czechia,CZE,1973,1.9903567
Czechia,CZE,1974,1.938107
Czechia,CZE,1975,1.8787308
Czechia,CZE,1976,1.80912
Czechia,CZE,1977,1.7309256
Czechia,CZE,1978,1.6443192
Czechia,CZE,1979,1.5552702
Czechia,CZE,1980,1.4669966
Czechia,CZE,1981,1.3854022
Czechia,CZE,1982,1.3164864
Czechia,CZE,1983,1.2699742
Czechia,CZE,1984,1.2439642
Czechia,CZE,1985,1.2224668
Czechia,CZE,1986,1.1911199
Czechia,CZE,1987,1.1512871
Czechia,CZE,1988,1.1117938
Czechia,CZE,1989,1.0751293
Czechia,CZE,1990,1.0358982
Czechia,CZE,1991,0.9888714
Czechia,CZE,1992,0.93148726
Czechia,CZE,1993,0.8630227
Czechia,CZE,1994,0.78641415
Czechia,CZE,1995,0.70915353
Czechia,CZE,1996,0.6375441
Czechia,CZE,1997,0.5746135
Czechia,CZE,1998,0.521605
Czechia,CZE,1999,0.47897062
Czechia,CZE,2000,0.4463468
Czechia,CZE,2001,0.42279574
Czechia,CZE,2002,0.40482193
Czechia,CZE,2003,0.3882922
Czechia,CZE,2004,0.3708307
Czechia,CZE,2005,0.35276556
Czechia,CZE,2006,0.3345936
Czechia,CZE,2007,0.31673178
Czechia,CZE,2008,0.3000551
Czechia,CZE,2009,0.28515503
Czechia,CZE,2010,0.2725488
Czechia,CZE,2011,0.26280314
Czechia,CZE,2012,0.25632805
Czechia,CZE,2013,0.25347832
Czechia,CZE,2014,0.25393733
Czechia,CZE,2015,0.25585586
Czechia,CZE,2016,0.25717637
Czechia,CZE,2017,0.2564356
Czechia,CZE,2018,0.25193408
Czechia,CZE,2019,0.24405928
Czechia,CZE,2020,0.23502517
Czechia,CZE,2021,0.2265945
Czechia,CZE,2022,0.21967292
Czechia,CZE,2023,0.21433626
Czechia,CZE,2024,0.21039067
Democratic Republic of Congo,COD,1969,12.833998
Democratic Republic of Congo,COD,1970,12.719298
Democratic Republic of Congo,COD,1971,12.588721
Democratic Republic of Congo,COD,1972,12.43553
Democratic Republic of Congo,COD,1973,12.278484
Democratic Republic of Congo,COD,1974,12.108139
Democratic Republic of Congo,COD,1975,11.944368
Democratic Republic of Congo,COD,1976,11.764311
Democratic Republic of Congo,COD,1977,11.591228
Democratic Republic of Congo,COD,1978,11.3897295
Democratic Republic of Congo,COD,1979,11.222819
Democratic Republic of Congo,COD,1980,11.060879
Democratic Republic of Congo,COD,1981,10.904309
Democratic Republic of Congo,COD,1982,10.745942
Democratic Republic of Congo,COD,1983,10.614024
Democratic Republic of Congo,COD,1984,10.495149
Democratic Republic of Congo,COD,1985,10.3835945
Democratic Republic of Congo,COD,1986,10.28052
Democratic Republic of Congo,COD,1987,10.173005
Democratic Republic of Congo,COD,1988,10.061731
Democratic Republic of Congo,COD,1989,9.9558325
Democratic Republic of Congo,COD,1990,9.848582
Democratic Republic of Congo,COD,1991,9.747152
Democratic Republic of Congo,COD,1992,9.6502075
Democratic Republic of Congo,COD,1993,9.57355
Democratic Republic of Congo,COD,1994,9.503375
Democratic Republic of Congo,COD,1995,9.431164
Democratic Republic of Congo,COD,1996,11.811221
Democratic Republic of Congo,COD,1997,11.648845
Democratic Republic of Congo,COD,1998,11.04707
Democratic Republic of Congo,COD,1999,10.791059
Democratic Republic of Congo,COD,2000,10.498899
Democratic Republic of Congo,COD,2001,10.180515
Democratic Republic of Congo,COD,2002,9.849996
Democratic Republic of Congo,COD,2003,9.517205
Democratic Republic of Congo,COD,2004,9.169679
Democratic Republic of Congo,COD,2005,7.1981683
Democratic Republic of Congo,COD,2006,6.901064
Democratic Republic of Congo,COD,2007,6.622297
Democratic Republic of Congo,COD,2008,6.36771
Democratic Republic of Congo,COD,2009,6.1419544
Democratic Republic of Congo,COD,2010,5.9497905
Democratic Republic of Congo,COD,2011,5.793971
Democratic Republic of Congo,COD,2012,5.672426
Democratic Republic of Congo,COD,2013,5.5841236
Democratic Republic of Congo,COD,2014,5.531028
Democratic Republic of Congo,COD,2015,5.511397
Democratic Republic of Congo,COD,2016,5.511891
Democratic Republic of Congo,COD,2017,5.537299
Democratic Republic of Congo,COD,2018,5.584389
Democratic Republic of Congo,COD,2019,5.6494803
Democratic Republic of Congo,COD,2020,5.7158895
Democratic Republic of Congo,COD,2021,5.760679
Democratic Republic of Congo,COD,2022,5.7622986
Democratic Republic of Congo,COD,2023,5.717121
Democratic Republic of Congo,COD,2024,5.642375
Denmark,DNK,1950,2.9017925
Denmark,DNK,1951,2.8504648
Denmark,DNK,1952,2.7879333
Denmark,DNK,1953,2.707928
Denmark,DNK,1954,2.6098213
Denmark,DNK,1955,2.5044084
Denmark,DNK,1956,2.4026077
Denmark,DNK,1957,2.3112082
Denmark,DNK,1958,2.238924
Denmark,DNK,1959,2.1849205
Denmark,DNK,1960,2.1382036
Denmark,DNK,1961,2.0878465
Denmark,DNK,1962,2.0288053
Denmark,DNK,1963,1.9602104
Denmark,DNK,1964,1.8813455
Denmark,DNK,1965,1.793026
Denmark,DNK,1966,1.6976062
Denmark,DNK,1967,1.6047953
Denmark,DNK,1968,1.5252193
Denmark,DNK,1969,1.4600724
Denmark,DNK,1970,1.3960353
Denmark,DNK,1971,1.3217895
Denmark,DNK,1972,1.2402905
Denmark,DNK,1973,1.1598543
Denmark,DNK,1974,1.0859073
Denmark,DNK,1975,1.0200839
Denmark,DNK,1976,0.96318847
Denmark,DNK,1977,0.9150138
Denmark,DNK,1978,0.8754965
Denmark,DNK,1979,0.8439262
Denmark,DNK,1980,0.819151
Denmark,DNK,1981,0.8003401
Denmark,DNK,1982,0.7879773
Denmark,DNK,1983,0.78311485
Denmark,DNK,1984,0.7850213
Denmark,DNK,1985,0.79039884
Denmark,DNK,1986,0.7958102
Denmark,DNK,1987,0.7968429
Denmark,DNK,1988,0.78768694
Denmark,DNK,1989,0.76600605
Denmark,DNK,1990,0.73308235
Denmark,DNK,1991,0.6906901
Denmark,DNK,1992,0.6449872
Denmark,DNK,1993,0.6023761
Denmark,DNK,1994,0.56600744
Denmark,DNK,1995,0.5366576
Denmark,DNK,1996,0.5136439
Denmark,DNK,1997,0.49628052
Denmark,DNK,1998,0.48389986
Denmark,DNK,1999,0.47499835
Denmark,DNK,2000,0.46735927
Denmark,DNK,2001,0.4587114
Denmark,DNK,2002,0.4484355
Denmark,DNK,2003,0.43605366
Denmark,DNK,2004,0.42176762
Denmark,DNK,2005,0.4066278
Denmark,DNK,2006,0.3914788
Denmark,DNK,2007,0.3776578
Denmark,DNK,2008,0.36580536
Denmark,DNK,2009,0.35654268
Denmark,DNK,2010,0.35069478
Denmark,DNK,2011,0.34862182
Denmark,DNK,2012,0.34953523
Denmark,DNK,2013,0.3512342
Denmark,DNK,2014,0.3523997
Denmark,DNK,2015,0.35183042
Denmark,DNK,2016,0.34859714
Denmark,DNK,2017,0.34337252
Denmark,DNK,2018,0.33749652
Denmark,DNK,2019,0.33223855
Denmark,DNK,2020,0.32926187
Denmark,DNK,2021,0.33005333
Denmark,DNK,2022,0.33476153
Denmark,DNK,2023,0.34306028
Denmark,DNK,2024,0.3528179
Djibouti,DJI,1978,10.823969
Djibouti,DJI,1979,10.636409
Djibouti,DJI,1980,10.45732
Djibouti,DJI,1981,10.292525
Djibouti,DJI,1982,10.11152
Djibouti,DJI,1983,9.928269
Djibouti,DJI,1984,9.741166
Djibouti,DJI,1985,9.551616
Djibouti,DJI,1986,9.377382
Djibouti,DJI,1987,9.215614
Djibouti,DJI,1988,9.066735
Djibouti,DJI,1989,8.922456
Djibouti,DJI,1990,8.787839
Djibouti,DJI,1991,8.688836
Djibouti,DJI,1992,8.614905
Djibouti,DJI,1993,8.553381
Djibouti,DJI,1994,8.509749
Djibouti,DJI,1995,8.462397
Djibouti,DJI,1996,8.402892
Djibouti,DJI,1997,8.335462
Djibouti,DJI,1998,8.245409
Djibouti,DJI,1999,8.152016
Djibouti,DJI,2000,8.033204
Djibouti,DJI,2001,7.9017653
Djibouti,DJI,2002,7.7501483
Djibouti,DJI,2003,7.5916944
Djibouti,DJI,2004,7.436554
Djibouti,DJI,2005,7.2686744
Djibouti,DJI,2006,7.109494
Djibouti,DJI,2007,6.946938
Djibouti,DJI,2008,6.7787495
Djibouti,DJI,2009,6.615597
Djibouti,DJI,2010,6.4629526
Djibouti,DJI,2011,6.306711
Djibouti,DJI,2012,6.146363
Djibouti,DJI,2013,5.9777327
Djibouti,DJI,2014,5.81718
Djibouti,DJI,2015,5.655193
Djibouti,DJI,2016,5.4984503
Djibouti,DJI,2017,5.3308597
Djibouti,DJI,2018,5.180228
Djibouti,DJI,2019,5.023071
Djibouti,DJI,2020,4.87078
Djibouti,DJI,2021,4.734389
Djibouti,DJI,2022,4.578461
Djibouti,DJI,2023,4.4397497
Djibouti,DJI,2024,4.2998576
Dominica,DMA,1960,8.184091
Dominica,DMA,1961,7.55639
Dominica,DMA,1962,6.972254
Dominica,DMA,1963,6.433851
Dominica,DMA,1964,5.9394093
Dominica,DMA,1965,5.4843316
Dominica,DMA,1966,5.0631437
Dominica,DMA,1967,4.679647
Dominica,DMA,1968,4.325839
Dominica,DMA,1969,4.000161
Dominica,DMA,1970,3.7022817
Dominica,DMA,1971,3.4295473
Dominica,DMA,1972,3.1810827
Dominica,DMA,1973,2.956159
Dominica,DMA,1974,2.7535975
Dominica,DMA,1975,2.5707686
Dominica,DMA,1976,2.406979
Dominica,DMA,1977,2.2622533
Dominica,DMA,1978,2.133897
Dominica,DMA,1979,2.2440817
Dominica,DMA,1980,1.922762
Dominica,DMA,1981,1.83705
Dominica,DMA,1982,1.7628498
Dominica,DMA,1983,1.6990192
Dominica,DMA,1984,1.6454353
Dominica,DMA,1985,1.6011862
Dominica,DMA,1986,1.56548
Dominica,DMA,1987,1.5370803
Dominica,DMA,1988,1.5162618
Dominica,DMA,1989,1.5020324
Dominica,DMA,1990,1.4935116
Dominica,DMA,1991,1.490184
Dominica,DMA,1992,1.4921825
Dominica,DMA,1993,1.4991174
Dominica,DMA,1994,1.5101635
Dominica,DMA,1995,1.5251101
Dominica,DMA,1996,1.5445579
Dominica,DMA,1997,1.5680101
Dominica,DMA,1998,1.5960879
Dominica,DMA,1999,1.6278992
Dominica,DMA,2000,1.6640246
Dominica,DMA,2001,1.7043556
Dominica,DMA,2002,1.74846
Dominica,DMA,2003,1.7965372
Dominica,DMA,2004,1.8480947
Dominica,DMA,2005,1.9046494
Dominica,DMA,2006,1.9637843
Dominica,DMA,2007,2.0277429
Dominica,DMA,2008,2.0953982
Dominica,DMA,2009,2.1670468
Dominica,DMA,2010,2.2440305
Dominica,DMA,2011,2.3242092
Dominica,DMA,2012,2.408035
Dominica,DMA,2013,2.494043
Dominica,DMA,2014,2.584145
Dominica,DMA,2015,2.6782897
Dominica,DMA,2016,2.7750723
Dominica,DMA,2017,2.8719587
Dominica,DMA,2018,2.965924
Dominica,DMA,2019,3.056913
Dominica,DMA,2020,3.1373668
Dominica,DMA,2021,3.2084537
Dominica,DMA,2022,3.2661653
Dominica,DMA,2023,3.3079183
Dominica,DMA,2024,3.334906
Dominican Republic,DOM,1951,9.832965
Dominican Republic,DOM,1952,9.924455
Dominican Republic,DOM,1953,10.01312
Dominican Republic,DOM,1954,10.099657
Dominican Republic,DOM,1955,10.176663
Dominican Republic,DOM,1956,10.247548
Dominican Republic,DOM,1957,10.315491
Dominican Republic,DOM,1958,10.366413
Dominican Republic,DOM,1959,10.385473
Dominican Republic,DOM,1960,10.378535
Dominican Republic,DOM,1961,10.336666
Dominican Republic,DOM,1962,10.264868
Dominican Republic,DOM,1963,10.161574
Dominican Republic,DOM,1964,10.033179
Dominican Republic,DOM,1965,9.88931
Dominican Republic,DOM,1966,9.727728
Dominican Republic,DOM,1967,9.563904
Dominican Republic,DOM,1968,9.394861
Dominican Republic,DOM,1969,9.225829
Dominican Republic,DOM,1970,9.034295
Dominican Republic,DOM,1971,8.83253
Dominican Republic,DOM,1972,8.6002
Dominican Republic,DOM,1973,8.354076
Dominican Republic,DOM,1974,8.095003
Dominican Republic,DOM,1975,7.8349147
Dominican Republic,DOM,1976,7.5793424
Dominican Republic,DOM,1977,7.3373127
Dominican Republic,DOM,1978,7.1040874
Dominican Republic,DOM,1979,6.878238
Dominican Republic,DOM,1980,6.662367
Dominican Republic,DOM,1981,6.4535637
Dominican Republic,DOM,1982,6.24854
Dominican Republic,DOM,1983,6.0538692
Dominican Republic,DOM,1984,5.864472
Dominican Republic,DOM,1985,5.6785536
Dominican Republic,DOM,1986,5.49909
Dominican Republic,DOM,1987,5.3189254
Dominican Republic,DOM,1988,5.145115
Dominican Republic,DOM,1989,4.973854
Dominican Republic,DOM,1990,4.797613
Dominican Republic,DOM,1991,4.6218295
Dominican Republic,DOM,1992,4.4458365
Dominican Republic,DOM,1993,4.2722483
Dominican Republic,DOM,1994,4.1024485
Dominican Republic,DOM,1995,3.9437118
Dominican Republic,DOM,1996,3.794324
Dominican Republic,DOM,1997,3.6579344
Dominican Republic,DOM,1998,3.5365257
Dominican Republic,DOM,1999,3.4339857
Dominican Republic,DOM,2000,3.345095
Dominican Republic,DOM,2001,3.2722626
Dominican Republic,DOM,2002,3.2104456
Dominican Republic,DOM,2003,3.165111
Dominican Republic,DOM,2004,3.1258008
Dominican Republic,DOM,2005,3.0975597
Dominican Republic,DOM,2006,3.075079
Dominican Republic,DOM,2007,3.0616999
Dominican Republic,DOM,2008,3.0535834
Dominican Republic,DOM,2009,3.051085
Dominican Republic,DOM,2010,3.0531006
Dominican Republic,DOM,2011,3.0552585
Dominican Republic,DOM,2012,3.0647821
Dominican Republic,DOM,2013,3.0769682
Dominican Republic,DOM,2014,3.0895686
Dominican Republic,DOM,2015,3.1016796
Dominican Republic,DOM,2016,3.1160192
Dominican Republic,DOM,2017,3.1220582
Dominican Republic,DOM,2018,3.1134684
Dominican Republic,DOM,2019,3.0852778
Dominican Republic,DOM,2020,3.038947
Dominican Republic,DOM,2021,2.977424
Dominican Republic,DOM,2022,2.9147022
Dominican Republic,DOM,2023,2.8440692
Dominican Republic,DOM,2024,2.7710202
East Timor,TLS,1985,20.046894
East Timor,TLS,1986,19.380163
East Timor,TLS,1987,18.103672
East Timor,TLS,1988,17.76825
East Timor,TLS,1989,16.959698
East Timor,TLS,1990,16.550722
East Timor,TLS,1991,16.170357
East Timor,TLS,1992,15.348585
East Timor,TLS,1993,14.548995
East Timor,TLS,1994,13.906902
East Timor,TLS,1995,13.792421
East Timor,TLS,1996,13.14202
East Timor,TLS,1997,12.517675
East Timor,TLS,1998,12.48308
East Timor,TLS,1999,13.40336
East Timor,TLS,2000,8.44035
East Timor,TLS,2001,8.037549
East Timor,TLS,2002,7.6426454
East Timor,TLS,2003,7.264526
East Timor,TLS,2004,6.9069157
East Timor,TLS,2005,6.5646596
East Timor,TLS,2006,6.246181
East Timor,TLS,2007,5.9526224
East Timor,TLS,2008,5.679413
East Timor,TLS,2009,5.4322867
East Timor,TLS,2010,5.204865
East Timor,TLS,2011,4.9986396
East Timor,TLS,2012,4.8077602
East Timor,TLS,2013,4.6492496
East Timor,TLS,2014,4.49538
East Timor,TLS,2015,4.3613124
East Timor,TLS,2016,4.246103
East Timor,TLS,2017,4.1424017
East Timor,TLS,2018,4.055411
East Timor,TLS,2019,3.9625988
East Timor,TLS,2020,3.8670154
East Timor,TLS,2021,3.7679214
East Timor,TLS,2022,3.6723902
East Timor,TLS,2023,3.5667975
East Timor,TLS,2024,3.4633453
Ecuador,ECU,1955,15.106298
Ecuador,ECU,1956,14.672076
Ecuador,ECU,1957,14.194983
Ecuador,ECU,1958,13.73663
Ecuador,ECU,1959,13.324964
Ecuador,ECU,1960,12.949895
Ecuador,ECU,1961,12.564025
Ecuador,ECU,1962,12.215879
Ecuador,ECU,1963,11.893252
Ecuador,ECU,1964,11.592806
Ecuador,ECU,1965,11.323824
Ecuador,ECU,1966,11.084627
Ecuador,ECU,1967,10.873147
Ecuador,ECU,1968,10.684666
Ecuador,ECU,1969,10.4968195
Ecuador,ECU,1970,10.287268
Ecuador,ECU,1971,10.0503025
Ecuador,ECU,1972,9.782676
Ecuador,ECU,1973,9.459211
Ecuador,ECU,1974,9.111429
Ecuador,ECU,1975,8.734944
Ecuador,ECU,1976,8.362013
Ecuador,ECU,1977,8.009053
Ecuador,ECU,1978,7.6731772
Ecuador,ECU,1979,7.3534408
Ecuador,ECU,1980,7.031633
Ecuador,ECU,1981,6.703252
Ecuador,ECU,1982,6.379688
Ecuador,ECU,1983,6.056936
Ecuador,ECU,1984,5.73373
Ecuador,ECU,1985,5.437792
Ecuador,ECU,1986,5.1639977
Ecuador,ECU,1987,4.9152875
Ecuador,ECU,1988,4.6861453
Ecuador,ECU,1989,4.4714894
Ecuador,ECU,1990,4.265017
Ecuador,ECU,1991,4.0674033
Ecuador,ECU,1992,3.8669257
Ecuador,ECU,1993,3.671823
Ecuador,ECU,1994,3.4708974
Ecuador,ECU,1995,3.2653134
Ecuador,ECU,1996,3.0671852
Ecuador,ECU,1997,2.8798563
Ecuador,ECU,1998,2.7057576
Ecuador,ECU,1999,2.5519845
Ecuador,ECU,2000,2.412745
Ecuador,ECU,2001,2.2927082
Ecuador,ECU,2002,2.1880193
Ecuador,ECU,2003,2.100211
Ecuador,ECU,2004,2.021613
Ecuador,ECU,2005,1.9495468
Ecuador,ECU,2006,1.880759
Ecuador,ECU,2007,1.8109024
Ecuador,ECU,2008,1.7400225
Ecuador,ECU,2009,1.6691971
Ecuador,ECU,2010,1.5985171
Ecuador,ECU,2011,1.5282114
Ecuador,ECU,2012,1.4599715
Ecuador,ECU,2013,1.3970144
Ecuador,ECU,2014,1.3404131
Ecuador,ECU,2015,1.2921318
Ecuador,ECU,2016,1.251755
Ecuador,ECU,2017,1.2179704
Ecuador,ECU,2018,1.1900735
Ecuador,ECU,2019,1.1676099
Ecuador,ECU,2020,1.1486709
Ecuador,ECU,2021,1.1324332
Ecuador,ECU,2022,1.1191311
Ecuador,ECU,2023,1.107435
Ecuador,ECU,2024,1.0948125
Egypt,EGY,1955,19.13819
Egypt,EGY,1956,18.767088
Egypt,EGY,1957,18.405014
Egypt,EGY,1958,18.029955
Egypt,EGY,1959,17.67141
Egypt,EGY,1960,17.271381
Egypt,EGY,1961,16.872738
Egypt,EGY,1962,16.47279
Egypt,EGY,1963,16.08234
Egypt,EGY,1964,15.735941
Egypt,EGY,1965,15.454957
Egypt,EGY,1966,15.242955
Egypt,EGY,1967,15.104255
Egypt,EGY,1968,15.029834
Egypt,EGY,1969,15.0045
Egypt,EGY,1970,15.00496
Egypt,EGY,1971,15.003204
Egypt,EGY,1972,14.957121
Egypt,EGY,1973,14.841844
Egypt,EGY,1974,14.618233
Egypt,EGY,1975,14.296093
Egypt,EGY,1976,13.900436
Egypt,EGY,1977,13.460435
Egypt,EGY,1978,12.9900255
Egypt,EGY,1979,12.507869
Egypt,EGY,1980,11.999118
Egypt,EGY,1981,11.46206
Egypt,EGY,1982,10.88302
Egypt,EGY,1983,10.268622
Egypt,EGY,1984,9.618775
Egypt,EGY,1985,8.981819
Egypt,EGY,1986,8.394519
Egypt,EGY,1987,7.8809886
Egypt,EGY,1988,7.4402847
Egypt,EGY,1989,7.0775805
Egypt,EGY,1990,6.770382
Egypt,EGY,1991,6.4846287
Egypt,EGY,1992,6.20314
Egypt,EGY,1993,5.9183536
Egypt,EGY,1994,5.619413
Egypt,EGY,1995,5.316363
Egypt,EGY,1996,5.0168705
Egypt,EGY,1997,4.736343
Egypt,EGY,1998,4.47313
Egypt,EGY,1999,4.2323694
Egypt,EGY,2000,4.0145903
Egypt,EGY,2001,3.8203304
Egypt,EGY,2002,3.6452968
Egypt,EGY,2003,3.4896042
Egypt,EGY,2004,3.3524368
Egypt,EGY,2005,3.2301025
Egypt,EGY,2006,3.1145566
Egypt,EGY,2007,3.0066657
Egypt,EGY,2008,2.9024634
Egypt,EGY,2009,2.8077502
Egypt,EGY,2010,2.7173793
Egypt,EGY,2011,2.6380742
Egypt,EGY,2012,2.5670187
Egypt,EGY,2013,2.5075724
Egypt,EGY,2014,2.4540932
Egypt,EGY,2015,2.4083908
Egypt,EGY,2016,2.3712897
Egypt,EGY,2017,2.339653
Egypt,EGY,2018,2.3118641
Egypt,EGY,2019,2.287216
Egypt,EGY,2020,2.2580535
Egypt,EGY,2021,2.2225394
Egypt,EGY,2022,2.1768258
Egypt,EGY,2023,2.1319418
Egypt,EGY,2024,2.0834057
El Salvador,SLV,1955,14.670397
El Salvador,SLV,1956,14.445091
El Salvador,SLV,1957,14.210366
El Salvador,SLV,1958,14.017139
El Salvador,SLV,1959,13.8205385
El Salvador,SLV,1960,13.626165
El Salvador,SLV,1961,13.430202
El Salvador,SLV,1962,13.251768
El Salvador,SLV,1963,13.041252
El Salvador,SLV,1964,12.836962
El Salvador,SLV,1965,12.646167
El Salvador,SLV,1966,12.4406
El Salvador,SLV,1967,12.213267
El Salvador,SLV,1968,11.998577
El Salvador,SLV,1969,11.770878
El Salvador,SLV,1970,11.531282
El Salvador,SLV,1971,11.284396
El Salvador,SLV,1972,11.014043
El Salvador,SLV,1973,10.722673
El Salvador,SLV,1974,10.415447
El Salvador,SLV,1975,10.079914
El Salvador,SLV,1976,9.72349
El Salvador,SLV,1977,9.349673
El Salvador,SLV,1978,8.969333
El Salvador,SLV,1979,8.57825
El Salvador,SLV,1980,8.990397
El Salvador,SLV,1981,7.781579
El Salvador,SLV,1982,7.381726
El Salvador,SLV,1983,6.985103
El Salvador,SLV,1984,6.595403
El Salvador,SLV,1985,6.2238216
El Salvador,SLV,1986,5.878327
El Salvador,SLV,1987,5.5547996
El Salvador,SLV,1988,5.2617283
El Salvador,SLV,1989,4.9813867
El Salvador,SLV,1990,4.724234
El Salvador,SLV,1991,4.4768987
El Salvador,SLV,1992,4.239644
El Salvador,SLV,1993,4.009911
El Salvador,SLV,1994,3.78543
El Salvador,SLV,1995,3.5696151
El Salvador,SLV,1996,3.3599472
El Salvador,SLV,1997,3.1614237
El Salvador,SLV,1998,2.975384
El Salvador,SLV,1999,2.803632
El Salvador,SLV,2000,2.644378
El Salvador,SLV,2001,2.4965832
El Salvador,SLV,2002,2.3616743
El Salvador,SLV,2003,2.2343473
El Salvador,SLV,2004,2.1149235
El Salvador,SLV,2005,2.0033941
El Salvador,SLV,2006,1.900481
El Salvador,SLV,2007,1.8054442
El Salvador,SLV,2008,1.7169945
El Salvador,SLV,2009,1.6365666
El Salvador,SLV,2010,1.5630121
El Salvador,SLV,2011,1.492718
El Salvador,SLV,2012,1.428387
El Salvador,SLV,2013,1.3675591
El Salvador,SLV,2014,1.311611
El Salvador,SLV,2015,1.256145
El Salvador,SLV,2016,1.2037442
El Salvador,SLV,2017,1.1533928
El Salvador,SLV,2018,1.1065291
El Salvador,SLV,2019,1.0636929
El Salvador,SLV,2020,1.0215259
El Salvador,SLV,2021,0.9838808
El Salvador,SLV,2022,0.94884604
El Salvador,SLV,2023,0.91566867
El Salvador,SLV,2024,0.88357776
Equatorial Guinea,GNQ,1982,12.870123
Equatorial Guinea,GNQ,1983,12.646
Equatorial Guinea,GNQ,1984,12.424161
Equatorial Guinea,GNQ,1985,12.243913
Equatorial Guinea,GNQ,1986,12.100075
Equatorial Guinea,GNQ,1987,11.989295
Equatorial Guinea,GNQ,1988,11.923494
Equatorial Guinea,GNQ,1989,11.859573
Equatorial Guinea,GNQ,1990,11.820961
Equatorial Guinea,GNQ,1991,11.77612
Equatorial Guinea,GNQ,1992,11.727952
Equatorial Guinea,GNQ,1993,11.687231
Equatorial Guinea,GNQ,1994,11.634503
Equatorial Guinea,GNQ,1995,11.568918
Equatorial Guinea,GNQ,1996,11.473584
Equatorial Guinea,GNQ,1997,11.33343
Equatorial Guinea,GNQ,1998,11.137811
Equatorial Guinea,GNQ,1999,10.897266
Equatorial Guinea,GNQ,2000,10.623808
Equatorial Guinea,GNQ,2001,10.3293085
Equatorial Guinea,GNQ,2002,10.028428
Equatorial Guinea,GNQ,2003,9.716044
Equatorial Guinea,GNQ,2004,9.396565
Equatorial Guinea,GNQ,2005,9.067354
Equatorial Guinea,GNQ,2006,8.715378
Equatorial Guinea,GNQ,2007,8.364492
Equatorial Guinea,GNQ,2008,8.029298
Equatorial Guinea,GNQ,2009,7.708317
Equatorial Guinea,GNQ,2010,7.425791
Equatorial Guinea,GNQ,2011,7.170663
Equatorial Guinea,GNQ,2012,6.9318933
Equatorial Guinea,GNQ,2013,6.7095494
Equatorial Guinea,GNQ,2014,6.499719
Equatorial Guinea,GNQ,2015,6.2947035
Equatorial Guinea,GNQ,2016,6.091352
Equatorial Guinea,GNQ,2017,5.9108076
Equatorial Guinea,GNQ,2018,5.7235713
Equatorial Guinea,GNQ,2019,5.5660377
Equatorial Guinea,GNQ,2020,5.390983
Equatorial Guinea,GNQ,2021,5.2159634
Equatorial Guinea,GNQ,2022,5.0671062
Equatorial Guinea,GNQ,2023,4.9178653
Equatorial Guinea,GNQ,2024,4.760264
Eritrea,ERI,1975,12.125458
Eritrea,ERI,1976,9.737976
Eritrea,ERI,1977,9.616286
Eritrea,ERI,1978,9.508041
Eritrea,ERI,1979,9.430596
Eritrea,ERI,1980,9.359752
Eritrea,ERI,1981,9.3032055
Eritrea,ERI,1982,9.23325
Eritrea,ERI,1983,14.782025
Eritrea,ERI,1984,14.625222
Eritrea,ERI,1985,14.441003
Eritrea,ERI,1986,8.869658
Eritrea,ERI,1987,8.72287
Eritrea,ERI,1988,8.545807
Eritrea,ERI,1989,8.33632
Eritrea,ERI,1990,8.080318
Eritrea,ERI,1991,7.787673
Eritrea,ERI,1992,7.460938
Eritrea,ERI,1993,7.1050034
Eritrea,ERI,1994,6.7466426
Eritrea,ERI,1995,6.3915777
Eritrea,ERI,1996,6.0626874
Eritrea,ERI,1997,5.767446
Eritrea,ERI,1998,5.5111785
Eritrea,ERI,1999,6.088
Eritrea,ERI,2000,5.0847692
Eritrea,ERI,2001,4.906015
Eritrea,ERI,2002,4.7415776
Eritrea,ERI,2003,4.591661
Eritrea,ERI,2004,4.4530754
Eritrea,ERI,2005,4.323192
Eritrea,ERI,2006,4.200021
Eritrea,ERI,2007,4.081478
Eritrea,ERI,2008,3.968301
Eritrea,ERI,2009,3.8537147
Eritrea,ERI,2010,3.7460399
Eritrea,ERI,2011,3.641759
Eritrea,ERI,2012,3.5382843
Eritrea,ERI,2013,3.436136
Eritrea,ERI,2014,3.339232
Eritrea,ERI,2015,3.236038
Eritrea,ERI,2016,3.1338615
Eritrea,ERI,2017,3.046324
Eritrea,ERI,2018,2.957836
Eritrea,ERI,2019,2.8692496
Eritrea,ERI,2020,2.7814248
Eritrea,ERI,2021,2.6991615
Eritrea,ERI,2022,2.6198947
Eritrea,ERI,2023,2.5431523
Eritrea,ERI,2024,2.4702392
Estonia,EST,1958,3.2977989
Estonia,EST,1959,3.0941834
Estonia,EST,1960,2.9035983
Estonia,EST,1961,2.7245302
Estonia,EST,1962,2.5577526
Estonia,EST,1963,2.405313
Estonia,EST,1964,2.2679195
Estonia,EST,1965,2.147325
Estonia,EST,1966,2.0410664
Estonia,EST,1967,1.9526058
Estonia,EST,1968,1.8802065
Estonia,EST,1969,1.8235841
Estonia,EST,1970,1.7816153
Estonia,EST,1971,1.7517402
Estonia,EST,1972,1.7336297
Estonia,EST,1973,1.7248024
Estonia,EST,1974,1.7242675
Estonia,EST,1975,1.7280087
Estonia,EST,1976,1.7329454
Estonia,EST,1977,1.7366401
Estonia,EST,1978,1.7346885
Estonia,EST,1979,1.7239374
Estonia,EST,1980,1.7047317
Estonia,EST,1981,1.6753522
Estonia,EST,1982,1.6383978
Estonia,EST,1983,1.5961437
Estonia,EST,1984,1.5539923
Estonia,EST,1985,1.5140082
Estonia,EST,1986,1.4809123
Estonia,EST,1987,1.4536384
Estonia,EST,1988,1.4318724
Estonia,EST,1989,1.414962
Estonia,EST,1990,1.401983
Estonia,EST,1991,1.3887643
Estonia,EST,1992,1.3711423
Estonia,EST,1993,1.3425834
Estonia,EST,1994,1.300013
Estonia,EST,1995,1.2444164
Estonia,EST,1996,1.1772628
Estonia,EST,1997,1.103393
Estonia,EST,1998,1.0268322
Estonia,EST,1999,0.950775
Estonia,EST,2000,0.8760902
Estonia,EST,2001,0.80524546
Estonia,EST,2002,0.73732865
Estonia,EST,2003,0.6739567
Estonia,EST,2004,0.61588615
Estonia,EST,2005,0.5619784
Estonia,EST,2006,0.512393
Estonia,EST,2007,0.46698081
Estonia,EST,2008,0.42606595
Estonia,EST,2009,0.38909206
Estonia,EST,2010,0.35633606
Estonia,EST,2011,0.3278887
Estonia,EST,2012,0.30279914
Estonia,EST,2013,0.28091133
Estonia,EST,2014,0.2618638
Estonia,EST,2015,0.24490401
Estonia,EST,2016,0.2300944
Estonia,EST,2017,0.21674234
Estonia,EST,2018,0.20484133
Estonia,EST,2019,0.19418442
Estonia,EST,2020,0.18427902
Estonia,EST,2021,0.17520288
Estonia,EST,2022,0.16693237
Estonia,EST,2023,0.15952908
Estonia,EST,2024,0.15303005
Eswatini,SWZ,1949,14.390991
Eswatini,SWZ,1950,14.329445
Eswatini,SWZ,1951,14.267029
Eswatini,SWZ,1952,14.2094145
Eswatini,SWZ,1953,14.170224
Eswatini,SWZ,1954,14.106001
Eswatini,SWZ,1955,14.052942
Eswatini,SWZ,1956,13.986837
Eswatini,SWZ,1957,13.916783
Eswatini,SWZ,1958,13.83754
Eswatini,SWZ,1959,13.756074
Eswatini,SWZ,1960,13.679211
Eswatini,SWZ,1961,13.586822
Eswatini,SWZ,1962,13.468715
Eswatini,SWZ,1963,13.33432
Eswatini,SWZ,1964,13.191334
Eswatini,SWZ,1965,13.042461
Eswatini,SWZ,1966,12.879412
Eswatini,SWZ,1967,12.70986
Eswatini,SWZ,1968,12.538035
Eswatini,SWZ,1969,12.338687
Eswatini,SWZ,1970,12.112159
Eswatini,SWZ,1971,11.869679
Eswatini,SWZ,1972,11.588057
Eswatini,SWZ,1973,11.282633
Eswatini,SWZ,1974,10.942053
Eswatini,SWZ,1975,10.592018
Eswatini,SWZ,1976,10.23087
Eswatini,SWZ,1977,9.888036
Eswatini,SWZ,1978,9.558452
Eswatini,SWZ,1979,9.214913
Eswatini,SWZ,1980,8.868676
Eswatini,SWZ,1981,8.516258
Eswatini,SWZ,1982,8.144444
Eswatini,SWZ,1983,8.366265
Eswatini,SWZ,1984,7.3732157
Eswatini,SWZ,1985,6.999616
Eswatini,SWZ,1986,6.652837
Eswatini,SWZ,1987,6.3398395
Eswatini,SWZ,1988,6.0623617
Eswatini,SWZ,1989,5.8354917
Eswatini,SWZ,1990,5.667894
Eswatini,SWZ,1991,5.6015387
Eswatini,SWZ,1992,5.6359706
Eswatini,SWZ,1993,5.7805586
Eswatini,SWZ,1994,5.9960933
Eswatini,SWZ,1995,6.2122636
Eswatini,SWZ,1996,6.52352
Eswatini,SWZ,1997,6.7499113
Eswatini,SWZ,1998,6.9084396
Eswatini,SWZ,1999,7.065455
Eswatini,SWZ,2000,7.1741204
Eswatini,SWZ,2001,7.2586703
Eswatini,SWZ,2002,7.30906
Eswatini,SWZ,2003,7.3687124
Eswatini,SWZ,2004,7.3237624
Eswatini,SWZ,2005,7.2210865
Eswatini,SWZ,2006,6.301174
Eswatini,SWZ,2007,6.3686566
Eswatini,SWZ,2008,6.6094766
Eswatini,SWZ,2009,6.379691
Eswatini,SWZ,2010,6.044385
Eswatini,SWZ,2011,5.526056
Eswatini,SWZ,2012,5.595457
Eswatini,SWZ,2013,5.541092
Eswatini,SWZ,2014,5.647144
Eswatini,SWZ,2015,5.409264
Eswatini,SWZ,2016,5.1288786
Eswatini,SWZ,2017,5.107128
Eswatini,SWZ,2018,4.7656994
Eswatini,SWZ,2019,4.7584786
Eswatini,SWZ,2020,4.7310944
Eswatini,SWZ,2021,4.6212683
Eswatini,SWZ,2022,4.5944657
Eswatini,SWZ,2023,4.4664326
Eswatini,SWZ,2024,4.22173
Ethiopia,ETH,1966,14.285789
Ethiopia,ETH,1967,14.320284
Ethiopia,ETH,1968,14.374693
Ethiopia,ETH,1969,14.432031
Ethiopia,ETH,1970,14.473306
Ethiopia,ETH,1971,14.528435
Ethiopia,ETH,1972,16.85754
Ethiopia,ETH,1973,16.855434
Ethiopia,ETH,1974,16.842772
Ethiopia,ETH,1975,16.844124
Ethiopia,ETH,1976,14.758076
Ethiopia,ETH,1977,14.797667
Ethiopia,ETH,1978,14.828962
Ethiopia,ETH,1979,14.794305
Ethiopia,ETH,1980,14.731746
Ethiopia,ETH,1981,14.630369
Ethiopia,ETH,1982,14.486995
Ethiopia,ETH,1983,19.557608
Ethiopia,ETH,1984,19.239363
Ethiopia,ETH,1985,18.61052
Ethiopia,ETH,1986,18.25128
Ethiopia,ETH,1987,13.430705
Ethiopia,ETH,1988,13.206319
Ethiopia,ETH,1989,12.969819
Ethiopia,ETH,1990,12.721924
Ethiopia,ETH,1991,12.44128
Ethiopia,ETH,1992,12.133407
Ethiopia,ETH,1993,11.785962
Ethiopia,ETH,1994,11.408456
Ethiopia,ETH,1995,11.027649
Ethiopia,ETH,1996,10.646966
Ethiopia,ETH,1997,10.278133
Ethiopia,ETH,1998,9.914801
Ethiopia,ETH,1999,9.571782
Ethiopia,ETH,2000,9.231608
Ethiopia,ETH,2001,8.885118
Ethiopia,ETH,2002,8.531861
Ethiopia,ETH,2003,8.170312
Ethiopia,ETH,2004,7.7991242
Ethiopia,ETH,2005,7.436582
Ethiopia,ETH,2006,7.092357
Ethiopia,ETH,2007,6.7698693
Ethiopia,ETH,2008,6.4680934
Ethiopia,ETH,2009,6.18366
Ethiopia,ETH,2010,5.9198446
Ethiopia,ETH,2011,5.675252
Ethiopia,ETH,2012,5.4415984
Ethiopia,ETH,2013,5.2191854
Ethiopia,ETH,2014,5.0003114
Ethiopia,ETH,2015,4.792061
Ethiopia,ETH,2016,4.5911355
Ethiopia,ETH,2017,4.4028487
Ethiopia,ETH,2018,4.2333336
Ethiopia,ETH,2019,4.0821195
Ethiopia,ETH,2020,3.9411361
Ethiopia,ETH,2021,4.985619
Ethiopia,ETH,2022,4.831967
Ethiopia,ETH,2023,3.8666637
Ethiopia,ETH,2024,3.449084
Europe,OWID_EUR,1969,2.558935
Europe,OWID_EUR,1970,2.4365091
Europe,OWID_EUR,1971,2.32371
Europe,OWID_EUR,1972,2.2950828
Europe,OWID_EUR,1973,2.214765
Europe,OWID_EUR,1974,2.1465151
Europe,OWID_EUR,1975,2.0814312
Europe,OWID_EUR,1976,2.0112169
Europe,OWID_EUR,1977,1.9388376
Europe,OWID_EUR,1978,1.869449
Europe,OWID_EUR,1979,1.8382221
Europe,OWID_EUR,1980,1.7697295
Europe,OWID_EUR,1981,1.7057416
Europe,OWID_EUR,1982,1.6650897
Europe,OWID_EUR,1983,1.6218601
Europe,OWID_EUR,1984,1.577779
Europe,OWID_EUR,1985,1.5522708
Europe,OWID_EUR,1986,1.5625099
Europe,OWID_EUR,1987,1.5129381
Europe,OWID_EUR,1988,1.4537818
Europe,OWID_EUR,1989,1.3881485
Europe,OWID_EUR,1990,1.3259275
Europe,OWID_EUR,1991,1.2748824
Europe,OWID_EUR,1992,1.2418457
Europe,OWID_EUR,1993,1.1946667
Europe,OWID_EUR,1994,1.1425846
Europe,OWID_EUR,1995,1.1064554
Europe,OWID_EUR,1996,1.0587671
Europe,OWID_EUR,1997,1.0101733
Europe,OWID_EUR,1998,0.9665409
Europe,OWID_EUR,1999,0.91993743
Europe,OWID_EUR,2000,0.8710799
Europe,OWID_EUR,2001,0.8317804
Europe,OWID_EUR,2002,0.79998875
Europe,OWID_EUR,2003,0.76825905
Europe,OWID_EUR,2004,0.73253983
Europe,OWID_EUR,2005,0.6945421
Europe,OWID_EUR,2006,0.6586984
Europe,OWID_EUR,2007,0.6297823
Europe,OWID_EUR,2008,0.6061306
Europe,OWID_EUR,2009,0.5854034
Europe,OWID_EUR,2010,0.56550115
Europe,OWID_EUR,2011,0.547615
Europe,OWID_EUR,2012,0.5341324
Europe,OWID_EUR,2013,0.51937723
Europe,OWID_EUR,2014,0.5002747
Europe,OWID_EUR,2015,0.47824043
Europe,OWID_EUR,2016,0.4557309
Europe,OWID_EUR,2017,0.43438074
Europe,OWID_EUR,2018,0.41634876
Europe,OWID_EUR,2019,0.40247652
Europe,OWID_EUR,2020,0.39291793
Europe,OWID_EUR,2021,0.38576865
Europe,OWID_EUR,2022,0.37977532
Europe,OWID_EUR,2023,0.37605435
Europe,OWID_EUR,2024,0.37423334
European Union (27),OWID_EU27,1969,2.7709508
European Union (27),OWID_EU27,1970,2.6130936
European Union (27),OWID_EU27,1971,2.4645798
European Union (27),OWID_EU27,1972,2.336761
European Union (27),OWID_EU27,1973,2.2244987
European Union (27),OWID_EU27,1974,2.1292796
European Union (27),OWID_EU27,1975,2.0342104
European Union (27),OWID_EU27,1976,1.9266771
European Union (27),OWID_EU27,1977,1.8163394
European Union (27),OWID_EU27,1978,1.712907
European Union (27),OWID_EU27,1979,1.6219798
European Union (27),OWID_EU27,1980,1.5355381
European Union (27),OWID_EU27,1981,1.4534278
European Union (27),OWID_EU27,1982,1.3866459
European Union (27),OWID_EU27,1983,1.3262721
European Union (27),OWID_EU27,1984,1.276785
European Union (27),OWID_EU27,1985,1.2318494
European Union (27),OWID_EU27,1986,1.1924659
European Union (27),OWID_EU27,1987,1.1578865
European Union (27),OWID_EU27,1988,1.1186063
European Union (27),OWID_EU27,1989,1.0709355
European Union (27),OWID_EU27,1990,1.0159056
European Union (27),OWID_EU27,1991,0.9661052
European Union (27),OWID_EU27,1992,0.92075825
European Union (27),OWID_EU27,1993,0.8738804
European Union (27),OWID_EU27,1994,0.8271079
European Union (27),OWID_EU27,1995,0.7787282
European Union (27),OWID_EU27,1996,0.7315146
European Union (27),OWID_EU27,1997,0.6903683
European Union (27),OWID_EU27,1998,0.6536319
European Union (27),OWID_EU27,1999,0.62025243
European Union (27),OWID_EU27,2000,0.5900142
European Union (27),OWID_EU27,2001,0.56418693
European Union (27),OWID_EU27,2002,0.5426727
European Union (27),OWID_EU27,2003,0.5236395
European Union (27),OWID_EU27,2004,0.5043541
European Union (27),OWID_EU27,2005,0.48568484
European Union (27),OWID_EU27,2006,0.4658808
European Union (27),OWID_EU27,2007,0.44610664
European Union (27),OWID_EU27,2008,0.42972168
European Union (27),OWID_EU27,2009,0.41597584
European Union (27),OWID_EU27,2010,0.401388
European Union (27),OWID_EU27,2011,0.3866969
European Union (27),OWID_EU27,2012,0.37536353
European Union (27),OWID_EU27,2013,0.36636484
European Union (27),OWID_EU27,2014,0.3588528
European Union (27),OWID_EU27,2015,0.35245797
European Union (27),OWID_EU27,2016,0.34637678
European Union (27),OWID_EU27,2017,0.34064853
European Union (27),OWID_EU27,2018,0.33435258
European Union (27),OWID_EU27,2019,0.32792968
European Union (27),OWID_EU27,2020,0.32309568
European Union (27),OWID_EU27,2021,0.3201526
European Union (27),OWID_EU27,2022,0.31946796
European Union (27),OWID_EU27,2023,0.32060307
European Union (27),OWID_EU27,2024,0.32142666
Fiji,FJI,1940,10.499781
Fiji,FJI,1941,10.472994
Fiji,FJI,1942,10.447877
Fiji,FJI,1943,10.415124
Fiji,FJI,1944,10.3762865
Fiji,FJI,1945,10.317849
Fiji,FJI,1946,10.233613
Fiji,FJI,1947,10.131693
Fiji,FJI,1948,10.009041
Fiji,FJI,1949,9.835837
Fiji,FJI,1950,9.596817
Fiji,FJI,1951,9.310804
Fiji,FJI,1952,8.975641
Fiji,FJI,1953,8.611782
Fiji,FJI,1954,8.237369
Fiji,FJI,1955,7.8497624
Fiji,FJI,1956,7.4705434
Fiji,FJI,1957,7.114678
Fiji,FJI,1958,6.7739816
Fiji,FJI,1959,6.4567566
Fiji,FJI,1960,6.161088
Fiji,FJI,1961,5.879969
Fiji,FJI,1962,5.6193275
Fiji,FJI,1963,5.376553
Fiji,FJI,1964,5.1455593
Fiji,FJI,1965,4.9440174
Fiji,FJI,1966,4.7713594
Fiji,FJI,1967,4.6333985
Fiji,FJI,1968,4.530764
Fiji,FJI,1969,4.457021
Fiji,FJI,1970,4.405371
Fiji,FJI,1971,4.3765926
Fiji,FJI,1972,4.348958
Fiji,FJI,1973,4.313153
Fiji,FJI,1974,4.252603
Fiji,FJI,1975,4.16586
Fiji,FJI,1976,4.0538297
Fiji,FJI,1977,3.9121766
Fiji,FJI,1978,3.7537322
Fiji,FJI,1979,3.5797682
Fiji,FJI,1980,3.4025724
Fiji,FJI,1981,3.229018
Fiji,FJI,1982,3.0644987
Fiji,FJI,1983,2.9145818
Fiji,FJI,1984,2.7748253
Fiji,FJI,1985,2.6509295
Fiji,FJI,1986,2.5376985
Fiji,FJI,1987,2.4313154
Fiji,FJI,1988,2.3334029
Fiji,FJI,1989,2.2382004
Fiji,FJI,1990,2.1469202
Fiji,FJI,1991,2.0628982
Fiji,FJI,1992,1.9826629
Fiji,FJI,1993,1.9133927
Fiji,FJI,1994,1.8523487
Fiji,FJI,1995,1.7994522
Fiji,FJI,1996,1.7542884
Fiji,FJI,1997,1.7184976
Fiji,FJI,1998,1.6916333
Fiji,FJI,1999,1.6730723
Fiji,FJI,2000,1.6632873
Fiji,FJI,2001,1.6619623
Fiji,FJI,2002,1.6682199
Fiji,FJI,2003,1.6826434
Fiji,FJI,2004,1.7041304
Fiji,FJI,2005,1.7261398
Fiji,FJI,2006,1.7406926
Fiji,FJI,2007,1.7439249
Fiji,FJI,2008,1.7301123
Fiji,FJI,2009,1.700712
Fiji,FJI,2010,1.6628275
Fiji,FJI,2011,1.6230373
Fiji,FJI,2012,1.5903571
Fiji,FJI,2013,1.572698
Fiji,FJI,2014,1.5780696
Fiji,FJI,2015,1.6101398
Fiji,FJI,2016,1.675362
Fiji,FJI,2017,1.7730826
Fiji,FJI,2018,1.89559
Fiji,FJI,2019,2.0325208
Fiji,FJI,2020,2.1616244
Fiji,FJI,2021,2.259356
Fiji,FJI,2022,2.3211346
Fiji,FJI,2023,2.3465927
Fiji,FJI,2024,2.351685
Finland,FIN,1949,3.863717
Finland,FIN,1950,3.671782
Finland,FIN,1951,3.4963424
Finland,FIN,1952,3.3326373
Finland,FIN,1953,3.1806138
Finland,FIN,1954,3.03766
Finland,FIN,1955,2.900046
Finland,FIN,1956,2.7641072
Finland,FIN,1957,2.6270533
Finland,FIN,1958,2.4830463
Finland,FIN,1959,2.3348832
Finland,FIN,1960,2.1923509
Finland,FIN,1961,2.063355
Finland,FIN,1962,1.947942
Finland,FIN,1963,1.8428186
Finland,FIN,1964,1.7460867
Finland,FIN,1965,1.658101
Finland,FIN,1966,1.5796022
Finland,FIN,1967,1.5089631
Finland,FIN,1968,1.4443123
Finland,FIN,1969,1.3835753
Finland,FIN,1970,1.3246588
Finland,FIN,1971,1.2648488
Finland,FIN,1972,1.2035753
Finland,FIN,1973,1.1409097
Finland,FIN,1974,1.0773695
Finland,FIN,1975,1.011595
Finland,FIN,1976,0.9440603
Finland,FIN,1977,0.87766826
Finland,FIN,1978,0.81620175
Finland,FIN,1979,0.7621069
Finland,FIN,1980,0.7164643
Finland,FIN,1981,0.67953235
Finland,FIN,1982,0.6512741
Finland,FIN,1983,0.6308518
Finland,FIN,1984,0.6171974
Finland,FIN,1985,0.60850316
Finland,FIN,1986,0.6027172
Finland,FIN,1987,0.59708774
Finland,FIN,1988,0.58913475
Finland,FIN,1989,0.57632035
Finland,FIN,1990,0.55800813
Finland,FIN,1991,0.5340839
Finland,FIN,1992,0.5063945
Finland,FIN,1993,0.4780626
Finland,FIN,1994,0.45125195
Finland,FIN,1995,0.42723688
Finland,FIN,1996,0.40679282
Finland,FIN,1997,0.38961855
Finland,FIN,1998,0.37494162
Finland,FIN,1999,0.36203855
Finland,FIN,2000,0.35074863
Finland,FIN,2001,0.34083775
Finland,FIN,2002,0.33218107
Finland,FIN,2003,0.32370222
Finland,FIN,2004,0.31468832
Finland,FIN,2005,0.30474082
Finland,FIN,2006,0.2933669
Finland,FIN,2007,0.28106138
Finland,FIN,2008,0.2683729
Finland,FIN,2009,0.25575772
Finland,FIN,2010,0.24364248
Finland,FIN,2011,0.23226368
Finland,FIN,2012,0.22196837
Finland,FIN,2013,0.21286443
Finland,FIN,2014,0.20543122
Finland,FIN,2015,0.19951369
Finland,FIN,2016,0.19536465
Finland,FIN,2017,0.19256136
Finland,FIN,2018,0.19056079
Finland,FIN,2019,0.18927608
Finland,FIN,2020,0.18845154
Finland,FIN,2021,0.18792354
Finland,FIN,2022,0.18770328
Finland,FIN,2023,0.18756226
Finland,FIN,2024,0.18717882
France,FRA,1949,5.138077
France,FRA,1950,4.795405
France,FRA,1951,4.467212
France,FRA,1952,4.1593485
France,FRA,1953,3.8682022
France,FRA,1954,3.596694
France,FRA,1955,3.3436222
France,FRA,1956,3.110632
France,FRA,1957,2.8938076
France,FRA,1958,2.694383
France,FRA,1959,2.517864
France,FRA,1960,2.3691707
France,FRA,1961,2.2440631
France,FRA,1962,2.133054
France,FRA,1963,2.0338304
France,FRA,1964,1.9424294
France,FRA,1965,1.8594619
France,FRA,1966,1.7829849
France,FRA,1967,1.712844
France,FRA,1968,1.6469816
France,FRA,1969,1.5792855
France,FRA,1970,1.5064048
France,FRA,1971,1.4331273
France,FRA,1972,1.3679545
France,FRA,1973,1.3136888
France,FRA,1974,1.2675401
France,FRA,1975,1.2253627
France,FRA,1976,1.1839607
France,FRA,1977,1.1409287
France,FRA,1978,1.0952235
France,FRA,1979,1.0509851
France,FRA,1980,1.0114356
France,FRA,1981,0.9761258
France,FRA,1982,0.94268584
France,FRA,1983,0.9100452
France,FRA,1984,0.879758
France,FRA,1985,0.8539382
France,FRA,1986,0.83170646
France,FRA,1987,0.8122026
France,FRA,1988,0.793463
France,FRA,1989,0.77220523
France,FRA,1990,0.7452933
France,FRA,1991,0.71101254
France,FRA,1992,0.6686101
France,FRA,1993,0.62064624
France,FRA,1994,0.5727374
France,FRA,1995,0.5294134
France,FRA,1996,0.49288058
France,FRA,1997,0.46413478
France,FRA,1998,0.44262573
France,FRA,1999,0.42495275
France,FRA,2000,0.40850982
France,FRA,2001,0.39223287
France,FRA,2002,0.37581247
France,FRA,2003,0.35960534
France,FRA,2004,0.34551364
France,FRA,2005,0.33489513
France,FRA,2006,0.3274299
France,FRA,2007,0.32213485
France,FRA,2008,0.31816223
France,FRA,2009,0.31477156
France,FRA,2010,0.31138676
France,FRA,2011,0.30865613
France,FRA,2012,0.307974
France,FRA,2013,0.30999488
France,FRA,2014,0.31386787
France,FRA,2015,0.3188547
France,FRA,2016,0.32385048
France,FRA,2017,0.32773164
France,FRA,2018,0.3300313
France,FRA,2019,0.33148474
France,FRA,2020,0.33304706
France,FRA,2021,0.3350236
France,FRA,2022,0.33787814
France,FRA,2023,0.34094292
France,FRA,2024,0.34302634
Gabon,GAB,1944,14.049697
Gabon,GAB,1945,13.89761
Gabon,GAB,1946,13.742399
Gabon,GAB,1947,13.599303
Gabon,GAB,1948,13.460102
Gabon,GAB,1949,13.31885
Gabon,GAB,1950,13.166776
Gabon,GAB,1951,12.999183
Gabon,GAB,1952,12.834262
Gabon,GAB,1953,12.648096
Gabon,GAB,1954,12.466286
Gabon,GAB,1955,12.283763
Gabon,GAB,1956,12.073609
Gabon,GAB,1957,11.871455
Gabon,GAB,1958,11.6850395
Gabon,GAB,1959,11.475469
Gabon,GAB,1960,11.278283
Gabon,GAB,1961,11.071899
Gabon,GAB,1962,10.8630905
Gabon,GAB,1963,10.656863
Gabon,GAB,1964,10.441131
Gabon,GAB,1965,10.227094
Gabon,GAB,1966,10.022587
Gabon,GAB,1967,9.813735
Gabon,GAB,1968,9.606656
Gabon,GAB,1969,9.395332
Gabon,GAB,1970,9.19533
Gabon,GAB,1971,9.001977
Gabon,GAB,1972,8.80192
Gabon,GAB,1973,8.605588
Gabon,GAB,1974,8.397048
Gabon,GAB,1975,8.201441
Gabon,GAB,1976,8.009209
Gabon,GAB,1977,7.813018
Gabon,GAB,1978,7.6189704
Gabon,GAB,1979,7.4190993
Gabon,GAB,1980,7.237699
Gabon,GAB,1981,7.050263
Gabon,GAB,1982,6.8726387
Gabon,GAB,1983,6.70601
Gabon,GAB,1984,6.5475554
Gabon,GAB,1985,6.4080963
Gabon,GAB,1986,6.2746935
Gabon,GAB,1987,6.157905
Gabon,GAB,1988,6.0590653
Gabon,GAB,1989,5.9691286
Gabon,GAB,1990,5.884704
Gabon,GAB,1991,5.810623
Gabon,GAB,1992,5.743822
Gabon,GAB,1993,5.677378
Gabon,GAB,1994,5.6162133
Gabon,GAB,1995,5.5566206
Gabon,GAB,1996,5.482516
Gabon,GAB,1997,5.401243
Gabon,GAB,1998,5.3007765
Gabon,GAB,1999,5.1850996
Gabon,GAB,2000,5.0670547
Gabon,GAB,2001,4.9409094
Gabon,GAB,2002,4.8137736
Gabon,GAB,2003,4.682915
Gabon,GAB,2004,4.551097
Gabon,GAB,2005,4.431187
Gabon,GAB,2006,4.323849
Gabon,GAB,2007,4.186753
Gabon,GAB,2008,4.077678
Gabon,GAB,2009,3.9996343
Gabon,GAB,2010,3.8770468
Gabon,GAB,2011,3.7541592
Gabon,GAB,2012,3.644384
Gabon,GAB,2013,3.5328946
Gabon,GAB,2014,3.4682949
Gabon,GAB,2015,3.36944
Gabon,GAB,2016,3.2592802
Gabon,GAB,2017,3.2026513
Gabon,GAB,2018,3.1050231
Gabon,GAB,2019,3.0052516
Gabon,GAB,2020,2.8849735
Gabon,GAB,2021,2.8480968
Gabon,GAB,2022,2.7511811
Gabon,GAB,2023,2.6870654
Gabon,GAB,2024,2.5933805
Gambia,GMB,1956,16.154037
Gambia,GMB,1957,16.062023
Gambia,GMB,1958,15.934543
Gambia,GMB,1959,15.830486
Gambia,GMB,1960,15.722166
Gambia,GMB,1961,15.604389
Gambia,GMB,1962,15.494285
Gambia,GMB,1963,15.381499
Gambia,GMB,1964,15.281458
Gambia,GMB,1965,15.17671
Gambia,GMB,1966,15.055059
Gambia,GMB,1967,14.934014
Gambia,GMB,1968,14.820211
Gambia,GMB,1969,14.707792
Gambia,GMB,1970,14.564653
Gambia,GMB,1971,14.407153
Gambia,GMB,1972,14.241604
Gambia,GMB,1973,14.058403
Gambia,GMB,1974,13.865508
Gambia,GMB,1975,13.6592455
Gambia,GMB,1976,13.448844
Gambia,GMB,1977,13.249761
Gambia,GMB,1978,13.03786
Gambia,GMB,1979,12.835419
Gambia,GMB,1980,12.618224
Gambia,GMB,1981,12.385337
Gambia,GMB,1982,12.134085
Gambia,GMB,1983,11.873945
Gambia,GMB,1984,11.602841
Gambia,GMB,1985,11.322341
Gambia,GMB,1986,11.033284
Gambia,GMB,1987,10.751034
Gambia,GMB,1988,10.482093
Gambia,GMB,1989,10.214951
Gambia,GMB,1990,9.95089
Gambia,GMB,1991,9.688603
Gambia,GMB,1992,9.426814
Gambia,GMB,1993,9.16033
Gambia,GMB,1994,8.892598
Gambia,GMB,1995,8.619339
Gambia,GMB,1996,8.352847
Gambia,GMB,1997,8.089724
Gambia,GMB,1998,7.8325996
Gambia,GMB,1999,7.5814953
Gambia,GMB,2000,7.33083
Gambia,GMB,2001,7.085479
Gambia,GMB,2002,6.847418
Gambia,GMB,2003,6.6116037
Gambia,GMB,2004,6.378666
Gambia,GMB,2005,6.154953
Gambia,GMB,2006,5.9409976
Gambia,GMB,2007,5.7321258
Gambia,GMB,2008,5.5281157
Gambia,GMB,2009,5.3364215
Gambia,GMB,2010,5.1516404
Gambia,GMB,2011,4.977051
Gambia,GMB,2012,4.810729
Gambia,GMB,2013,4.6513653
Gambia,GMB,2014,4.500058
Gambia,GMB,2015,4.3531666
Gambia,GMB,2016,4.208685
Gambia,GMB,2017,4.070345
Gambia,GMB,2018,3.9422083
Gambia,GMB,2019,3.8159661
Gambia,GMB,2020,3.6979802
Gambia,GMB,2021,3.586143
Gambia,GMB,2022,3.473274
Gambia,GMB,2023,3.3705783
Gambia,GMB,2024,3.2696738
Georgia,GEO,1975,5.785628
Georgia,GEO,1976,5.580819
Georgia,GEO,1977,5.374631
Georgia,GEO,1978,5.1756134
Georgia,GEO,1979,4.9869366
Georgia,GEO,1980,4.814774
Georgia,GEO,1981,4.641606
Georgia,GEO,1982,4.4784346
Georgia,GEO,1983,4.3312035
Georgia,GEO,1984,4.2027144
Georgia,GEO,1985,4.099812
Georgia,GEO,1986,4.020657
Georgia,GEO,1987,3.960284
Georgia,GEO,1988,3.9162562
Georgia,GEO,1989,3.880112
Georgia,GEO,1990,3.8526466
Georgia,GEO,1991,3.8196733
Georgia,GEO,1992,3.7865489
Georgia,GEO,1993,3.7447956
Georgia,GEO,1994,3.6879947
Georgia,GEO,1995,3.6154182
Georgia,GEO,1996,3.5218503
Georgia,GEO,1997,3.4044297
Georgia,GEO,1998,3.2664888
Georgia,GEO,1999,3.1043742
Georgia,GEO,2000,2.9248726
Georgia,GEO,2001,2.728897
Georgia,GEO,2002,2.5242844
Georgia,GEO,2003,2.318032
Georgia,GEO,2004,2.111218
Georgia,GEO,2005,1.9119725
Georgia,GEO,2006,1.7279607
Georgia,GEO,2007,1.5614787
Georgia,GEO,2008,1.4143326
Georgia,GEO,2009,1.2870827
Georgia,GEO,2010,1.1798798
Georgia,GEO,2011,1.0907338
Georgia,GEO,2012,1.0191315
Georgia,GEO,2013,0.9638735
Georgia,GEO,2014,0.92222935
Georgia,GEO,2015,0.8909159
Georgia,GEO,2016,0.86795896
Georgia,GEO,2017,0.84966123
Georgia,GEO,2018,0.833699
Georgia,GEO,2019,0.81832767
Georgia,GEO,2020,0.80332106
Georgia,GEO,2021,0.7885992
Georgia,GEO,2022,0.7745759
Georgia,GEO,2023,0.76039314
Georgia,GEO,2024,0.74541104
Germany,DEU,1968,2.3425658
Germany,DEU,1969,2.274486
Germany,DEU,1970,2.2066743
Germany,DEU,1971,2.1363966
Germany,DEU,1972,2.059864
Germany,DEU,1973,1.9745327
Germany,DEU,1974,1.8790079
Germany,DEU,1975,1.7724897
Germany,DEU,1976,1.6601217
Germany,DEU,1977,1.5492749
Germany,DEU,1978,1.4446247
Germany,DEU,1979,1.3472502
Germany,DEU,1980,1.2573793
Germany,DEU,1981,1.1755502
Germany,DEU,1982,1.1016357
Germany,DEU,1983,1.0347309
Germany,DEU,1984,0.97482896
Germany,DEU,1985,0.92129654
Germany,DEU,1986,0.8725988
Germany,DEU,1987,0.82712114
Germany,DEU,1988,0.7829022
Germany,DEU,1989,0.73991436
Germany,DEU,1990,0.69767207
Germany,DEU,1991,0.65687984
Germany,DEU,1992,0.61886954
Germany,DEU,1993,0.58407503
Germany,DEU,1994,0.55308807
Germany,DEU,1995,0.52613705
Germany,DEU,1996,0.50274307
Germany,DEU,1997,0.48254648
Germany,DEU,1998,0.46529508
Germany,DEU,1999,0.45055506
Germany,DEU,2000,0.4382969
Germany,DEU,2001,0.42774957
Germany,DEU,2002,0.4180939
Germany,DEU,2003,0.4089377
Germany,DEU,2004,0.3998772
Germany,DEU,2005,0.39058113
Germany,DEU,2006,0.38115534
Germany,DEU,2007,0.3718561
Germany,DEU,2008,0.36295766
Germany,DEU,2009,0.3548645
Germany,DEU,2010,0.3477384
Germany,DEU,2011,0.3417837
Germany,DEU,2012,0.33703125
Germany,DEU,2013,0.33359107
Germany,DEU,2014,0.33091745
Germany,DEU,2015,0.32857975
Germany,DEU,2016,0.32609415
Germany,DEU,2017,0.3227871
Germany,DEU,2018,0.3186923
Germany,DEU,2019,0.314716
Germany,DEU,2020,0.31181633
Germany,DEU,2021,0.31042564
Germany,DEU,2022,0.31036994
Germany,DEU,2023,0.31135878
Germany,DEU,2024,0.31178698
Ghana,GHA,1932,17.116993
Ghana,GHA,1933,17.003155
Ghana,GHA,1934,16.854548
Ghana,GHA,1935,16.72807
Ghana,GHA,1936,16.628511
Ghana,GHA,1937,16.487986
Ghana,GHA,1938,16.348454
Ghana,GHA,1939,16.172474
Ghana,GHA,1940,16.00428
Ghana,GHA,1941,15.834035
Ghana,GHA,1942,15.656262
Ghana,GHA,1943,15.478354
Ghana,GHA,1944,15.3081
Ghana,GHA,1945,15.1244955
Ghana,GHA,1946,14.936006
Ghana,GHA,1947,14.7506485
Ghana,GHA,1948,14.540842
Ghana,GHA,1949,14.323829
Ghana,GHA,1950,14.095984
Ghana,GHA,1951,13.873641
Ghana,GHA,1952,13.630217
Ghana,GHA,1953,13.424006
Ghana,GHA,1954,13.204702
Ghana,GHA,1955,13.002508
Ghana,GHA,1956,12.803608
Ghana,GHA,1957,12.61368
Ghana,GHA,1958,12.455562
Ghana,GHA,1959,12.310894
Ghana,GHA,1960,12.202611
Ghana,GHA,1961,12.095459
Ghana,GHA,1962,12.002699
Ghana,GHA,1963,11.929222
Ghana,GHA,1964,11.8660145
Ghana,GHA,1965,11.817773
Ghana,GHA,1966,11.779737
Ghana,GHA,1967,11.742442
Ghana,GHA,1968,11.69196
Ghana,GHA,1969,11.612462
Ghana,GHA,1970,11.484458
Ghana,GHA,1971,11.3112545
Ghana,GHA,1972,11.075764
Ghana,GHA,1973,10.789006
Ghana,GHA,1974,10.469292
Ghana,GHA,1975,10.130283
Ghana,GHA,1976,9.805723
Ghana,GHA,1977,9.506248
Ghana,GHA,1978,9.264427
Ghana,GHA,1979,9.089312
Ghana,GHA,1980,8.991122
Ghana,GHA,1981,8.932196
Ghana,GHA,1982,8.879047
Ghana,GHA,1983,8.80943
Ghana,GHA,1984,8.69471
Ghana,GHA,1985,8.512483
Ghana,GHA,1986,8.284336
Ghana,GHA,1987,8.028242
Ghana,GHA,1988,7.7599044
Ghana,GHA,1989,7.504258
Ghana,GHA,1990,7.2747674
Ghana,GHA,1991,7.0946994
Ghana,GHA,1992,6.963879
Ghana,GHA,1993,6.882743
Ghana,GHA,1994,6.828706
Ghana,GHA,1995,6.7832403
Ghana,GHA,1996,6.730949
Ghana,GHA,1997,6.648404
Ghana,GHA,1998,6.524036
Ghana,GHA,1999,6.365001
Ghana,GHA,2000,6.174731
Ghana,GHA,2001,5.974806
Ghana,GHA,2002,5.784116
Ghana,GHA,2003,5.6165447
Ghana,GHA,2004,5.468711
Ghana,GHA,2005,5.340405
Ghana,GHA,2006,5.211698
Ghana,GHA,2007,5.074905
Ghana,GHA,2008,4.9235888
Ghana,GHA,2009,4.7549453
Ghana,GHA,2010,4.579217
Ghana,GHA,2011,4.4026675
Ghana,GHA,2012,4.231388
Ghana,GHA,2013,4.0745997
Ghana,GHA,2014,3.927918
Ghana,GHA,2015,3.7909567
Ghana,GHA,2016,3.6605752
Ghana,GHA,2017,3.5359495
Ghana,GHA,2018,3.4118752
Ghana,GHA,2019,3.286079
Ghana,GHA,2020,3.1667233
Ghana,GHA,2021,3.0457218
Ghana,GHA,2022,2.9377334
Ghana,GHA,2023,2.840033
Ghana,GHA,2024,2.751653
Greece,GRC,1951,4.4176583
Greece,GRC,1952,4.332057
Greece,GRC,1953,4.249081
Greece,GRC,1954,4.17083
Greece,GRC,1955,4.1103687
Greece,GRC,1956,4.057577
Greece,GRC,1957,4.0109334
Greece,GRC,1958,3.9647443
Greece,GRC,1959,3.9174654
Greece,GRC,1960,3.8662233
Greece,GRC,1961,3.8057556
Greece,GRC,1962,3.7271066
Greece,GRC,1963,3.63034
Greece,GRC,1964,3.5326746
Greece,GRC,1965,3.4440596
Greece,GRC,1966,3.3530524
Greece,GRC,1967,3.2385485
Greece,GRC,1968,3.0915337
Greece,GRC,1969,2.9274113
Greece,GRC,1970,2.7620356
Greece,GRC,1971,2.6156642
Greece,GRC,1972,2.5099432
Greece,GRC,1973,2.4460835
Greece,GRC,1974,2.3928556
Greece,GRC,1975,2.320347
Greece,GRC,1976,2.2248514
Greece,GRC,1977,2.1126504
Greece,GRC,1978,1.9903737
Greece,GRC,1979,1.8643532
Greece,GRC,1980,1.7403814
Greece,GRC,1981,1.6250461
Greece,GRC,1982,1.5266654
Greece,GRC,1983,1.4448402
Greece,GRC,1984,1.368984
Greece,GRC,1985,1.2910348
Greece,GRC,1986,1.2106447
Greece,GRC,1987,1.1305121
Greece,GRC,1988,1.053563
Greece,GRC,1989,0.9839847
Greece,GRC,1990,0.92429405
Greece,GRC,1991,0.8747344
Greece,GRC,1992,0.8341865
Greece,GRC,1993,0.80045897
Greece,GRC,1994,0.76971525
Greece,GRC,1995,0.7383294
Greece,GRC,1996,0.70481193
Greece,GRC,1997,0.66896486
Greece,GRC,1998,0.6309133
Greece,GRC,1999,0.59156364
Greece,GRC,2000,0.55184513
Greece,GRC,2001,0.51322645
Greece,GRC,2002,0.4768109
Greece,GRC,2003,0.4434598
Greece,GRC,2004,0.41367188
Greece,GRC,2005,0.38785616
Greece,GRC,2006,0.36655736
Greece,GRC,2007,0.35052314
Greece,GRC,2008,0.33986795
Greece,GRC,2009,0.33420455
Greece,GRC,2010,0.33282015
Greece,GRC,2011,0.3352082
Greece,GRC,2012,0.34079903
Greece,GRC,2013,0.3486722
Greece,GRC,2014,0.3565299
Greece,GRC,2015,0.36152127
Greece,GRC,2016,0.36305228
Greece,GRC,2017,0.36120802
Greece,GRC,2018,0.3566102
Greece,GRC,2019,0.3505202
Greece,GRC,2020,0.34473467
Greece,GRC,2021,0.33933705
Greece,GRC,2022,0.33413175
Greece,GRC,2023,0.32910886
Greece,GRC,2024,0.32357082
Grenada,GRD,1949,9.02293
Grenada,GRD,1950,8.776882
Grenada,GRD,1951,8.524041
Grenada,GRD,1952,8.272546
Grenada,GRD,1953,8.022864
Grenada,GRD,1954,7.778708
Grenada,GRD,1955,7.5420175
Grenada,GRD,1956,7.2920184
Grenada,GRD,1957,7.0337725
Grenada,GRD,1958,6.7510166
Grenada,GRD,1959,6.434823
Grenada,GRD,1960,6.0865517
Grenada,GRD,1961,5.712794
Grenada,GRD,1962,5.327493
Grenada,GRD,1963,4.950098
Grenada,GRD,1964,4.603896
Grenada,GRD,1965,4.29871
Grenada,GRD,1966,4.0442967
Grenada,GRD,1967,3.8367126
Grenada,GRD,1968,3.6742847
Grenada,GRD,1969,3.5448706
Grenada,GRD,1970,3.4475653
Grenada,GRD,1971,3.3710477
Grenada,GRD,1972,3.3110235
Grenada,GRD,1973,3.255783
Grenada,GRD,1974,3.2090201
Grenada,GRD,1975,3.1592107
Grenada,GRD,1976,3.1089227
Grenada,GRD,1977,3.050581
Grenada,GRD,1978,2.980652
Grenada,GRD,1979,2.8982186
Grenada,GRD,1980,2.8041904
Grenada,GRD,1981,2.7045312
Grenada,GRD,1982,2.6004968
Grenada,GRD,1983,2.4935944
Grenada,GRD,1984,2.38715
Grenada,GRD,1985,2.2846932
Grenada,GRD,1986,2.1867616
Grenada,GRD,1987,2.0945418
Grenada,GRD,1988,2.0086923
Grenada,GRD,1989,1.9256793
Grenada,GRD,1990,1.8459215
Grenada,GRD,1991,1.7694949
Grenada,GRD,1992,1.6969719
Grenada,GRD,1993,1.6292859
Grenada,GRD,1994,1.567665
Grenada,GRD,1995,1.5125828
Grenada,GRD,1996,1.4634929
Grenada,GRD,1997,1.4213179
Grenada,GRD,1998,1.3856097
Grenada,GRD,1999,1.3563235
Grenada,GRD,2000,1.3326632
Grenada,GRD,2001,1.3155206
Grenada,GRD,2002,1.3024689
Grenada,GRD,2003,1.294938
Grenada,GRD,2004,1.291333
Grenada,GRD,2005,1.2929802
Grenada,GRD,2006,1.3008124
Grenada,GRD,2007,1.3132548
Grenada,GRD,2008,1.3320516
Grenada,GRD,2009,1.3574247
Grenada,GRD,2010,1.3883394
Grenada,GRD,2011,1.4242468
Grenada,GRD,2012,1.4626415
Grenada,GRD,2013,1.5018353
Grenada,GRD,2014,1.5382675
Grenada,GRD,2015,1.5744518
Grenada,GRD,2016,1.6068152
Grenada,GRD,2017,1.6344914
Grenada,GRD,2018,1.6588635
Grenada,GRD,2019,1.6801666
Grenada,GRD,2020,1.6961565
Grenada,GRD,2021,1.7009519
Grenada,GRD,2022,1.6936914
Grenada,GRD,2023,1.6735055
Grenada,GRD,2024,1.64441
Guatemala,GTM,1957,16.658182
Guatemala,GTM,1958,16.27202
Guatemala,GTM,1959,15.913755
Guatemala,GTM,1960,15.567101
Guatemala,GTM,1961,15.240441
Guatemala,GTM,1962,14.934848
Guatemala,GTM,1963,14.61346
Guatemala,GTM,1964,14.286189
Guatemala,GTM,1965,13.962818
Guatemala,GTM,1966,13.638044
Guatemala,GTM,1967,13.307191
Guatemala,GTM,1968,12.972534
Guatemala,GTM,1969,12.633366
Guatemala,GTM,1970,12.289365
Guatemala,GTM,1971,11.946729
Guatemala,GTM,1972,11.592125
Guatemala,GTM,1973,11.242712
Guatemala,GTM,1974,10.900162
Guatemala,GTM,1975,10.559647
Guatemala,GTM,1976,11.208535
Guatemala,GTM,1977,9.896258
Guatemala,GTM,1978,9.5732155
Guatemala,GTM,1979,9.255567
Guatemala,GTM,1980,8.94065
Guatemala,GTM,1981,8.631556
Guatemala,GTM,1982,9.252924
Guatemala,GTM,1983,8.0220375
Guatemala,GTM,1984,7.7207427
Guatemala,GTM,1985,7.4257817
Guatemala,GTM,1986,7.1379447
Guatemala,GTM,1987,6.855413
Guatemala,GTM,1988,6.5815268
Guatemala,GTM,1989,6.3171067
Guatemala,GTM,1990,6.059247
Guatemala,GTM,1991,5.80884
Guatemala,GTM,1992,5.5745
Guatemala,GTM,1993,5.3504047
Guatemala,GTM,1994,5.1335406
Guatemala,GTM,1995,4.9307933
Guatemala,GTM,1996,4.740554
Guatemala,GTM,1997,4.561231
Guatemala,GTM,1998,4.3885517
Guatemala,GTM,1999,4.226786
Guatemala,GTM,2000,4.069531
Guatemala,GTM,2001,3.921877
Guatemala,GTM,2002,3.7784839
Guatemala,GTM,2003,3.64488
Guatemala,GTM,2004,3.5139313
Guatemala,GTM,2005,3.3869379
Guatemala,GTM,2006,3.2653267
Guatemala,GTM,2007,3.14527
Guatemala,GTM,2008,3.0288038
Guatemala,GTM,2009,2.9150205
Guatemala,GTM,2010,2.8036578
Guatemala,GTM,2011,2.6970396
Guatemala,GTM,2012,2.5950913
Guatemala,GTM,2013,2.4942114
Guatemala,GTM,2014,2.3997197
Guatemala,GTM,2015,2.3118155
Guatemala,GTM,2016,2.231515
Guatemala,GTM,2017,2.1579664
Guatemala,GTM,2018,2.0835927
Guatemala,GTM,2019,2.0175002
Guatemala,GTM,2020,1.9528152
Guatemala,GTM,2021,1.8910623
Guatemala,GTM,2022,1.8294446
Guatemala,GTM,2023,1.7715576
Guatemala,GTM,2024,1.7193927
Guinea,GIN,1937,16.950432
Guinea,GIN,1938,17.093597
Guinea,GIN,1939,17.229967
Guinea,GIN,1940,17.379753
Guinea,GIN,1941,17.501444
Guinea,GIN,1942,17.63997
Guinea,GIN,1943,17.783455
Guinea,GIN,1944,17.942987
Guinea,GIN,1945,18.104446
Guinea,GIN,1946,18.230907
Guinea,GIN,1947,18.353859
Guinea,GIN,1948,18.482883
Guinea,GIN,1949,18.602879
Guinea,GIN,1950,18.733488
Guinea,GIN,1951,18.849808
Guinea,GIN,1952,18.951252
Guinea,GIN,1953,19.053772
Guinea,GIN,1954,19.110975
Guinea,GIN,1955,19.147768
Guinea,GIN,1956,19.170723
Guinea,GIN,1957,19.181215
Guinea,GIN,1958,19.146553
Guinea,GIN,1959,19.11131
Guinea,GIN,1960,19.072422
Guinea,GIN,1961,19.00468
Guinea,GIN,1962,18.933655
Guinea,GIN,1963,18.849192
Guinea,GIN,1964,18.764566
Guinea,GIN,1965,18.6718
Guinea,GIN,1966,18.553513
Guinea,GIN,1967,18.436592
Guinea,GIN,1968,18.323812
Guinea,GIN,1969,18.204264
Guinea,GIN,1970,18.074791
Guinea,GIN,1971,17.916811
Guinea,GIN,1972,17.768837
Guinea,GIN,1973,17.601257
Guinea,GIN,1974,17.448845
Guinea,GIN,1975,17.277988
Guinea,GIN,1976,17.070953
Guinea,GIN,1977,16.840853
Guinea,GIN,1978,16.58771
Guinea,GIN,1979,16.332006
Guinea,GIN,1980,16.066275
Guinea,GIN,1981,15.809217
Guinea,GIN,1982,15.547915
Guinea,GIN,1983,15.292577
Guinea,GIN,1984,15.04092
Guinea,GIN,1985,14.779529
Guinea,GIN,1986,14.527558
Guinea,GIN,1987,14.275278
Guinea,GIN,1988,14.011317
Guinea,GIN,1989,13.737093
Guinea,GIN,1990,13.445672
Guinea,GIN,1991,13.120182
Guinea,GIN,1992,12.768047
Guinea,GIN,1993,12.400573
Guinea,GIN,1994,12.030319
Guinea,GIN,1995,11.644858
Guinea,GIN,1996,11.264693
Guinea,GIN,1997,10.888247
Guinea,GIN,1998,10.506472
Guinea,GIN,1999,10.116903
Guinea,GIN,2000,9.728949
Guinea,GIN,2001,9.358614
Guinea,GIN,2002,9.007625
Guinea,GIN,2003,8.6963005
Guinea,GIN,2004,8.408552
Guinea,GIN,2005,8.16501
Guinea,GIN,2006,7.959104
Guinea,GIN,2007,7.7917275
Guinea,GIN,2008,7.65524
Guinea,GIN,2009,7.5382843
Guinea,GIN,2010,7.4411554
Guinea,GIN,2011,7.361349
Guinea,GIN,2012,7.285205
Guinea,GIN,2013,7.205881
Guinea,GIN,2014,7.1955805
Guinea,GIN,2015,7.1236644
Guinea,GIN,2016,6.988015
Guinea,GIN,2017,6.9048467
Guinea,GIN,2018,6.807997
Guinea,GIN,2019,6.700172
Guinea,GIN,2020,6.5690045
Guinea,GIN,2021,6.435368
Guinea,GIN,2022,6.2889915
Guinea,GIN,2023,6.142703
Guinea,GIN,2024,5.9818907
Guinea-Bissau,GNB,1985,13.258713
Guinea-Bissau,GNB,1986,13.083057
Guinea-Bissau,GNB,1987,12.906058
Guinea-Bissau,GNB,1988,12.731709
Guinea-Bissau,GNB,1989,12.56032
Guinea-Bissau,GNB,1990,12.388551
Guinea-Bissau,GNB,1991,12.190314
Guinea-Bissau,GNB,1992,11.998393
Guinea-Bissau,GNB,1993,11.784843
Guinea-Bissau,GNB,1994,11.5620575
Guinea-Bissau,GNB,1995,11.333336
Guinea-Bissau,GNB,1996,11.084974
Guinea-Bissau,GNB,1997,10.8380375
Guinea-Bissau,GNB,1998,10.585357
Guinea-Bissau,GNB,1999,10.3277855
Guinea-Bissau,GNB,2000,10.072896
Guinea-Bissau,GNB,2001,9.785686
Guinea-Bissau,GNB,2002,9.484109
Guinea-Bissau,GNB,2003,9.178434
Guinea-Bissau,GNB,2004,8.852968
Guinea-Bissau,GNB,2005,8.507066
Guinea-Bissau,GNB,2006,8.166573
Guinea-Bissau,GNB,2007,7.8212376
Guinea-Bissau,GNB,2008,7.4680977
Guinea-Bissau,GNB,2009,7.1170487
Guinea-Bissau,GNB,2010,6.7901797
Guinea-Bissau,GNB,2011,6.462009
Guinea-Bissau,GNB,2012,6.1823707
Guinea-Bissau,GNB,2013,5.9316235
Guinea-Bissau,GNB,2014,5.7120485
Guinea-Bissau,GNB,2015,5.518864
Guinea-Bissau,GNB,2016,5.3393254
Guinea-Bissau,GNB,2017,5.1699376
Guinea-Bissau,GNB,2018,5.0129514
Guinea-Bissau,GNB,2019,4.8644595
Guinea-Bissau,GNB,2020,4.7216115
Guinea-Bissau,GNB,2021,4.591102
Guinea-Bissau,GNB,2022,4.466308
Guinea-Bissau,GNB,2023,4.3381386
Guinea-Bissau,GNB,2024,4.207278
Guyana,GUY,1949,11.547266
Guyana,GUY,1950,11.109578
Guyana,GUY,1951,10.696289
Guyana,GUY,1952,10.280965
Guyana,GUY,1953,9.853209
Guyana,GUY,1954,9.427327
Guyana,GUY,1955,9.000955
Guyana,GUY,1956,8.595918
Guyana,GUY,1957,8.193393
Guyana,GUY,1958,7.8109055
Guyana,GUY,1959,7.473616
Guyana,GUY,1960,7.168367
Guyana,GUY,1961,6.9015946
Guyana,GUY,1962,6.679627
Guyana,GUY,1963,6.5020776
Guyana,GUY,1964,6.3527746
Guyana,GUY,1965,6.244525
Guyana,GUY,1966,6.161291
Guyana,GUY,1967,6.102792
Guyana,GUY,1968,6.061102
Guyana,GUY,1969,6.038478
Guyana,GUY,1970,6.028913
Guyana,GUY,1971,6.034717
Guyana,GUY,1972,6.0391974
Guyana,GUY,1973,6.0521364
Guyana,GUY,1974,6.0639324
Guyana,GUY,1975,6.061568
Guyana,GUY,1976,6.058717
Guyana,GUY,1977,6.0466137
Guyana,GUY,1978,6.027576
Guyana,GUY,1979,6.0039797
Guyana,GUY,1980,5.9784207
Guyana,GUY,1981,5.9486237
Guyana,GUY,1982,5.9126105
Guyana,GUY,1983,5.8769064
Guyana,GUY,1984,5.832718
Guyana,GUY,1985,5.7838607
Guyana,GUY,1986,5.72415
Guyana,GUY,1987,5.647094
Guyana,GUY,1988,5.558085
Guyana,GUY,1989,5.449673
Guyana,GUY,1990,5.3276253
Guyana,GUY,1991,5.202051
Guyana,GUY,1992,5.0678144
Guyana,GUY,1993,4.9367175
Guyana,GUY,1994,4.810343
Guyana,GUY,1995,4.684735
Guyana,GUY,1996,4.567826
Guyana,GUY,1997,4.458327
Guyana,GUY,1998,4.35119
Guyana,GUY,1999,4.2503443
Guyana,GUY,2000,4.1482415
Guyana,GUY,2001,4.0545335
Guyana,GUY,2002,3.9676628
Guyana,GUY,2003,3.8777645
Guyana,GUY,2004,3.8027992
Guyana,GUY,2005,3.7295196
Guyana,GUY,2006,3.6607044
Guyana,GUY,2007,3.5946763
Guyana,GUY,2008,3.5307293
Guyana,GUY,2009,3.463973
Guyana,GUY,2010,3.4046788
Guyana,GUY,2011,3.3436444
Guyana,GUY,2012,3.2771022
Guyana,GUY,2013,3.2091393
Guyana,GUY,2014,3.131846
Guyana,GUY,2015,3.0437567
Guyana,GUY,2016,2.96093
Guyana,GUY,2017,2.8789766
Guyana,GUY,2018,2.7927372
Guyana,GUY,2019,2.712509
Guyana,GUY,2020,2.629915
Guyana,GUY,2021,2.5527568
Guyana,GUY,2022,2.4762874
Guyana,GUY,2023,2.395377
Guyana,GUY,2024,2.3235152
Haiti,HTI,1960,19.53581
Haiti,HTI,1961,19.275064
Haiti,HTI,1962,19.018469
Haiti,HTI,1963,18.791698
Haiti,HTI,1964,18.534777
Haiti,HTI,1965,18.280638
Haiti,HTI,1966,18.006416
Haiti,HTI,1967,17.718706
Haiti,HTI,1968,17.42956
Haiti,HTI,1969,17.114698
Haiti,HTI,1970,16.799877
Haiti,HTI,1971,16.475433
Haiti,HTI,1972,16.12149
Haiti,HTI,1973,15.742302
Haiti,HTI,1974,15.355228
Haiti,HTI,1975,14.973038
Haiti,HTI,1976,14.5694
Haiti,HTI,1977,14.190799
Haiti,HTI,1978,13.816488
Haiti,HTI,1979,13.444104
Haiti,HTI,1980,13.083157
Haiti,HTI,1981,12.731243
Haiti,HTI,1982,12.375417
Haiti,HTI,1983,12.01863
Haiti,HTI,1984,11.687518
Haiti,HTI,1985,11.359495
Haiti,HTI,1986,11.039972
Haiti,HTI,1987,10.734498
Haiti,HTI,1988,10.436748
Haiti,HTI,1989,10.143516
Haiti,HTI,1990,9.858903
Haiti,HTI,1991,9.574539
Haiti,HTI,1992,9.296135
Haiti,HTI,1993,9.013142
Haiti,HTI,1994,8.730625
Haiti,HTI,1995,8.444356
Haiti,HTI,1996,8.158419
Haiti,HTI,1997,7.878158
Haiti,HTI,1998,7.608833
Haiti,HTI,1999,7.347023
Haiti,HTI,2000,7.1064487
Haiti,HTI,2001,6.8766494
Haiti,HTI,2002,6.67127
Haiti,HTI,2003,6.4871554
Haiti,HTI,2004,6.3237605
Haiti,HTI,2005,6.175655
Haiti,HTI,2006,6.0423117
Haiti,HTI,2007,5.9143248
Haiti,HTI,2008,5.795547
Haiti,HTI,2009,5.675851
Haiti,HTI,2010,7.928727
Haiti,HTI,2011,5.4382095
Haiti,HTI,2012,5.3225822
Haiti,HTI,2013,5.204418
Haiti,HTI,2014,5.08692
Haiti,HTI,2015,4.9709015
Haiti,HTI,2016,4.848402
Haiti,HTI,2017,4.723934
Haiti,HTI,2018,4.6029835
Haiti,HTI,2019,4.473186
Haiti,HTI,2020,4.36267
Haiti,HTI,2021,4.2500434
Haiti,HTI,2022,4.129315
Haiti,HTI,2023,4.0090284
Haiti,HTI,2024,3.8986328
High-income countries,OWID_HIC,1959,3.9668627
High-income countries,OWID_HIC,1960,3.823172
High-income countries,OWID_HIC,1961,3.64619
High-income countries,OWID_HIC,1962,3.475239
High-income countries,OWID_HIC,1963,3.3116298
High-income countries,OWID_HIC,1964,3.154591
High-income countries,OWID_HIC,1965,3.0139065
High-income countries,OWID_HIC,1966,2.9060767
High-income countries,OWID_HIC,1967,2.8159986
High-income countries,OWID_HIC,1968,2.7221606
High-income countries,OWID_HIC,1969,2.5836535
High-income countries,OWID_HIC,1970,2.4628417
High-income countries,OWID_HIC,1971,2.3466763
High-income countries,OWID_HIC,1972,2.2445462
High-income countries,OWID_HIC,1973,2.2814107
High-income countries,OWID_HIC,1974,2.19377
High-income countries,OWID_HIC,1975,2.1111455
High-income countries,OWID_HIC,1976,2.025088
High-income countries,OWID_HIC,1977,1.9346917
High-income countries,OWID_HIC,1978,1.8481661
High-income countries,OWID_HIC,1979,1.770393
High-income countries,OWID_HIC,1980,1.6975645
High-income countries,OWID_HIC,1981,1.6301435
High-income countries,OWID_HIC,1982,1.5680434
High-income countries,OWID_HIC,1983,1.5107356
High-income countries,OWID_HIC,1984,1.4564586
High-income countries,OWID_HIC,1985,1.4025917
High-income countries,OWID_HIC,1986,1.3562286
High-income countries,OWID_HIC,1987,1.3117365
High-income countries,OWID_HIC,1988,1.2598789
High-income countries,OWID_HIC,1989,1.2039235
High-income countries,OWID_HIC,1990,1.1478745
High-income countries,OWID_HIC,1991,1.095738
High-income countries,OWID_HIC,1992,1.0475067
High-income countries,OWID_HIC,1993,1.0007112
High-income countries,OWID_HIC,1994,0.9591948
High-income countries,OWID_HIC,1995,0.92212874
High-income countries,OWID_HIC,1996,0.8838816
High-income countries,OWID_HIC,1997,0.847734
High-income countries,OWID_HIC,1998,0.8165499
High-income countries,OWID_HIC,1999,0.78659153
High-income countries,OWID_HIC,2000,0.7571573
High-income countries,OWID_HIC,2001,0.7322548
High-income countries,OWID_HIC,2002,0.7111287
High-income countries,OWID_HIC,2003,0.69044286
High-income countries,OWID_HIC,2004,0.66788465
High-income countries,OWID_HIC,2005,0.64471936
High-income countries,OWID_HIC,2006,0.6219677
High-income countries,OWID_HIC,2007,0.6018345
High-income countries,OWID_HIC,2008,0.5838225
High-income countries,OWID_HIC,2009,0.5671221
High-income countries,OWID_HIC,2010,0.5513891
High-income countries,OWID_HIC,2011,0.5372902
High-income countries,OWID_HIC,2012,0.5254006
High-income countries,OWID_HIC,2013,0.5133567
High-income countries,OWID_HIC,2014,0.5000685
High-income countries,OWID_HIC,2015,0.4855757
High-income countries,OWID_HIC,2016,0.47080782
High-income countries,OWID_HIC,2017,0.45712358
High-income countries,OWID_HIC,2018,0.44552577
High-income countries,OWID_HIC,2019,0.43637532
High-income countries,OWID_HIC,2020,0.42934793
High-income countries,OWID_HIC,2021,0.42477888
High-income countries,OWID_HIC,2022,0.42400056
High-income countries,OWID_HIC,2023,0.42487797
High-income countries,OWID_HIC,2024,0.42370588
Honduras,HND,1956,15.824485
Honduras,HND,1957,15.403504
Honduras,HND,1958,14.990809
Honduras,HND,1959,14.571173
Honduras,HND,1960,14.18121
Honduras,HND,1961,13.804745
Honduras,HND,1962,13.438776
Honduras,HND,1963,13.080702
Honduras,HND,1964,12.709262
Honduras,HND,1965,12.353857
Honduras,HND,1966,11.983181
Honduras,HND,1967,11.610911
Honduras,HND,1968,11.245923
Honduras,HND,1969,10.88357
Honduras,HND,1970,10.520108
Honduras,HND,1971,10.162876
Honduras,HND,1972,9.804076
Honduras,HND,1973,9.448468
Honduras,HND,1974,10.064524
Honduras,HND,1975,8.754073
Honduras,HND,1976,8.410851
Honduras,HND,1977,8.070565
Honduras,HND,1978,7.741471
Honduras,HND,1979,7.416705
Honduras,HND,1980,7.0938735
Honduras,HND,1981,6.7796025
Honduras,HND,1982,6.4746327
Honduras,HND,1983,6.17986
Honduras,HND,1984,5.898508
Honduras,HND,1985,5.6286683
Honduras,HND,1986,5.3735943
Honduras,HND,1987,5.1257353
Honduras,HND,1988,4.8948073
Honduras,HND,1989,4.6729484
Honduras,HND,1990,4.465365
Honduras,HND,1991,4.270551
Honduras,HND,1992,4.0891814
Honduras,HND,1993,3.92307
Honduras,HND,1994,3.7672396
Honduras,HND,1995,3.6185997
Honduras,HND,1996,3.479518
Honduras,HND,1997,3.346049
Honduras,HND,1998,4.1476684
Honduras,HND,1999,3.0876107
Honduras,HND,2000,2.9622395
Honduras,HND,2001,2.8413582
Honduras,HND,2002,2.7248235
Honduras,HND,2003,2.6129801
Honduras,HND,2004,2.5082526
Honduras,HND,2005,2.410004
Honduras,HND,2006,2.3186328
Honduras,HND,2007,2.2323751
Honduras,HND,2008,2.1531584
Honduras,HND,2009,2.0793977
Honduras,HND,2010,2.0092328
Honduras,HND,2011,1.9419969
Honduras,HND,2012,1.879379
Honduras,HND,2013,1.8190252
Honduras,HND,2014,1.759634
Honduras,HND,2015,1.7012767
Honduras,HND,2016,1.6455852
Honduras,HND,2017,1.5913148
Honduras,HND,2018,1.5397934
Honduras,HND,2019,1.4931986
Honduras,HND,2020,1.4456463
Honduras,HND,2021,1.4012353
Honduras,HND,2022,1.3584043
Honduras,HND,2023,1.3168288
Honduras,HND,2024,1.2752538
Hungary,HUN,1949,9.577372
Hungary,HUN,1950,8.678717
Hungary,HUN,1951,7.877074
Hungary,HUN,1952,7.1767535
Hungary,HUN,1953,6.5982466
Hungary,HUN,1954,6.177366
Hungary,HUN,1955,5.924164
Hungary,HUN,1956,5.7674103
Hungary,HUN,1957,5.5862727
Hungary,HUN,1958,5.336177
Hungary,HUN,1959,5.0587296
Hungary,HUN,1960,4.804662
Hungary,HUN,1961,4.587499
Hungary,HUN,1962,4.402009
Hungary,HUN,1963,4.2464657
Hungary,HUN,1964,4.1120763
Hungary,HUN,1965,3.993697
Hungary,HUN,1966,3.885414
Hungary,HUN,1967,3.7814732
Hungary,HUN,1968,3.6813898
Hungary,HUN,1969,3.5904112
Hungary,HUN,1970,3.5155134
Hungary,HUN,1971,3.4698458
Hungary,HUN,1972,3.4642088
Hungary,HUN,1973,3.4781332
Hungary,HUN,1974,3.42075
Hungary,HUN,1975,3.217879
Hungary,HUN,1976,2.927959
Hungary,HUN,1977,2.6564293
Hungary,HUN,1978,2.4471476
Hungary,HUN,1979,2.281953
Hungary,HUN,1980,2.1428585
Hungary,HUN,1981,2.0372036
Hungary,HUN,1982,1.9832093
Hungary,HUN,1983,1.9749323
Hungary,HUN,1984,1.9702164
Hungary,HUN,1985,1.9269731
Hungary,HUN,1986,1.8464984
Hungary,HUN,1987,1.7517048
Hungary,HUN,1988,1.6589715
Hungary,HUN,1989,1.5790927
Hungary,HUN,1990,1.5165857
Hungary,HUN,1991,1.455827
Hungary,HUN,1992,1.3733786
Hungary,HUN,1993,1.2669859
Hungary,HUN,1994,1.1647518
Hungary,HUN,1995,1.0878125
Hungary,HUN,1996,1.0336665
Hungary,HUN,1997,0.9914221
Hungary,HUN,1998,0.9530862
Hungary,HUN,1999,0.9123945
Hungary,HUN,2000,0.8655437
Hungary,HUN,2001,0.8143655
Hungary,HUN,2002,0.7638541
Hungary,HUN,2003,0.7170216
Hungary,HUN,2004,0.6757941
Hungary,HUN,2005,0.6401103
Hungary,HUN,2006,0.6085472
Hungary,HUN,2007,0.57900137
Hungary,HUN,2008,0.55078113
Hungary,HUN,2009,0.52678144
Hungary,HUN,2010,0.50905496
Hungary,HUN,2011,0.4955551
Hungary,HUN,2012,0.4827106
Hungary,HUN,2013,0.4678143
Hungary,HUN,2014,0.44850087
Hungary,HUN,2015,0.4236283
Hungary,HUN,2016,0.39700162
Hungary,HUN,2017,0.37389478
Hungary,HUN,2018,0.3569862
Hungary,HUN,2019,0.34481877
Hungary,HUN,2020,0.33623618
Hungary,HUN,2021,0.32955012
Hungary,HUN,2022,0.32305196
Hungary,HUN,2023,0.31535915
Hungary,HUN,2024,0.3070864
Iceland,ISL,1949,2.5766356
Iceland,ISL,1950,2.4511976
Iceland,ISL,1951,2.3325589
Iceland,ISL,1952,2.2227407
Iceland,ISL,1953,2.1227314
Iceland,ISL,1954,2.0346096
Iceland,ISL,1955,1.9582831
Iceland,ISL,1956,1.8931806
Iceland,ISL,1957,1.8390743
Iceland,ISL,1958,1.7947706
Iceland,ISL,1959,1.75803
Iceland,ISL,1960,1.728041
Iceland,ISL,1961,1.6993864
Iceland,ISL,1962,1.6689942
Iceland,ISL,1963,1.6339246
Iceland,ISL,1964,1.5930233
Iceland,ISL,1965,1.5458677
Iceland,ISL,1966,1.4949777
Iceland,ISL,1967,1.4422749
Iceland,ISL,1968,1.3898107
Iceland,ISL,1969,1.3388953
Iceland,ISL,1970,1.2900158
Iceland,ISL,1971,1.2411224
Iceland,ISL,1972,1.1924781
Iceland,ISL,1973,1.1429418
Iceland,ISL,1974,1.0918144
Iceland,ISL,1975,1.038924
Iceland,ISL,1976,0.9851407
Iceland,ISL,1977,0.93200594
Iceland,ISL,1978,0.8801916
Iceland,ISL,1979,0.83057773
Iceland,ISL,1980,0.7839541
Iceland,ISL,1981,0.7415055
Iceland,ISL,1982,0.704074
Iceland,ISL,1983,0.6708645
Iceland,ISL,1984,0.64188695
Iceland,ISL,1985,0.6162882
Iceland,ISL,1986,0.59355927
Iceland,ISL,1987,0.5729666
Iceland,ISL,1988,0.5540725
Iceland,ISL,1989,0.53525174
Iceland,ISL,1990,0.51640165
Iceland,ISL,1991,0.4969771
Iceland,ISL,1992,0.47674912
Iceland,ISL,1993,0.45581087
Iceland,ISL,1994,0.43449366
Iceland,ISL,1995,0.41227242
Iceland,ISL,1996,0.39026737
Iceland,ISL,1997,0.3685099
Iceland,ISL,1998,0.34753376
Iceland,ISL,1999,0.32748523
Iceland,ISL,2000,0.30878252
Iceland,ISL,2001,0.29148075
Iceland,ISL,2002,0.27594784
Iceland,ISL,2003,0.26177725
Iceland,ISL,2004,0.2489826
Iceland,ISL,2005,0.23797786
Iceland,ISL,2006,0.22868083
Iceland,ISL,2007,0.22043917
Iceland,ISL,2008,0.21346723
Iceland,ISL,2009,0.20775391
Iceland,ISL,2010,0.20362091
Iceland,ISL,2011,0.200531
Iceland,ISL,2012,0.19864933
Iceland,ISL,2013,0.19756484
Iceland,ISL,2014,0.19761813
Iceland,ISL,2015,0.19848281
Iceland,ISL,2016,0.20035683
Iceland,ISL,2017,0.20240265
Iceland,ISL,2018,0.20524463
Iceland,ISL,2019,0.20830683
Iceland,ISL,2020,0.21179827
Iceland,ISL,2021,0.21449469
Iceland,ISL,2022,0.21534064
Iceland,ISL,2023,0.21468651
Iceland,ISL,2024,0.21226196
India,IND,1953,16.667017
India,IND,1954,16.424784
India,IND,1955,16.169968
India,IND,1956,15.926228
India,IND,1957,15.69072
India,IND,1958,15.463665
India,IND,1959,15.245223
India,IND,1960,15.037542
India,IND,1961,14.843357
India,IND,1962,14.662313
India,IND,1963,14.496505
India,IND,1964,14.346818
India,IND,1965,14.195752
India,IND,1966,14.053294
India,IND,1967,13.920854
India,IND,1968,13.79076
India,IND,1969,13.638761
India,IND,1970,13.482074
India,IND,1971,13.31482
India,IND,1972,13.124327
India,IND,1973,12.904027
India,IND,1974,12.669916
India,IND,1975,12.39948
India,IND,1976,12.108459
India,IND,1977,11.793847
India,IND,1978,11.467471
India,IND,1979,11.137847
India,IND,1980,10.820726
India,IND,1981,10.51988
India,IND,1982,10.240605
India,IND,1983,9.983266
India,IND,1984,9.745546
India,IND,1985,9.51611
India,IND,1986,9.297055
India,IND,1987,9.0761795
India,IND,1988,8.856805
India,IND,1989,8.644022
India,IND,1990,8.440183
India,IND,1991,8.2493105
India,IND,1992,8.069411
India,IND,1993,7.898336
India,IND,1994,7.732419
India,IND,1995,7.5618854
India,IND,1996,7.386762
India,IND,1997,7.2056336
India,IND,1998,7.018535
India,IND,1999,6.8267527
India,IND,2000,6.6314898
India,IND,2001,6.4319234
India,IND,2002,6.235117
India,IND,2003,6.0397305
India,IND,2004,5.845517
India,IND,2005,5.6517887
India,IND,2006,5.453774
India,IND,2007,5.253401
India,IND,2008,5.047138
India,IND,2009,4.8390684
India,IND,2010,4.62922
India,IND,2011,4.420749
India,IND,2012,4.2162905
India,IND,2013,4.014313
India,IND,2014,3.8201466
India,IND,2015,3.6332126
India,IND,2016,3.4551303
India,IND,2017,3.287315
India,IND,2018,3.1276753
India,IND,2019,2.9760666
India,IND,2020,2.8332438
India,IND,2021,2.69623
India,IND,2022,2.5679808
India,IND,2023,2.4473224
India,IND,2024,2.3349822
Indonesia,IDN,1952,18.569027
Indonesia,IDN,1953,18.017008
Indonesia,IDN,1954,17.478596
Indonesia,IDN,1955,16.942348
Indonesia,IDN,1956,16.439238
Indonesia,IDN,1957,15.960459
Indonesia,IDN,1958,15.508547
Indonesia,IDN,1959,15.08001
Indonesia,IDN,1960,14.6749325
Indonesia,IDN,1961,14.287333
Indonesia,IDN,1962,13.933872
Indonesia,IDN,1963,13.573936
Indonesia,IDN,1964,13.228952
Indonesia,IDN,1965,14.272112
Indonesia,IDN,1966,12.540462
Indonesia,IDN,1967,12.202911
Indonesia,IDN,1968,11.862736
Indonesia,IDN,1969,11.5355625
Indonesia,IDN,1970,11.219743
Indonesia,IDN,1971,10.908803
Indonesia,IDN,1972,10.614039
Indonesia,IDN,1973,10.33052
Indonesia,IDN,1974,10.063009
Indonesia,IDN,1975,9.802956
Indonesia,IDN,1976,9.560556
Indonesia,IDN,1977,9.331897
Indonesia,IDN,1978,9.111193
Indonesia,IDN,1979,8.897538
Indonesia,IDN,1980,8.6920185
Indonesia,IDN,1981,8.482691
Indonesia,IDN,1982,8.273854
Indonesia,IDN,1983,8.063258
Indonesia,IDN,1984,7.8479815
Indonesia,IDN,1985,7.6316557
Indonesia,IDN,1986,7.408508
Indonesia,IDN,1987,7.177172
Indonesia,IDN,1988,6.9402256
Indonesia,IDN,1989,6.6939793
Indonesia,IDN,1990,6.440799
Indonesia,IDN,1991,6.1842046
Indonesia,IDN,1992,5.92903
Indonesia,IDN,1993,5.6777544
Indonesia,IDN,1994,5.4331393
Indonesia,IDN,1995,5.1963854
Indonesia,IDN,1996,4.96745
Indonesia,IDN,1997,4.747733
Indonesia,IDN,1998,4.53587
Indonesia,IDN,1999,4.3351483
Indonesia,IDN,2000,4.144274
Indonesia,IDN,2001,3.9641445
Indonesia,IDN,2002,3.7923415
Indonesia,IDN,2003,3.6288495
Indonesia,IDN,2004,3.687815
Indonesia,IDN,2005,3.3293054
Indonesia,IDN,2006,3.1924775
Indonesia,IDN,2007,3.060698
Indonesia,IDN,2008,2.9355059
Indonesia,IDN,2009,2.8173854
Indonesia,IDN,2010,2.7037423
Indonesia,IDN,2011,2.5943625
Indonesia,IDN,2012,2.4888313
Indonesia,IDN,2013,2.3889308
Indonesia,IDN,2014,2.2899644
Indonesia,IDN,2015,2.1939018
Indonesia,IDN,2016,2.1022873
Indonesia,IDN,2017,2.013224
Indonesia,IDN,2018,1.9286764
Indonesia,IDN,2019,1.8482211
Indonesia,IDN,2020,1.7705323
Indonesia,IDN,2021,1.6976886
Indonesia,IDN,2022,1.6324098
Indonesia,IDN,2023,1.5720763
Indonesia,IDN,2024,1.5174754
Iran,IRN,1971,14.437695
Iran,IRN,1972,13.849134
Iran,IRN,1973,13.29313
Iran,IRN,1974,12.717872
Iran,IRN,1975,12.121587
Iran,IRN,1976,11.505941
Iran,IRN,1977,10.850241
Iran,IRN,1978,10.17816
Iran,IRN,1979,9.504228
Iran,IRN,1980,8.851958
Iran,IRN,1981,8.232569
Iran,IRN,1982,7.6769047
Iran,IRN,1983,7.182389
Iran,IRN,1984,6.7565928
Iran,IRN,1985,6.377712
Iran,IRN,1986,6.036669
Iran,IRN,1987,5.722392
Iran,IRN,1988,5.4259777
Iran,IRN,1989,5.1516385
Iran,IRN,1990,4.9012733
Iran,IRN,1991,4.6760035
Iran,IRN,1992,4.474403
Iran,IRN,1993,4.298307
Iran,IRN,1994,4.135507
Iran,IRN,1995,3.9784114
Iran,IRN,1996,3.8263915
Iran,IRN,1997,3.6688368
Iran,IRN,1998,3.5070653
Iran,IRN,1999,3.3414154
Iran,IRN,2000,3.1732874
Iran,IRN,2001,3.0039527
Iran,IRN,2002,2.8324564
Iran,IRN,2003,2.6618035
Iran,IRN,2004,2.4968967
Iran,IRN,2005,2.3415139
Iran,IRN,2006,2.195169
Iran,IRN,2007,2.0582314
Iran,IRN,2008,1.9327886
Iran,IRN,2009,1.8211166
Iran,IRN,2010,1.7265012
Iran,IRN,2011,1.645146
Iran,IRN,2012,1.5744786
Iran,IRN,2013,1.5102345
Iran,IRN,2014,1.4542396
Iran,IRN,2015,1.3995465
Iran,IRN,2016,1.3482288
Iran,IRN,2017,1.3008084
Iran,IRN,2018,1.2576058
Iran,IRN,2019,1.2146459
Iran,IRN,2020,1.1768022
Iran,IRN,2021,1.1414989
Iran,IRN,2022,1.1010802
Iran,IRN,2023,1.0643125
Iran,IRN,2024,1.03185
Iraq,IRQ,1942,37.150433
Iraq,IRQ,1943,35.277943
Iraq,IRQ,1944,33.560425
Iraq,IRQ,1945,31.877556
Iraq,IRQ,1946,30.301252
Iraq,IRQ,1947,28.81245
Iraq,IRQ,1948,27.335457
Iraq,IRQ,1949,25.904005
Iraq,IRQ,1950,24.53845
Iraq,IRQ,1951,23.199614
Iraq,IRQ,1952,21.92752
Iraq,IRQ,1953,20.682032
Iraq,IRQ,1954,19.517822
Iraq,IRQ,1955,18.410547
Iraq,IRQ,1956,17.35318
Iraq,IRQ,1957,16.369274
Iraq,IRQ,1958,15.46153
Iraq,IRQ,1959,14.605151
Iraq,IRQ,1960,13.806761
Iraq,IRQ,1961,13.075905
Iraq,IRQ,1962,12.39602
Iraq,IRQ,1963,11.777129
Iraq,IRQ,1964,11.193509
Iraq,IRQ,1965,10.663759
Iraq,IRQ,1966,10.167704
Iraq,IRQ,1967,9.712662
Iraq,IRQ,1968,9.2895775
Iraq,IRQ,1969,8.89847
Iraq,IRQ,1970,8.527314
Iraq,IRQ,1971,8.17615
Iraq,IRQ,1972,7.843362
Iraq,IRQ,1973,7.5253263
Iraq,IRQ,1974,7.2190323
Iraq,IRQ,1975,6.9280066
Iraq,IRQ,1976,6.655336
Iraq,IRQ,1977,6.400669
Iraq,IRQ,1978,6.164197
Iraq,IRQ,1979,5.9434767
Iraq,IRQ,1980,5.7400045
Iraq,IRQ,1981,5.555052
Iraq,IRQ,1982,5.381993
Iraq,IRQ,1983,5.2250104
Iraq,IRQ,1984,5.078162
Iraq,IRQ,1985,4.946273
Iraq,IRQ,1986,4.8286858
Iraq,IRQ,1987,4.7253404
Iraq,IRQ,1988,5.1739097
Iraq,IRQ,1989,5.645684
Iraq,IRQ,1990,5.5615067
Iraq,IRQ,1991,4.912243
Iraq,IRQ,1992,4.3437324
Iraq,IRQ,1993,4.280199
Iraq,IRQ,1994,4.222093
Iraq,IRQ,1995,4.1611085
Iraq,IRQ,1996,4.103896
Iraq,IRQ,1997,4.042765
Iraq,IRQ,1998,3.977724
Iraq,IRQ,1999,3.9104853
Iraq,IRQ,2000,3.8418014
Iraq,IRQ,2001,3.775275
Iraq,IRQ,2002,3.707605
Iraq,IRQ,2003,3.6401834
Iraq,IRQ,2004,3.5736802
Iraq,IRQ,2005,3.5042357
Iraq,IRQ,2006,3.4291306
Iraq,IRQ,2007,3.3480287
Iraq,IRQ,2008,3.2661135
Iraq,IRQ,2009,3.178843
Iraq,IRQ,2010,3.0918596
Iraq,IRQ,2011,3.0042603
Iraq,IRQ,2012,2.9171097
Iraq,IRQ,2013,2.831104
Iraq,IRQ,2014,2.7469735
Iraq,IRQ,2015,2.6648154
Iraq,IRQ,2016,2.585823
Iraq,IRQ,2017,2.5075634
Iraq,IRQ,2018,2.4279559
Iraq,IRQ,2019,2.353903
Iraq,IRQ,2020,2.2820377
Iraq,IRQ,2021,2.2092233
Iraq,IRQ,2022,2.1405203
Iraq,IRQ,2023,2.0748687
Iraq,IRQ,2024,2.0135713
Ireland,IRL,1949,4.682099
Ireland,IRL,1950,4.5231915
Ireland,IRL,1951,4.355197
Ireland,IRL,1952,4.171598
Ireland,IRL,1953,3.9857452
Ireland,IRL,1954,3.811765
Ireland,IRL,1955,3.6563203
Ireland,IRL,1956,3.522719
Ireland,IRL,1957,3.4085038
Ireland,IRL,1958,3.295717
Ireland,IRL,1959,3.1723397
Ireland,IRL,1960,3.0422325
Ireland,IRL,1961,2.9219515
Ireland,IRL,1962,2.814673
Ireland,IRL,1963,2.7116933
Ireland,IRL,1964,2.6018233
Ireland,IRL,1965,2.4808931
Ireland,IRL,1966,2.345603
Ireland,IRL,1967,2.2028372
Ireland,IRL,1968,2.074202
Ireland,IRL,1969,1.9755778
Ireland,IRL,1970,1.9065701
Ireland,IRL,1971,1.8610754
Ireland,IRL,1972,1.8284346
Ireland,IRL,1973,1.7956885
Ireland,IRL,1974,1.7509792
Ireland,IRL,1975,1.6896418
Ireland,IRL,1976,1.612329
Ireland,IRL,1977,1.519966
Ireland,IRL,1978,1.4152887
Ireland,IRL,1979,1.3022264
Ireland,IRL,1980,1.1922883
Ireland,IRL,1981,1.0993685
Ireland,IRL,1982,1.0278616
Ireland,IRL,1983,0.9718723
Ireland,IRL,1984,0.9255944
Ireland,IRL,1985,0.88868195
Ireland,IRL,1986,0.8619884
Ireland,IRL,1987,0.8429336
Ireland,IRL,1988,0.82369524
Ireland,IRL,1989,0.79689956
Ireland,IRL,1990,0.76127684
Ireland,IRL,1991,0.7180604
Ireland,IRL,1992,0.673226
Ireland,IRL,1993,0.6360523
Ireland,IRL,1994,0.6141459
Ireland,IRL,1995,0.6061948
Ireland,IRL,1996,0.60619295
Ireland,IRL,1997,0.6094116
Ireland,IRL,1998,0.6122401
Ireland,IRL,1999,0.6099666
Ireland,IRL,2000,0.5995525
Ireland,IRL,2001,0.57819927
Ireland,IRL,2002,0.5458182
Ireland,IRL,2003,0.50852424
Ireland,IRL,2004,0.4705662
Ireland,IRL,2005,0.4367204
Ireland,IRL,2006,0.4097582
Ireland,IRL,2007,0.39036924
Ireland,IRL,2008,0.37639052
Ireland,IRL,2009,0.36516112
Ireland,IRL,2010,0.3557011
Ireland,IRL,2011,0.34766173
Ireland,IRL,2012,0.34049731
Ireland,IRL,2013,0.33319846
Ireland,IRL,2014,0.32552063
Ireland,IRL,2015,0.31758794
Ireland,IRL,2016,0.3097773
Ireland,IRL,2017,0.30317163
Ireland,IRL,2018,0.2997937
Ireland,IRL,2019,0.3011743
Ireland,IRL,2020,0.30682805
Ireland,IRL,2021,0.31603587
Ireland,IRL,2022,0.3272055
Ireland,IRL,2023,0.3370373
Ireland,IRL,2024,0.34316272
Israel,ISR,1952,5.1800575
Israel,ISR,1953,5.0176325
Israel,ISR,1954,4.853722
Israel,ISR,1955,4.6954985
Israel,ISR,1956,4.532783
Israel,ISR,1957,4.3617625
Israel,ISR,1958,4.1903915
Israel,ISR,1959,4.015203
Israel,ISR,1960,3.8399734
Israel,ISR,1961,3.671183
Israel,ISR,1962,3.5087435
Israel,ISR,1963,3.3533497
Israel,ISR,1964,3.205652
Israel,ISR,1965,3.0654867
Israel,ISR,1966,2.9351282
Israel,ISR,1967,2.8169525
Israel,ISR,1968,2.7125785
Israel,ISR,1969,2.6211748
Israel,ISR,1970,2.53979
Israel,ISR,1971,2.4645872
Israel,ISR,1972,2.3907473
Israel,ISR,1973,2.3131208
Israel,ISR,1974,2.2219207
Israel,ISR,1975,2.111076
Israel,ISR,1976,1.9865853
Israel,ISR,1977,1.8599452
Israel,ISR,1978,1.7424426
Israel,ISR,1979,1.6377031
Israel,ISR,1980,1.5490984
Israel,ISR,1981,1.4742022
Israel,ISR,1982,1.4066353
Israel,ISR,1983,1.3426031
Israel,ISR,1984,1.2796843
Israel,ISR,1985,1.216876
Israel,ISR,1986,1.1562029
Israel,ISR,1987,1.101184
Israel,ISR,1988,1.0525275
Israel,ISR,1989,1.0071187
Israel,ISR,1990,0.96227473
Israel,ISR,1991,0.9153662
Israel,ISR,1992,0.8650386
Israel,ISR,1993,0.8121903
Israel,ISR,1994,0.76122594
Israel,ISR,1995,0.7152201
Israel,ISR,1996,0.67481536
Israel,ISR,1997,0.6399591
Israel,ISR,1998,0.6098185
Israel,ISR,1999,0.5830764
Israel,ISR,2000,0.558839
Israel,ISR,2001,0.5359941
Israel,ISR,2002,0.51371914
Israel,ISR,2003,0.4914755
Israel,ISR,2004,0.46981433
Israel,ISR,2005,0.44898114
Israel,ISR,2006,0.42932454
Israel,ISR,2007,0.4111994
Israel,ISR,2008,0.3948335
Israel,ISR,2009,0.3801284
Israel,ISR,2010,0.36681
Israel,ISR,2011,0.35439244
Israel,ISR,2012,0.34303936
Israel,ISR,2013,0.33267644
Israel,ISR,2014,0.32323352
Israel,ISR,2015,0.3147852
Israel,ISR,2016,0.30699524
Israel,ISR,2017,0.29953346
Israel,ISR,2018,0.29242525
Israel,ISR,2019,0.2860497
Israel,ISR,2020,0.28078768
Israel,ISR,2021,0.2765026
Israel,ISR,2022,0.27292696
Israel,ISR,2023,0.26957068
Israel,ISR,2024,0.26585847
Italy,ITA,1950,7.07639
Italy,ITA,1951,6.5640497
Italy,ITA,1952,6.0983047
Italy,ITA,1953,5.6910176
Italy,ITA,1954,5.360669
Italy,ITA,1955,5.118103
Italy,ITA,1956,4.9438467
Italy,ITA,1957,4.8066955
Italy,ITA,1958,4.684852
Italy,ITA,1959,4.5595655
Italy,ITA,1960,4.419241
Italy,ITA,1961,4.261958
Italy,ITA,1962,4.0903788
Italy,ITA,1963,3.9117894
Italy,ITA,1964,3.7371488
Italy,ITA,1965,3.5778522
Italy,ITA,1966,3.4364874
Italy,ITA,1967,3.312962
Italy,ITA,1968,3.2030365
Italy,ITA,1969,3.0924504
Italy,ITA,1970,2.9664667
Italy,ITA,1971,2.8180563
Italy,ITA,1972,2.6429853
Italy,ITA,1973,2.4464357
Italy,ITA,1974,2.243591
Italy,ITA,1975,2.050667
Italy,ITA,1976,1.8770027
Italy,ITA,1977,1.7299392
Italy,ITA,1978,1.609064
Italy,ITA,1979,1.5088215
Italy,ITA,1980,1.421711
Italy,ITA,1981,1.3420482
Italy,ITA,1982,1.2649599
Italy,ITA,1983,1.1887456
Italy,ITA,1984,1.116577
Italy,ITA,1985,1.0517421
Italy,ITA,1986,0.9947835
Italy,ITA,1987,0.9456545
Italy,ITA,1988,0.9034712
Italy,ITA,1989,0.86750996
Italy,ITA,1990,0.8363645
Italy,ITA,1991,0.80505174
Italy,ITA,1992,0.7690013
Italy,ITA,1993,0.7263732
Italy,ITA,1994,0.6818591
Italy,ITA,1995,0.6392996
Italy,ITA,1996,0.5996472
Italy,ITA,1997,0.562953
Italy,ITA,1998,0.52908015
Italy,ITA,1999,0.49885115
Italy,ITA,2000,0.4726922
Italy,ITA,2001,0.449715
Italy,ITA,2002,0.42887595
Italy,ITA,2003,0.40972176
Italy,ITA,2004,0.39296034
Italy,ITA,2005,0.37918714
Italy,ITA,2006,0.36815178
Italy,ITA,2007,0.35923028
Italy,ITA,2008,0.35149494
Italy,ITA,2009,0.3442629
Italy,ITA,2010,0.3366251
Italy,ITA,2011,0.32860893
Italy,ITA,2012,0.3207311
Italy,ITA,2013,0.3131671
Italy,ITA,2014,0.3058413
Italy,ITA,2015,0.2986151
Italy,ITA,2016,0.29081723
Italy,ITA,2017,0.28192195
Italy,ITA,2018,0.2718506
Italy,ITA,2019,0.26176402
Italy,ITA,2020,0.25277087
Italy,ITA,2021,0.24521373
Italy,ITA,2022,0.23898642
Italy,ITA,2023,0.23398978
Italy,ITA,2024,0.22929436
Jamaica,JAM,1956,7.9183483
Jamaica,JAM,1957,7.530191
Jamaica,JAM,1958,7.1738963
Jamaica,JAM,1959,6.826963
Jamaica,JAM,1960,6.5252323
Jamaica,JAM,1961,6.244667
Jamaica,JAM,1962,6.000052
Jamaica,JAM,1963,5.787293
Jamaica,JAM,1964,5.6020236
Jamaica,JAM,1965,5.4422007
Jamaica,JAM,1966,5.2880983
Jamaica,JAM,1967,5.1399355
Jamaica,JAM,1968,4.9888644
Jamaica,JAM,1969,4.828368
Jamaica,JAM,1970,4.6587224
Jamaica,JAM,1971,4.4839797
Jamaica,JAM,1972,4.3007298
Jamaica,JAM,1973,4.1222157
Jamaica,JAM,1974,3.9554746
Jamaica,JAM,1975,3.8036005
Jamaica,JAM,1976,3.6696825
Jamaica,JAM,1977,3.5465145
Jamaica,JAM,1978,3.4274328
Jamaica,JAM,1979,3.325756
Jamaica,JAM,1980,3.2213387
Jamaica,JAM,1981,3.1233385
Jamaica,JAM,1982,3.031754
Jamaica,JAM,1983,2.9465404
Jamaica,JAM,1984,2.8625996
Jamaica,JAM,1985,2.7890284
Jamaica,JAM,1986,2.7162845
Jamaica,JAM,1987,2.6522427
Jamaica,JAM,1988,2.5903661
Jamaica,JAM,1989,2.528732
Jamaica,JAM,1990,2.4708402
Jamaica,JAM,1991,2.4143734
Jamaica,JAM,1992,2.3542511
Jamaica,JAM,1993,2.292257
Jamaica,JAM,1994,2.2308502
Jamaica,JAM,1995,2.166359
Jamaica,JAM,1996,2.0982542
Jamaica,JAM,1997,2.0284135
Jamaica,JAM,1998,1.9634647
Jamaica,JAM,1999,1.9020698
Jamaica,JAM,2000,1.8467522
Jamaica,JAM,2001,1.8020486
Jamaica,JAM,2002,1.7684557
Jamaica,JAM,2003,1.7466935
Jamaica,JAM,2004,1.7352083
Jamaica,JAM,2005,1.7319927
Jamaica,JAM,2006,1.7340173
Jamaica,JAM,2007,1.7375737
Jamaica,JAM,2008,1.7393221
Jamaica,JAM,2009,1.7390965
Jamaica,JAM,2010,1.737915
Jamaica,JAM,2011,1.7339613
Jamaica,JAM,2012,1.7307056
Jamaica,JAM,2013,1.7263751
Jamaica,JAM,2014,1.7215456
Jamaica,JAM,2015,1.7163279
Jamaica,JAM,2016,1.7143836
Jamaica,JAM,2017,1.7163407
Jamaica,JAM,2018,1.7205137
Jamaica,JAM,2019,1.7243723
Jamaica,JAM,2020,1.7211823
Jamaica,JAM,2021,1.7106982
Jamaica,JAM,2022,1.692961
Jamaica,JAM,2023,1.6689285
Jamaica,JAM,2024,1.6393653
Japan,JPN,1949,6.23686
Japan,JPN,1950,5.785993
Japan,JPN,1951,5.3695593
Japan,JPN,1952,4.991358
Japan,JPN,1953,4.6599364
Japan,JPN,1954,4.375912
Japan,JPN,1955,4.131602
Japan,JPN,1956,3.9162657
Japan,JPN,1957,3.7147453
Japan,JPN,1958,3.5060837
Japan,JPN,1959,3.281028
Japan,JPN,1960,3.0409825
Japan,JPN,1961,2.7905648
Japan,JPN,1962,2.5424714
Japan,JPN,1963,2.308335
Japan,JPN,1964,2.0962522
Japan,JPN,1965,1.9111446
Japan,JPN,1966,1.7547367
Japan,JPN,1967,1.6238561
Japan,JPN,1968,1.5137794
Japan,JPN,1969,1.4195815
Japan,JPN,1970,1.3369551
Japan,JPN,1971,1.2622641
Japan,JPN,1972,1.192909
Japan,JPN,1973,1.1265479
Japan,JPN,1974,1.0619109
Japan,JPN,1975,0.9996838
Japan,JPN,1976,0.94026613
Japan,JPN,1977,0.88397753
Japan,JPN,1978,0.83161867
Japan,JPN,1979,0.7833632
Japan,JPN,1980,0.73803353
Japan,JPN,1981,0.69531125
Japan,JPN,1982,0.6549124
Japan,JPN,1983,0.616786
Japan,JPN,1984,0.5812157
Japan,JPN,1985,0.54922163
Japan,JPN,1986,0.52149224
Japan,JPN,1987,0.4985745
Japan,JPN,1988,0.48080882
Japan,JPN,1989,0.46775964
Japan,JPN,1990,0.45838013
Japan,JPN,1991,0.4510539
Japan,JPN,1992,0.4443341
Japan,JPN,1993,0.43602827
Japan,JPN,1994,0.42517108
Japan,JPN,1995,0.411705
Japan,JPN,1996,0.3957581
Japan,JPN,1997,0.3783355
Japan,JPN,1998,0.36060658
Japan,JPN,1999,0.34350926
Japan,JPN,2000,0.32770997
Japan,JPN,2001,0.31376827
Japan,JPN,2002,0.3017359
Japan,JPN,2003,0.29143986
Japan,JPN,2004,0.28249943
Japan,JPN,2005,0.2743661
Japan,JPN,2006,0.26650023
Japan,JPN,2007,0.25884733
Japan,JPN,2008,0.25173092
Japan,JPN,2009,0.2450382
Japan,JPN,2010,0.23823757
Japan,JPN,2011,0.23321219
Japan,JPN,2012,0.22315885
Japan,JPN,2013,0.2155275
Japan,JPN,2014,0.20827137
Japan,JPN,2015,0.201637
Japan,JPN,2016,0.19580562
Japan,JPN,2017,0.19059066
Japan,JPN,2018,0.185816
Japan,JPN,2019,0.18152258
Japan,JPN,2020,0.1783467
Japan,JPN,2021,0.17686303
Japan,JPN,2022,0.17707586
Japan,JPN,2023,0.17886953
Japan,JPN,2024,0.18168198
Jordan,JOR,1945,20.112497
Jordan,JOR,1946,19.452866
Jordan,JOR,1947,18.798872
Jordan,JOR,1948,18.15745
Jordan,JOR,1949,17.515064
Jordan,JOR,1950,16.925976
Jordan,JOR,1951,16.307701
Jordan,JOR,1952,15.679212
Jordan,JOR,1953,15.087203
Jordan,JOR,1954,14.489019
Jordan,JOR,1955,13.88164
Jordan,JOR,1956,13.30021
Jordan,JOR,1957,12.719073
Jordan,JOR,1958,12.151574
Jordan,JOR,1959,11.598917
Jordan,JOR,1960,11.062468
Jordan,JOR,1961,10.555463
Jordan,JOR,1962,10.070898
Jordan,JOR,1963,9.613623
Jordan,JOR,1964,9.182538
Jordan,JOR,1965,8.783986
Jordan,JOR,1966,8.4098015
Jordan,JOR,1967,8.051822
Jordan,JOR,1968,7.720184
Jordan,JOR,1969,7.406876
Jordan,JOR,1970,7.1106772
Jordan,JOR,1971,6.824836
Jordan,JOR,1972,6.5469484
Jordan,JOR,1973,6.28092
Jordan,JOR,1974,6.0249524
Jordan,JOR,1975,5.7743545
Jordan,JOR,1976,5.532127
Jordan,JOR,1977,5.300525
Jordan,JOR,1978,5.077533
Jordan,JOR,1979,4.864688
Jordan,JOR,1980,4.6608653
Jordan,JOR,1981,4.4664025
Jordan,JOR,1982,4.2771316
Jordan,JOR,1983,4.0965624
Jordan,JOR,1984,3.9257605
Jordan,JOR,1985,3.7588513
Jordan,JOR,1986,3.6032915
Jordan,JOR,1987,3.458724
Jordan,JOR,1988,3.3278124
Jordan,JOR,1989,3.207496
Jordan,JOR,1990,3.0940971
Jordan,JOR,1991,2.991873
Jordan,JOR,1992,2.895275
Jordan,JOR,1993,2.8070867
Jordan,JOR,1994,2.7220721
Jordan,JOR,1995,2.6416125
Jordan,JOR,1996,2.5657635
Jordan,JOR,1997,2.49159
Jordan,JOR,1998,2.4207149
Jordan,JOR,1999,2.3506784
Jordan,JOR,2000,2.282318
Jordan,JOR,2001,2.214344
Jordan,JOR,2002,2.1485069
Jordan,JOR,2003,2.0843656
Jordan,JOR,2004,2.0223649
Jordan,JOR,2005,1.9623047
Jordan,JOR,2006,1.9043206
Jordan,JOR,2007,1.8496243
Jordan,JOR,2008,1.7973973
Jordan,JOR,2009,1.7477908
Jordan,JOR,2010,1.7014909
Jordan,JOR,2011,1.6569705
Jordan,JOR,2012,1.6158137
Jordan,JOR,2013,1.5765657
Jordan,JOR,2014,1.5386634
Jordan,JOR,2015,1.5023588
Jordan,JOR,2016,1.4675387
Jordan,JOR,2017,1.4326413
Jordan,JOR,2018,1.3987802
Jordan,JOR,2019,1.3650289
Jordan,JOR,2020,1.3320347
Jordan,JOR,2021,1.2995518
Jordan,JOR,2022,1.2636118
Jordan,JOR,2023,1.2293303
Jordan,JOR,2024,1.1951603
Kazakhstan,KAZ,1971,7.6266413
Kazakhstan,KAZ,1972,7.4281316
Kazakhstan,KAZ,1973,7.2487836
Kazakhstan,KAZ,1974,7.0744624
Kazakhstan,KAZ,1975,6.914708
Kazakhstan,KAZ,1976,6.7704353
Kazakhstan,KAZ,1977,6.645167
Kazakhstan,KAZ,1978,6.5044427
Kazakhstan,KAZ,1979,6.361758
Kazakhstan,KAZ,1980,6.181711
Kazakhstan,KAZ,1981,5.9867053
Kazakhstan,KAZ,1982,5.78208
Kazakhstan,KAZ,1983,5.5787086
Kazakhstan,KAZ,1984,5.377322
Kazakhstan,KAZ,1985,5.1740212
Kazakhstan,KAZ,1986,4.9746113
Kazakhstan,KAZ,1987,4.7952867
Kazakhstan,KAZ,1988,4.6340084
Kazakhstan,KAZ,1989,4.5080967
Kazakhstan,KAZ,1990,4.430948
Kazakhstan,KAZ,1991,4.402762
Kazakhstan,KAZ,1992,4.418547
Kazakhstan,KAZ,1993,4.4596066
Kazakhstan,KAZ,1994,4.4884553
Kazakhstan,KAZ,1995,4.4642143
Kazakhstan,KAZ,1996,4.3725324
Kazakhstan,KAZ,1997,4.2224655
Kazakhstan,KAZ,1998,4.026605
Kazakhstan,KAZ,1999,3.8081846
Kazakhstan,KAZ,2000,3.5802832
Kazakhstan,KAZ,2001,3.3568447
Kazakhstan,KAZ,2002,3.1465127
Kazakhstan,KAZ,2003,2.9551952
Kazakhstan,KAZ,2004,2.7722306
Kazakhstan,KAZ,2005,2.5938911
Kazakhstan,KAZ,2006,2.411918
Kazakhstan,KAZ,2007,2.2277622
Kazakhstan,KAZ,2008,2.040104
Kazakhstan,KAZ,2009,1.8522173
Kazakhstan,KAZ,2010,1.6686634
Kazakhstan,KAZ,2011,1.4920272
Kazakhstan,KAZ,2012,1.3253855
Kazakhstan,KAZ,2013,1.1735893
Kazakhstan,KAZ,2014,1.046547
Kazakhstan,KAZ,2015,0.94919306
Kazakhstan,KAZ,2016,0.88083375
Kazakhstan,KAZ,2017,0.83883286
Kazakhstan,KAZ,2018,0.8186489
Kazakhstan,KAZ,2019,0.80866146
Kazakhstan,KAZ,2020,0.799491
Kazakhstan,KAZ,2021,0.78803617
Kazakhstan,KAZ,2022,0.7745084
Kazakhstan,KAZ,2023,0.7589763
Kazakhstan,KAZ,2024,0.7419968
Kenya,KEN,1953,16.182304
Kenya,KEN,1954,15.2851515
Kenya,KEN,1955,14.475204
Kenya,KEN,1956,13.707642
Kenya,KEN,1957,13.005524
Kenya,KEN,1958,12.36804
Kenya,KEN,1959,11.787427
Kenya,KEN,1960,11.26715
Kenya,KEN,1961,10.812332
Kenya,KEN,1962,10.413513
Kenya,KEN,1963,10.0744705
Kenya,KEN,1964,9.7944975
Kenya,KEN,1965,9.573605
Kenya,KEN,1966,9.3956995
Kenya,KEN,1967,9.236024
Kenya,KEN,1968,9.078698
Kenya,KEN,1969,8.92052
Kenya,KEN,1970,8.762334
Kenya,KEN,1971,8.600052
Kenya,KEN,1972,8.434119
Kenya,KEN,1973,8.25477
Kenya,KEN,1974,8.062081
Kenya,KEN,1975,7.867581
Kenya,KEN,1976,7.6641374
Kenya,KEN,1977,7.4587216
Kenya,KEN,1978,7.252395
Kenya,KEN,1979,7.052775
Kenya,KEN,1980,6.8757286
Kenya,KEN,1981,6.708391
Kenya,KEN,1982,6.5662394
Kenya,KEN,1983,6.4405413
Kenya,KEN,1984,6.3484726
Kenya,KEN,1985,6.2965536
Kenya,KEN,1986,6.290154
Kenya,KEN,1987,6.3337812
Kenya,KEN,1988,6.4349613
Kenya,KEN,1989,6.5797634
Kenya,KEN,1990,6.7471633
Kenya,KEN,1991,6.90744
Kenya,KEN,1992,7.038972
Kenya,KEN,1993,7.11559
Kenya,KEN,1994,7.125828
Kenya,KEN,1995,7.0867167
Kenya,KEN,1996,7.017298
Kenya,KEN,1997,6.9149437
Kenya,KEN,1998,6.7738056
Kenya,KEN,1999,6.6005645
Kenya,KEN,2000,6.37311
Kenya,KEN,2001,6.1160455
Kenya,KEN,2002,5.834753
Kenya,KEN,2003,5.5510864
Kenya,KEN,2004,5.263185
Kenya,KEN,2005,4.952991
Kenya,KEN,2006,4.701806
Kenya,KEN,2007,4.501324
Kenya,KEN,2008,4.259428
Kenya,KEN,2009,4.2095766
Kenya,KEN,2010,4.1496677
Kenya,KEN,2011,4.0988436
Kenya,KEN,2012,4.1130476
Kenya,KEN,2013,4.0693793
Kenya,KEN,2014,4.0012436
Kenya,KEN,2015,3.8944776
Kenya,KEN,2016,3.8435817
Kenya,KEN,2017,3.824396
Kenya,KEN,2018,3.7481868
Kenya,KEN,2019,3.6954243
Kenya,KEN,2020,3.6535337
Kenya,KEN,2021,3.604071
Kenya,KEN,2022,3.547526
Kenya,KEN,2023,3.469857
Kenya,KEN,2024,3.4150085
Kiribati,KIR,1946,15.629312
Kiribati,KIR,1947,15.616041
Kiribati,KIR,1948,15.595284
Kiribati,KIR,1949,15.563686
Kiribati,KIR,1950,15.567109
Kiribati,KIR,1951,15.557105
Kiribati,KIR,1952,15.538337
Kiribati,KIR,1953,15.537509
Kiribati,KIR,1954,15.50964
Kiribati,KIR,1955,15.441712
Kiribati,KIR,1956,15.339937
Kiribati,KIR,1957,15.191873
Kiribati,KIR,1958,15.016159
Kiribati,KIR,1959,14.781795
Kiribati,KIR,1960,14.509375
Kiribati,KIR,1961,14.195864
Kiribati,KIR,1962,13.829707
Kiribati,KIR,1963,13.418839
Kiribati,KIR,1964,12.988014
Kiribati,KIR,1965,12.537553
Kiribati,KIR,1966,12.096214
Kiribati,KIR,1967,11.65949
Kiribati,KIR,1968,11.232661
Kiribati,KIR,1969,10.83819
Kiribati,KIR,1970,10.485579
Kiribati,KIR,1971,10.160401
Kiribati,KIR,1972,9.882987
Kiribati,KIR,1973,9.658102
Kiribati,KIR,1974,9.506573
Kiribati,KIR,1975,9.384516
Kiribati,KIR,1976,9.302502
Kiribati,KIR,1977,9.231394
Kiribati,KIR,1978,9.161708
Kiribati,KIR,1979,9.0796585
Kiribati,KIR,1980,8.977313
Kiribati,KIR,1981,8.874627
Kiribati,KIR,1982,8.735325
Kiribati,KIR,1983,8.583885
Kiribati,KIR,1984,8.420173
Kiribati,KIR,1985,8.231105
Kiribati,KIR,1986,8.016133
Kiribati,KIR,1987,7.768641
Kiribati,KIR,1988,7.4992642
Kiribati,KIR,1989,7.206337
Kiribati,KIR,1990,6.922411
Kiribati,KIR,1991,6.641999
Kiribati,KIR,1992,6.383803
Kiribati,KIR,1993,6.149114
Kiribati,KIR,1994,5.941383
Kiribati,KIR,1995,5.747765
Kiribati,KIR,1996,5.5751004
Kiribati,KIR,1997,5.4102583
Kiribati,KIR,1998,5.2454977
Kiribati,KIR,1999,5.081549
Kiribati,KIR,2000,4.9232106
Kiribati,KIR,2001,4.7807255
Kiribati,KIR,2002,4.657167
Kiribati,KIR,2003,4.563284
Kiribati,KIR,2004,4.4992027
Kiribati,KIR,2005,4.4493012
Kiribati,KIR,2006,4.406917
Kiribati,KIR,2007,4.3624744
Kiribati,KIR,2008,4.3177443
Kiribati,KIR,2009,4.268874
Kiribati,KIR,2010,4.2316985
Kiribati,KIR,2011,4.2041845
Kiribati,KIR,2012,4.1917005
Kiribati,KIR,2013,4.2013206
Kiribati,KIR,2014,4.2178583
Kiribati,KIR,2015,4.2564664
Kiribati,KIR,2016,4.2882514
Kiribati,KIR,2017,4.317253
Kiribati,KIR,2018,4.31749
Kiribati,KIR,2019,4.28646
Kiribati,KIR,2020,4.232385
Kiribati,KIR,2021,4.156691
Kiribati,KIR,2022,4.0731473
Kiribati,KIR,2023,3.9781055
Kiribati,KIR,2024,3.881008
Kosovo,OWID_KOS,1985,12.783431
Kosovo,OWID_KOS,1986,11.939911
Kosovo,OWID_KOS,1987,11.165209
Kosovo,OWID_KOS,1988,10.455834
Kosovo,OWID_KOS,1989,9.777782
Kosovo,OWID_KOS,1990,9.147343
Kosovo,OWID_KOS,1991,8.576473
Kosovo,OWID_KOS,1992,8.037425
Kosovo,OWID_KOS,1993,7.510327
Kosovo,OWID_KOS,1994,7.0083222
Kosovo,OWID_KOS,1995,6.5203195
Kosovo,OWID_KOS,1996,6.0514402
Kosovo,OWID_KOS,1997,5.601112
Kosovo,OWID_KOS,1998,5.164749
Kosovo,OWID_KOS,1999,4.746745
Kosovo,OWID_KOS,2000,4.3560276
Kosovo,OWID_KOS,2001,3.9834678
Kosovo,OWID_KOS,2002,3.6417527
Kosovo,OWID_KOS,2003,3.3248122
Kosovo,OWID_KOS,2004,3.0347943
Kosovo,OWID_KOS,2005,2.7766044
Kosovo,OWID_KOS,2006,2.5443864
Kosovo,OWID_KOS,2007,2.3367605
Kosovo,OWID_KOS,2008,2.1485255
Kosovo,OWID_KOS,2009,1.9828733
Kosovo,OWID_KOS,2010,1.8339077
Kosovo,OWID_KOS,2011,1.7042814
Kosovo,OWID_KOS,2012,1.5874487
Kosovo,OWID_KOS,2013,1.4843456
Kosovo,OWID_KOS,2014,1.3916602
Kosovo,OWID_KOS,2015,1.3064471
Kosovo,OWID_KOS,2016,1.2270648
Kosovo,OWID_KOS,2017,1.1526867
Kosovo,OWID_KOS,2018,1.0824949
Kosovo,OWID_KOS,2019,1.0187254
Kosovo,OWID_KOS,2020,0.96131355
Kosovo,OWID_KOS,2021,0.9119601
Kosovo,OWID_KOS,2022,0.86922127
Kosovo,OWID_KOS,2023,0.8329254
Kosovo,OWID_KOS,2024,0.7999775
Kuwait,KWT,1959,12.517936
Kuwait,KWT,1960,11.697564
Kuwait,KWT,1961,10.913373
Kuwait,KWT,1962,10.189055
Kuwait,KWT,1963,9.497375
Kuwait,KWT,1964,8.84089
Kuwait,KWT,1965,8.224785
Kuwait,KWT,1966,7.6601977
Kuwait,KWT,1967,7.146483
Kuwait,KWT,1968,6.6866636
Kuwait,KWT,1969,6.268635
Kuwait,KWT,1970,5.885659
Kuwait,KWT,1971,5.532124
Kuwait,KWT,1972,5.203723
Kuwait,KWT,1973,4.8991117
Kuwait,KWT,1974,4.6044307
Kuwait,KWT,1975,4.323933
Kuwait,KWT,1976,4.0526133
Kuwait,KWT,1977,3.7912066
Kuwait,KWT,1978,3.5405464
Kuwait,KWT,1979,3.296197
Kuwait,KWT,1980,3.0483134
Kuwait,KWT,1981,2.7901804
Kuwait,KWT,1982,2.536953
Kuwait,KWT,1983,2.3044183
Kuwait,KWT,1984,2.103832
Kuwait,KWT,1985,1.9422053
Kuwait,KWT,1986,1.8214571
Kuwait,KWT,1987,1.725261
Kuwait,KWT,1988,1.6336561
Kuwait,KWT,1989,1.538338
Kuwait,KWT,1990,1.4492854
Kuwait,KWT,1991,1.3747876
Kuwait,KWT,1992,1.3170612
Kuwait,KWT,1993,1.2743967
Kuwait,KWT,1994,1.2434385
Kuwait,KWT,1995,1.2162646
Kuwait,KWT,1996,1.18594
Kuwait,KWT,1997,1.1526185
Kuwait,KWT,1998,1.1196122
Kuwait,KWT,1999,1.0894586
Kuwait,KWT,2000,1.0643231
Kuwait,KWT,2001,1.0457598
Kuwait,KWT,2002,1.0321602
Kuwait,KWT,2003,1.0186472
Kuwait,KWT,2004,1.0033808
Kuwait,KWT,2005,0.98868716
Kuwait,KWT,2006,0.97593224
Kuwait,KWT,2007,0.9647426
Kuwait,KWT,2008,0.9508847
Kuwait,KWT,2009,0.93281895
Kuwait,KWT,2010,0.908946
Kuwait,KWT,2011,0.8793004
Kuwait,KWT,2012,0.84775215
Kuwait,KWT,2013,0.8194719
Kuwait,KWT,2014,0.7970452
Kuwait,KWT,2015,0.78128517
Kuwait,KWT,2016,0.7714052
Kuwait,KWT,2017,0.7663216
Kuwait,KWT,2018,0.7642035
Kuwait,KWT,2019,0.7629586
Kuwait,KWT,2020,0.7598344
Kuwait,KWT,2021,0.7522671
Kuwait,KWT,2022,0.73965853
Kuwait,KWT,2023,0.722526
Kuwait,KWT,2024,0.7017783
Kyrgyzstan,KGZ,1978,9.331751
Kyrgyzstan,KGZ,1979,9.098898
Kyrgyzstan,KGZ,1980,8.823358
Kyrgyzstan,KGZ,1981,8.494602
Kyrgyzstan,KGZ,1982,8.152287
Kyrgyzstan,KGZ,1983,7.7656345
Kyrgyzstan,KGZ,1984,7.3583984
Kyrgyzstan,KGZ,1985,6.9626794
Kyrgyzstan,KGZ,1986,6.5672708
Kyrgyzstan,KGZ,1987,6.2148647
Kyrgyzstan,KGZ,1988,5.9222403
Kyrgyzstan,KGZ,1989,5.7116923
Kyrgyzstan,KGZ,1990,5.6249976
Kyrgyzstan,KGZ,1991,5.631092
Kyrgyzstan,KGZ,1992,5.67279
Kyrgyzstan,KGZ,1993,5.7040944
Kyrgyzstan,KGZ,1994,5.673581
Kyrgyzstan,KGZ,1995,5.55928
Kyrgyzstan,KGZ,1996,5.365066
Kyrgyzstan,KGZ,1997,5.129028
Kyrgyzstan,KGZ,1998,4.8890014
Kyrgyzstan,KGZ,1999,4.6402206
Kyrgyzstan,KGZ,2000,4.400722
Kyrgyzstan,KGZ,2001,4.1639733
Kyrgyzstan,KGZ,2002,3.9354174
Kyrgyzstan,KGZ,2003,3.7210355
Kyrgyzstan,KGZ,2004,3.5386138
Kyrgyzstan,KGZ,2005,3.3921163
Kyrgyzstan,KGZ,2006,3.2597845
Kyrgyzstan,KGZ,2007,3.1096032
Kyrgyzstan,KGZ,2008,2.9304395
Kyrgyzstan,KGZ,2009,2.7393942
Kyrgyzstan,KGZ,2010,2.557178
Kyrgyzstan,KGZ,2011,2.3944395
Kyrgyzstan,KGZ,2012,2.2593582
Kyrgyzstan,KGZ,2013,2.1480904
Kyrgyzstan,KGZ,2014,2.0468836
Kyrgyzstan,KGZ,2015,1.9436082
Kyrgyzstan,KGZ,2016,1.8383259
Kyrgyzstan,KGZ,2017,1.7426001
Kyrgyzstan,KGZ,2018,1.661768
Kyrgyzstan,KGZ,2019,1.6003847
Kyrgyzstan,KGZ,2020,1.560124
Kyrgyzstan,KGZ,2021,1.5325434
Kyrgyzstan,KGZ,2022,1.5141046
Kyrgyzstan,KGZ,2023,1.4967515
Kyrgyzstan,KGZ,2024,1.4763032
Laos,LAO,1978,13.510619
Laos,LAO,1979,13.3356695
Laos,LAO,1980,13.152612
Laos,LAO,1981,12.986133
Laos,LAO,1982,12.805916
Laos,LAO,1983,12.630884
Laos,LAO,1984,12.458299
Laos,LAO,1985,12.265594
Laos,LAO,1986,12.062839
Laos,LAO,1987,11.857718
Laos,LAO,1988,11.623914
Laos,LAO,1989,11.374279
Laos,LAO,1990,11.103649
Laos,LAO,1991,10.82368
Laos,LAO,1992,10.531451
Laos,LAO,1993,10.239905
Laos,LAO,1994,9.942072
Laos,LAO,1995,9.661656
Laos,LAO,1996,9.371514
Laos,LAO,1997,9.087893
Laos,LAO,1998,8.806261
Laos,LAO,1999,8.520069
Laos,LAO,2000,8.224967
Laos,LAO,2001,7.9164567
Laos,LAO,2002,7.5979357
Laos,LAO,2003,7.275453
Laos,LAO,2004,6.948471
Laos,LAO,2005,6.620601
Laos,LAO,2006,6.3012514
Laos,LAO,2007,5.990768
Laos,LAO,2008,5.683242
Laos,LAO,2009,5.3929386
Laos,LAO,2010,5.120694
Laos,LAO,2011,4.861037
Laos,LAO,2012,4.6183786
Laos,LAO,2013,4.3957505
Laos,LAO,2014,4.186874
Laos,LAO,2015,3.991162
Laos,LAO,2016,3.8088543
Laos,LAO,2017,3.6372116
Laos,LAO,2018,3.479546
Laos,LAO,2019,3.331788
Laos,LAO,2020,3.188412
Laos,LAO,2021,3.0531015
Laos,LAO,2022,2.9296591
Laos,LAO,2023,2.8178382
Laos,LAO,2024,2.716234
Latvia,LVA,1958,3.043557
Latvia,LVA,1959,2.8448846
Latvia,LVA,1960,2.667942
Latvia,LVA,1961,2.5091853
Latvia,LVA,1962,2.3601604
Latvia,LVA,1963,2.222374
Latvia,LVA,1964,2.0955358
Latvia,LVA,1965,1.9831218
Latvia,LVA,1966,1.8867711
Latvia,LVA,1967,1.8070364
Latvia,LVA,1968,1.7433347
Latvia,LVA,1969,1.694928
Latvia,LVA,1970,1.6560439
Latvia,LVA,1971,1.6320757
Latvia,LVA,1972,1.6277176
Latvia,LVA,1973,1.6438942
Latvia,LVA,1974,1.6698998
Latvia,LVA,1975,1.6912577
Latvia,LVA,1976,1.7016132
Latvia,LVA,1977,1.6952295
Latvia,LVA,1978,1.6712949
Latvia,LVA,1979,1.6385452
Latvia,LVA,1980,1.6047326
Latvia,LVA,1981,1.5697138
Latvia,LVA,1982,1.5262712
Latvia,LVA,1983,1.4710418
Latvia,LVA,1984,1.4015946
Latvia,LVA,1985,1.3198807
Latvia,LVA,1986,1.2451389
Latvia,LVA,1987,1.1982529
Latvia,LVA,1988,1.1927933
Latvia,LVA,1989,1.2296938
Latvia,LVA,1990,1.3109432
Latvia,LVA,1991,1.4171529
Latvia,LVA,1992,1.5123011
Latvia,LVA,1993,1.5674218
Latvia,LVA,1994,1.582729
Latvia,LVA,1995,1.565236
Latvia,LVA,1996,1.5172955
Latvia,LVA,1997,1.4394757
Latvia,LVA,1998,1.3408118
Latvia,LVA,1999,1.2418311
Latvia,LVA,2000,1.1575365
Latvia,LVA,2001,1.0878446
Latvia,LVA,2002,1.0262653
Latvia,LVA,2003,0.96782535
Latvia,LVA,2004,0.9127178
Latvia,LVA,2005,0.8617113
Latvia,LVA,2006,0.8145035
Latvia,LVA,2007,0.7708378
Latvia,LVA,2008,0.72866553
Latvia,LVA,2009,0.68700325
Latvia,LVA,2010,0.64452916
Latvia,LVA,2011,0.600357
Latvia,LVA,2012,0.5545417
Latvia,LVA,2013,0.50933415
Latvia,LVA,2014,0.46838343
Latvia,LVA,2015,0.433625
Latvia,LVA,2016,0.40453842
Latvia,LVA,2017,0.37899268
Latvia,LVA,2018,0.35557824
Latvia,LVA,2019,0.3328415
Latvia,LVA,2020,0.30934972
Latvia,LVA,2021,0.28515097
Latvia,LVA,2022,0.26058125
Latvia,LVA,2023,0.23651208
Latvia,LVA,2024,0.21536815
Lebanon,LBN,1956,7.496298
Lebanon,LBN,1957,7.2519646
Lebanon,LBN,1958,7.0056005
Lebanon,LBN,1959,6.775302
Lebanon,LBN,1960,6.550875
Lebanon,LBN,1961,6.3330493
Lebanon,LBN,1962,6.138648
Lebanon,LBN,1963,5.96158
Lebanon,LBN,1964,5.814478
Lebanon,LBN,1965,5.679911
Lebanon,LBN,1966,5.573946
Lebanon,LBN,1967,5.4880247
Lebanon,LBN,1968,5.4218245
Lebanon,LBN,1969,5.3686986
Lebanon,LBN,1970,5.317684
Lebanon,LBN,1971,5.276139
Lebanon,LBN,1972,5.2385244
Lebanon,LBN,1973,5.1959653
Lebanon,LBN,1974,5.1388016
Lebanon,LBN,1975,5.0693955
Lebanon,LBN,1976,11.23525
Lebanon,LBN,1977,5.9262986
Lebanon,LBN,1978,5.783236
Lebanon,LBN,1979,5.628985
Lebanon,LBN,1980,5.461072
Lebanon,LBN,1981,5.285646
Lebanon,LBN,1982,7.327521
Lebanon,LBN,1983,4.3722067
Lebanon,LBN,1984,4.1862674
Lebanon,LBN,1985,3.9978538
Lebanon,LBN,1986,3.811546
Lebanon,LBN,1987,4.1424203
Lebanon,LBN,1988,3.964233
Lebanon,LBN,1989,2.974096
Lebanon,LBN,1990,2.8273115
Lebanon,LBN,1991,2.6927626
Lebanon,LBN,1992,2.5638921
Lebanon,LBN,1993,2.4462852
Lebanon,LBN,1994,2.3348691
Lebanon,LBN,1995,2.2317755
Lebanon,LBN,1996,2.1342773
Lebanon,LBN,1997,2.0403152
Lebanon,LBN,1998,1.9462225
Lebanon,LBN,1999,1.8526205
Lebanon,LBN,2000,1.7611171
Lebanon,LBN,2001,1.6717063
Lebanon,LBN,2002,1.5840893
Lebanon,LBN,2003,1.499703
Lebanon,LBN,2004,1.4212675
Lebanon,LBN,2005,1.348539
Lebanon,LBN,2006,1.2867744
Lebanon,LBN,2007,1.2346531
Lebanon,LBN,2008,1.1923609
Lebanon,LBN,2009,1.1590927
Lebanon,LBN,2010,1.1353014
Lebanon,LBN,2011,1.1196764
Lebanon,LBN,2012,1.1112989
Lebanon,LBN,2013,1.1100162
Lebanon,LBN,2014,1.1164515
Lebanon,LBN,2015,1.1291739
Lebanon,LBN,2016,1.1505474
Lebanon,LBN,2017,1.1797025
Lebanon,LBN,2018,1.2159609
Lebanon,LBN,2019,1.2593838
Lebanon,LBN,2020,1.3085284
Lebanon,LBN,2021,1.3617239
Lebanon,LBN,2022,1.4166205
Lebanon,LBN,2023,1.4728065
Lebanon,LBN,2024,1.5253991
Lesotho,LSO,1952,15.985078
Lesotho,LSO,1953,15.583847
Lesotho,LSO,1954,15.196764
Lesotho,LSO,1955,14.818585
Lesotho,LSO,1956,14.4650545
Lesotho,LSO,1957,14.187674
Lesotho,LSO,1958,13.984534
Lesotho,LSO,1959,13.873601
Lesotho,LSO,1960,13.8417635
Lesotho,LSO,1961,13.888952
Lesotho,LSO,1962,14.0130005
Lesotho,LSO,1963,14.187613
Lesotho,LSO,1964,14.368075
Lesotho,LSO,1965,14.507251
Lesotho,LSO,1966,14.590454
Lesotho,LSO,1967,14.594858
Lesotho,LSO,1968,14.520403
Lesotho,LSO,1969,14.385538
Lesotho,LSO,1970,14.181665
Lesotho,LSO,1971,13.953507
Lesotho,LSO,1972,13.723775
Lesotho,LSO,1973,13.460248
Lesotho,LSO,1974,13.161574
Lesotho,LSO,1975,12.799184
Lesotho,LSO,1976,12.382818
Lesotho,LSO,1977,11.9319315
Lesotho,LSO,1978,11.478325
Lesotho,LSO,1979,11.01427
Lesotho,LSO,1980,10.552808
Lesotho,LSO,1981,10.099364
Lesotho,LSO,1982,9.6704445
Lesotho,LSO,1983,9.287369
Lesotho,LSO,1984,8.937731
Lesotho,LSO,1985,8.618957
Lesotho,LSO,1986,8.340553
Lesotho,LSO,1987,8.097844
Lesotho,LSO,1988,7.894565
Lesotho,LSO,1989,7.7209525
Lesotho,LSO,1990,7.591002
Lesotho,LSO,1991,7.5145
Lesotho,LSO,1992,7.480776
Lesotho,LSO,1993,7.4789186
Lesotho,LSO,1994,7.5089574
Lesotho,LSO,1995,7.5304713
Lesotho,LSO,1996,7.5132475
Lesotho,LSO,1997,7.477057
Lesotho,LSO,1998,7.4259887
Lesotho,LSO,1999,7.4352756
Lesotho,LSO,2000,7.4804463
Lesotho,LSO,2001,7.5530925
Lesotho,LSO,2002,7.6356163
Lesotho,LSO,2003,7.707995
Lesotho,LSO,2004,7.7793283
Lesotho,LSO,2005,7.8912554
Lesotho,LSO,2006,7.9584327
Lesotho,LSO,2007,7.901296
Lesotho,LSO,2008,8.391992
Lesotho,LSO,2009,7.756613
Lesotho,LSO,2010,7.3570485
Lesotho,LSO,2011,7.091333
Lesotho,LSO,2012,7.098678
Lesotho,LSO,2013,7.1429477
Lesotho,LSO,2014,7.027466
Lesotho,LSO,2015,6.8963437
Lesotho,LSO,2016,6.822366
Lesotho,LSO,2017,6.797174
Lesotho,LSO,2018,6.5217714
Lesotho,LSO,2019,6.3519754
Lesotho,LSO,2020,6.214113
Lesotho,LSO,2021,6.105462
Lesotho,LSO,2022,5.9865227
Lesotho,LSO,2023,5.8425274
Lesotho,LSO,2024,5.633756
Liberia,LBR,1954,19.181625
Liberia,LBR,1955,19.26345
Liberia,LBR,1956,19.362074
Liberia,LBR,1957,19.497
Liberia,LBR,1958,19.630547
Liberia,LBR,1959,19.742138
Liberia,LBR,1960,19.833742
Liberia,LBR,1961,19.885796
Liberia,LBR,1962,19.891003
Liberia,LBR,1963,19.852095
Liberia,LBR,1964,19.770433
Liberia,LBR,1965,19.665644
Liberia,LBR,1966,19.520494
Liberia,LBR,1967,19.306837
Liberia,LBR,1968,19.04703
Liberia,LBR,1969,18.761541
Liberia,LBR,1970,18.452742
Liberia,LBR,1971,18.156425
Liberia,LBR,1972,17.859707
Liberia,LBR,1973,17.565308
Liberia,LBR,1974,17.280046
Liberia,LBR,1975,16.992035
Liberia,LBR,1976,16.722927
Liberia,LBR,1977,16.461714
Liberia,LBR,1978,16.207863
Liberia,LBR,1979,15.972825
Liberia,LBR,1980,15.749318
Liberia,LBR,1981,15.565258
Liberia,LBR,1982,15.423356
Liberia,LBR,1983,15.327048
Liberia,LBR,1984,15.3397255
Liberia,LBR,1985,15.472255
Liberia,LBR,1986,15.71594
Liberia,LBR,1987,16.051867
Liberia,LBR,1988,16.432457
Liberia,LBR,1989,16.80284
Liberia,LBR,1990,17.085527
Liberia,LBR,1991,17.23396
Liberia,LBR,1992,17.192598
Liberia,LBR,1993,16.982098
Liberia,LBR,1994,16.607935
Liberia,LBR,1995,16.101221
Liberia,LBR,1996,15.505592
Liberia,LBR,1997,14.830117
Liberia,LBR,1998,14.104928
Liberia,LBR,1999,13.343363
Liberia,LBR,2000,12.547931
Liberia,LBR,2001,11.745623
Liberia,LBR,2002,10.947265
Liberia,LBR,2003,10.19789
Liberia,LBR,2004,9.500851
Liberia,LBR,2005,8.896076
Liberia,LBR,2006,8.38418
Liberia,LBR,2007,7.9774046
Liberia,LBR,2008,7.648495
Liberia,LBR,2009,7.384859
Liberia,LBR,2010,7.1717277
Liberia,LBR,2011,6.988255
Liberia,LBR,2012,6.8326964
Liberia,LBR,2013,6.6977863
Liberia,LBR,2014,6.7970915
Liberia,LBR,2015,6.5144577
Liberia,LBR,2016,6.4235315
Liberia,LBR,2017,6.373859
Liberia,LBR,2018,6.3430495
Liberia,LBR,2019,6.3332443
Liberia,LBR,2020,6.338009
Liberia,LBR,2021,6.346592
Liberia,LBR,2022,6.3638406
Liberia,LBR,2023,6.362469
Liberia,LBR,2024,6.324555
Libya,LBY,1956,24.7909
Libya,LBY,1957,23.29296
Libya,LBY,1958,21.928478
Libya,LBY,1959,20.64966
Libya,LBY,1960,19.403385
Libya,LBY,1961,18.234589
Libya,LBY,1962,17.141024
Libya,LBY,1963,16.063507
Libya,LBY,1964,15.061954
Libya,LBY,1965,14.108563
Libya,LBY,1966,13.167912
Libya,LBY,1967,12.277767
Libya,LBY,1968,11.441832
Libya,LBY,1969,10.662311
Libya,LBY,1970,9.927235
Libya,LBY,1971,9.242875
Libya,LBY,1972,8.605672
Libya,LBY,1973,8.030738
Libya,LBY,1974,7.516736
Libya,LBY,1975,7.055033
Libya,LBY,1976,6.6360254
Libya,LBY,1977,6.254215
Libya,LBY,1978,5.915441
Libya,LBY,1979,5.6151214
Libya,LBY,1980,5.3343916
Libya,LBY,1981,5.0772324
Libya,LBY,1982,4.8302135
Libya,LBY,1983,4.592209
Libya,LBY,1984,4.359764
Libya,LBY,1985,4.1394334
Libya,LBY,1986,3.9291532
Libya,LBY,1987,3.7268043
Libya,LBY,1988,3.5310397
Libya,LBY,1989,3.347994
Libya,LBY,1990,3.1762
Libya,LBY,1991,3.0148401
Libya,LBY,1992,2.8689995
Libya,LBY,1993,2.737464
Libya,LBY,1994,2.620116
Libya,LBY,1995,2.5157225
Libya,LBY,1996,2.4226928
Libya,LBY,1997,2.3438315
Libya,LBY,1998,2.2730234
Libya,LBY,1999,2.2077081
Libya,LBY,2000,2.145421
Libya,LBY,2001,2.0868967
Libya,LBY,2002,2.0289328
Libya,LBY,2003,1.9626976
Libya,LBY,2004,1.882143
Libya,LBY,2005,1.7876949
Libya,LBY,2006,1.6817694
Libya,LBY,2007,1.569794
Libya,LBY,2008,1.4639671
Libya,LBY,2009,1.3745825
Libya,LBY,2010,1.3009925
Libya,LBY,2011,1.3903362
Libya,LBY,2012,1.1852422
Libya,LBY,2013,1.1360326
Libya,LBY,2014,1.0935456
Libya,LBY,2015,1.0551507
Libya,LBY,2016,1.0175818
Libya,LBY,2017,0.9837549
Libya,LBY,2018,0.9531194
Libya,LBY,2019,0.9244896
Libya,LBY,2020,0.8972866
Libya,LBY,2021,0.8671961
Libya,LBY,2022,0.83922327
Libya,LBY,2023,1.6265129
Libya,LBY,2024,0.7889964
Lithuania,LTU,1958,5.272221
Lithuania,LTU,1959,4.589554
Lithuania,LTU,1960,4.047036
Lithuania,LTU,1961,3.624397
Lithuania,LTU,1962,3.2764564
Lithuania,LTU,1963,2.9769
Lithuania,LTU,1964,2.7221925
Lithuania,LTU,1965,2.5251617
Lithuania,LTU,1966,2.3753977
Lithuania,LTU,1967,2.2421346
Lithuania,LTU,1968,2.103841
Lithuania,LTU,1969,1.9630506
Lithuania,LTU,1970,1.8307178
Lithuania,LTU,1971,1.7225051
Lithuania,LTU,1972,1.66566
Lithuania,LTU,1973,1.6797736
Lithuania,LTU,1974,1.7384703
Lithuania,LTU,1975,1.786147
Lithuania,LTU,1976,1.7871894
Lithuania,LTU,1977,1.7527198
Lithuania,LTU,1978,1.7023095
Lithuania,LTU,1979,1.647359
Lithuania,LTU,1980,1.5930933
Lithuania,LTU,1981,1.5445433
Lithuania,LTU,1982,1.5015227
Lithuania,LTU,1983,1.4622091
Lithuania,LTU,1984,1.4167229
Lithuania,LTU,1985,1.3519881
Lithuania,LTU,1986,1.2682761
Lithuania,LTU,1987,1.1885253
Lithuania,LTU,1988,1.1318258
Lithuania,LTU,1989,1.119913
Lithuania,LTU,1990,1.1778865
Lithuania,LTU,1991,1.3051558
Lithuania,LTU,1992,1.4247811
Lithuania,LTU,1993,1.4307269
Lithuania,LTU,1994,1.331088
Lithuania,LTU,1995,1.1981301
Lithuania,LTU,1996,1.0781707
Lithuania,LTU,1997,0.9862745
Lithuania,LTU,1998,0.9265025
Lithuania,LTU,1999,0.8884841
Lithuania,LTU,2000,0.8560686
Lithuania,LTU,2001,0.82190144
Lithuania,LTU,2002,0.79222924
Lithuania,LTU,2003,0.77004856
Lithuania,LTU,2004,0.7517386
Lithuania,LTU,2005,0.72736347
Lithuania,LTU,2006,0.6915821
Lithuania,LTU,2007,0.6462449
Lithuania,LTU,2008,0.5951301
Lithuania,LTU,2009,0.5423968
Lithuania,LTU,2010,0.49450636
Lithuania,LTU,2011,0.45525372
Lithuania,LTU,2012,0.42942315
Lithuania,LTU,2013,0.41990402
Lithuania,LTU,2014,0.4187807
Lithuania,LTU,2015,0.4131114
Lithuania,LTU,2016,0.3964331
Lithuania,LTU,2017,0.37321916
Lithuania,LTU,2018,0.34886026
Lithuania,LTU,2019,0.32708845
Lithuania,LTU,2020,0.31044987
Lithuania,LTU,2021,0.3000322
Lithuania,LTU,2022,0.29353994
Lithuania,LTU,2023,0.28832853
Lithuania,LTU,2024,0.28307182
Low-income countries,OWID_LIC,1970,14.120559
Low-income countries,OWID_LIC,1971,14.137042
Low-income countries,OWID_LIC,1972,14.455965
Low-income countries,OWID_LIC,1973,13.911158
Low-income countries,OWID_LIC,1974,13.870627
Low-income countries,OWID_LIC,1975,13.792776
Low-income countries,OWID_LIC,1976,13.303312
Low-income countries,OWID_LIC,1977,13.2044325
Low-income countries,OWID_LIC,1978,13.065542
Low-income countries,OWID_LIC,1979,12.894118
Low-income countries,OWID_LIC,1980,12.88469
Low-income countries,OWID_LIC,1981,12.819997
Low-income countries,OWID_LIC,1982,12.672129
Low-income countries,OWID_LIC,1983,13.40259
Low-income countries,OWID_LIC,1984,13.058352
Low-income countries,OWID_LIC,1985,12.825886
Low-income countries,OWID_LIC,1986,12.381621
Low-income countries,OWID_LIC,1987,11.48157
Low-income countries,OWID_LIC,1988,12.5700655
Low-income countries,OWID_LIC,1989,11.079814
Low-income countries,OWID_LIC,1990,10.93172
Low-income countries,OWID_LIC,1991,11.061165
Low-income countries,OWID_LIC,1992,10.919372
Low-income countries,OWID_LIC,1993,10.749431
Low-income countries,OWID_LIC,1994,10.475269
Low-income countries,OWID_LIC,1995,10.187969
Low-income countries,OWID_LIC,1996,10.336874
Low-income countries,OWID_LIC,1997,10.099288
Low-income countries,OWID_LIC,1998,10.135437
Low-income countries,OWID_LIC,1999,9.502745
Low-income countries,OWID_LIC,2000,9.197073
Low-income countries,OWID_LIC,2001,9.0149555
Low-income countries,OWID_LIC,2002,8.539078
Low-income countries,OWID_LIC,2003,8.144042
Low-income countries,OWID_LIC,2004,7.851952
Low-income countries,OWID_LIC,2005,7.3117356
Low-income countries,OWID_LIC,2006,6.979734
Low-income countries,OWID_LIC,2007,6.686968
Low-income countries,OWID_LIC,2008,6.4184694
Low-income countries,OWID_LIC,2009,6.340311
Low-income countries,OWID_LIC,2010,6.0410953
Low-income countries,OWID_LIC,2011,6.1460757
Low-income countries,OWID_LIC,2012,5.683457
Low-income countries,OWID_LIC,2013,5.491181
Low-income countries,OWID_LIC,2014,5.4876575
Low-income countries,OWID_LIC,2015,5.412573
Low-income countries,OWID_LIC,2016,5.326144
Low-income countries,OWID_LIC,2017,5.2927194
Low-income countries,OWID_LIC,2018,5.0154095
Low-income countries,OWID_LIC,2019,4.9290147
Low-income countries,OWID_LIC,2020,4.7999167
Low-income countries,OWID_LIC,2021,4.9417405
Low-income countries,OWID_LIC,2022,5.0260425
Low-income countries,OWID_LIC,2023,4.6301045
Low-income countries,OWID_LIC,2024,4.478853
Lower-middle-income countries,OWID_LMC,1956,16.47236
Lower-middle-income countries,OWID_LMC,1957,16.176786
Lower-middle-income countries,OWID_LMC,1958,15.866101
Lower-middle-income countries,OWID_LMC,1959,15.583782
Lower-middle-income countries,OWID_LMC,1960,15.3106575
Lower-middle-income countries,OWID_LMC,1961,15.094099
Lower-middle-income countries,OWID_LMC,1962,14.847916
Lower-middle-income countries,OWID_LMC,1963,14.621711
Lower-middle-income countries,OWID_LMC,1964,14.407381
Lower-middle-income countries,OWID_LMC,1965,14.373065
Lower-middle-income countries,OWID_LMC,1966,14.173442
Lower-middle-income countries,OWID_LMC,1967,13.994633
Lower-middle-income countries,OWID_LMC,1968,14.249417
Lower-middle-income countries,OWID_LMC,1969,14.029294
Lower-middle-income countries,OWID_LMC,1970,13.993042
Lower-middle-income countries,OWID_LMC,1971,13.759755
Lower-middle-income countries,OWID_LMC,1972,13.099417
Lower-middle-income countries,OWID_LMC,1973,12.882281
Lower-middle-income countries,OWID_LMC,1974,12.889006
Lower-middle-income countries,OWID_LMC,1975,12.622877
Lower-middle-income countries,OWID_LMC,1976,12.13891
Lower-middle-income countries,OWID_LMC,1977,11.8778715
Lower-middle-income countries,OWID_LMC,1978,11.579631
Lower-middle-income countries,OWID_LMC,1979,11.266458
Lower-middle-income countries,OWID_LMC,1980,10.968481
Lower-middle-income countries,OWID_LMC,1981,10.707365
Lower-middle-income countries,OWID_LMC,1982,10.455348
Lower-middle-income countries,OWID_LMC,1983,10.210086
Lower-middle-income countries,OWID_LMC,1984,9.980906
Lower-middle-income countries,OWID_LMC,1985,9.759719
Lower-middle-income countries,OWID_LMC,1986,9.553197
Lower-middle-income countries,OWID_LMC,1987,9.347375
Lower-middle-income countries,OWID_LMC,1988,9.151564
Lower-middle-income countries,OWID_LMC,1989,8.96634
Lower-middle-income countries,OWID_LMC,1990,8.794087
Lower-middle-income countries,OWID_LMC,1991,8.631042
Lower-middle-income countries,OWID_LMC,1992,8.476185
Lower-middle-income countries,OWID_LMC,1993,8.328284
Lower-middle-income countries,OWID_LMC,1994,8.179619
Lower-middle-income countries,OWID_LMC,1995,8.020716
Lower-middle-income countries,OWID_LMC,1996,7.8515916
Lower-middle-income countries,OWID_LMC,1997,7.665675
Lower-middle-income countries,OWID_LMC,1998,7.4649577
Lower-middle-income countries,OWID_LMC,1999,7.2512145
Lower-middle-income countries,OWID_LMC,2000,7.030886
Lower-middle-income countries,OWID_LMC,2001,6.8040338
Lower-middle-income countries,OWID_LMC,2002,6.578113
Lower-middle-income countries,OWID_LMC,2003,6.3598323
Lower-middle-income countries,OWID_LMC,2004,6.147701
Lower-middle-income countries,OWID_LMC,2005,5.9424796
Lower-middle-income countries,OWID_LMC,2006,5.749145
Lower-middle-income countries,OWID_LMC,2007,5.565282
Lower-middle-income countries,OWID_LMC,2008,5.405151
Lower-middle-income countries,OWID_LMC,2009,5.213626
Lower-middle-income countries,OWID_LMC,2010,5.05486
Lower-middle-income countries,OWID_LMC,2011,4.880594
Lower-middle-income countries,OWID_LMC,2012,4.718877
Lower-middle-income countries,OWID_LMC,2013,4.5613713
Lower-middle-income countries,OWID_LMC,2014,4.4174614
Lower-middle-income countries,OWID_LMC,2015,4.281413
Lower-middle-income countries,OWID_LMC,2016,4.1503077
Lower-middle-income countries,OWID_LMC,2017,4.032214
Lower-middle-income countries,OWID_LMC,2018,3.9232965
Lower-middle-income countries,OWID_LMC,2019,3.8224897
Lower-middle-income countries,OWID_LMC,2020,3.730784
Lower-middle-income countries,OWID_LMC,2021,3.6473293
Lower-middle-income countries,OWID_LMC,2022,3.564937
Lower-middle-income countries,OWID_LMC,2023,3.4810343
Lower-middle-income countries,OWID_LMC,2024,3.3969936
Luxembourg,LUX,1949,4.898955
Luxembourg,LUX,1950,4.731727
Luxembourg,LUX,1951,4.565961
Luxembourg,LUX,1952,4.4074574
Luxembourg,LUX,1953,4.2497563
Luxembourg,LUX,1954,4.0980515
Luxembourg,LUX,1955,3.9443924
Luxembourg,LUX,1956,3.7907712
Luxembourg,LUX,1957,3.6400578
Luxembourg,LUX,1958,3.4870663
Luxembourg,LUX,1959,3.3305712
Luxembourg,LUX,1960,3.173189
Luxembourg,LUX,1961,3.0192037
Luxembourg,LUX,1962,2.8682349
Luxembourg,LUX,1963,2.7237024
Luxembourg,LUX,1964,2.587111
Luxembourg,LUX,1965,2.459088
Luxembourg,LUX,1966,2.339503
Luxembourg,LUX,1967,2.2257457
Luxembourg,LUX,1968,2.1149836
Luxembourg,LUX,1969,2.0070102
Luxembourg,LUX,1970,1.9006375
Luxembourg,LUX,1971,1.7949011
Luxembourg,LUX,1972,1.6910633
Luxembourg,LUX,1973,1.5910052
Luxembourg,LUX,1974,1.4968967
Luxembourg,LUX,1975,1.4125283
Luxembourg,LUX,1976,1.3377581
Luxembourg,LUX,1977,1.2731016
Luxembourg,LUX,1978,1.2170979
Luxembourg,LUX,1979,1.1688687
Luxembourg,LUX,1980,1.126655
Luxembourg,LUX,1981,1.088291
Luxembourg,LUX,1982,1.0509439
Luxembourg,LUX,1983,1.0136465
Luxembourg,LUX,1984,0.97629523
Luxembourg,LUX,1985,0.93748856
Luxembourg,LUX,1986,0.8981034
Luxembourg,LUX,1987,0.85743755
Luxembourg,LUX,1988,0.81634796
Luxembourg,LUX,1989,0.7744495
Luxembourg,LUX,1990,0.732226
Luxembourg,LUX,1991,0.6898729
Luxembourg,LUX,1992,0.6477943
Luxembourg,LUX,1993,0.60699713
Luxembourg,LUX,1994,0.5676443
Luxembourg,LUX,1995,0.5319409
Luxembourg,LUX,1996,0.49922442
Luxembourg,LUX,1997,0.46867657
Luxembourg,LUX,1998,0.44081926
Luxembourg,LUX,1999,0.41516414
Luxembourg,LUX,2000,0.39094862
Luxembourg,LUX,2001,0.36817572
Luxembourg,LUX,2002,0.3463502
Luxembourg,LUX,2003,0.32574067
Luxembourg,LUX,2004,0.3068323
Luxembourg,LUX,2005,0.28986558
Luxembourg,LUX,2006,0.2748129
Luxembourg,LUX,2007,0.26222447
Luxembourg,LUX,2008,0.25156602
Luxembourg,LUX,2009,0.24267592
Luxembourg,LUX,2010,0.23557137
Luxembourg,LUX,2011,0.22975037
Luxembourg,LUX,2012,0.22489166
Luxembourg,LUX,2013,0.22074345
Luxembourg,LUX,2014,0.21751209
Luxembourg,LUX,2015,0.2142169
Luxembourg,LUX,2016,0.21141621
Luxembourg,LUX,2017,0.20878053
Luxembourg,LUX,2018,0.20651422
Luxembourg,LUX,2019,0.20401381
Luxembourg,LUX,2020,0.2015067
Luxembourg,LUX,2021,0.19866385
Luxembourg,LUX,2022,0.19523476
Luxembourg,LUX,2023,0.19104317
Luxembourg,LUX,2024,0.18660659
Madagascar,MDG,1972,8.216437
Madagascar,MDG,1973,8.391467
Madagascar,MDG,1974,8.583335
Madagascar,MDG,1975,8.759939
Madagascar,MDG,1976,8.928256
Madagascar,MDG,1977,9.093043
Madagascar,MDG,1978,9.246927
Madagascar,MDG,1979,9.41364
Madagascar,MDG,1980,13.811484
Madagascar,MDG,1981,13.895683
Madagascar,MDG,1982,17.398022
Madagascar,MDG,1983,13.608528
Madagascar,MDG,1984,10.118982
Madagascar,MDG,1985,10.108887
Madagascar,MDG,1986,10.029173
Madagascar,MDG,1987,9.867768
Madagascar,MDG,1988,9.646174
Madagascar,MDG,1989,9.387778
Madagascar,MDG,1990,9.119601
Madagascar,MDG,1991,8.858004
Madagascar,MDG,1992,8.6101675
Madagascar,MDG,1993,8.376738
Madagascar,MDG,1994,8.142375
Madagascar,MDG,1995,7.8949876
Madagascar,MDG,1996,7.639036
Madagascar,MDG,1997,7.3677964
Madagascar,MDG,1998,7.090337
Madagascar,MDG,1999,6.80833
Madagascar,MDG,2000,6.543261
Madagascar,MDG,2001,6.287786
Madagascar,MDG,2002,6.052316
Madagascar,MDG,2003,5.831236
Madagascar,MDG,2004,5.618594
Madagascar,MDG,2005,5.4104967
Madagascar,MDG,2006,5.215672
Madagascar,MDG,2007,5.032876
Madagascar,MDG,2008,4.8708158
Madagascar,MDG,2009,4.7316694
Madagascar,MDG,2010,4.6161222
Madagascar,MDG,2011,4.5206485
Madagascar,MDG,2012,4.450953
Madagascar,MDG,2013,4.406489
Madagascar,MDG,2014,4.379193
Madagascar,MDG,2015,4.36445
Madagascar,MDG,2016,4.355807
Madagascar,MDG,2017,4.365917
Madagascar,MDG,2018,4.385956
Madagascar,MDG,2019,4.4052505
Madagascar,MDG,2020,4.425708
Madagascar,MDG,2021,4.4364977
Madagascar,MDG,2022,4.4140773
Madagascar,MDG,2023,4.3689733
Madagascar,MDG,2024,4.2966533
Malawi,MWI,1961,16.382318
Malawi,MWI,1962,16.41414
Malawi,MWI,1963,16.45374
Malawi,MWI,1964,16.469158
Malawi,MWI,1965,16.520958
Malawi,MWI,1966,16.538948
Malawi,MWI,1967,16.568
Malawi,MWI,1968,16.573061
Malawi,MWI,1969,16.586422
Malawi,MWI,1970,16.511482
Malawi,MWI,1971,16.364147
Malawi,MWI,1972,16.144852
Malawi,MWI,1973,15.869906
Malawi,MWI,1974,15.544383
Malawi,MWI,1975,15.18129
Malawi,MWI,1976,14.808222
Malawi,MWI,1977,14.42053
Malawi,MWI,1978,14.009505
Malawi,MWI,1979,13.596352
Malawi,MWI,1980,13.252047
Malawi,MWI,1981,13.001373
Malawi,MWI,1982,12.893175
Malawi,MWI,1983,12.951106
Malawi,MWI,1984,13.169514
Malawi,MWI,1985,13.457182
Malawi,MWI,1986,13.706395
Malawi,MWI,1987,13.833948
Malawi,MWI,1988,13.836974
Malawi,MWI,1989,13.673977
Malawi,MWI,1990,13.400956
Malawi,MWI,1991,13.048301
Malawi,MWI,1992,12.640596
Malawi,MWI,1993,12.257152
Malawi,MWI,1994,11.908926
Malawi,MWI,1995,11.582637
Malawi,MWI,1996,11.362366
Malawi,MWI,1997,11.165306
Malawi,MWI,1998,10.895123
Malawi,MWI,1999,10.452253
Malawi,MWI,2000,9.892091
Malawi,MWI,2001,13.850014
Malawi,MWI,2002,8.382914
Malawi,MWI,2003,7.642661
Malawi,MWI,2004,7.00988
Malawi,MWI,2005,6.5145273
Malawi,MWI,2006,6.156752
Malawi,MWI,2007,5.907275
Malawi,MWI,2008,5.6014977
Malawi,MWI,2009,5.368671
Malawi,MWI,2010,5.15347
Malawi,MWI,2011,4.801445
Malawi,MWI,2012,4.514882
Malawi,MWI,2013,4.2627807
Malawi,MWI,2014,4.1097035
Malawi,MWI,2015,3.974037
Malawi,MWI,2016,3.910901
Malawi,MWI,2017,3.850986
Malawi,MWI,2018,3.799981
Malawi,MWI,2019,3.8308444
Malawi,MWI,2020,3.8200762
Malawi,MWI,2021,3.8338046
Malawi,MWI,2022,3.861602
Malawi,MWI,2023,3.8370998
Malawi,MWI,2024,3.7963502
Malaysia,MYS,1951,11.364716
Malaysia,MYS,1952,10.759083
Malaysia,MYS,1953,10.185933
Malaysia,MYS,1954,9.650833
Malaysia,MYS,1955,9.158664
Malaysia,MYS,1956,8.681208
Malaysia,MYS,1957,8.218588
Malaysia,MYS,1958,7.750859
Malaysia,MYS,1959,7.2848744
Malaysia,MYS,1960,6.828269
Malaysia,MYS,1961,6.3920345
Malaysia,MYS,1962,5.9838686
Malaysia,MYS,1963,5.619211
Malaysia,MYS,1964,5.2986283
Malaysia,MYS,1965,5.0225887
Malaysia,MYS,1966,4.788922
Malaysia,MYS,1967,4.5863314
Malaysia,MYS,1968,4.4097705
Malaysia,MYS,1969,4.24993
Malaysia,MYS,1970,4.087012
Malaysia,MYS,1971,3.9171073
Malaysia,MYS,1972,3.7331398
Malaysia,MYS,1973,3.5369623
Malaysia,MYS,1974,3.334922
Malaysia,MYS,1975,3.1356168
Malaysia,MYS,1976,2.941088
Malaysia,MYS,1977,2.7559228
Malaysia,MYS,1978,2.578906
Malaysia,MYS,1979,2.4109395
Malaysia,MYS,1980,2.2536402
Malaysia,MYS,1981,2.1045566
Malaysia,MYS,1982,1.9654944
Malaysia,MYS,1983,1.8380182
Malaysia,MYS,1984,1.7227077
Malaysia,MYS,1985,1.6173565
Malaysia,MYS,1986,1.5238258
Malaysia,MYS,1987,1.4404056
Malaysia,MYS,1988,1.3660085
Malaysia,MYS,1989,1.298842
Malaysia,MYS,1990,1.2379386
Malaysia,MYS,1991,1.1811018
Malaysia,MYS,1992,1.1281439
Malaysia,MYS,1993,1.0802773
Malaysia,MYS,1994,1.0373071
Malaysia,MYS,1995,0.9992598
Malaysia,MYS,1996,0.96524227
Malaysia,MYS,1997,0.92744505
Malaysia,MYS,1998,0.8765972
Malaysia,MYS,1999,0.81384385
Malaysia,MYS,2000,0.7538863
Malaysia,MYS,2001,0.70832294
Malaysia,MYS,2002,0.67829895
Malaysia,MYS,2003,0.66041166
Malaysia,MYS,2004,0.6518816
Malaysia,MYS,2005,0.649078
Malaysia,MYS,2006,0.6488629
Malaysia,MYS,2007,0.6494526
Malaysia,MYS,2008,0.6500758
Malaysia,MYS,2009,0.65022385
Malaysia,MYS,2010,0.6497782
Malaysia,MYS,2011,0.6488153
Malaysia,MYS,2012,0.64862984
Malaysia,MYS,2013,0.65143585
Malaysia,MYS,2014,0.6577754
Malaysia,MYS,2015,0.6651293
Malaysia,MYS,2016,0.670663
Malaysia,MYS,2017,0.6743926
Malaysia,MYS,2018,0.67643744
Malaysia,MYS,2019,0.67812735
Malaysia,MYS,2020,0.6795087
Malaysia,MYS,2021,0.68254554
Malaysia,MYS,2022,0.6870091
Malaysia,MYS,2023,0.69232357
Malaysia,MYS,2024,0.69805694
Maldives,MDV,1962,23.99531
Maldives,MDV,1963,23.522722
Maldives,MDV,1964,23.037037
Maldives,MDV,1965,22.530035
Maldives,MDV,1966,22.009981
Maldives,MDV,1967,21.456917
Maldives,MDV,1968,20.871788
Maldives,MDV,1969,20.27533
Maldives,MDV,1970,19.649557
Maldives,MDV,1971,18.993418
Maldives,MDV,1972,18.244518
Maldives,MDV,1973,17.446825
Maldives,MDV,1974,16.6279
Maldives,MDV,1975,15.799397
Maldives,MDV,1976,14.980821
Maldives,MDV,1977,14.213185
Maldives,MDV,1978,13.494317
Maldives,MDV,1979,12.804631
Maldives,MDV,1980,12.163822
Maldives,MDV,1981,11.565048
Maldives,MDV,1982,10.993734
Maldives,MDV,1983,10.453776
Maldives,MDV,1984,9.935454
Maldives,MDV,1985,9.446163
Maldives,MDV,1986,8.976082
Maldives,MDV,1987,8.518348
Maldives,MDV,1988,8.088487
Maldives,MDV,1989,7.678451
Maldives,MDV,1990,7.282573
Maldives,MDV,1991,6.8981905
Maldives,MDV,1992,6.5178432
Maldives,MDV,1993,6.1402082
Maldives,MDV,1994,5.75925
Maldives,MDV,1995,5.362069
Maldives,MDV,1996,4.9612284
Maldives,MDV,1997,4.565022
Maldives,MDV,1998,4.167613
Maldives,MDV,1999,3.771624
Maldives,MDV,2000,3.384342
Maldives,MDV,2001,3.0128965
Maldives,MDV,2002,2.6696742
Maldives,MDV,2003,2.3589685
Maldives,MDV,2004,2.1942365
Maldives,MDV,2005,1.8630899
Maldives,MDV,2006,1.6747704
Maldives,MDV,2007,1.5192899
Maldives,MDV,2008,1.3911551
Maldives,MDV,2009,1.2847034
Maldives,MDV,2010,1.1937089
Maldives,MDV,2011,1.1134924
Maldives,MDV,2012,1.0415825
Maldives,MDV,2013,0.97535515
Maldives,MDV,2014,0.9127863
Maldives,MDV,2015,0.85313267
Maldives,MDV,2016,0.79628354
Maldives,MDV,2017,0.7418349
Maldives,MDV,2018,0.6905577
Maldives,MDV,2019,0.6424316
Maldives,MDV,2020,0.59777045
Maldives,MDV,2021,0.5582348
Maldives,MDV,2022,0.52552974
Maldives,MDV,2023,0.49777186
Maldives,MDV,2024,0.4745087
Mali,MLI,1966,20.504065
Mali,MLI,1967,20.198698
Mali,MLI,1968,19.925058
Mali,MLI,1969,19.65961
Mali,MLI,1970,19.376402
Mali,MLI,1971,19.06607
Mali,MLI,1972,18.762852
Mali,MLI,1973,18.424032
Mali,MLI,1974,18.071993
Mali,MLI,1975,17.688148
Mali,MLI,1976,17.283537
Mali,MLI,1977,16.877577
Mali,MLI,1978,16.467146
Mali,MLI,1979,16.0648
Mali,MLI,1980,15.678122
Mali,MLI,1981,15.288171
Mali,MLI,1982,14.898557
Mali,MLI,1983,14.522808
Mali,MLI,1984,14.161727
Mali,MLI,1985,13.8220825
Mali,MLI,1986,13.504193
Mali,MLI,1987,13.216344
Mali,MLI,1988,12.94491
Mali,MLI,1989,12.697967
Mali,MLI,1990,12.472568
Mali,MLI,1991,12.262741
Mali,MLI,1992,12.081652
Mali,MLI,1993,11.908613
Mali,MLI,1994,11.738109
Mali,MLI,1995,11.557192
Mali,MLI,1996,11.364025
Mali,MLI,1997,11.138514
Mali,MLI,1998,10.886242
Mali,MLI,1999,10.605814
Mali,MLI,2000,10.307877
Mali,MLI,2001,9.992963
Mali,MLI,2002,9.679698
Mali,MLI,2003,9.378249
Mali,MLI,2004,9.098097
Mali,MLI,2005,8.831558
Mali,MLI,2006,8.5818815
Mali,MLI,2007,8.341017
Mali,MLI,2008,8.109806
Mali,MLI,2009,7.889719
Mali,MLI,2010,7.669896
Mali,MLI,2011,7.454413
Mali,MLI,2012,7.240777
Mali,MLI,2013,7.032099
Mali,MLI,2014,6.8227243
Mali,MLI,2015,6.612944
Mali,MLI,2016,6.3985515
Mali,MLI,2017,6.1874194
Mali,MLI,2018,5.972603
Mali,MLI,2019,5.755159
Mali,MLI,2020,5.5392323
Mali,MLI,2021,5.3277473
Mali,MLI,2022,5.120542
Mali,MLI,2023,4.930159
Mali,MLI,2024,4.7517886
Malta,MLT,1950,9.815226
Malta,MLT,1951,8.547448
Malta,MLT,1952,7.471617
Malta,MLT,1953,6.5578785
Malta,MLT,1954,5.797829
Malta,MLT,1955,5.1798325
Malta,MLT,1956,4.6845875
Malta,MLT,1957,4.2939987
Malta,MLT,1958,3.9908707
Malta,MLT,1959,3.7561336
Malta,MLT,1960,3.580127
Malta,MLT,1961,3.4463396
Malta,MLT,1962,3.3382082
Malta,MLT,1963,3.2481015
Malta,MLT,1964,3.1603935
Malta,MLT,1965,3.067061
Malta,MLT,1966,2.9644716
Malta,MLT,1967,2.855012
Malta,MLT,1968,2.737335
Malta,MLT,1969,2.6155736
Malta,MLT,1970,2.4927804
Malta,MLT,1971,2.3714664
Malta,MLT,1972,2.2501347
Malta,MLT,1973,2.1310618
Malta,MLT,1974,2.0157378
Malta,MLT,1975,1.9049077
Malta,MLT,1976,1.8020407
Malta,MLT,1977,1.7101256
Malta,MLT,1978,1.6280719
Malta,MLT,1979,1.5568085
Malta,MLT,1980,1.4937193
Malta,MLT,1981,1.4375557
Malta,MLT,1982,1.3845764
Malta,MLT,1983,1.3320704
Malta,MLT,1984,1.2798697
Malta,MLT,1985,1.2268384
Malta,MLT,1986,1.1743807
Malta,MLT,1987,1.1251675
Malta,MLT,1988,1.079991
Malta,MLT,1989,1.0373609
Malta,MLT,1990,0.9992771
Malta,MLT,1991,0.9646313
Malta,MLT,1992,0.93003714
Malta,MLT,1993,0.8958736
Malta,MLT,1994,0.8611546
Malta,MLT,1995,0.8258709
Malta,MLT,1996,0.7904765
Malta,MLT,1997,0.75617313
Malta,MLT,1998,0.7235939
Malta,MLT,1999,0.6942203
Malta,MLT,2000,0.6687902
Malta,MLT,2001,0.6481377
Malta,MLT,2002,0.63152957
Malta,MLT,2003,0.6195775
Malta,MLT,2004,0.6111665
Malta,MLT,2005,0.60616326
Malta,MLT,2006,0.60369116
Malta,MLT,2007,0.6027742
Malta,MLT,2008,0.60274345
Malta,MLT,2009,0.6028531
Malta,MLT,2010,0.60232365
Malta,MLT,2011,0.60027874
Malta,MLT,2012,0.5972977
Malta,MLT,2013,0.5925877
Malta,MLT,2014,0.5869359
Malta,MLT,2015,0.5796225
Malta,MLT,2016,0.5709699
Malta,MLT,2017,0.56145954
Malta,MLT,2018,0.5493874
Malta,MLT,2019,0.5375396
Malta,MLT,2020,0.52445066
Malta,MLT,2021,0.5107326
Malta,MLT,2022,0.49710748
Malta,MLT,2023,0.4842241
Malta,MLT,2024,0.47035262
Marshall Islands,MHL,1959,9.297252
Marshall Islands,MHL,1960,8.868854
Marshall Islands,MHL,1961,8.480693
Marshall Islands,MHL,1962,8.112912
Marshall Islands,MHL,1963,7.7620635
Marshall Islands,MHL,1964,7.425905
Marshall Islands,MHL,1965,7.127748
Marshall Islands,MHL,1966,6.8503647
Marshall Islands,MHL,1967,6.593298
Marshall Islands,MHL,1968,6.3510323
Marshall Islands,MHL,1969,6.1206045
Marshall Islands,MHL,1970,5.8988423
Marshall Islands,MHL,1971,5.6984606
Marshall Islands,MHL,1972,5.5324926
Marshall Islands,MHL,1973,5.3932414
Marshall Islands,MHL,1974,5.2904696
Marshall Islands,MHL,1975,5.2177715
Marshall Islands,MHL,1976,5.1687546
Marshall Islands,MHL,1977,5.131364
Marshall Islands,MHL,1978,5.0798426
Marshall Islands,MHL,1979,5.024817
Marshall Islands,MHL,1980,4.9586854
Marshall Islands,MHL,1981,4.878467
Marshall Islands,MHL,1982,4.7872562
Marshall Islands,MHL,1983,4.670918
Marshall Islands,MHL,1984,4.5545287
Marshall Islands,MHL,1985,4.430941
Marshall Islands,MHL,1986,4.3047476
Marshall Islands,MHL,1987,4.1774287
Marshall Islands,MHL,1988,4.042864
Marshall Islands,MHL,1989,3.9069762
Marshall Islands,MHL,1990,3.7704763
Marshall Islands,MHL,1991,3.6431592
Marshall Islands,MHL,1992,3.5328205
Marshall Islands,MHL,1993,3.4363554
Marshall Islands,MHL,1994,3.370716
Marshall Islands,MHL,1995,3.3410568
Marshall Islands,MHL,1996,3.339234
Marshall Islands,MHL,1997,3.3614035
Marshall Islands,MHL,1998,3.394547
Marshall Islands,MHL,1999,3.4270284
Marshall Islands,MHL,2000,3.449392
Marshall Islands,MHL,2001,3.4528766
Marshall Islands,MHL,2002,3.4481711
Marshall Islands,MHL,2003,3.4275398
Marshall Islands,MHL,2004,3.4024034
Marshall Islands,MHL,2005,3.3735712
Marshall Islands,MHL,2006,3.3467073
Marshall Islands,MHL,2007,3.3170776
Marshall Islands,MHL,2008,3.2850897
Marshall Islands,MHL,2009,3.2540298
Marshall Islands,MHL,2010,3.217792
Marshall Islands,MHL,2011,3.1782587
Marshall Islands,MHL,2012,3.1326926
Marshall Islands,MHL,2013,3.0738904
Marshall Islands,MHL,2014,3.0105526
Marshall Islands,MHL,2015,2.9378645
Marshall Islands,MHL,2016,2.8594167
Marshall Islands,MHL,2017,2.7815263
Marshall Islands,MHL,2018,2.7037196
Marshall Islands,MHL,2019,2.6239283
Marshall Islands,MHL,2020,2.550975
Marshall Islands,MHL,2021,2.4775891
Marshall Islands,MHL,2022,2.4085476
Marshall Islands,MHL,2023,2.3374093
Marshall Islands,MHL,2024,2.2680986
Mauritania,MRT,1940,15.479403
Mauritania,MRT,1941,15.442787
Mauritania,MRT,1942,15.430725
Mauritania,MRT,1943,15.420128
Mauritania,MRT,1944,15.422444
Mauritania,MRT,1945,15.396706
Mauritania,MRT,1946,15.350852
Mauritania,MRT,1947,15.297884
Mauritania,MRT,1948,15.24539
Mauritania,MRT,1949,15.181578
Mauritania,MRT,1950,15.075887
Mauritania,MRT,1951,14.948693
Mauritania,MRT,1952,14.836267
Mauritania,MRT,1953,14.71905
Mauritania,MRT,1954,14.564414
Mauritania,MRT,1955,14.395599
Mauritania,MRT,1956,14.21606
Mauritania,MRT,1957,14.015259
Mauritania,MRT,1958,13.814135
Mauritania,MRT,1959,13.588267
Mauritania,MRT,1960,13.347033
Mauritania,MRT,1961,13.10076
Mauritania,MRT,1962,12.846626
Mauritania,MRT,1963,12.575039
Mauritania,MRT,1964,12.311694
Mauritania,MRT,1965,12.034727
Mauritania,MRT,1966,11.734917
Mauritania,MRT,1967,11.435741
Mauritania,MRT,1968,13.404606
Mauritania,MRT,1969,13.105337
Mauritania,MRT,1970,12.91066
Mauritania,MRT,1971,12.802862
Mauritania,MRT,1972,12.780144
Mauritania,MRT,1973,12.792022
Mauritania,MRT,1974,12.780714
Mauritania,MRT,1975,10.851688
Mauritania,MRT,1976,10.742232
Mauritania,MRT,1977,10.563366
Mauritania,MRT,1978,10.33328
Mauritania,MRT,1979,10.083132
Mauritania,MRT,1980,9.836136
Mauritania,MRT,1981,9.594999
Mauritania,MRT,1982,9.345487
Mauritania,MRT,1983,9.084277
Mauritania,MRT,1984,8.785545
Mauritania,MRT,1985,8.453107
Mauritania,MRT,1986,8.119002
Mauritania,MRT,1987,7.8313336
Mauritania,MRT,1988,7.5962133
Mauritania,MRT,1989,7.434287
Mauritania,MRT,1990,7.3477674
Mauritania,MRT,1991,7.2920856
Mauritania,MRT,1992,7.276522
Mauritania,MRT,1993,7.274109
Mauritania,MRT,1994,7.2762094
Mauritania,MRT,1995,7.2700906
Mauritania,MRT,1996,7.2504053
Mauritania,MRT,1997,7.1918373
Mauritania,MRT,1998,7.0931263
Mauritania,MRT,1999,6.940976
Mauritania,MRT,2000,6.731929
Mauritania,MRT,2001,6.4744606
Mauritania,MRT,2002,6.1739426
Mauritania,MRT,2003,5.852857
Mauritania,MRT,2004,5.529452
Mauritania,MRT,2005,5.2168393
Mauritania,MRT,2006,4.943723
Mauritania,MRT,2007,4.715607
Mauritania,MRT,2008,4.529534
Mauritania,MRT,2009,4.389037
Mauritania,MRT,2010,4.2726965
Mauritania,MRT,2011,4.1824045
Mauritania,MRT,2012,4.0971227
Mauritania,MRT,2013,4.018657
Mauritania,MRT,2014,3.9340622
Mauritania,MRT,2015,3.8498688
Mauritania,MRT,2016,3.7623696
Mauritania,MRT,2017,3.6693938
Mauritania,MRT,2018,3.577244
Mauritania,MRT,2019,3.4875517
Mauritania,MRT,2020,3.3914986
Mauritania,MRT,2021,3.296808
Mauritania,MRT,2022,3.2067375
Mauritania,MRT,2023,3.1114502
Mauritania,MRT,2024,3.0219991
Mauritius,MUS,1956,8.982569
Mauritius,MUS,1957,7.7342052
Mauritius,MUS,1958,7.073429
Mauritius,MUS,1959,6.9111567
Mauritius,MUS,1960,6.8904934
Mauritius,MUS,1961,6.674603
Mauritius,MUS,1962,6.306017
Mauritius,MUS,1963,5.9837503
Mauritius,MUS,1964,5.843651
Mauritius,MUS,1965,5.966422
Mauritius,MUS,1966,6.4169908
Mauritius,MUS,1967,6.9198303
Mauritius,MUS,1968,6.9212055
Mauritius,MUS,1969,6.297636
Mauritius,MUS,1970,5.723281
Mauritius,MUS,1971,5.704025
Mauritius,MUS,1972,6.0086064
Mauritius,MUS,1973,6.037383
Mauritius,MUS,1974,5.504799
Mauritius,MUS,1975,4.8056226
Mauritius,MUS,1976,4.2627907
Mauritius,MUS,1977,3.9016156
Mauritius,MUS,1978,3.657222
Mauritius,MUS,1979,3.4715266
Mauritius,MUS,1980,3.276605
Mauritius,MUS,1981,3.024052
Mauritius,MUS,1982,2.7625535
Mauritius,MUS,1983,2.563328
Mauritius,MUS,1984,2.4550438
Mauritius,MUS,1985,2.4130456
Mauritius,MUS,1986,2.4121606
Mauritius,MUS,1987,2.4010148
Mauritius,MUS,1988,2.3186646
Mauritius,MUS,1989,2.1530063
Mauritius,MUS,1990,1.9852655
Mauritius,MUS,1991,1.8764038
Mauritius,MUS,1992,1.8317025
Mauritius,MUS,1993,1.841939
Mauritius,MUS,1994,1.8899735
Mauritius,MUS,1995,1.947238
Mauritius,MUS,1996,1.9838778
Mauritius,MUS,1997,1.9766191
Mauritius,MUS,1998,1.9076406
Mauritius,MUS,1999,1.784636
Mauritius,MUS,2000,1.6495248
Mauritius,MUS,2001,1.5373783
Mauritius,MUS,2002,1.4565401
Mauritius,MUS,2003,1.4061133
Mauritius,MUS,2004,1.3819075
Mauritius,MUS,2005,1.368399
Mauritius,MUS,2006,1.3525527
Mauritius,MUS,2007,1.3332297
Mauritius,MUS,2008,1.316863
Mauritius,MUS,2009,1.3061312
Mauritius,MUS,2010,1.3040308
Mauritius,MUS,2011,1.3113503
Mauritius,MUS,2012,1.3208617
Mauritius,MUS,2013,1.3182826
Mauritius,MUS,2014,1.3000621
Mauritius,MUS,2015,1.2860188
Mauritius,MUS,2016,1.2980462
Mauritius,MUS,2017,1.3322817
Mauritius,MUS,2018,1.369912
Mauritius,MUS,2019,1.3989208
Mauritius,MUS,2020,1.4123217
Mauritius,MUS,2021,1.4079216
Mauritius,MUS,2022,1.3917371
Mauritius,MUS,2023,1.3816706
Mauritius,MUS,2024,1.3818324
Mexico,MEX,1953,13.4165745
Mexico,MEX,1954,12.96185
Mexico,MEX,1955,12.512053
Mexico,MEX,1956,12.0766325
Mexico,MEX,1957,11.664958
Mexico,MEX,1958,11.2924595
Mexico,MEX,1959,10.933292
Mexico,MEX,1960,10.600861
Mexico,MEX,1961,10.291991
Mexico,MEX,1962,10.015719
Mexico,MEX,1963,9.753894
Mexico,MEX,1964,9.517287
Mexico,MEX,1965,9.288274
Mexico,MEX,1966,9.063329
Mexico,MEX,1967,8.849978
Mexico,MEX,1968,8.637324
Mexico,MEX,1969,8.421677
Mexico,MEX,1970,8.20007
Mexico,MEX,1971,7.9773784
Mexico,MEX,1972,7.7434077
Mexico,MEX,1973,7.5161147
Mexico,MEX,1974,7.284533
Mexico,MEX,1975,7.058462
Mexico,MEX,1976,6.8279667
Mexico,MEX,1977,6.5976987
Mexico,MEX,1978,6.3639636
Mexico,MEX,1979,6.1250095
Mexico,MEX,1980,5.881946
Mexico,MEX,1981,5.643653
Mexico,MEX,1982,5.408441
Mexico,MEX,1983,5.1796713
Mexico,MEX,1984,4.9638095
Mexico,MEX,1985,4.757306
Mexico,MEX,1986,4.558182
Mexico,MEX,1987,4.3641357
Mexico,MEX,1988,4.1756244
Mexico,MEX,1989,3.9920235
Mexico,MEX,1990,3.8172088
Mexico,MEX,1991,3.6492574
Mexico,MEX,1992,3.483411
Mexico,MEX,1993,3.3250682
Mexico,MEX,1994,3.173245
Mexico,MEX,1995,3.026999
Mexico,MEX,1996,2.8887012
Mexico,MEX,1997,2.7547889
Mexico,MEX,1998,2.6283824
Mexico,MEX,1999,2.50882
Mexico,MEX,2000,2.3961737
Mexico,MEX,2001,2.2916148
Mexico,MEX,2002,2.1936307
Mexico,MEX,2003,2.1044657
Mexico,MEX,2004,2.0246842
Mexico,MEX,2005,1.9545501
Mexico,MEX,2006,1.8911153
Mexico,MEX,2007,1.8351017
Mexico,MEX,2008,1.7850105
Mexico,MEX,2009,1.7394724
Mexico,MEX,2010,1.6966461
Mexico,MEX,2011,1.6562409
Mexico,MEX,2012,1.6164705
Mexico,MEX,2013,1.5785543
Mexico,MEX,2014,1.5411841
Mexico,MEX,2015,1.504913
Mexico,MEX,2016,1.4705888
Mexico,MEX,2017,1.4375237
Mexico,MEX,2018,1.4045136
Mexico,MEX,2019,1.3725622
Mexico,MEX,2020,1.3417485
Mexico,MEX,2021,1.3096888
Mexico,MEX,2022,1.2755687
Mexico,MEX,2023,1.2418749
Mexico,MEX,2024,1.2084335
Micronesia (country),FSM,1958,10.523418
Micronesia (country),FSM,1959,10.110589
Micronesia (country),FSM,1960,9.727222
Micronesia (country),FSM,1961,9.354103
Micronesia (country),FSM,1962,9.02148
Micronesia (country),FSM,1963,8.674304
Micronesia (country),FSM,1964,8.356484
Micronesia (country),FSM,1965,8.051386
Micronesia (country),FSM,1966,7.7613506
Micronesia (country),FSM,1967,7.4669952
Micronesia (country),FSM,1968,7.1918397
Micronesia (country),FSM,1969,6.9242115
Micronesia (country),FSM,1970,6.67576
Micronesia (country),FSM,1971,6.4420595
Micronesia (country),FSM,1972,6.216849
Micronesia (country),FSM,1973,6.005279
Micronesia (country),FSM,1974,5.811714
Micronesia (country),FSM,1975,5.645229
Micronesia (country),FSM,1976,5.4985843
Micronesia (country),FSM,1977,5.3577485
Micronesia (country),FSM,1978,5.237902
Micronesia (country),FSM,1979,5.1395
Micronesia (country),FSM,1980,5.0587983
Micronesia (country),FSM,1981,4.9940057
Micronesia (country),FSM,1982,4.933439
Micronesia (country),FSM,1983,4.8796663
Micronesia (country),FSM,1984,4.825342
Micronesia (country),FSM,1985,4.750927
Micronesia (country),FSM,1986,4.656012
Micronesia (country),FSM,1987,4.5463862
Micronesia (country),FSM,1988,4.425746
Micronesia (country),FSM,1989,4.3048034
Micronesia (country),FSM,1990,4.192579
Micronesia (country),FSM,1991,4.1027756
Micronesia (country),FSM,1992,4.023359
Micronesia (country),FSM,1993,3.9523811
Micronesia (country),FSM,1994,3.8841217
Micronesia (country),FSM,1995,3.8132312
Micronesia (country),FSM,1996,3.731924
Micronesia (country),FSM,1997,3.6387734
Micronesia (country),FSM,1998,3.5417452
Micronesia (country),FSM,1999,3.4511025
Micronesia (country),FSM,2000,3.3558924
Micronesia (country),FSM,2001,3.2825723
Micronesia (country),FSM,2002,3.3965318
Micronesia (country),FSM,2003,3.1873493
Micronesia (country),FSM,2004,3.1638799
Micronesia (country),FSM,2005,3.1590033
Micronesia (country),FSM,2006,3.161645
Micronesia (country),FSM,2007,3.1485224
Micronesia (country),FSM,2008,3.129782
Micronesia (country),FSM,2009,3.0879366
Micronesia (country),FSM,2010,3.0335176
Micronesia (country),FSM,2011,2.9754465
Micronesia (country),FSM,2012,2.903358
Micronesia (country),FSM,2013,2.819626
Micronesia (country),FSM,2014,2.7417805
Micronesia (country),FSM,2015,2.670886
Micronesia (country),FSM,2016,2.5941048
Micronesia (country),FSM,2017,2.522079
Micronesia (country),FSM,2018,2.4494004
Micronesia (country),FSM,2019,2.3743656
Micronesia (country),FSM,2020,2.3022425
Micronesia (country),FSM,2021,2.2305455
Micronesia (country),FSM,2022,2.1625888
Micronesia (country),FSM,2023,2.0891938
Micronesia (country),FSM,2024,2.0303245
Moldova,MDA,1971,5.115706
Moldova,MDA,1972,4.9889855
Moldova,MDA,1973,4.8774047
Moldova,MDA,1974,4.765692
Moldova,MDA,1975,4.6508713
Moldova,MDA,1976,4.5419273
Moldova,MDA,1977,4.4386425
Moldova,MDA,1978,4.331961
Moldova,MDA,1979,4.2387214
Moldova,MDA,1980,4.1414504
Moldova,MDA,1981,4.032687
Moldova,MDA,1982,3.9068947
Moldova,MDA,1983,3.7614598
Moldova,MDA,1984,3.5948675
Moldova,MDA,1985,3.425994
Moldova,MDA,1986,3.267952
Moldova,MDA,1987,3.1276565
Moldova,MDA,1988,3.0131845
Moldova,MDA,1989,2.9352224
Moldova,MDA,1990,2.9060283
Moldova,MDA,1991,2.9458675
Moldova,MDA,1992,3.0436542
Moldova,MDA,1993,3.1678054
Moldova,MDA,1994,3.2902217
Moldova,MDA,1995,3.3804927
Moldova,MDA,1996,3.40392
Moldova,MDA,1997,3.3474188
Moldova,MDA,1998,3.2152143
Moldova,MDA,1999,3.0220475
Moldova,MDA,2000,2.7882428
Moldova,MDA,2001,2.538086
Moldova,MDA,2002,2.3009694
Moldova,MDA,2003,2.093961
Moldova,MDA,2004,1.926183
Moldova,MDA,2005,1.7983451
Moldova,MDA,2006,1.703487
Moldova,MDA,2007,1.6374891
Moldova,MDA,2008,1.5909681
Moldova,MDA,2009,1.5529562
Moldova,MDA,2010,1.5199673
Moldova,MDA,2011,1.4913573
Moldova,MDA,2012,1.4669031
Moldova,MDA,2013,1.4471207
Moldova,MDA,2014,1.4304864
Moldova,MDA,2015,1.4171509
Moldova,MDA,2016,1.4078827
Moldova,MDA,2017,1.4023404
Moldova,MDA,2018,1.4061655
Moldova,MDA,2019,1.4144212
Moldova,MDA,2020,1.4291998
Moldova,MDA,2021,1.4467511
Moldova,MDA,2022,1.4683784
Moldova,MDA,2023,1.4850324
Moldova,MDA,2024,1.5104198
Monaco,MCO,1985,0.7922565
Monaco,MCO,1986,0.75725263
Monaco,MCO,1987,0.72346175
Monaco,MCO,1988,0.691903
Monaco,MCO,1989,0.6614932
Monaco,MCO,1990,0.63230175
Monaco,MCO,1991,0.60429066
Monaco,MCO,1992,0.57845974
Monaco,MCO,1993,0.5538954
Monaco,MCO,1994,0.5309058
Monaco,MCO,1995,0.5091032
Monaco,MCO,1996,0.48872235
Monaco,MCO,1997,0.4695883
Monaco,MCO,1998,0.45161363
Monaco,MCO,1999,0.4354045
Monaco,MCO,2000,0.42037868
Monaco,MCO,2001,0.4071741
Monaco,MCO,2002,0.39512047
Monaco,MCO,2003,0.38435546
Monaco,MCO,2004,0.3744548
Monaco,MCO,2005,0.36530995
Monaco,MCO,2006,0.35648444
Monaco,MCO,2007,0.34847838
Monaco,MCO,2008,0.34067553
Monaco,MCO,2009,0.3329869
Monaco,MCO,2010,0.32534072
Monaco,MCO,2011,0.3181406
Monaco,MCO,2012,0.31079692
Monaco,MCO,2013,0.3036125
Monaco,MCO,2014,0.2959219
Monaco,MCO,2015,0.2878309
Monaco,MCO,2016,0.2797608
Monaco,MCO,2017,0.27182955
Monaco,MCO,2018,0.26320764
Monaco,MCO,2019,0.25550336
Monaco,MCO,2020,0.24790977
Monaco,MCO,2021,0.24083413
Monaco,MCO,2022,0.23426676
Monaco,MCO,2023,0.22791895
Monaco,MCO,2024,0.22088675
Mongolia,MNG,1980,9.5836
Mongolia,MNG,1981,9.40659
Mongolia,MNG,1982,9.227097
Mongolia,MNG,1983,9.044441
Mongolia,MNG,1984,8.845494
Mongolia,MNG,1985,8.626664
Mongolia,MNG,1986,8.384066
Mongolia,MNG,1987,8.124229
Mongolia,MNG,1988,7.8575478
Mongolia,MNG,1989,7.5942817
Mongolia,MNG,1990,7.352858
Mongolia,MNG,1991,7.130329
Mongolia,MNG,1992,6.9170604
Mongolia,MNG,1993,6.707533
Mongolia,MNG,1994,6.4929547
Mongolia,MNG,1995,6.2601414
Mongolia,MNG,1996,6.0013576
Mongolia,MNG,1997,5.7177744
Mongolia,MNG,1998,5.4068575
Mongolia,MNG,1999,5.0759206
Mongolia,MNG,2000,4.7322917
Mongolia,MNG,2001,4.3891907
Mongolia,MNG,2002,4.050232
Mongolia,MNG,2003,3.7261424
Mongolia,MNG,2004,3.4208968
Mongolia,MNG,2005,3.1410775
Mongolia,MNG,2006,2.8849208
Mongolia,MNG,2007,2.6518676
Mongolia,MNG,2008,2.4395926
Mongolia,MNG,2009,2.249934
Mongolia,MNG,2010,2.0833323
Mongolia,MNG,2011,1.9402908
Mongolia,MNG,2012,1.8235524
Mongolia,MNG,2013,1.7303449
Mongolia,MNG,2014,1.6494869
Mongolia,MNG,2015,1.5730034
Mongolia,MNG,2016,1.4969996
Mongolia,MNG,2017,1.4210207
Mongolia,MNG,2018,1.3463876
Mongolia,MNG,2019,1.2791997
Mongolia,MNG,2020,1.2245349
Mongolia,MNG,2021,1.1838692
Mongolia,MNG,2022,1.1553843
Mongolia,MNG,2023,1.1369609
Mongolia,MNG,2024,1.1225212
Montenegro,MNE,1984,2.4552424
Montenegro,MNE,1985,2.2320774
Montenegro,MNE,1986,2.0293553
Montenegro,MNE,1987,1.8490883
Montenegro,MNE,1988,1.6967659
Montenegro,MNE,1989,1.5744319
Montenegro,MNE,1990,1.4824979
Montenegro,MNE,1991,1.4197218
Montenegro,MNE,1992,1.381738
Montenegro,MNE,1993,1.3623854
Montenegro,MNE,1994,1.3542479
Montenegro,MNE,1995,1.3519157
Montenegro,MNE,1996,1.3500062
Montenegro,MNE,1997,1.3443872
Montenegro,MNE,1998,1.3303728
Montenegro,MNE,1999,1.3047585
Montenegro,MNE,2000,1.2664363
Montenegro,MNE,2001,1.2157242
Montenegro,MNE,2002,1.1536944
Montenegro,MNE,2003,1.0838747
Montenegro,MNE,2004,1.0097027
Montenegro,MNE,2005,0.9335709
Montenegro,MNE,2006,0.8568814
Montenegro,MNE,2007,0.7811376
Montenegro,MNE,2008,0.70911926
Montenegro,MNE,2009,0.6411673
Montenegro,MNE,2010,0.5790863
Montenegro,MNE,2011,0.52283716
Montenegro,MNE,2012,0.4729865
Montenegro,MNE,2013,0.42851338
Montenegro,MNE,2014,0.38880286
Montenegro,MNE,2015,0.35441867
Montenegro,MNE,2016,0.32484484
Montenegro,MNE,2017,0.2994621
Montenegro,MNE,2018,0.27760532
Montenegro,MNE,2019,0.2587274
Montenegro,MNE,2020,0.24244718
Montenegro,MNE,2021,0.2276466
Montenegro,MNE,2022,0.21436816
Montenegro,MNE,2023,0.20281723
Montenegro,MNE,2024,0.19298506
Montserrat,MSR,1958,10.859808
Montserrat,MSR,1959,9.995706
Montserrat,MSR,1960,9.206843
Montserrat,MSR,1961,8.485366
Montserrat,MSR,1962,7.8290677
Montserrat,MSR,1963,7.2543006
Montserrat,MSR,1964,6.7430286
Montserrat,MSR,1965,6.294109
Montserrat,MSR,1966,5.905023
Montserrat,MSR,1967,5.555104
Montserrat,MSR,1968,5.24426
Montserrat,MSR,1969,4.9654636
Montserrat,MSR,1970,4.708608
Montserrat,MSR,1971,4.4715137
Montserrat,MSR,1972,4.2611976
Montserrat,MSR,1973,4.0602517
Montserrat,MSR,1974,3.8707025
Montserrat,MSR,1975,3.6916873
Montserrat,MSR,1976,3.5200057
Montserrat,MSR,1977,3.3569646
Montserrat,MSR,1978,3.1950016
Montserrat,MSR,1979,3.0478773
Montserrat,MSR,1980,2.9012272
Montserrat,MSR,1981,2.7661893
Montserrat,MSR,1982,2.6362016
Montserrat,MSR,1983,2.5132618
Montserrat,MSR,1984,2.3992395
Montserrat,MSR,1985,2.2913518
Montserrat,MSR,1986,2.1921034
Montserrat,MSR,1987,2.1010578
Montserrat,MSR,1988,2.0145552
Montserrat,MSR,1989,1.9350543
Montserrat,MSR,1990,1.8582563
Montserrat,MSR,1991,1.7892629
Montserrat,MSR,1992,1.7242929
Montserrat,MSR,1993,1.6625305
Montserrat,MSR,1994,1.6056912
Montserrat,MSR,1995,1.5507913
Montserrat,MSR,1996,1.4983367
Montserrat,MSR,1997,1.4496398
Montserrat,MSR,1998,1.401281
Montserrat,MSR,1999,1.3538563
Montserrat,MSR,2000,1.3081366
Montserrat,MSR,2001,1.2660227
Montserrat,MSR,2002,1.2260902
Montserrat,MSR,2003,1.1841096
Montserrat,MSR,2004,1.1448959
Montserrat,MSR,2005,1.1055001
Montserrat,MSR,2006,1.0715945
Montserrat,MSR,2007,1.0348806
Montserrat,MSR,2008,1.004043
Montserrat,MSR,2009,0.9711832
Montserrat,MSR,2010,0.9413405
Montserrat,MSR,2011,0.9165944
Montserrat,MSR,2012,0.88622427
Montserrat,MSR,2013,0.858124
Montserrat,MSR,2014,0.83090883
Montserrat,MSR,2015,0.8035376
Montserrat,MSR,2016,0.77914876
Montserrat,MSR,2017,0.7544218
Montserrat,MSR,2018,0.7326809
Montserrat,MSR,2019,0.7102556
Montserrat,MSR,2020,0.68786496
Montserrat,MSR,2021,0.6663632
Montserrat,MSR,2022,0.644806
Montserrat,MSR,2023,0.6253341
Montserrat,MSR,2024,0.6063459
Morocco,MAR,1957,15.682242
Morocco,MAR,1958,15.480381
Morocco,MAR,1959,15.290692
Morocco,MAR,1960,15.112748
Morocco,MAR,1961,14.913739
Morocco,MAR,1962,14.701588
Morocco,MAR,1963,14.485256
Morocco,MAR,1964,14.258729
Morocco,MAR,1965,14.005119
Morocco,MAR,1966,13.743928
Morocco,MAR,1967,13.488618
Morocco,MAR,1968,13.242331
Morocco,MAR,1969,13.014055
Morocco,MAR,1970,12.817135
Morocco,MAR,1971,12.649553
Morocco,MAR,1972,12.486489
Morocco,MAR,1973,12.324065
Morocco,MAR,1974,12.115041
Morocco,MAR,1975,11.862771
Morocco,MAR,1976,11.550821
Morocco,MAR,1977,11.192237
Morocco,MAR,1978,10.79409
Morocco,MAR,1979,10.377354
Morocco,MAR,1980,9.962609
Morocco,MAR,1981,9.54613
Morocco,MAR,1982,9.141908
Morocco,MAR,1983,8.746049
Morocco,MAR,1984,8.365627
Morocco,MAR,1985,8.002528
Morocco,MAR,1986,7.661916
Morocco,MAR,1987,7.3486104
Morocco,MAR,1988,7.0585623
Morocco,MAR,1989,6.794866
Morocco,MAR,1990,6.5517178
Morocco,MAR,1991,6.323342
Morocco,MAR,1992,6.105791
Morocco,MAR,1993,5.8909936
Morocco,MAR,1994,5.6784735
Morocco,MAR,1995,5.472
Morocco,MAR,1996,5.268623
Morocco,MAR,1997,5.0744314
Morocco,MAR,1998,4.887975
Morocco,MAR,1999,4.7121363
Morocco,MAR,2000,4.5429454
Morocco,MAR,2001,4.3759975
Morocco,MAR,2002,4.208709
Morocco,MAR,2003,4.037918
Morocco,MAR,2004,3.8624644
Morocco,MAR,2005,3.6820009
Morocco,MAR,2006,3.498967
Morocco,MAR,2007,3.315582
Morocco,MAR,2008,3.1362023
Morocco,MAR,2009,2.967691
Morocco,MAR,2010,2.8073008
Morocco,MAR,2011,2.6578944
Morocco,MAR,2012,2.516878
Morocco,MAR,2013,2.3814666
Morocco,MAR,2014,2.2533336
Morocco,MAR,2015,2.135966
Morocco,MAR,2016,2.0280054
Morocco,MAR,2017,1.9328799
Morocco,MAR,2018,1.8528367
Morocco,MAR,2019,1.7767744
Morocco,MAR,2020,1.7097591
Morocco,MAR,2021,1.6457059
Morocco,MAR,2022,1.5867999
Morocco,MAR,2023,1.5265113
Morocco,MAR,2024,1.4730742
Mozambique,MOZ,1963,14.41025
Mozambique,MOZ,1964,14.562725
Mozambique,MOZ,1965,14.696855
Mozambique,MOZ,1966,14.84389
Mozambique,MOZ,1967,14.971268
Mozambique,MOZ,1968,15.052736
Mozambique,MOZ,1969,15.110322
Mozambique,MOZ,1970,15.175264
Mozambique,MOZ,1971,15.22185
Mozambique,MOZ,1972,15.232685
Mozambique,MOZ,1973,15.245083
Mozambique,MOZ,1974,15.247312
Mozambique,MOZ,1975,15.243995
Mozambique,MOZ,1976,15.267243
Mozambique,MOZ,1977,15.293847
Mozambique,MOZ,1978,15.332908
Mozambique,MOZ,1979,15.378667
Mozambique,MOZ,1980,15.436822
Mozambique,MOZ,1981,18.219704
Mozambique,MOZ,1982,15.501429
Mozambique,MOZ,1983,15.471751
Mozambique,MOZ,1984,15.3848095
Mozambique,MOZ,1985,15.280768
Mozambique,MOZ,1986,15.172639
Mozambique,MOZ,1987,15.077813
Mozambique,MOZ,1988,14.983934
Mozambique,MOZ,1989,14.896617
Mozambique,MOZ,1990,14.797674
Mozambique,MOZ,1991,14.686108
Mozambique,MOZ,1992,14.52902
Mozambique,MOZ,1993,14.307517
Mozambique,MOZ,1994,14.004176
Mozambique,MOZ,1995,13.631058
Mozambique,MOZ,1996,13.152635
Mozambique,MOZ,1997,12.6042385
Mozambique,MOZ,1998,11.972761
Mozambique,MOZ,1999,11.32989
Mozambique,MOZ,2000,10.688069
Mozambique,MOZ,2001,10.084453
Mozambique,MOZ,2002,9.520767
Mozambique,MOZ,2003,8.999002
Mozambique,MOZ,2004,8.512272
Mozambique,MOZ,2005,8.054108
Mozambique,MOZ,2006,7.5992575
Mozambique,MOZ,2007,7.0052896
Mozambique,MOZ,2008,6.736288
Mozambique,MOZ,2009,6.3917747
Mozambique,MOZ,2010,6.357622
Mozambique,MOZ,2011,5.9830127
Mozambique,MOZ,2012,5.7119255
Mozambique,MOZ,2013,5.6133394
Mozambique,MOZ,2014,5.5050282
Mozambique,MOZ,2015,5.3819413
Mozambique,MOZ,2016,5.2806983
Mozambique,MOZ,2017,5.1356263
Mozambique,MOZ,2018,5.025982
Mozambique,MOZ,2019,4.916537
Mozambique,MOZ,2020,4.860345
Mozambique,MOZ,2021,4.708499
Mozambique,MOZ,2022,4.588897
Mozambique,MOZ,2023,4.4922957
Mozambique,MOZ,2024,4.3720155
Myanmar,MMR,1968,12.745951
Myanmar,MMR,1969,12.554767
Myanmar,MMR,1970,12.372797
Myanmar,MMR,1971,12.198269
Myanmar,MMR,1972,11.999651
Myanmar,MMR,1973,11.800289
Myanmar,MMR,1974,11.600558
Myanmar,MMR,1975,11.388437
Myanmar,MMR,1976,11.169253
Myanmar,MMR,1977,10.967129
Myanmar,MMR,1978,10.772679
Myanmar,MMR,1979,10.581
Myanmar,MMR,1980,10.408288
Myanmar,MMR,1981,10.247611
Myanmar,MMR,1982,10.083046
Myanmar,MMR,1983,9.935481
Myanmar,MMR,1984,9.810598
Myanmar,MMR,1985,9.695378
Myanmar,MMR,1986,9.580706
Myanmar,MMR,1987,9.462922
Myanmar,MMR,1988,9.337826
Myanmar,MMR,1989,9.198009
Myanmar,MMR,1990,9.052245
Myanmar,MMR,1991,8.900015
Myanmar,MMR,1992,8.735327
Myanmar,MMR,1993,8.574635
Myanmar,MMR,1994,8.402448
Myanmar,MMR,1995,8.23116
Myanmar,MMR,1996,8.059109
Myanmar,MMR,1997,7.88968
Myanmar,MMR,1998,7.7248793
Myanmar,MMR,1999,7.5591803
Myanmar,MMR,2000,7.3887672
Myanmar,MMR,2001,7.2213054
Myanmar,MMR,2002,7.0484147
Myanmar,MMR,2003,6.8697996
Myanmar,MMR,2004,6.6800733
Myanmar,MMR,2005,6.4718165
Myanmar,MMR,2006,6.2641473
Myanmar,MMR,2007,6.046283
Myanmar,MMR,2008,7.102243
Myanmar,MMR,2009,5.601861
Myanmar,MMR,2010,5.3835936
Myanmar,MMR,2011,5.166945
Myanmar,MMR,2012,4.9534044
Myanmar,MMR,2013,4.753614
Myanmar,MMR,2014,4.5758104
Myanmar,MMR,2015,4.4140587
Myanmar,MMR,2016,4.2649612
Myanmar,MMR,2017,4.111017
Myanmar,MMR,2018,3.9751434
Myanmar,MMR,2019,3.8428276
Myanmar,MMR,2020,3.720055
Myanmar,MMR,2021,3.6037374
Myanmar,MMR,2022,3.4932528
Myanmar,MMR,2023,3.3823874
Myanmar,MMR,2024,3.2802157
Namibia,NAM,1967,5.959098
Namibia,NAM,1968,6.0269966
Namibia,NAM,1969,6.0913067
Namibia,NAM,1970,6.1734405
Namibia,NAM,1971,6.2539845
Namibia,NAM,1972,6.3404245
Namibia,NAM,1973,6.436982
Namibia,NAM,1974,6.538706
Namibia,NAM,1975,6.67468
Namibia,NAM,1976,6.8179064
Namibia,NAM,1977,6.9566097
Namibia,NAM,1978,7.0763187
Namibia,NAM,1979,7.1652665
Namibia,NAM,1980,7.206627
Namibia,NAM,1981,7.1713314
Namibia,NAM,1982,7.078494
Namibia,NAM,1983,6.932081
Namibia,NAM,1984,6.7373633
Namibia,NAM,1985,6.512224
Namibia,NAM,1986,6.2922177
Namibia,NAM,1987,6.0900173
Namibia,NAM,1988,5.9120765
Namibia,NAM,1989,5.7472076
Namibia,NAM,1990,5.6154604
Namibia,NAM,1991,5.4842987
Namibia,NAM,1992,5.3725924
Namibia,NAM,1993,5.2781935
Namibia,NAM,1994,5.211293
Namibia,NAM,1995,5.1572924
Namibia,NAM,1996,5.1135426
Namibia,NAM,1997,5.0906744
Namibia,NAM,1998,5.02502
Namibia,NAM,1999,4.928122
Namibia,NAM,2000,4.804038
Namibia,NAM,2001,4.691968
Namibia,NAM,2002,4.6011524
Namibia,NAM,2003,4.518997
Namibia,NAM,2004,4.4118166
Namibia,NAM,2005,4.1348047
Namibia,NAM,2006,4.0079393
Namibia,NAM,2007,4.1369042
Namibia,NAM,2008,4.315352
Namibia,NAM,2009,4.482705
Namibia,NAM,2010,4.37306
Namibia,NAM,2011,4.4154563
Namibia,NAM,2012,4.694506
Namibia,NAM,2013,4.5833025
Namibia,NAM,2014,4.4921045
Namibia,NAM,2015,4.5329056
Namibia,NAM,2016,4.527698
Namibia,NAM,2017,4.43199
Namibia,NAM,2018,4.380119
Namibia,NAM,2019,4.282109
Namibia,NAM,2020,4.1597667
Namibia,NAM,2021,4.0393667
Namibia,NAM,2022,3.8790698
Namibia,NAM,2023,3.8291366
Namibia,NAM,2024,3.6409774
Nauru,NRU,1985,7.340133
Nauru,NRU,1986,7.02274
Nauru,NRU,1987,6.724642
Nauru,NRU,1988,6.428418
Nauru,NRU,1989,6.1616178
Nauru,NRU,1990,5.8809175
Nauru,NRU,1991,5.612868
Nauru,NRU,1992,5.348325
Nauru,NRU,1993,5.1001153
Nauru,NRU,1994,4.871192
Nauru,NRU,1995,4.653082
Nauru,NRU,1996,4.451897
Nauru,NRU,1997,4.261234
Nauru,NRU,1998,4.0820875
Nauru,NRU,1999,3.9122403
Nauru,NRU,2000,3.7531743
Nauru,NRU,2001,3.6052701
Nauru,NRU,2002,3.4719691
Nauru,NRU,2003,3.3503149
Nauru,NRU,2004,3.2354631
Nauru,NRU,2005,3.1271522
Nauru,NRU,2006,3.0134172
Nauru,NRU,2007,2.8920875
Nauru,NRU,2008,2.7521677
Nauru,NRU,2009,2.6030707
Nauru,NRU,2010,2.4383934
Nauru,NRU,2011,2.2682278
Nauru,NRU,2012,2.1000574
Nauru,NRU,2013,1.9319332
Nauru,NRU,2014,1.7721634
Nauru,NRU,2015,1.6185912
Nauru,NRU,2016,1.4722079
Nauru,NRU,2017,1.3402649
Nauru,NRU,2018,1.2202653
Nauru,NRU,2019,1.1125408
Nauru,NRU,2020,1.0171554
Nauru,NRU,2021,0.93519324
Nauru,NRU,2022,0.86868197
Nauru,NRU,2023,0.81621814
Nauru,NRU,2024,0.7718598
Nepal,NPL,1952,22.59321
Nepal,NPL,1953,22.563494
Nepal,NPL,1954,22.534302
Nepal,NPL,1955,22.5029
Nepal,NPL,1956,22.43304
Nepal,NPL,1957,22.366152
Nepal,NPL,1958,22.257978
Nepal,NPL,1959,22.132645
Nepal,NPL,1960,21.944796
Nepal,NPL,1961,21.720367
Nepal,NPL,1962,21.430504
Nepal,NPL,1963,21.095314
Nepal,NPL,1964,20.704376
Nepal,NPL,1965,20.27791
Nepal,NPL,1966,19.843191
Nepal,NPL,1967,19.400331
Nepal,NPL,1968,18.967987
Nepal,NPL,1969,18.56656
Nepal,NPL,1970,18.170486
Nepal,NPL,1971,17.79584
Nepal,NPL,1972,17.43383
Nepal,NPL,1973,17.08305
Nepal,NPL,1974,16.739601
Nepal,NPL,1975,16.394922
Nepal,NPL,1976,16.046083
Nepal,NPL,1977,15.681721
Nepal,NPL,1978,15.30735
Nepal,NPL,1979,14.912147
Nepal,NPL,1980,14.510202
Nepal,NPL,1981,14.1005335
Nepal,NPL,1982,13.695414
Nepal,NPL,1983,13.289207
Nepal,NPL,1984,12.881131
Nepal,NPL,1985,12.461958
Nepal,NPL,1986,12.023156
Nepal,NPL,1987,11.572103
Nepal,NPL,1988,11.111327
Nepal,NPL,1989,10.641956
Nepal,NPL,1990,10.175989
Nepal,NPL,1991,9.71027
Nepal,NPL,1992,9.254472
Nepal,NPL,1993,8.818063
Nepal,NPL,1994,8.403012
Nepal,NPL,1995,8.000416
Nepal,NPL,1996,7.614622
Nepal,NPL,1997,7.242089
Nepal,NPL,1998,6.8776383
Nepal,NPL,1999,6.5281487
Nepal,NPL,2000,6.195038
Nepal,NPL,2001,5.8837914
Nepal,NPL,2002,5.59762
Nepal,NPL,2003,5.333221
Nepal,NPL,2004,5.0956683
Nepal,NPL,2005,4.8804364
Nepal,NPL,2006,4.685667
Nepal,NPL,2007,4.5042944
Nepal,NPL,2008,4.3346877
Nepal,NPL,2009,4.1698008
Nepal,NPL,2010,4.009266
Nepal,NPL,2011,3.8508132
Nepal,NPL,2012,3.6948211
Nepal,NPL,2013,3.5424044
Nepal,NPL,2014,3.3925145
Nepal,NPL,2015,3.2439477
Nepal,NPL,2016,3.1013472
Nepal,NPL,2017,2.9644613
Nepal,NPL,2018,2.8345325
Nepal,NPL,2019,2.71015
Nepal,NPL,2020,2.5931354
Nepal,NPL,2021,2.4882138
Nepal,NPL,2022,2.3931885
Nepal,NPL,2023,2.3058238
Nepal,NPL,2024,2.2241302
Netherlands,NLD,1949,2.6479297
Netherlands,NLD,1950,2.5278757
Netherlands,NLD,1951,2.411207
Netherlands,NLD,1952,2.2975235
Netherlands,NLD,1953,2.1877644
Netherlands,NLD,1954,2.082944
Netherlands,NLD,1955,1.9853396
Netherlands,NLD,1956,1.8974291
Netherlands,NLD,1957,1.8197819
Netherlands,NLD,1958,1.7528268
Netherlands,NLD,1959,1.6950011
Netherlands,NLD,1960,1.6445863
Netherlands,NLD,1961,1.5996436
Netherlands,NLD,1962,1.5585757
Netherlands,NLD,1963,1.5205606
Netherlands,NLD,1964,1.4843332
Netherlands,NLD,1965,1.4492277
Netherlands,NLD,1966,1.4139572
Netherlands,NLD,1967,1.3778524
Netherlands,NLD,1968,1.3393896
Netherlands,NLD,1969,1.2984829
Netherlands,NLD,1970,1.2554486
Netherlands,NLD,1971,1.2117816
Netherlands,NLD,1972,1.167931
Netherlands,NLD,1973,1.125264
Netherlands,NLD,1974,1.0838342
Netherlands,NLD,1975,1.0435905
Netherlands,NLD,1976,1.0042193
Netherlands,NLD,1977,0.966626
Netherlands,NLD,1978,0.93202823
Netherlands,NLD,1979,0.9013882
Netherlands,NLD,1980,0.8752049
Netherlands,NLD,1981,0.85375375
Netherlands,NLD,1982,0.8356897
Netherlands,NLD,1983,0.81950533
Netherlands,NLD,1984,0.8037399
Netherlands,NLD,1985,0.78673476
Netherlands,NLD,1986,0.7672777
Netherlands,NLD,1987,0.7460973
Netherlands,NLD,1988,0.7239157
Netherlands,NLD,1989,0.7013489
Netherlands,NLD,1990,0.67826825
Netherlands,NLD,1991,0.6542009
Netherlands,NLD,1992,0.63006276
Netherlands,NLD,1993,0.60668886
Netherlands,NLD,1994,0.58528167
Netherlands,NLD,1995,0.5665607
Netherlands,NLD,1996,0.55130696
Netherlands,NLD,1997,0.5391321
Netherlands,NLD,1998,0.5293045
Netherlands,NLD,1999,0.520759
Netherlands,NLD,2000,0.51198536
Netherlands,NLD,2001,0.50179553
Netherlands,NLD,2002,0.4897362
Netherlands,NLD,2003,0.47611386
Netherlands,NLD,2004,0.46089995
Netherlands,NLD,2005,0.44496974
Netherlands,NLD,2006,0.42895302
Netherlands,NLD,2007,0.4134463
Netherlands,NLD,2008,0.39926654
Netherlands,NLD,2009,0.3869217
Netherlands,NLD,2010,0.37641
Netherlands,NLD,2011,0.36791307
Netherlands,NLD,2012,0.36115858
Netherlands,NLD,2013,0.35599795
Netherlands,NLD,2014,0.35227203
Netherlands,NLD,2015,0.34990588
Netherlands,NLD,2016,0.3488212
Netherlands,NLD,2017,0.34858876
Netherlands,NLD,2018,0.34857517
Netherlands,NLD,2019,0.3484075
Netherlands,NLD,2020,0.347837
Netherlands,NLD,2021,0.34661308
Netherlands,NLD,2022,0.34486523
Netherlands,NLD,2023,0.34271005
Netherlands,NLD,2024,0.34034312
New Zealand,NZL,1949,2.8963826
New Zealand,NZL,1950,2.839836
New Zealand,NZL,1951,2.7803838
New Zealand,NZL,1952,2.716862
New Zealand,NZL,1953,2.649655
New Zealand,NZL,1954,2.583247
New Zealand,NZL,1955,2.5240908
New Zealand,NZL,1956,2.4741325
New Zealand,NZL,1957,2.4273994
New Zealand,NZL,1958,2.3789623
New Zealand,NZL,1959,2.3230405
New Zealand,NZL,1960,2.2549748
New Zealand,NZL,1961,2.175143
New Zealand,NZL,1962,2.0913956
New Zealand,NZL,1963,2.0111287
New Zealand,NZL,1964,1.9397532
New Zealand,NZL,1965,1.8799372
New Zealand,NZL,1966,1.8322335
New Zealand,NZL,1967,1.7939242
New Zealand,NZL,1968,1.75942
New Zealand,NZL,1969,1.7260636
New Zealand,NZL,1970,1.6924106
New Zealand,NZL,1971,1.6568284
New Zealand,NZL,1972,1.6194438
New Zealand,NZL,1973,1.5808185
New Zealand,NZL,1974,1.5399293
New Zealand,NZL,1975,1.4960096
New Zealand,NZL,1976,1.4500058
New Zealand,NZL,1977,1.4036181
New Zealand,NZL,1978,1.358967
New Zealand,NZL,1979,1.3172821
New Zealand,NZL,1980,1.2802211
New Zealand,NZL,1981,1.2473859
New Zealand,NZL,1982,1.2177483
New Zealand,NZL,1983,1.1894327
New Zealand,NZL,1984,1.1610193
New Zealand,NZL,1985,1.1305946
New Zealand,NZL,1986,1.0967282
New Zealand,NZL,1987,1.0578028
New Zealand,NZL,1988,1.0133004
New Zealand,NZL,1989,0.9645121
New Zealand,NZL,1990,0.9144131
New Zealand,NZL,1991,0.8654047
New Zealand,NZL,1992,0.8200986
New Zealand,NZL,1993,0.7802372
New Zealand,NZL,1994,0.74566084
New Zealand,NZL,1995,0.71518624
New Zealand,NZL,1996,0.687552
New Zealand,NZL,1997,0.66317695
New Zealand,NZL,1998,0.6413865
New Zealand,NZL,1999,0.6222079
New Zealand,NZL,2000,0.6053823
New Zealand,NZL,2001,0.5906724
New Zealand,NZL,2002,0.57744914
New Zealand,NZL,2003,0.5654177
New Zealand,NZL,2004,0.5546643
New Zealand,NZL,2005,0.54567796
New Zealand,NZL,2006,0.538556
New Zealand,NZL,2007,0.53244203
New Zealand,NZL,2008,0.5271775
New Zealand,NZL,2009,0.5217044
New Zealand,NZL,2010,0.51542234
New Zealand,NZL,2011,0.5082003
New Zealand,NZL,2012,0.49950573
New Zealand,NZL,2013,0.49027392
New Zealand,NZL,2014,0.48079598
New Zealand,NZL,2015,0.47132567
New Zealand,NZL,2016,0.4621858
New Zealand,NZL,2017,0.45377865
New Zealand,NZL,2018,0.44625947
New Zealand,NZL,2019,0.43941942
New Zealand,NZL,2020,0.43293628
New Zealand,NZL,2021,0.4264903
New Zealand,NZL,2022,0.41916505
New Zealand,NZL,2023,0.41131327
New Zealand,NZL,2024,0.402169
Nicaragua,NIC,1955,13.907216
Nicaragua,NIC,1956,13.821965
Nicaragua,NIC,1957,13.699007
Nicaragua,NIC,1958,13.601959
Nicaragua,NIC,1959,13.499689
Nicaragua,NIC,1960,13.407611
Nicaragua,NIC,1961,13.307792
Nicaragua,NIC,1962,13.229555
Nicaragua,NIC,1963,13.138452
Nicaragua,NIC,1964,13.0373125
Nicaragua,NIC,1965,12.945732
Nicaragua,NIC,1966,12.84507
Nicaragua,NIC,1967,12.743414
Nicaragua,NIC,1968,12.604541
Nicaragua,NIC,1969,12.465465
Nicaragua,NIC,1970,12.31956
Nicaragua,NIC,1971,12.178414
Nicaragua,NIC,1972,13.038743
Nicaragua,NIC,1973,11.840221
Nicaragua,NIC,1974,11.554776
Nicaragua,NIC,1975,11.1493635
Nicaragua,NIC,1976,10.665372
Nicaragua,NIC,1977,10.116639
Nicaragua,NIC,1978,9.527117
Nicaragua,NIC,1979,8.911332
Nicaragua,NIC,1980,8.3449745
Nicaragua,NIC,1981,7.8451495
Nicaragua,NIC,1982,7.3900323
Nicaragua,NIC,1983,6.999019
Nicaragua,NIC,1984,6.7068124
Nicaragua,NIC,1985,6.502555
Nicaragua,NIC,1986,6.3476324
Nicaragua,NIC,1987,6.206282
Nicaragua,NIC,1988,6.0728374
Nicaragua,NIC,1989,5.903615
Nicaragua,NIC,1990,5.678668
Nicaragua,NIC,1991,5.3956547
Nicaragua,NIC,1992,5.0964904
Nicaragua,NIC,1993,4.813308
Nicaragua,NIC,1994,4.554341
Nicaragua,NIC,1995,4.3119607
Nicaragua,NIC,1996,4.0626383
Nicaragua,NIC,1997,3.815231
Nicaragua,NIC,1998,3.8469515
Nicaragua,NIC,1999,3.352424
Nicaragua,NIC,2000,3.159844
Nicaragua,NIC,2001,3.005996
Nicaragua,NIC,2002,2.8839917
Nicaragua,NIC,2003,2.7722635
Nicaragua,NIC,2004,2.6612065
Nicaragua,NIC,2005,2.5493126
Nicaragua,NIC,2006,2.441941
Nicaragua,NIC,2007,2.3339198
Nicaragua,NIC,2008,2.2257903
Nicaragua,NIC,2009,2.1196551
Nicaragua,NIC,2010,2.00995
Nicaragua,NIC,2011,1.9026476
Nicaragua,NIC,2012,1.7977577
Nicaragua,NIC,2013,1.6954173
Nicaragua,NIC,2014,1.5970789
Nicaragua,NIC,2015,1.5039184
Nicaragua,NIC,2016,1.415689
Nicaragua,NIC,2017,1.3412806
Nicaragua,NIC,2018,1.2867819
Nicaragua,NIC,2019,1.2567514
Nicaragua,NIC,2020,1.2476184
Nicaragua,NIC,2021,1.2513118
Nicaragua,NIC,2022,1.260199
Nicaragua,NIC,2023,1.2048417
Nicaragua,NIC,2024,0.94367
Niger,NER,1969,14.891327
Niger,NER,1970,15.030392
Niger,NER,1971,15.155173
Niger,NER,1972,15.264802
Niger,NER,1973,15.31913
Niger,NER,1974,15.309991
Niger,NER,1975,15.202495
Niger,NER,1976,15.019213
Niger,NER,1977,14.7753105
Niger,NER,1978,14.506924
Niger,NER,1979,14.280669
Niger,NER,1980,14.132089
Niger,NER,1981,14.099135
Niger,NER,1982,14.178274
Niger,NER,1983,14.337979
Niger,NER,1984,14.545715
Niger,NER,1985,14.752904
Niger,NER,1986,14.907583
Niger,NER,1987,14.991199
Niger,NER,1988,15.004293
Niger,NER,1989,14.928578
Niger,NER,1990,14.770169
Niger,NER,1991,14.547077
Niger,NER,1992,14.249233
Niger,NER,1993,13.885183
Niger,NER,1994,13.429666
Niger,NER,1995,12.948848
Niger,NER,1996,12.462449
Niger,NER,1997,12.005968
Niger,NER,1998,11.5818405
Niger,NER,1999,11.207315
Niger,NER,2000,10.830835
Niger,NER,2001,10.407959
Niger,NER,2002,9.935225
Niger,NER,2003,9.442941
Niger,NER,2004,8.9531975
Niger,NER,2005,8.492587
Niger,NER,2006,8.080238
Niger,NER,2007,7.731979
Niger,NER,2008,7.4538355
Niger,NER,2009,7.2396216
Niger,NER,2010,7.0947
Niger,NER,2011,6.9968987
Niger,NER,2012,6.9477687
Niger,NER,2013,6.921195
Niger,NER,2014,6.9118857
Niger,NER,2015,6.9107704
Niger,NER,2016,6.921107
Niger,NER,2017,6.9268336
Niger,NER,2018,6.9278398
Niger,NER,2019,6.9295006
Niger,NER,2020,6.911967
Niger,NER,2021,6.872823
Niger,NER,2022,6.801283
Niger,NER,2023,6.6898804
Niger,NER,2024,6.562223
Nigeria,NGA,1964,17.17178
Nigeria,NGA,1965,16.75521
Nigeria,NGA,1966,16.347628
Nigeria,NGA,1967,15.9518385
Nigeria,NGA,1968,21.793318
Nigeria,NGA,1969,21.233704
Nigeria,NGA,1970,20.658173
Nigeria,NGA,1971,14.245222
Nigeria,NGA,1972,13.768447
Nigeria,NGA,1973,13.292508
Nigeria,NGA,1974,12.825769
Nigeria,NGA,1975,12.3603115
Nigeria,NGA,1976,11.933914
Nigeria,NGA,1977,11.540655
Nigeria,NGA,1978,11.19411
Nigeria,NGA,1979,10.887158
Nigeria,NGA,1980,10.65084
Nigeria,NGA,1981,10.470948
Nigeria,NGA,1982,10.349411
Nigeria,NGA,1983,10.290168
Nigeria,NGA,1984,10.280644
Nigeria,NGA,1985,10.299806
Nigeria,NGA,1986,10.341225
Nigeria,NGA,1987,10.382096
Nigeria,NGA,1988,10.419406
Nigeria,NGA,1989,10.44305
Nigeria,NGA,1990,10.466103
Nigeria,NGA,1991,10.472476
Nigeria,NGA,1992,10.470131
Nigeria,NGA,1993,10.470453
Nigeria,NGA,1994,10.456548
Nigeria,NGA,1995,10.416998
Nigeria,NGA,1996,10.337978
Nigeria,NGA,1997,10.206271
Nigeria,NGA,1998,10.017077
Nigeria,NGA,1999,9.769291
Nigeria,NGA,2000,9.490162
Nigeria,NGA,2001,9.179436
Nigeria,NGA,2002,8.864711
Nigeria,NGA,2003,8.559007
Nigeria,NGA,2004,8.268975
Nigeria,NGA,2005,8.002734
Nigeria,NGA,2006,7.768217
Nigeria,NGA,2007,7.5595675
Nigeria,NGA,2008,7.3795414
Nigeria,NGA,2009,7.232658
Nigeria,NGA,2010,7.1070447
Nigeria,NGA,2011,6.99776
Nigeria,NGA,2012,6.911278
Nigeria,NGA,2013,6.8490763
Nigeria,NGA,2014,6.814191
Nigeria,NGA,2015,6.8001037
Nigeria,NGA,2016,6.807337
Nigeria,NGA,2017,6.831954
Nigeria,NGA,2018,6.867261
Nigeria,NGA,2019,6.9115973
Nigeria,NGA,2020,6.949053
Nigeria,NGA,2021,6.9898324
Nigeria,NGA,2022,7.0163302
Nigeria,NGA,2023,7.013031
Nigeria,NGA,2024,6.977128
Niue,NIU,1943,10.81504
Niue,NIU,1944,10.767097
Niue,NIU,1945,10.705068
Niue,NIU,1946,10.634765
Niue,NIU,1947,10.538874
Niue,NIU,1948,10.459807
Niue,NIU,1949,10.351516
Niue,NIU,1950,10.208286
Niue,NIU,1951,10.049027
Niue,NIU,1952,9.86334
Niue,NIU,1953,9.680312
Niue,NIU,1954,9.49095
Niue,NIU,1955,9.278667
Niue,NIU,1956,9.03755
Niue,NIU,1957,8.799298
Niue,NIU,1958,8.5316305
Niue,NIU,1959,8.25644
Niue,NIU,1960,7.9645724
Niue,NIU,1961,7.648888
Niue,NIU,1962,7.3442173
Niue,NIU,1963,7.023719
Niue,NIU,1964,6.7139354
Niue,NIU,1965,6.384189
Niue,NIU,1966,6.058343
Niue,NIU,1967,5.7304697
Niue,NIU,1968,5.41685
Niue,NIU,1969,5.103304
Niue,NIU,1970,4.793939
Niue,NIU,1971,4.489709
Niue,NIU,1972,4.2033396
Niue,NIU,1973,3.9159856
Niue,NIU,1974,3.6401846
Niue,NIU,1975,3.3752918
Niue,NIU,1976,3.125705
Niue,NIU,1977,2.900688
Niue,NIU,1978,2.7009315
Niue,NIU,1979,2.5364823
Niue,NIU,1980,2.4070065
Niue,NIU,1981,2.3073978
Niue,NIU,1982,2.2357998
Niue,NIU,1983,2.1877875
Niue,NIU,1984,2.1594093
Niue,NIU,1985,2.1498542
Niue,NIU,1986,2.1553555
Niue,NIU,1987,2.1679242
Niue,NIU,1988,2.1886039
Niue,NIU,1989,2.2147818
Niue,NIU,1990,2.2429872
Niue,NIU,1991,2.2780414
Niue,NIU,1992,2.3225296
Niue,NIU,1993,2.3753877
Niue,NIU,1994,2.4439483
Niue,NIU,1995,2.5223637
Niue,NIU,1996,2.6077657
Niue,NIU,1997,2.701099
Niue,NIU,1998,2.8018477
Niue,NIU,1999,2.9000008
Niue,NIU,2000,2.9924655
Niue,NIU,2001,3.0816061
Niue,NIU,2002,3.1700227
Niue,NIU,2003,3.262646
Niue,NIU,2004,3.3445294
Niue,NIU,2005,3.4133062
Niue,NIU,2006,3.4497783
Niue,NIU,2007,3.4430466
Niue,NIU,2008,3.416523
Niue,NIU,2009,3.3692596
Niue,NIU,2010,3.3115034
Niue,NIU,2011,3.2367506
Niue,NIU,2012,3.1573262
Niue,NIU,2013,3.0808437
Niue,NIU,2014,3.0040178
Niue,NIU,2015,2.9198644
Niue,NIU,2016,2.8282187
Niue,NIU,2017,2.747474
Niue,NIU,2018,2.6744962
Niue,NIU,2019,2.595232
Niue,NIU,2020,2.5134683
Niue,NIU,2021,2.4433773
Niue,NIU,2022,2.3668537
Niue,NIU,2023,2.2913315
Niue,NIU,2024,2.2210877
North America,OWID_NAM,1954,5.590835
North America,OWID_NAM,1955,5.438784
North America,OWID_NAM,1956,5.562549
North America,OWID_NAM,1957,5.575996
North America,OWID_NAM,1958,5.7306747
North America,OWID_NAM,1959,5.562573
North America,OWID_NAM,1960,5.469939
North America,OWID_NAM,1961,5.673476
North America,OWID_NAM,1962,5.6202602
North America,OWID_NAM,1963,5.5851336
North America,OWID_NAM,1964,5.542247
North America,OWID_NAM,1965,5.5322566
North America,OWID_NAM,1966,5.5379047
North America,OWID_NAM,1967,5.50954
North America,OWID_NAM,1968,5.442465
North America,OWID_NAM,1969,5.3110547
North America,OWID_NAM,1970,5.140785
North America,OWID_NAM,1971,5.032372
North America,OWID_NAM,1972,5.019514
North America,OWID_NAM,1973,4.9576755
North America,OWID_NAM,1974,4.852469
North America,OWID_NAM,1975,4.6852956
North America,OWID_NAM,1976,4.5668473
North America,OWID_NAM,1977,4.347977
North America,OWID_NAM,1978,4.1709194
North America,OWID_NAM,1979,3.9929028
North America,OWID_NAM,1980,3.8217912
North America,OWID_NAM,1981,3.6457057
North America,OWID_NAM,1982,3.534955
North America,OWID_NAM,1983,3.3695662
North America,OWID_NAM,1984,3.2549634
North America,OWID_NAM,1985,3.1352212
North America,OWID_NAM,1986,3.0260916
North America,OWID_NAM,1987,2.918913
North America,OWID_NAM,1988,2.800475
North America,OWID_NAM,1989,2.6780877
North America,OWID_NAM,1990,2.5620732
North America,OWID_NAM,1991,2.4655008
North America,OWID_NAM,1992,2.3828902
North America,OWID_NAM,1993,2.3044934
North America,OWID_NAM,1994,2.2274141
North America,OWID_NAM,1995,2.150061
North America,OWID_NAM,1996,2.0728643
North America,OWID_NAM,1997,1.995137
North America,OWID_NAM,1998,1.94546
North America,OWID_NAM,1999,1.8422755
North America,OWID_NAM,2000,1.7732105
North America,OWID_NAM,2001,1.7112273
North America,OWID_NAM,2002,1.6559421
North America,OWID_NAM,2003,1.6008953
North America,OWID_NAM,2004,1.5491397
North America,OWID_NAM,2005,1.5023153
North America,OWID_NAM,2006,1.4541557
North America,OWID_NAM,2007,1.4091984
North America,OWID_NAM,2008,1.3741616
North America,OWID_NAM,2009,1.3478065
North America,OWID_NAM,2010,1.40135
North America,OWID_NAM,2011,1.300633
North America,OWID_NAM,2012,1.2726197
North America,OWID_NAM,2013,1.2439061
North America,OWID_NAM,2014,1.214041
North America,OWID_NAM,2015,1.1850657
North America,OWID_NAM,2016,1.1607834
North America,OWID_NAM,2017,1.1402026
North America,OWID_NAM,2018,1.1208551
North America,OWID_NAM,2019,1.1015446
North America,OWID_NAM,2020,1.0855376
North America,OWID_NAM,2021,1.0671515
North America,OWID_NAM,2022,1.043302
North America,OWID_NAM,2023,1.0235603
North America,OWID_NAM,2024,1.0019311
North Korea,PRK,1950,24.12239
North Korea,PRK,1951,21.307884
North Korea,PRK,1952,15.239654
North Korea,PRK,1953,13.199288
North Korea,PRK,1954,11.131521
North Korea,PRK,1955,10.415818
North Korea,PRK,1956,9.785986
North Korea,PRK,1957,9.255962
North Korea,PRK,1958,8.818779
North Korea,PRK,1959,8.465414
North Korea,PRK,1960,8.177429
North Korea,PRK,1961,7.92616
North Korea,PRK,1962,7.685976
North Korea,PRK,1963,7.436023
North Korea,PRK,1964,7.166192
North Korea,PRK,1965,6.872909
North Korea,PRK,1966,6.55703
North Korea,PRK,1967,6.22661
North Korea,PRK,1968,5.893158
North Korea,PRK,1969,5.568618
North Korea,PRK,1970,5.261402
North Korea,PRK,1971,4.976863
North Korea,PRK,1972,4.71688
North Korea,PRK,1973,4.480061
North Korea,PRK,1974,4.265595
North Korea,PRK,1975,4.070072
North Korea,PRK,1976,3.890943
North Korea,PRK,1977,3.726349
North Korea,PRK,1978,3.573969
North Korea,PRK,1979,3.432299
North Korea,PRK,1980,3.300842
North Korea,PRK,1981,3.180695
North Korea,PRK,1982,3.074698
North Korea,PRK,1983,2.988286
North Korea,PRK,1984,2.927625
North Korea,PRK,1985,2.898485
North Korea,PRK,1986,2.904657
North Korea,PRK,1987,2.964323
North Korea,PRK,1988,3.016401
North Korea,PRK,1989,3.104442
North Korea,PRK,1990,3.195135
North Korea,PRK,1991,3.272248
North Korea,PRK,1992,3.32239
North Korea,PRK,1993,3.339849
North Korea,PRK,1994,3.325302
North Korea,PRK,1995,6.428605
North Korea,PRK,1996,6.335855
North Korea,PRK,1997,6.234706
North Korea,PRK,1998,6.139384
North Korea,PRK,1999,6.039016
North Korea,PRK,2000,5.942479
North Korea,PRK,2001,5.857507
North Korea,PRK,2002,5.769718
North Korea,PRK,2003,2.731352
North Korea,PRK,2004,2.675904
North Korea,PRK,2005,2.634602
North Korea,PRK,2006,2.5924
North Korea,PRK,2007,2.557327
North Korea,PRK,2008,2.466635
North Korea,PRK,2009,2.385297
North Korea,PRK,2010,2.28529
North Korea,PRK,2011,2.174405
North Korea,PRK,2012,2.055613
North Korea,PRK,2013,1.933281
North Korea,PRK,2014,1.81856
North Korea,PRK,2015,1.717869
North Korea,PRK,2016,1.647576
North Korea,PRK,2017,1.54253
North Korea,PRK,2018,1.481892
North Korea,PRK,2019,1.429886
North Korea,PRK,2020,1.409451
North Korea,PRK,2021,1.409623
North Korea,PRK,2022,1.43162
North Korea,PRK,2023,1.45355
North Korea,PRK,2024,1.331908
North Macedonia,MKD,1981,5.190595
North Macedonia,MKD,1982,5.0308204
North Macedonia,MKD,1983,4.8261657
North Macedonia,MKD,1984,4.621984
North Macedonia,MKD,1985,4.4940767
North Macedonia,MKD,1986,4.435322
North Macedonia,MKD,1987,4.299893
North Macedonia,MKD,1988,3.9739473
North Macedonia,MKD,1989,3.5764775
North Macedonia,MKD,1990,3.287071
North Macedonia,MKD,1991,3.1454427
North Macedonia,MKD,1992,3.0175755
North Macedonia,MKD,1993,2.7931314
North Macedonia,MKD,1994,2.4946308
North Macedonia,MKD,1995,2.1973987
North Macedonia,MKD,1996,1.9425461
North Macedonia,MKD,1997,1.743899
North Macedonia,MKD,1998,1.6063769
North Macedonia,MKD,1999,1.508202
North Macedonia,MKD,2000,1.4238893
North Macedonia,MKD,2001,1.3446897
North Macedonia,MKD,2002,1.2866168
North Macedonia,MKD,2003,1.2582923
North Macedonia,MKD,2004,1.2454537
North Macedonia,MKD,2005,1.218032
North Macedonia,MKD,2006,1.1632222
North Macedonia,MKD,2007,1.092712
North Macedonia,MKD,2008,1.0211202
North Macedonia,MKD,2009,0.9604205
North Macedonia,MKD,2010,0.9205298
North Macedonia,MKD,2011,0.9064714
North Macedonia,MKD,2012,0.9168254
North Macedonia,MKD,2013,0.9482581
North Macedonia,MKD,2014,0.98117447
North Macedonia,MKD,2015,0.9828997
North Macedonia,MKD,2016,0.9352469
North Macedonia,MKD,2017,0.84832716
North Macedonia,MKD,2018,0.73892105
North Macedonia,MKD,2019,0.6261337
North Macedonia,MKD,2020,0.52684605
North Macedonia,MKD,2021,0.44435036
North Macedonia,MKD,2022,0.37052333
North Macedonia,MKD,2023,0.30260053
North Macedonia,MKD,2024,0.2457141
Norway,NOR,1950,2.6903262
Norway,NOR,1951,2.5268064
Norway,NOR,1952,2.380171
Norway,NOR,1953,2.262931
Norway,NOR,1954,2.1756508
Norway,NOR,1955,2.1093302
Norway,NOR,1956,2.0542638
Norway,NOR,1957,2.003754
Norway,NOR,1958,1.9517112
Norway,NOR,1959,1.8964319
Norway,NOR,1960,1.8430015
Norway,NOR,1961,1.7960012
Norway,NOR,1962,1.7533096
Norway,NOR,1963,1.7076786
Norway,NOR,1964,1.6567221
Norway,NOR,1965,1.5998929
Norway,NOR,1966,1.5385287
Norway,NOR,1967,1.476274
Norway,NOR,1968,1.4172425
Norway,NOR,1969,1.3624793
Norway,NOR,1970,1.3103094
Norway,NOR,1971,1.2587943
Norway,NOR,1972,1.2065848
Norway,NOR,1973,1.1529053
Norway,NOR,1974,1.0984259
Norway,NOR,1975,1.0421085
Norway,NOR,1976,0.9841851
Norway,NOR,1977,0.92845565
Norway,NOR,1978,0.87918466
Norway,NOR,1979,0.83951545
Norway,NOR,1980,0.8125755
Norway,NOR,1981,0.7995055
Norway,NOR,1982,0.798337
Norway,NOR,1983,0.8057785
Norway,NOR,1984,0.8169333
Norway,NOR,1985,0.82662183
Norway,NOR,1986,0.82916147
Norway,NOR,1987,0.8204249
Norway,NOR,1988,0.7954098
Norway,NOR,1989,0.7540116
Norway,NOR,1990,0.70157605
Norway,NOR,1991,0.6434179
Norway,NOR,1992,0.5860258
Norway,NOR,1993,0.53522974
Norway,NOR,1994,0.49367708
Norway,NOR,1995,0.46176612
Norway,NOR,1996,0.4394283
Norway,NOR,1997,0.42443967
Norway,NOR,1998,0.41324937
Norway,NOR,1999,0.4034227
Norway,NOR,2000,0.39339185
Norway,NOR,2001,0.3818738
Norway,NOR,2002,0.36944485
Norway,NOR,2003,0.35596567
Norway,NOR,2004,0.34239373
Norway,NOR,2005,0.32888225
Norway,NOR,2006,0.3160346
Norway,NOR,2007,0.30352226
Norway,NOR,2008,0.29084572
Norway,NOR,2009,0.27821237
Norway,NOR,2010,0.2660357
Norway,NOR,2011,0.25504526
Norway,NOR,2012,0.24501826
Norway,NOR,2013,0.23610729
Norway,NOR,2014,0.2279636
Norway,NOR,2015,0.22042795
Norway,NOR,2016,0.21347393
Norway,NOR,2017,0.20719776
Norway,NOR,2018,0.2018699
Norway,NOR,2019,0.19757837
Norway,NOR,2020,0.19511674
Norway,NOR,2021,0.1949225
Norway,NOR,2022,0.19675925
Norway,NOR,2023,0.20032823
Norway,NOR,2024,0.20449722
Oceania,OWID_OCE,1951,6.7327905
Oceania,OWID_OCE,1952,6.367573
Oceania,OWID_OCE,1953,6.2767715
Oceania,OWID_OCE,1954,6.1717076
Oceania,OWID_OCE,1955,6.0421104
Oceania,OWID_OCE,1956,5.88865
Oceania,OWID_OCE,1957,5.729787
Oceania,OWID_OCE,1958,5.582165
Oceania,OWID_OCE,1959,5.4643064
Oceania,OWID_OCE,1960,5.324373
Oceania,OWID_OCE,1961,5.1556334
Oceania,OWID_OCE,1962,5.026752
Oceania,OWID_OCE,1963,4.9383783
Oceania,OWID_OCE,1964,4.8873024
Oceania,OWID_OCE,1965,4.832765
Oceania,OWID_OCE,1966,4.760965
Oceania,OWID_OCE,1967,4.6450696
Oceania,OWID_OCE,1968,4.497816
Oceania,OWID_OCE,1969,4.3461637
Oceania,OWID_OCE,1970,4.2106442
Oceania,OWID_OCE,1971,4.0330505
Oceania,OWID_OCE,1972,3.8937595
Oceania,OWID_OCE,1973,3.8415549
Oceania,OWID_OCE,1974,3.7758753
Oceania,OWID_OCE,1975,3.6993535
Oceania,OWID_OCE,1976,3.6318824
Oceania,OWID_OCE,1977,3.543886
Oceania,OWID_OCE,1978,3.448287
Oceania,OWID_OCE,1979,3.3580008
Oceania,OWID_OCE,1980,3.266361
Oceania,OWID_OCE,1981,3.1619635
Oceania,OWID_OCE,1982,3.0683014
Oceania,OWID_OCE,1983,3.0012872
Oceania,OWID_OCE,1984,2.9572835
Oceania,OWID_OCE,1985,2.9068284
Oceania,OWID_OCE,1986,2.8506086
Oceania,OWID_OCE,1987,2.8008468
Oceania,OWID_OCE,1988,2.7403743
Oceania,OWID_OCE,1989,2.6735206
Oceania,OWID_OCE,1990,2.5880928
Oceania,OWID_OCE,1991,2.5198998
Oceania,OWID_OCE,1992,2.4751456
Oceania,OWID_OCE,1993,2.4431813
Oceania,OWID_OCE,1994,2.4312327
Oceania,OWID_OCE,1995,2.4236794
Oceania,OWID_OCE,1996,2.4216254
Oceania,OWID_OCE,1997,2.6025932
Oceania,OWID_OCE,1998,2.431201
Oceania,OWID_OCE,1999,2.435395
Oceania,OWID_OCE,2000,2.4285643
Oceania,OWID_OCE,2001,2.4285715
Oceania,OWID_OCE,2002,2.422208
Oceania,OWID_OCE,2003,2.4033594
Oceania,OWID_OCE,2004,2.3739223
Oceania,OWID_OCE,2005,2.3271832
Oceania,OWID_OCE,2006,2.275095
Oceania,OWID_OCE,2007,2.2004635
Oceania,OWID_OCE,2008,2.124301
Oceania,OWID_OCE,2009,2.081486
Oceania,OWID_OCE,2010,2.0429037
Oceania,OWID_OCE,2011,2.0036995
Oceania,OWID_OCE,2012,1.9563309
Oceania,OWID_OCE,2013,1.914147
Oceania,OWID_OCE,2014,1.8899696
Oceania,OWID_OCE,2015,1.9650619
Oceania,OWID_OCE,2016,1.8038241
Oceania,OWID_OCE,2017,1.7652552
Oceania,OWID_OCE,2018,1.7311498
Oceania,OWID_OCE,2019,1.7011276
Oceania,OWID_OCE,2020,1.684033
Oceania,OWID_OCE,2021,1.6458625
Oceania,OWID_OCE,2022,1.5962185
Oceania,OWID_OCE,2023,1.5554748
Oceania,OWID_OCE,2024,1.5150208
Oman,OMN,1959,24.758974
Oman,OMN,1960,23.892456
Oman,OMN,1961,23.09035
Oman,OMN,1962,22.326994
Oman,OMN,1963,21.576612
Oman,OMN,1964,20.811153
Oman,OMN,1965,20.121435
Oman,OMN,1966,19.403286
Oman,OMN,1967,18.66648
Oman,OMN,1968,17.938723
Oman,OMN,1969,17.207836
Oman,OMN,1970,16.455025
Oman,OMN,1971,15.691595
Oman,OMN,1972,14.955906
Oman,OMN,1973,14.184539
Oman,OMN,1974,13.4314375
Oman,OMN,1975,12.656806
Oman,OMN,1976,11.856156
Oman,OMN,1977,11.044366
Oman,OMN,1978,10.234639
Oman,OMN,1979,9.431472
Oman,OMN,1980,8.6494665
Oman,OMN,1981,7.883656
Oman,OMN,1982,7.1469193
Oman,OMN,1983,6.445024
Oman,OMN,1984,5.799529
Oman,OMN,1985,5.2160144
Oman,OMN,1986,4.694938
Oman,OMN,1987,4.230536
Oman,OMN,1988,3.8233647
Oman,OMN,1989,3.4648187
Oman,OMN,1990,3.1418083
Oman,OMN,1991,2.847152
Oman,OMN,1992,2.5849864
Oman,OMN,1993,2.3486598
Oman,OMN,1994,2.140611
Oman,OMN,1995,1.9592855
Oman,OMN,1996,1.8034816
Oman,OMN,1997,1.6659702
Oman,OMN,1998,1.5456972
Oman,OMN,1999,1.4373155
Oman,OMN,2000,1.3409775
Oman,OMN,2001,1.2576555
Oman,OMN,2002,1.1867642
Oman,OMN,2003,1.128465
Oman,OMN,2004,1.0813919
Oman,OMN,2005,1.0444703
Oman,OMN,2006,1.0154463
Oman,OMN,2007,0.9942115
Oman,OMN,2008,0.97797215
Oman,OMN,2009,0.96519285
Oman,OMN,2010,0.9534971
Oman,OMN,2011,0.94153035
Oman,OMN,2012,0.9295824
Oman,OMN,2013,0.9185963
Oman,OMN,2014,0.90974873
Oman,OMN,2015,0.9024826
Oman,OMN,2016,0.89610845
Oman,OMN,2017,0.88974553
Oman,OMN,2018,0.8827191
Oman,OMN,2019,0.8737171
Oman,OMN,2020,0.8646357
Oman,OMN,2021,0.8554989
Oman,OMN,2022,0.8471918
Oman,OMN,2023,0.83878094
Oman,OMN,2024,0.8294446
Pakistan,PAK,1951,23.23561
Pakistan,PAK,1952,22.353941
Pakistan,PAK,1953,21.536184
Pakistan,PAK,1954,20.734358
Pakistan,PAK,1955,19.984354
Pakistan,PAK,1956,19.278065
Pakistan,PAK,1957,18.59578
Pakistan,PAK,1958,17.95835
Pakistan,PAK,1959,17.377977
Pakistan,PAK,1960,16.830412
Pakistan,PAK,1961,16.310555
Pakistan,PAK,1962,15.826943
Pakistan,PAK,1963,15.366968
Pakistan,PAK,1964,14.969698
Pakistan,PAK,1965,14.618511
Pakistan,PAK,1966,14.3167515
Pakistan,PAK,1967,14.081041
Pakistan,PAK,1968,13.880838
Pakistan,PAK,1969,13.716615
Pakistan,PAK,1970,13.570443
Pakistan,PAK,1971,13.441174
Pakistan,PAK,1972,13.321335
Pakistan,PAK,1973,13.221951
Pakistan,PAK,1974,13.136147
Pakistan,PAK,1975,13.060758
Pakistan,PAK,1976,12.993766
Pakistan,PAK,1977,12.93471
Pakistan,PAK,1978,12.88001
Pakistan,PAK,1979,12.813344
Pakistan,PAK,1980,12.742418
Pakistan,PAK,1981,12.661901
Pakistan,PAK,1982,12.569109
Pakistan,PAK,1983,12.454936
Pakistan,PAK,1984,12.320347
Pakistan,PAK,1985,12.172646
Pakistan,PAK,1986,12.010932
Pakistan,PAK,1987,11.839171
Pakistan,PAK,1988,11.661945
Pakistan,PAK,1989,11.484387
Pakistan,PAK,1990,11.296625
Pakistan,PAK,1991,11.101264
Pakistan,PAK,1992,10.889365
Pakistan,PAK,1993,10.666117
Pakistan,PAK,1994,10.427862
Pakistan,PAK,1995,10.175721
Pakistan,PAK,1996,9.910486
Pakistan,PAK,1997,9.643469
Pakistan,PAK,1998,9.378928
Pakistan,PAK,1999,9.119838
Pakistan,PAK,2000,8.879622
Pakistan,PAK,2001,8.664633
Pakistan,PAK,2002,8.470509
Pakistan,PAK,2003,8.29883
Pakistan,PAK,2004,8.143128
Pakistan,PAK,2005,7.996643
Pakistan,PAK,2006,7.8592014
Pakistan,PAK,2007,7.726859
Pakistan,PAK,2008,7.5873957
Pakistan,PAK,2009,7.4381957
Pakistan,PAK,2010,7.279685
Pakistan,PAK,2011,7.10959
Pakistan,PAK,2012,6.9316697
Pakistan,PAK,2013,6.743508
Pakistan,PAK,2014,6.550186
Pakistan,PAK,2015,6.3563046
Pakistan,PAK,2016,6.165428
Pakistan,PAK,2017,5.981871
Pakistan,PAK,2018,5.8052855
Pakistan,PAK,2019,5.634271
Pakistan,PAK,2020,5.46303
Pakistan,PAK,2021,5.299577
Pakistan,PAK,2022,5.1328874
Pakistan,PAK,2023,4.9731226
Pakistan,PAK,2024,4.821426
Palau,PLW,1965,8.086844
Palau,PLW,1966,7.828991
Palau,PLW,1967,7.5527787
Palau,PLW,1968,7.2882485
Palau,PLW,1969,7.0152307
Palau,PLW,1970,6.7257023
Palau,PLW,1971,6.415491
Palau,PLW,1972,6.0848713
Palau,PLW,1973,5.7500987
Palau,PLW,1974,5.4093914
Palau,PLW,1975,5.0880637
Palau,PLW,1976,4.790818
Palau,PLW,1977,4.516481
Palau,PLW,1978,4.2798457
Palau,PLW,1979,4.0690694
Palau,PLW,1980,3.8873188
Palau,PLW,1981,3.729289
Palau,PLW,1982,3.595052
Palau,PLW,1983,3.4777882
Palau,PLW,1984,3.373253
Palau,PLW,1985,3.284933
Palau,PLW,1986,3.2144961
Palau,PLW,1987,3.1496305
Palau,PLW,1988,3.0934958
Palau,PLW,1989,3.045466
Palau,PLW,1990,2.9963858
Palau,PLW,1991,2.9471343
Palau,PLW,1992,2.886894
Palau,PLW,1993,2.819367
Palau,PLW,1994,2.7431366
Palau,PLW,1995,2.6650858
Palau,PLW,1996,2.5805824
Palau,PLW,1997,2.4975991
Palau,PLW,1998,2.4130204
Palau,PLW,1999,2.3307886
Palau,PLW,2000,2.2468414
Palau,PLW,2001,2.166658
Palau,PLW,2002,2.0887537
Palau,PLW,2003,2.0133364
Palau,PLW,2004,1.9434729
Palau,PLW,2005,1.8758225
Palau,PLW,2006,1.8121436
Palau,PLW,2007,1.7558333
Palau,PLW,2008,1.7100663
Palau,PLW,2009,1.6778147
Palau,PLW,2010,1.661772
Palau,PLW,2011,1.662131
Palau,PLW,2012,1.6803794
Palau,PLW,2013,1.718072
Palau,PLW,2014,1.7654291
Palau,PLW,2015,1.8217301
Palau,PLW,2016,1.8818636
Palau,PLW,2017,1.9361457
Palau,PLW,2018,1.967161
Palau,PLW,2019,1.9812895
Palau,PLW,2020,1.977905
Palau,PLW,2021,1.9618064
Palau,PLW,2022,1.9386319
Palau,PLW,2023,1.8983945
Palau,PLW,2024,1.856831
Palestine,PSE,1975,9.450178
Palestine,PSE,1976,8.886863
Palestine,PSE,1977,8.348932
Palestine,PSE,1978,7.8489985
Palestine,PSE,1979,7.380795
Palestine,PSE,1980,6.9493933
Palestine,PSE,1981,6.5360255
Palestine,PSE,1982,6.149365
Palestine,PSE,1983,5.7914743
Palestine,PSE,1984,5.4576006
Palestine,PSE,1985,5.1432505
Palestine,PSE,1986,4.854693
Palestine,PSE,1987,4.589248
Palestine,PSE,1988,4.343855
Palestine,PSE,1989,4.118215
Palestine,PSE,1990,3.915379
Palestine,PSE,1991,3.7337189
Palestine,PSE,1992,3.5714998
Palestine,PSE,1993,3.4233396
Palestine,PSE,1994,3.285716
Palestine,PSE,1995,3.1578362
Palestine,PSE,1996,3.0360656
Palestine,PSE,1997,2.9225585
Palestine,PSE,1998,2.8202
Palestine,PSE,1999,2.7240734
Palestine,PSE,2000,2.6344314
Palestine,PSE,2001,2.5542111
Palestine,PSE,2002,2.4782822
Palestine,PSE,2003,2.4024973
Palestine,PSE,2004,2.3315585
Palestine,PSE,2005,2.25717
Palestine,PSE,2006,2.1827655
Palestine,PSE,2007,2.1104121
Palestine,PSE,2008,2.0394127
Palestine,PSE,2009,1.9691005
Palestine,PSE,2010,1.8993925
Palestine,PSE,2011,1.8312038
Palestine,PSE,2012,1.7656735
Palestine,PSE,2013,1.7015163
Palestine,PSE,2014,1.7590213
Palestine,PSE,2015,1.5774933
Palestine,PSE,2016,1.5210019
Palestine,PSE,2017,1.464734
Palestine,PSE,2018,1.4108882
Palestine,PSE,2019,1.3629783
Palestine,PSE,2020,1.3179554
Palestine,PSE,2021,1.275217
Palestine,PSE,2022,1.2331085
Palestine,PSE,2023,1.6810408
Palestine,PSE,2024,1.6961627
Panama,PAN,1953,7.498727
Panama,PAN,1954,7.3436046
Panama,PAN,1955,7.196453
Panama,PAN,1956,7.0474334
Panama,PAN,1957,6.912177
Panama,PAN,1958,6.7808557
Panama,PAN,1959,6.6505804
Panama,PAN,1960,6.5138288
Panama,PAN,1961,6.3828664
Panama,PAN,1962,6.2466435
Panama,PAN,1963,6.1136856
Panama,PAN,1964,5.9868383
Panama,PAN,1965,5.86062
Panama,PAN,1966,5.7359467
Panama,PAN,1967,5.6085343
Panama,PAN,1968,5.4678597
Panama,PAN,1969,5.297492
Panama,PAN,1970,5.0916386
Panama,PAN,1971,4.856759
Panama,PAN,1972,4.6112404
Panama,PAN,1973,4.364899
Panama,PAN,1974,4.1397276
Panama,PAN,1975,3.9505708
Panama,PAN,1976,3.7968771
Panama,PAN,1977,3.6726167
Panama,PAN,1978,3.5690594
Panama,PAN,1979,3.4736984
Panama,PAN,1980,3.3764598
Panama,PAN,1981,3.273277
Panama,PAN,1982,3.1611793
Panama,PAN,1983,3.0465724
Panama,PAN,1984,2.9287436
Panama,PAN,1985,2.8186607
Panama,PAN,1986,2.7181587
Panama,PAN,1987,2.625599
Panama,PAN,1988,2.5415466
Panama,PAN,1989,2.4653304
Panama,PAN,1990,2.399481
Panama,PAN,1991,2.3476634
Panama,PAN,1992,2.3043923
Panama,PAN,1993,2.2734032
Panama,PAN,1994,2.247954
Panama,PAN,1995,2.2273147
Panama,PAN,1996,2.2048104
Panama,PAN,1997,2.1778498
Panama,PAN,1998,2.1437902
Panama,PAN,1999,2.1003394
Panama,PAN,2000,2.0495114
Panama,PAN,2001,1.9914042
Panama,PAN,2002,1.9297373
Panama,PAN,2003,1.868046
Panama,PAN,2004,1.8047848
Panama,PAN,2005,1.7439934
Panama,PAN,2006,1.6864972
Panama,PAN,2007,1.6316414
Panama,PAN,2008,1.5814346
Panama,PAN,2009,1.5331193
Panama,PAN,2010,1.4906671
Panama,PAN,2011,1.4534844
Panama,PAN,2012,1.4225665
Panama,PAN,2013,1.3964483
Panama,PAN,2014,1.377128
Panama,PAN,2015,1.3628174
Panama,PAN,2016,1.348319
Panama,PAN,2017,1.3262101
Panama,PAN,2018,1.2936606
Panama,PAN,2019,1.2567567
Panama,PAN,2020,1.2227811
Panama,PAN,2021,1.197523
Panama,PAN,2022,1.1864192
Panama,PAN,2023,1.1892139
Panama,PAN,2024,1.1974341
Papua New Guinea,PNG,1948,19.982737
Papua New Guinea,PNG,1949,19.48413
Papua New Guinea,PNG,1950,18.987926
Papua New Guinea,PNG,1951,19.577976
Papua New Guinea,PNG,1952,18.039429
Papua New Guinea,PNG,1953,17.59575
Papua New Guinea,PNG,1954,17.148634
Papua New Guinea,PNG,1955,16.717123
Papua New Guinea,PNG,1956,16.29164
Papua New Guinea,PNG,1957,15.877379
Papua New Guinea,PNG,1958,15.463757
Papua New Guinea,PNG,1959,15.056274
Papua New Guinea,PNG,1960,14.647801
Papua New Guinea,PNG,1961,14.237431
Papua New Guinea,PNG,1962,13.8188505
Papua New Guinea,PNG,1963,13.406182
Papua New Guinea,PNG,1964,13.000928
Papua New Guinea,PNG,1965,12.600861
Papua New Guinea,PNG,1966,12.209208
Papua New Guinea,PNG,1967,11.821285
Papua New Guinea,PNG,1968,11.452911
Papua New Guinea,PNG,1969,11.080446
Papua New Guinea,PNG,1970,10.722598
Papua New Guinea,PNG,1971,10.377177
Papua New Guinea,PNG,1972,10.0543
Papua New Guinea,PNG,1973,9.734733
Papua New Guinea,PNG,1974,9.441184
Papua New Guinea,PNG,1975,9.154796
Papua New Guinea,PNG,1976,8.889352
Papua New Guinea,PNG,1977,8.637897
Papua New Guinea,PNG,1978,8.4047785
Papua New Guinea,PNG,1979,8.189811
Papua New Guinea,PNG,1980,7.9962254
Papua New Guinea,PNG,1981,7.8014317
Papua New Guinea,PNG,1982,7.6257925
Papua New Guinea,PNG,1983,7.45983
Papua New Guinea,PNG,1984,7.3080425
Papua New Guinea,PNG,1985,7.1664634
Papua New Guinea,PNG,1986,7.029974
Papua New Guinea,PNG,1987,6.9096413
Papua New Guinea,PNG,1988,6.792791
Papua New Guinea,PNG,1989,6.678689
Papua New Guinea,PNG,1990,6.562465
Papua New Guinea,PNG,1991,6.446829
Papua New Guinea,PNG,1992,6.3367944
Papua New Guinea,PNG,1993,6.2334566
Papua New Guinea,PNG,1994,6.1319933
Papua New Guinea,PNG,1995,6.0416536
Papua New Guinea,PNG,1996,5.954157
Papua New Guinea,PNG,1997,6.4338474
Papua New Guinea,PNG,1998,5.782418
Papua New Guinea,PNG,1999,5.7024584
Papua New Guinea,PNG,2000,5.6221223
Papua New Guinea,PNG,2001,5.538047
Papua New Guinea,PNG,2002,5.4460225
Papua New Guinea,PNG,2003,5.357667
Papua New Guinea,PNG,2004,5.262546
Papua New Guinea,PNG,2005,5.159905
Papua New Guinea,PNG,2006,5.055137
Papua New Guinea,PNG,2007,4.947872
Papua New Guinea,PNG,2008,4.835398
Papua New Guinea,PNG,2009,4.720175
Papua New Guinea,PNG,2010,4.608935
Papua New Guinea,PNG,2011,4.4948225
Papua New Guinea,PNG,2012,4.379853
Papua New Guinea,PNG,2013,4.2700925
Papua New Guinea,PNG,2014,4.159919
Papua New Guinea,PNG,2015,4.358925
Papua New Guinea,PNG,2016,3.9425929
Papua New Guinea,PNG,2017,3.8288138
Papua New Guinea,PNG,2018,3.726817
Papua New Guinea,PNG,2019,3.6208458
Papua New Guinea,PNG,2020,3.5150857
Papua New Guinea,PNG,2021,3.4107494
Papua New Guinea,PNG,2022,3.3094013
Papua New Guinea,PNG,2023,3.217017
Papua New Guinea,PNG,2024,3.1277592
Paraguay,PRY,1956,6.551779
Paraguay,PRY,1957,6.4862137
Paraguay,PRY,1958,6.4347916
Paraguay,PRY,1959,6.3892694
Paraguay,PRY,1960,6.338859
Paraguay,PRY,1961,6.2974787
Paraguay,PRY,1962,6.2683125
Paraguay,PRY,1963,6.243847
Paraguay,PRY,1964,6.2251816
Paraguay,PRY,1965,6.2144785
Paraguay,PRY,1966,6.2078795
Paraguay,PRY,1967,6.2035065
Paraguay,PRY,1968,6.186456
Paraguay,PRY,1969,6.163209
Paraguay,PRY,1970,6.1377697
Paraguay,PRY,1971,6.1051507
Paraguay,PRY,1972,6.0559673
Paraguay,PRY,1973,5.997018
Paraguay,PRY,1974,5.9216304
Paraguay,PRY,1975,5.8380194
Paraguay,PRY,1976,5.741398
Paraguay,PRY,1977,5.639967
Paraguay,PRY,1978,5.523678
Paraguay,PRY,1979,5.399366
Paraguay,PRY,1980,5.2649713
Paraguay,PRY,1981,5.122097
Paraguay,PRY,1982,4.9681826
Paraguay,PRY,1983,4.8136034
Paraguay,PRY,1984,4.660106
Paraguay,PRY,1985,4.5010333
Paraguay,PRY,1986,4.3483567
Paraguay,PRY,1987,4.201063
Paraguay,PRY,1988,4.058266
Paraguay,PRY,1989,3.9176106
Paraguay,PRY,1990,3.7833796
Paraguay,PRY,1991,3.65466
Paraguay,PRY,1992,3.534455
Paraguay,PRY,1993,3.4219558
Paraguay,PRY,1994,3.317467
Paraguay,PRY,1995,3.2294445
Paraguay,PRY,1996,3.1461556
Paraguay,PRY,1997,3.0693831
Paraguay,PRY,1998,3.0018086
Paraguay,PRY,1999,2.937123
Paraguay,PRY,2000,2.8716702
Paraguay,PRY,2001,2.8089414
Paraguay,PRY,2002,2.7474353
Paraguay,PRY,2003,2.6917415
Paraguay,PRY,2004,2.6355968
Paraguay,PRY,2005,2.5750585
Paraguay,PRY,2006,2.5130947
Paraguay,PRY,2007,2.4497473
Paraguay,PRY,2008,2.3824708
Paraguay,PRY,2009,2.3161705
Paraguay,PRY,2010,2.2496557
Paraguay,PRY,2011,2.185244
Paraguay,PRY,2012,2.120006
Paraguay,PRY,2013,2.0587926
Paraguay,PRY,2014,1.9981611
Paraguay,PRY,2015,1.9314871
Paraguay,PRY,2016,1.8692366
Paraguay,PRY,2017,1.8140519
Paraguay,PRY,2018,1.7570599
Paraguay,PRY,2019,1.7045064
Paraguay,PRY,2020,1.6513397
Paraguay,PRY,2021,1.6014647
Paraguay,PRY,2022,1.551827
Paraguay,PRY,2023,1.5006716
Paraguay,PRY,2024,1.4533325
Peru,PER,1954,18.806055
Peru,PER,1955,18.028442
Peru,PER,1956,17.37631
Peru,PER,1957,16.80786
Peru,PER,1958,16.330736
Peru,PER,1959,15.891968
Peru,PER,1960,15.49146
Peru,PER,1961,15.085714
Peru,PER,1962,14.656949
Peru,PER,1963,14.204333
Peru,PER,1964,13.747964
Peru,PER,1965,13.30008
Peru,PER,1966,12.870037
Peru,PER,1967,12.467043
Peru,PER,1968,12.101647
Peru,PER,1969,11.761289
Peru,PER,1970,12.733909
Peru,PER,1971,11.12335
Peru,PER,1972,10.817962
Peru,PER,1973,10.515384
Peru,PER,1974,10.211876
Peru,PER,1975,9.933222
Peru,PER,1976,9.701079
Peru,PER,1977,9.4905815
Peru,PER,1978,9.308991
Peru,PER,1979,9.141904
Peru,PER,1980,8.966959
Peru,PER,1981,8.776422
Peru,PER,1982,8.553467
Peru,PER,1983,8.289975
Peru,PER,1984,7.979888
Peru,PER,1985,7.6348643
Peru,PER,1986,7.279294
Peru,PER,1987,6.928049
Peru,PER,1988,6.593542
Peru,PER,1989,6.289914
Peru,PER,1990,5.9961267
Peru,PER,1991,5.701645
Peru,PER,1992,5.3994136
Peru,PER,1993,5.0875435
Peru,PER,1994,4.766404
Peru,PER,1995,4.441811
Peru,PER,1996,4.12124
Peru,PER,1997,3.8136163
Peru,PER,1998,3.522691
Peru,PER,1999,3.2529066
Peru,PER,2000,3.0057578
Peru,PER,2001,2.7844586
Peru,PER,2002,2.588462
Peru,PER,2003,2.4167073
Peru,PER,2004,2.2659657
Peru,PER,2005,2.133419
Peru,PER,2006,2.013738
Peru,PER,2007,1.9069281
Peru,PER,2008,1.8114021
Peru,PER,2009,1.7258476
Peru,PER,2010,1.6486244
Peru,PER,2011,1.5792357
Peru,PER,2012,1.518812
Peru,PER,2013,1.466138
Peru,PER,2014,1.4197639
Peru,PER,2015,1.3791367
Peru,PER,2016,1.343512
Peru,PER,2017,1.3121018
Peru,PER,2018,1.2822922
Peru,PER,2019,1.2523726
Peru,PER,2020,1.2235284
Peru,PER,2021,1.1936293
Peru,PER,2022,1.1624526
Peru,PER,2023,1.1300337
Peru,PER,2024,1.0983232
Philippines,PHL,1954,7.5520706
Philippines,PHL,1955,7.303894
Philippines,PHL,1956,7.061835
Philippines,PHL,1957,6.8385606
Philippines,PHL,1958,6.6159897
Philippines,PHL,1959,6.408264
Philippines,PHL,1960,6.227203
Philippines,PHL,1961,6.074026
Philippines,PHL,1962,5.9417086
Philippines,PHL,1963,5.8334856
Philippines,PHL,1964,5.7375026
Philippines,PHL,1965,5.6549463
Philippines,PHL,1966,5.5694036
Philippines,PHL,1967,5.492452
Philippines,PHL,1968,5.4162583
Philippines,PHL,1969,5.36033
Philippines,PHL,1970,5.318329
Philippines,PHL,1971,5.294496
Philippines,PHL,1972,5.2933226
Philippines,PHL,1973,5.3000717
Philippines,PHL,1974,5.314637
Philippines,PHL,1975,5.334046
Philippines,PHL,1976,5.340934
Philippines,PHL,1977,5.3372893
Philippines,PHL,1978,5.325373
Philippines,PHL,1979,5.2947907
Philippines,PHL,1980,5.255299
Philippines,PHL,1981,5.206668
Philippines,PHL,1982,5.1456776
Philippines,PHL,1983,5.073843
Philippines,PHL,1984,4.9883876
Philippines,PHL,1985,4.872094
Philippines,PHL,1986,4.7230535
Philippines,PHL,1987,4.5380683
Philippines,PHL,1988,4.3250985
Philippines,PHL,1989,4.0986886
Philippines,PHL,1990,3.876555
Philippines,PHL,1991,3.6729631
Philippines,PHL,1992,3.4933934
Philippines,PHL,1993,3.334981
Philippines,PHL,1994,3.199421
Philippines,PHL,1995,3.0824313
Philippines,PHL,1996,2.9833434
Philippines,PHL,1997,2.8995495
Philippines,PHL,1998,2.8298388
Philippines,PHL,1999,2.774369
Philippines,PHL,2000,2.7253382
Philippines,PHL,2001,2.6811593
Philippines,PHL,2002,2.6365623
Philippines,PHL,2003,2.5909123
Philippines,PHL,2004,2.5433211
Philippines,PHL,2005,2.495319
Philippines,PHL,2006,2.4502952
Philippines,PHL,2007,2.4054766
Philippines,PHL,2008,2.3656843
Philippines,PHL,2009,2.32844
Philippines,PHL,2010,2.2973287
Philippines,PHL,2011,2.2667155
Philippines,PHL,2012,2.242098
Philippines,PHL,2013,2.2248974
Philippines,PHL,2014,2.2146096
Philippines,PHL,2015,2.2113771
Philippines,PHL,2016,2.2160728
Philippines,PHL,2017,2.227693
Philippines,PHL,2018,2.2464185
Philippines,PHL,2019,2.2623353
Philippines,PHL,2020,2.2711308
Philippines,PHL,2021,2.2629132
Philippines,PHL,2022,2.2377036
Philippines,PHL,2023,2.2040534
Philippines,PHL,2024,2.166237
Poland,POL,1950,12.254451
Poland,POL,1951,11.331494
Poland,POL,1952,10.504881
Poland,POL,1953,9.776721
Poland,POL,1954,9.124818
Poland,POL,1955,8.529592
Poland,POL,1956,7.9790907
Poland,POL,1957,7.434814
Poland,POL,1958,6.8739104
Poland,POL,1959,6.3057313
Poland,POL,1960,5.782836
Poland,POL,1961,5.353972
Poland,POL,1962,4.9957695
Poland,POL,1963,4.6662736
Poland,POL,1964,4.3497233
Poland,POL,1965,4.060353
Poland,POL,1966,3.809796
Poland,POL,1967,3.6050892
Poland,POL,1968,3.446395
Poland,POL,1969,3.3223689
Poland,POL,1970,3.194894
Poland,POL,1971,3.0368013
Poland,POL,1972,2.8606308
Poland,POL,1973,2.699578
Poland,POL,1974,2.567774
Poland,POL,1975,2.4623344
Poland,POL,1976,2.3794599
Poland,POL,1977,2.3091545
Poland,POL,1978,2.2420034
Poland,POL,1979,2.1741297
Poland,POL,1980,2.108245
Poland,POL,1981,2.0473764
Poland,POL,1982,1.9886528
Poland,POL,1983,1.9251262
Poland,POL,1984,1.8549345
Poland,POL,1985,1.7835443
Poland,POL,1986,1.7169657
Poland,POL,1987,1.6576638
Poland,POL,1988,1.6057773
Poland,POL,1989,1.561074
Poland,POL,1990,1.5200993
Poland,POL,1991,1.4794989
Poland,POL,1992,1.4371185
Poland,POL,1993,1.3892138
Poland,POL,1994,1.3313748
Poland,POL,1995,1.2536802
Poland,POL,1996,1.1521086
Poland,POL,1997,1.0426221
Poland,POL,1998,0.9449764
Poland,POL,1999,0.86756194
Poland,POL,2000,0.8078627
Poland,POL,2001,0.76293135
Poland,POL,2002,0.72845775
Poland,POL,2003,0.70029306
Poland,POL,2004,0.6752416
Poland,POL,2005,0.65174836
Poland,POL,2006,0.62864184
Poland,POL,2007,0.604103
Poland,POL,2008,0.5757167
Poland,POL,2009,0.54410756
Poland,POL,2010,0.51364356
Poland,POL,2011,0.48778054
Poland,POL,2012,0.4665101
Poland,POL,2013,0.4485545
Poland,POL,2014,0.43295896
Poland,POL,2015,0.41976228
Poland,POL,2016,0.40848747
Poland,POL,2017,0.39887866
Poland,POL,2018,0.39034203
Poland,POL,2019,0.38277453
Poland,POL,2020,0.37694627
Poland,POL,2021,0.37380624
Poland,POL,2022,0.37165004
Poland,POL,2023,0.367994
Poland,POL,2024,0.36120844
Portugal,PRT,1949,10.207246
Portugal,PRT,1950,9.94078
Portugal,PRT,1951,9.698233
Portugal,PRT,1952,9.461776
Portugal,PRT,1953,9.253614
Portugal,PRT,1954,9.060077
Portugal,PRT,1955,8.902096
Portugal,PRT,1956,8.785625
Portugal,PRT,1957,8.703475
Portugal,PRT,1958,8.638761
Portugal,PRT,1959,8.569527
Portugal,PRT,1960,8.4389715
Portugal,PRT,1961,8.197294
Portugal,PRT,1962,7.8549113
Portugal,PRT,1963,7.4500175
Portugal,PRT,1964,7.0251756
Portugal,PRT,1965,6.650309
Portugal,PRT,1966,6.3702602
Portugal,PRT,1967,6.1687913
Portugal,PRT,1968,5.99519
Portugal,PRT,1969,5.8028264
Portugal,PRT,1970,5.538466
Portugal,PRT,1971,5.168793
Portugal,PRT,1972,4.740639
Portugal,PRT,1973,4.3242364
Portugal,PRT,1974,3.9474385
Portugal,PRT,1975,3.5961783
Portugal,PRT,1976,3.2581947
Portugal,PRT,1977,2.9459934
Portugal,PRT,1978,2.6791582
Portugal,PRT,1979,2.461481
Portugal,PRT,1980,2.2787523
Portugal,PRT,1981,2.1221585
Portugal,PRT,1982,1.9850428
Portugal,PRT,1983,1.86416
Portugal,PRT,1984,1.7546866
Portugal,PRT,1985,1.6518363
Portugal,PRT,1986,1.5515217
Portugal,PRT,1987,1.4515094
Portugal,PRT,1988,1.3517942
Portugal,PRT,1989,1.252538
Portugal,PRT,1990,1.1546918
Portugal,PRT,1991,1.0581418
Portugal,PRT,1992,0.9663373
Portugal,PRT,1993,0.88295066
Portugal,PRT,1994,0.81042576
Portugal,PRT,1995,0.74995506
Portugal,PRT,1996,0.70183593
Portugal,PRT,1997,0.66192627
Portugal,PRT,1998,0.62550044
Portugal,PRT,1999,0.58891475
Portugal,PRT,2000,0.55072653
Portugal,PRT,2001,0.5093506
Portugal,PRT,2002,0.46739578
Portugal,PRT,2003,0.42809382
Portugal,PRT,2004,0.39328012
Portugal,PRT,2005,0.36502212
Portugal,PRT,2006,0.34420043
Portugal,PRT,2007,0.32946482
Portugal,PRT,2008,0.3184245
Portugal,PRT,2009,0.30997697
Portugal,PRT,2010,0.3035753
Portugal,PRT,2011,0.29895097
Portugal,PRT,2012,0.29606023
Portugal,PRT,2013,0.29466328
Portugal,PRT,2014,0.29443687
Portugal,PRT,2015,0.29446772
Portugal,PRT,2016,0.29395035
Portugal,PRT,2017,0.29206258
Portugal,PRT,2018,0.2884222
Portugal,PRT,2019,0.28272828
Portugal,PRT,2020,0.27682292
Portugal,PRT,2021,0.27223945
Portugal,PRT,2022,0.26918474
Portugal,PRT,2023,0.267567
Portugal,PRT,2024,0.26694775
Qatar,QAT,1969,5.668494
Qatar,QAT,1970,5.3064003
Qatar,QAT,1971,4.9716153
Qatar,QAT,1972,4.6576643
Qatar,QAT,1973,4.3723636
Qatar,QAT,1974,4.111554
Qatar,QAT,1975,3.8747149
Qatar,QAT,1976,3.6562877
Qatar,QAT,1977,3.4596343
Qatar,QAT,1978,3.2814689
Qatar,QAT,1979,3.1227841
Qatar,QAT,1980,2.978893
Qatar,QAT,1981,2.8434675
Qatar,QAT,1982,2.7167482
Qatar,QAT,1983,2.5929346
Qatar,QAT,1984,2.4686418
Qatar,QAT,1985,2.3491976
Qatar,QAT,1986,2.226466
Qatar,QAT,1987,2.103694
Qatar,QAT,1988,1.9797237
Qatar,QAT,1989,1.8598776
Qatar,QAT,1990,1.7404561
Qatar,QAT,1991,1.6291928
Qatar,QAT,1992,1.5245029
Qatar,QAT,1993,1.430269
Qatar,QAT,1994,1.348032
Qatar,QAT,1995,1.2780067
Qatar,QAT,1996,1.2193371
Qatar,QAT,1997,1.1691447
Qatar,QAT,1998,1.1234863
Qatar,QAT,1999,1.0816054
Qatar,QAT,2000,1.0417228
Qatar,QAT,2001,1.0025584
Qatar,QAT,2002,0.96533906
Qatar,QAT,2003,0.9301021
Qatar,QAT,2004,0.89749604
Qatar,QAT,2005,0.8674592
Qatar,QAT,2006,0.83993065
Qatar,QAT,2007,0.8153465
Qatar,QAT,2008,0.79301625
Qatar,QAT,2009,0.7726881
Qatar,QAT,2010,0.75346446
Qatar,QAT,2011,0.73456
Qatar,QAT,2012,0.7149875
Qatar,QAT,2013,0.6932901
Qatar,QAT,2014,0.6693864
Qatar,QAT,2015,0.6431115
Qatar,QAT,2016,0.6154087
Qatar,QAT,2017,0.58772707
Qatar,QAT,2018,0.5622827
Qatar,QAT,2019,0.54013824
Qatar,QAT,2020,0.52219987
Qatar,QAT,2021,0.5085944
Qatar,QAT,2022,0.498662
Qatar,QAT,2023,0.49105716
Qatar,QAT,2024,0.48427513
Romania,ROU,1955,8.479013
Romania,ROU,1956,8.37083
Romania,ROU,1957,8.277191
Romania,ROU,1958,8.135863
Romania,ROU,1959,7.8918295
Romania,ROU,1960,7.444631
Romania,ROU,1961,6.751318
Romania,ROU,1962,5.9507627
Romania,ROU,1963,5.2116027
Romania,ROU,1964,4.6767335
Romania,ROU,1965,4.502143
Romania,ROU,1966,4.8230143
Romania,ROU,1967,5.407793
Romania,ROU,1968,5.6683316
Romania,ROU,1969,5.27396
Romania,ROU,1970,4.657236
Romania,ROU,1971,4.2002296
Romania,ROU,1972,3.9282162
Romania,ROU,1973,3.756843
Romania,ROU,1974,3.6232724
Romania,ROU,1975,3.4863205
Romania,ROU,1976,3.3160844
Romania,ROU,1977,3.1418626
Romania,ROU,1978,3.0143259
Romania,ROU,1979,2.940111
Romania,ROU,1980,2.8607333
Romania,ROU,1981,2.72819
Romania,ROU,1982,2.5731213
Romania,ROU,1983,2.4590588
Romania,ROU,1984,2.4202936
Romania,ROU,1985,2.4573908
Romania,ROU,1986,2.5704536
Romania,ROU,1987,2.6931036
Romania,ROU,1988,2.7113955
Romania,ROU,1989,2.5852175
Romania,ROU,1990,2.423685
Romania,ROU,1991,2.324463
Romania,ROU,1992,2.283393
Romania,ROU,1993,2.2593024
Romania,ROU,1994,2.228387
Romania,ROU,1995,2.1981232
Romania,ROU,1996,2.1730676
Romania,ROU,1997,2.132429
Romania,ROU,1998,2.0456078
Romania,ROU,1999,1.9145938
Romania,ROU,2000,1.7952352
Romania,ROU,2001,1.7330402
Romania,ROU,2002,1.7109709
Romania,ROU,2003,1.6888499
Romania,ROU,2004,1.6389015
Romania,ROU,2005,1.5513934
Romania,ROU,2006,1.4270004
Romania,ROU,2007,1.2938272
Romania,ROU,2008,1.1844631
Romania,ROU,2009,1.1085509
Romania,ROU,2010,1.052054
Romania,ROU,2011,1.0018142
Romania,ROU,2012,0.9503143
Romania,ROU,2013,0.8928411
Romania,ROU,2014,0.82922226
Romania,ROU,2015,0.7659508
Romania,ROU,2016,0.7077804
Romania,ROU,2017,0.65533316
Romania,ROU,2018,0.6066887
Romania,ROU,2019,0.5645775
Romania,ROU,2020,0.5363647
Romania,ROU,2021,0.5282395
Romania,ROU,2022,0.5393037
Romania,ROU,2023,0.5649077
Romania,ROU,2024,0.6004409
Russia,RUS,1958,4.174599
Russia,RUS,1959,3.8913708
Russia,RUS,1960,3.6305525
Russia,RUS,1961,3.389092
Russia,RUS,1962,3.175966
Russia,RUS,1963,2.9861574
Russia,RUS,1964,2.823446
Russia,RUS,1965,2.6845648
Russia,RUS,1966,2.5683236
Russia,RUS,1967,2.4732974
Russia,RUS,1968,2.3944595
Russia,RUS,1969,2.333949
Russia,RUS,1970,2.2862415
Russia,RUS,1971,2.2493284
Russia,RUS,1972,2.2231746
Russia,RUS,1973,2.2030966
Russia,RUS,1974,2.1909914
Russia,RUS,1975,2.1861603
Russia,RUS,1976,2.1862767
Russia,RUS,1977,2.186992
Russia,RUS,1978,2.1859207
Russia,RUS,1979,2.1790402
Russia,RUS,1980,2.164107
Russia,RUS,1981,2.141954
Russia,RUS,1982,2.115744
Russia,RUS,1983,2.0870545
Russia,RUS,1984,2.050814
Russia,RUS,1985,2.0019238
Russia,RUS,1986,1.9434654
Russia,RUS,1987,1.8800951
Russia,RUS,1988,1.8182497
Russia,RUS,1989,1.7707809
Russia,RUS,1990,1.746196
Russia,RUS,1991,1.7430699
Russia,RUS,1992,1.7549547
Russia,RUS,1993,1.7724793
Russia,RUS,1994,1.7836347
Russia,RUS,1995,1.7766355
Russia,RUS,1996,1.7522218
Russia,RUS,1997,1.7176664
Russia,RUS,1998,1.6759901
Russia,RUS,1999,1.623209
Russia,RUS,2000,1.5566854
Russia,RUS,2001,1.4760796
Russia,RUS,2002,1.3858616
Russia,RUS,2003,1.2901858
Russia,RUS,2004,1.1951979
Russia,RUS,2005,1.1052108
Russia,RUS,2006,1.0240515
Russia,RUS,2007,0.95474404
Russia,RUS,2008,0.8987259
Russia,RUS,2009,0.85756505
Russia,RUS,2010,0.8318287
Russia,RUS,2011,0.8135941
Russia,RUS,2012,0.7916067
Russia,RUS,2013,0.75856954
Russia,RUS,2014,0.7140961
Russia,RUS,2015,0.65958285
Russia,RUS,2016,0.6028458
Russia,RUS,2017,0.5519298
Russia,RUS,2018,0.5112188
Russia,RUS,2019,0.4804414
Russia,RUS,2020,0.45910662
Russia,RUS,2021,0.44431007
Russia,RUS,2022,0.43300393
Russia,RUS,2023,0.4229061
Russia,RUS,2024,0.41323522
Rwanda,RWA,1956,14.273276
Rwanda,RWA,1957,13.750147
Rwanda,RWA,1958,13.252648
Rwanda,RWA,1959,12.768109
Rwanda,RWA,1960,12.321781
Rwanda,RWA,1961,11.969977
Rwanda,RWA,1962,11.697297
Rwanda,RWA,1963,11.498352
Rwanda,RWA,1964,11.384174
Rwanda,RWA,1965,11.325403
Rwanda,RWA,1966,11.3150015
Rwanda,RWA,1967,11.351626
Rwanda,RWA,1968,11.415126
Rwanda,RWA,1969,11.51866
Rwanda,RWA,1970,11.639586
Rwanda,RWA,1971,11.778417
Rwanda,RWA,1972,11.932905
Rwanda,RWA,1973,12.172145
Rwanda,RWA,1974,12.465727
Rwanda,RWA,1975,12.804924
Rwanda,RWA,1976,13.069979
Rwanda,RWA,1977,13.168838
Rwanda,RWA,1978,12.970255
Rwanda,RWA,1979,12.440382
Rwanda,RWA,1980,11.709171
Rwanda,RWA,1981,10.901543
Rwanda,RWA,1982,10.165755
Rwanda,RWA,1983,9.604113
Rwanda,RWA,1984,9.262233
Rwanda,RWA,1985,9.029806
Rwanda,RWA,1986,8.813488
Rwanda,RWA,1987,8.622755
Rwanda,RWA,1988,8.491359
Rwanda,RWA,1989,8.47709
Rwanda,RWA,1990,8.689751
Rwanda,RWA,1991,9.259466
Rwanda,RWA,1992,10.147517
Rwanda,RWA,1993,11.145163
Rwanda,RWA,1994,21.292305
Rwanda,RWA,1995,12.654047
Rwanda,RWA,1996,12.903057
Rwanda,RWA,1997,12.851216
Rwanda,RWA,1998,12.440726
Rwanda,RWA,1999,11.708161
Rwanda,RWA,2000,10.809256
Rwanda,RWA,2001,9.842628
Rwanda,RWA,2002,8.866897
Rwanda,RWA,2003,7.954441
Rwanda,RWA,2004,7.107783
Rwanda,RWA,2005,6.403432
Rwanda,RWA,2006,5.8087654
Rwanda,RWA,2007,5.3214836
Rwanda,RWA,2008,4.9054203
Rwanda,RWA,2009,4.5652776
Rwanda,RWA,2010,4.2552133
Rwanda,RWA,2011,3.932656
Rwanda,RWA,2012,3.7425287
Rwanda,RWA,2013,3.5921972
Rwanda,RWA,2014,3.4740345
Rwanda,RWA,2015,3.386009
Rwanda,RWA,2016,3.3180132
Rwanda,RWA,2017,3.2737253
Rwanda,RWA,2018,3.2245915
Rwanda,RWA,2019,3.1727824
Rwanda,RWA,2020,3.1298013
Rwanda,RWA,2021,3.0918365
Rwanda,RWA,2022,3.0483406
Rwanda,RWA,2023,3.0057824
Rwanda,RWA,2024,2.9367108
Saint Kitts and Nevis,KNA,1973,5.0423656
Saint Kitts and Nevis,KNA,1974,4.943403
Saint Kitts and Nevis,KNA,1975,4.844975
Saint Kitts and Nevis,KNA,1976,4.742723
Saint Kitts and Nevis,KNA,1977,4.632172
Saint Kitts and Nevis,KNA,1978,4.5063033
Saint Kitts and Nevis,KNA,1979,4.35493
Saint Kitts and Nevis,KNA,1980,4.1685677
Saint Kitts and Nevis,KNA,1981,3.9587162
Saint Kitts and Nevis,KNA,1982,3.7373323
Saint Kitts and Nevis,KNA,1983,3.5159805
Saint Kitts and Nevis,KNA,1984,3.3035212
Saint Kitts and Nevis,KNA,1985,3.1127129
Saint Kitts and Nevis,KNA,1986,2.9493496
Saint Kitts and Nevis,KNA,1987,2.8075116
Saint Kitts and Nevis,KNA,1988,2.6922388
Saint Kitts and Nevis,KNA,1989,2.597245
Saint Kitts and Nevis,KNA,1990,2.5236135
Saint Kitts and Nevis,KNA,1991,2.4663985
Saint Kitts and Nevis,KNA,1992,2.4203484
Saint Kitts and Nevis,KNA,1993,2.3830738
Saint Kitts and Nevis,KNA,1994,2.3478544
Saint Kitts and Nevis,KNA,1995,2.3098137
Saint Kitts and Nevis,KNA,1996,2.269375
Saint Kitts and Nevis,KNA,1997,2.2185414
Saint Kitts and Nevis,KNA,1998,2.158267
Saint Kitts and Nevis,KNA,1999,2.0917115
Saint Kitts and Nevis,KNA,2000,2.0174727
Saint Kitts and Nevis,KNA,2001,1.9394017
Saint Kitts and Nevis,KNA,2002,1.8627731
Saint Kitts and Nevis,KNA,2003,1.7892858
Saint Kitts and Nevis,KNA,2004,1.7272612
Saint Kitts and Nevis,KNA,2005,1.678037
Saint Kitts and Nevis,KNA,2006,1.6404648
Saint Kitts and Nevis,KNA,2007,1.6160861
Saint Kitts and Nevis,KNA,2008,1.6043355
Saint Kitts and Nevis,KNA,2009,1.6044592
Saint Kitts and Nevis,KNA,2010,1.6117836
Saint Kitts and Nevis,KNA,2011,1.6262004
Saint Kitts and Nevis,KNA,2012,1.6455189
Saint Kitts and Nevis,KNA,2013,1.6675576
Saint Kitts and Nevis,KNA,2014,1.6841658
Saint Kitts and Nevis,KNA,2015,1.6869644
Saint Kitts and Nevis,KNA,2016,1.6743984
Saint Kitts and Nevis,KNA,2017,1.6514348
Saint Kitts and Nevis,KNA,2018,1.6230186
Saint Kitts and Nevis,KNA,2019,1.591366
Saint Kitts and Nevis,KNA,2020,1.5542371
Saint Kitts and Nevis,KNA,2021,1.5170914
Saint Kitts and Nevis,KNA,2022,1.4759738
Saint Kitts and Nevis,KNA,2023,1.4378496
Saint Kitts and Nevis,KNA,2024,1.3944967
Saint Lucia,LCA,1950,10.084743
Saint Lucia,LCA,1951,10.032187
Saint Lucia,LCA,1952,9.97854
Saint Lucia,LCA,1953,9.909214
Saint Lucia,LCA,1954,9.832865
Saint Lucia,LCA,1955,9.746504
Saint Lucia,LCA,1956,9.640617
Saint Lucia,LCA,1957,9.510488
Saint Lucia,LCA,1958,9.352438
Saint Lucia,LCA,1959,9.152891
Saint Lucia,LCA,1960,8.91551
Saint Lucia,LCA,1961,8.637815
Saint Lucia,LCA,1962,8.323064
Saint Lucia,LCA,1963,7.9825845
Saint Lucia,LCA,1964,7.6134624
Saint Lucia,LCA,1965,7.222929
Saint Lucia,LCA,1966,6.821672
Saint Lucia,LCA,1967,6.4146705
Saint Lucia,LCA,1968,6.009074
Saint Lucia,LCA,1969,5.608127
Saint Lucia,LCA,1970,5.2193284
Saint Lucia,LCA,1971,4.846014
Saint Lucia,LCA,1972,4.492088
Saint Lucia,LCA,1973,4.160737
Saint Lucia,LCA,1974,3.8524117
Saint Lucia,LCA,1975,3.5670602
Saint Lucia,LCA,1976,3.308265
Saint Lucia,LCA,1977,3.0747006
Saint Lucia,LCA,1978,2.8657374
Saint Lucia,LCA,1979,2.6806772
Saint Lucia,LCA,1980,2.5190876
Saint Lucia,LCA,1981,2.3781059
Saint Lucia,LCA,1982,2.2558892
Saint Lucia,LCA,1983,2.1496747
Saint Lucia,LCA,1984,2.058027
Saint Lucia,LCA,1985,1.9797412
Saint Lucia,LCA,1986,1.9118298
Saint Lucia,LCA,1987,1.8536603
Saint Lucia,LCA,1988,1.8045665
Saint Lucia,LCA,1989,1.7635331
Saint Lucia,LCA,1990,1.7286389
Saint Lucia,LCA,1991,1.6995558
Saint Lucia,LCA,1992,1.6756086
Saint Lucia,LCA,1993,1.655634
Saint Lucia,LCA,1994,1.6392986
Saint Lucia,LCA,1995,1.6249971
Saint Lucia,LCA,1996,1.6135998
Saint Lucia,LCA,1997,1.6042271
Saint Lucia,LCA,1998,1.5985698
Saint Lucia,LCA,1999,1.5949016
Saint Lucia,LCA,2000,1.5953023
Saint Lucia,LCA,2001,1.5966145
Saint Lucia,LCA,2002,1.6007566
Saint Lucia,LCA,2003,1.6075033
Saint Lucia,LCA,2004,1.6152852
Saint Lucia,LCA,2005,1.624436
Saint Lucia,LCA,2006,1.6348302
Saint Lucia,LCA,2007,1.644571
Saint Lucia,LCA,2008,1.6553876
Saint Lucia,LCA,2009,1.6653644
Saint Lucia,LCA,2010,1.6737846
Saint Lucia,LCA,2011,1.6805385
Saint Lucia,LCA,2012,1.6860079
Saint Lucia,LCA,2013,1.6890424
Saint Lucia,LCA,2014,1.6900358
Saint Lucia,LCA,2015,1.6887361
Saint Lucia,LCA,2016,1.6845394
Saint Lucia,LCA,2017,1.6779697
Saint Lucia,LCA,2018,1.6704619
Saint Lucia,LCA,2019,1.6594965
Saint Lucia,LCA,2020,1.647456
Saint Lucia,LCA,2021,1.6327993
Saint Lucia,LCA,2022,1.6181169
Saint Lucia,LCA,2023,1.6013829
Saint Lucia,LCA,2024,1.5839411
Saint Vincent and the Grenadines,VCT,1969,4.2783313
Saint Vincent and the Grenadines,VCT,1970,4.611126
Saint Vincent and the Grenadines,VCT,1971,4.956855
Saint Vincent and the Grenadines,VCT,1972,5.2931843
Saint Vincent and the Grenadines,VCT,1973,5.5853286
Saint Vincent and the Grenadines,VCT,1974,5.7804766
Saint Vincent and the Grenadines,VCT,1975,5.8289766
Saint Vincent and the Grenadines,VCT,1976,5.694336
Saint Vincent and the Grenadines,VCT,1977,5.4055157
Saint Vincent and the Grenadines,VCT,1978,5.0266724
Saint Vincent and the Grenadines,VCT,1979,4.610768
Saint Vincent and the Grenadines,VCT,1980,4.1945777
Saint Vincent and the Grenadines,VCT,1981,3.8003051
Saint Vincent and the Grenadines,VCT,1982,3.4400527
Saint Vincent and the Grenadines,VCT,1983,3.1172175
Saint Vincent and the Grenadines,VCT,1984,2.8297231
Saint Vincent and the Grenadines,VCT,1985,2.5869665
Saint Vincent and the Grenadines,VCT,1986,2.3914094
Saint Vincent and the Grenadines,VCT,1987,2.2341545
Saint Vincent and the Grenadines,VCT,1988,2.1114385
Saint Vincent and the Grenadines,VCT,1989,2.0195394
Saint Vincent and the Grenadines,VCT,1990,1.952834
Saint Vincent and the Grenadines,VCT,1991,1.9043546
Saint Vincent and the Grenadines,VCT,1992,1.8735688
Saint Vincent and the Grenadines,VCT,1993,1.8601787
Saint Vincent and the Grenadines,VCT,1994,1.8601451
Saint Vincent and the Grenadines,VCT,1995,1.8688797
Saint Vincent and the Grenadines,VCT,1996,1.8826329
Saint Vincent and the Grenadines,VCT,1997,1.8985081
Saint Vincent and the Grenadines,VCT,1998,1.9123102
Saint Vincent and the Grenadines,VCT,1999,1.9226226
Saint Vincent and the Grenadines,VCT,2000,1.9304088
Saint Vincent and the Grenadines,VCT,2001,1.9381717
Saint Vincent and the Grenadines,VCT,2002,1.9452811
Saint Vincent and the Grenadines,VCT,2003,1.9551114
Saint Vincent and the Grenadines,VCT,2004,1.9674865
Saint Vincent and the Grenadines,VCT,2005,1.9788398
Saint Vincent and the Grenadines,VCT,2006,1.9864304
Saint Vincent and the Grenadines,VCT,2007,1.9863186
Saint Vincent and the Grenadines,VCT,2008,1.9693437
Saint Vincent and the Grenadines,VCT,2009,1.9359269
Saint Vincent and the Grenadines,VCT,2010,1.8875502
Saint Vincent and the Grenadines,VCT,2011,1.8295573
Saint Vincent and the Grenadines,VCT,2012,1.763229
Saint Vincent and the Grenadines,VCT,2013,1.6920443
Saint Vincent and the Grenadines,VCT,2014,1.6201327
Saint Vincent and the Grenadines,VCT,2015,1.5491725
Saint Vincent and the Grenadines,VCT,2016,1.4799523
Saint Vincent and the Grenadines,VCT,2017,1.4119899
Saint Vincent and the Grenadines,VCT,2018,1.3465319
Saint Vincent and the Grenadines,VCT,2019,1.2834194
Saint Vincent and the Grenadines,VCT,2020,1.2241106
Saint Vincent and the Grenadines,VCT,2021,1.1665313
Saint Vincent and the Grenadines,VCT,2022,1.1119257
Saint Vincent and the Grenadines,VCT,2023,1.0651093
Saint Vincent and the Grenadines,VCT,2024,1.0227484
Samoa,WSM,1940,13.30784
Samoa,WSM,1941,13.103088
Samoa,WSM,1942,12.894051
Samoa,WSM,1943,12.67645
Samoa,WSM,1944,12.465513
Samoa,WSM,1945,12.23611
Samoa,WSM,1946,12.016542
Samoa,WSM,1947,11.797919
Samoa,WSM,1948,11.567156
Samoa,WSM,1949,11.326627
Samoa,WSM,1950,11.076594
Samoa,WSM,1951,10.796956
Samoa,WSM,1952,10.499065
Samoa,WSM,1953,10.188672
Samoa,WSM,1954,9.860904
Samoa,WSM,1955,9.522012
Samoa,WSM,1956,9.174517
Samoa,WSM,1957,8.827382
Samoa,WSM,1958,8.489183
Samoa,WSM,1959,8.160552
Samoa,WSM,1960,7.857713
Samoa,WSM,1961,7.5743513
Samoa,WSM,1962,7.299692
Samoa,WSM,1963,7.0469775
Samoa,WSM,1964,7.5363965
Samoa,WSM,1965,6.5917387
Samoa,WSM,1966,6.364389
Samoa,WSM,1967,6.127933
Samoa,WSM,1968,5.8907914
Samoa,WSM,1969,5.6367216
Samoa,WSM,1970,5.397256
Samoa,WSM,1971,5.1544766
Samoa,WSM,1972,4.9169135
Samoa,WSM,1973,4.6884465
Samoa,WSM,1974,4.4700155
Samoa,WSM,1975,4.262446
Samoa,WSM,1976,4.05967
Samoa,WSM,1977,3.8623917
Samoa,WSM,1978,3.6733818
Samoa,WSM,1979,3.4965267
Samoa,WSM,1980,3.339263
Samoa,WSM,1981,3.1939688
Samoa,WSM,1982,3.0626414
Samoa,WSM,1983,2.9408379
Samoa,WSM,1984,2.8248034
Samoa,WSM,1985,2.718716
Samoa,WSM,1986,2.6142077
Samoa,WSM,1987,2.521076
Samoa,WSM,1988,2.4355445
Samoa,WSM,1989,2.3593473
Samoa,WSM,1990,2.2898345
Samoa,WSM,1991,2.2234924
Samoa,WSM,1992,2.1539865
Samoa,WSM,1993,2.0848854
Samoa,WSM,1994,2.0143795
Samoa,WSM,1995,1.945225
Samoa,WSM,1996,1.8815876
Samoa,WSM,1997,1.8176639
Samoa,WSM,1998,1.7543395
Samoa,WSM,1999,1.693858
Samoa,WSM,2000,1.637401
Samoa,WSM,2001,1.5887889
Samoa,WSM,2002,1.5516367
Samoa,WSM,2003,1.5253325
Samoa,WSM,2004,1.5080693
Samoa,WSM,2005,1.5005751
Samoa,WSM,2006,1.5006027
Samoa,WSM,2007,1.5065664
Samoa,WSM,2008,1.5134075
Samoa,WSM,2009,1.7408205
Samoa,WSM,2010,1.5232573
Samoa,WSM,2011,1.5202793
Samoa,WSM,2012,1.5139128
Samoa,WSM,2013,1.5018203
Samoa,WSM,2014,1.4894495
Samoa,WSM,2015,1.4772383
Samoa,WSM,2016,1.4642429
Samoa,WSM,2017,1.4479362
Samoa,WSM,2018,1.4241048
Samoa,WSM,2019,1.4874535
Samoa,WSM,2020,1.3649235
Samoa,WSM,2021,1.3300033
Samoa,WSM,2022,1.2962749
Samoa,WSM,2023,1.2616321
Samoa,WSM,2024,1.2258729
San Marino,SMR,1985,1.6840584
San Marino,SMR,1986,1.5458585
San Marino,SMR,1987,1.4202951
San Marino,SMR,1988,1.3024265
San Marino,SMR,1989,1.1983998
San Marino,SMR,1990,1.1013379
San Marino,SMR,1991,1.0156957
San Marino,SMR,1992,0.93545616
San Marino,SMR,1993,0.86249214
San Marino,SMR,1994,0.7978197
San Marino,SMR,1995,0.73958904
San Marino,SMR,1996,0.68199635
San Marino,SMR,1997,0.62765694
San Marino,SMR,1998,0.5783035
San Marino,SMR,1999,0.53282994
San Marino,SMR,2000,0.4914543
San Marino,SMR,2001,0.45383567
San Marino,SMR,2002,0.4200832
San Marino,SMR,2003,0.38957554
San Marino,SMR,2004,0.3616075
San Marino,SMR,2005,0.33654723
San Marino,SMR,2006,0.3142157
San Marino,SMR,2007,0.2940892
San Marino,SMR,2008,0.2759753
San Marino,SMR,2009,0.25891486
San Marino,SMR,2010,0.24341002
San Marino,SMR,2011,0.23006414
San Marino,SMR,2012,0.21626222
San Marino,SMR,2013,0.20397316
San Marino,SMR,2014,0.19268936
San Marino,SMR,2015,0.18230915
San Marino,SMR,2016,0.17272876
San Marino,SMR,2017,0.16324362
San Marino,SMR,2018,0.15507045
San Marino,SMR,2019,0.14772986
San Marino,SMR,2020,0.14131472
San Marino,SMR,2021,0.13559748
San Marino,SMR,2022,0.13090304
San Marino,SMR,2023,0.12586169
San Marino,SMR,2024,0.1213649
Sao Tome and Principe,STP,1965,5.612494
Sao Tome and Principe,STP,1966,5.4350467
Sao Tome and Principe,STP,1967,5.285292
Sao Tome and Principe,STP,1968,5.163959
Sao Tome and Principe,STP,1969,5.089499
Sao Tome and Principe,STP,1970,5.052639
Sao Tome and Principe,STP,1971,5.0608053
Sao Tome and Principe,STP,1972,5.087824
Sao Tome and Principe,STP,1973,5.127265
Sao Tome and Principe,STP,1974,5.172776
Sao Tome and Principe,STP,1975,5.2146106
Sao Tome and Principe,STP,1976,5.2531857
Sao Tome and Principe,STP,1977,5.283331
Sao Tome and Principe,STP,1978,5.3183117
Sao Tome and Principe,STP,1979,5.359642
Sao Tome and Principe,STP,1980,5.4090624
Sao Tome and Principe,STP,1981,5.4947834
Sao Tome and Principe,STP,1982,5.5960307
Sao Tome and Principe,STP,1983,5.717089
Sao Tome and Principe,STP,1984,5.858398
Sao Tome and Principe,STP,1985,5.997487
Sao Tome and Principe,STP,1986,6.515404
Sao Tome and Principe,STP,1987,6.266542
Sao Tome and Principe,STP,1988,6.3773804
Sao Tome and Principe,STP,1989,6.475427
Sao Tome and Principe,STP,1990,6.548505
Sao Tome and Principe,STP,1991,6.608128
Sao Tome and Principe,STP,1992,6.619399
Sao Tome and Principe,STP,1993,6.589427
Sao Tome and Principe,STP,1994,6.5125117
Sao Tome and Principe,STP,1995,6.374141
Sao Tome and Principe,STP,1996,6.186954
Sao Tome and Principe,STP,1997,5.956616
Sao Tome and Principe,STP,1998,5.6832194
Sao Tome and Principe,STP,1999,5.3891764
Sao Tome and Principe,STP,2000,5.066328
Sao Tome and Principe,STP,2001,4.7396007
Sao Tome and Principe,STP,2002,4.408428
Sao Tome and Principe,STP,2003,4.086842
Sao Tome and Principe,STP,2004,3.775842
Sao Tome and Principe,STP,2005,3.4874628
Sao Tome and Principe,STP,2006,3.2145565
Sao Tome and Principe,STP,2007,2.9604318
Sao Tome and Principe,STP,2008,2.7308373
Sao Tome and Principe,STP,2009,2.517477
Sao Tome and Principe,STP,2010,2.3172748
Sao Tome and Principe,STP,2011,2.1343696
Sao Tome and Principe,STP,2012,1.9626509
Sao Tome and Principe,STP,2013,1.8063008
Sao Tome and Principe,STP,2014,1.6593816
Sao Tome and Principe,STP,2015,1.524132
Sao Tome and Principe,STP,2016,1.3987732
Sao Tome and Principe,STP,2017,1.292044
Sao Tome and Principe,STP,2018,1.2048692
Sao Tome and Principe,STP,2019,1.132781
Sao Tome and Principe,STP,2020,1.0758691
Sao Tome and Principe,STP,2021,1.0264473
Sao Tome and Principe,STP,2022,0.9892123
Sao Tome and Principe,STP,2023,0.95048094
Sao Tome and Principe,STP,2024,0.9165638
Saudi Arabia,SAU,1972,14.868114
Saudi Arabia,SAU,1973,13.867689
Saudi Arabia,SAU,1974,12.954111
Saudi Arabia,SAU,1975,12.1173315
Saudi Arabia,SAU,1976,11.3321905
Saudi Arabia,SAU,1977,10.574533
Saudi Arabia,SAU,1978,9.881734
Saudi Arabia,SAU,1979,9.227489
Saudi Arabia,SAU,1980,8.616389
Saudi Arabia,SAU,1981,8.036464
Saudi Arabia,SAU,1982,7.4811544
Saudi Arabia,SAU,1983,6.9536347
Saudi Arabia,SAU,1984,6.4591117
Saudi Arabia,SAU,1985,5.992986
Saudi Arabia,SAU,1986,5.561941
Saudi Arabia,SAU,1987,5.151557
Saudi Arabia,SAU,1988,4.760612
Saudi Arabia,SAU,1989,4.39164
Saudi Arabia,SAU,1990,4.0563354
Saudi Arabia,SAU,1991,3.7479389
Saudi Arabia,SAU,1992,3.463998
Saudi Arabia,SAU,1993,3.2112193
Saudi Arabia,SAU,1994,2.98174
Saudi Arabia,SAU,1995,2.771212
Saudi Arabia,SAU,1996,2.579941
Saudi Arabia,SAU,1997,2.4090128
Saudi Arabia,SAU,1998,2.250659
Saudi Arabia,SAU,1999,2.109013
Saudi Arabia,SAU,2000,1.9785427
Saudi Arabia,SAU,2001,1.8581572
Saudi Arabia,SAU,2002,1.7453922
Saudi Arabia,SAU,2003,1.6415735
Saudi Arabia,SAU,2004,1.5418334
Saudi Arabia,SAU,2005,1.4467965
Saudi Arabia,SAU,2006,1.3566871
Saudi Arabia,SAU,2007,1.2702016
Saudi Arabia,SAU,2008,1.1893088
Saudi Arabia,SAU,2009,1.1101344
Saudi Arabia,SAU,2010,1.0354921
Saudi Arabia,SAU,2011,0.9653137
Saudi Arabia,SAU,2012,0.8994521
Saudi Arabia,SAU,2013,0.8388632
Saudi Arabia,SAU,2014,0.78213364
Saudi Arabia,SAU,2015,0.73035425
Saudi Arabia,SAU,2016,0.6822551
Saudi Arabia,SAU,2017,0.63904226
Saudi Arabia,SAU,2018,0.6013504
Saudi Arabia,SAU,2019,0.56919634
Saudi Arabia,SAU,2020,0.54253215
Saudi Arabia,SAU,2021,0.52044153
Saudi Arabia,SAU,2022,0.50131625
Saudi Arabia,SAU,2023,0.48295176
Saudi Arabia,SAU,2024,0.4656371
Senegal,SEN,1944,19.32804
Senegal,SEN,1945,18.8653
Senegal,SEN,1946,18.37133
Senegal,SEN,1947,17.891626
Senegal,SEN,1948,17.431843
Senegal,SEN,1949,16.975058
Senegal,SEN,1950,16.505072
Senegal,SEN,1951,16.039627
Senegal,SEN,1952,15.580352
Senegal,SEN,1953,15.104333
Senegal,SEN,1954,14.667511
Senegal,SEN,1955,14.234001
Senegal,SEN,1956,13.826069
Senegal,SEN,1957,13.464246
Senegal,SEN,1958,13.164144
Senegal,SEN,1959,12.923545
Senegal,SEN,1960,12.746412
Senegal,SEN,1961,12.627078
Senegal,SEN,1962,12.551493
Senegal,SEN,1963,12.49783
Senegal,SEN,1964,12.455898
Senegal,SEN,1965,12.4205265
Senegal,SEN,1966,12.378263
Senegal,SEN,1967,12.351555
Senegal,SEN,1968,12.318673
Senegal,SEN,1969,12.274272
Senegal,SEN,1970,12.214203
Senegal,SEN,1971,12.112853
Senegal,SEN,1972,11.973987
Senegal,SEN,1973,11.795243
Senegal,SEN,1974,11.578184
Senegal,SEN,1975,11.314191
Senegal,SEN,1976,10.981206
Senegal,SEN,1977,10.617353
Senegal,SEN,1978,10.269445
Senegal,SEN,1979,9.964605
Senegal,SEN,1980,9.712616
Senegal,SEN,1981,9.514175
Senegal,SEN,1982,9.337002
Senegal,SEN,1983,9.148023
Senegal,SEN,1984,8.918645
Senegal,SEN,1985,8.635105
Senegal,SEN,1986,8.301156
Senegal,SEN,1987,7.9631286
Senegal,SEN,1988,7.6632147
Senegal,SEN,1989,7.442059
Senegal,SEN,1990,7.3045216
Senegal,SEN,1991,7.262104
Senegal,SEN,1992,7.2930827
Senegal,SEN,1993,7.36834
Senegal,SEN,1994,7.4686084
Senegal,SEN,1995,7.5703635
Senegal,SEN,1996,7.660425
Senegal,SEN,1997,7.719668
Senegal,SEN,1998,7.707173
Senegal,SEN,1999,7.6076937
Senegal,SEN,2000,7.3950324
Senegal,SEN,2001,7.0589857
Senegal,SEN,2002,6.6396456
Senegal,SEN,2003,6.1897597
Senegal,SEN,2004,5.753156
Senegal,SEN,2005,5.353502
Senegal,SEN,2006,5.0103073
Senegal,SEN,2007,4.7254295
Senegal,SEN,2008,4.4903803
Senegal,SEN,2009,4.305656
Senegal,SEN,2010,4.1523433
Senegal,SEN,2011,4.03027
Senegal,SEN,2012,3.9291356
Senegal,SEN,2013,3.847278
Senegal,SEN,2014,3.783041
Senegal,SEN,2015,3.730363
Senegal,SEN,2016,3.6825442
Senegal,SEN,2017,3.6310067
Senegal,SEN,2018,3.5650015
Senegal,SEN,2019,3.4780467
Senegal,SEN,2020,3.373569
Senegal,SEN,2021,3.2527196
Senegal,SEN,2022,3.1248355
Senegal,SEN,2023,3.004524
Senegal,SEN,2024,2.8885622
Serbia,SRB,1984,3.4738345
Serbia,SRB,1985,3.337249
Serbia,SRB,1986,3.234376
Serbia,SRB,1987,3.1165566
Serbia,SRB,1988,2.9255087
Serbia,SRB,1989,2.6635628
Serbia,SRB,1990,2.416791
Serbia,SRB,1991,2.244992
Serbia,SRB,1992,2.1254125
Serbia,SRB,1993,2.006575
Serbia,SRB,1994,1.8610785
Serbia,SRB,1995,1.6908823
Serbia,SRB,1996,1.5090945
Serbia,SRB,1997,1.3440113
Serbia,SRB,1998,1.2235725
Serbia,SRB,1999,1.1505752
Serbia,SRB,2000,1.0987458
Serbia,SRB,2001,1.0465845
Serbia,SRB,2002,0.9862549
Serbia,SRB,2003,0.9154361
Serbia,SRB,2004,0.8419881
Serbia,SRB,2005,0.7779089
Serbia,SRB,2006,0.73355895
Serbia,SRB,2007,0.7055111
Serbia,SRB,2008,0.6869494
Serbia,SRB,2009,0.6718168
Serbia,SRB,2010,0.6563979
Serbia,SRB,2011,0.63718754
Serbia,SRB,2012,0.6143854
Serbia,SRB,2013,0.5897198
Serbia,SRB,2014,0.5645782
Serbia,SRB,2015,0.5414761
Serbia,SRB,2016,0.5223923
Serbia,SRB,2017,0.50660026
Serbia,SRB,2018,0.49326426
Serbia,SRB,2019,0.48135448
Serbia,SRB,2020,0.47079772
Serbia,SRB,2021,0.46162754
Serbia,SRB,2022,0.45565677
Serbia,SRB,2023,0.4547865
Serbia,SRB,2024,0.45854488
Seychelles,SYC,1943,9.261344
Seychelles,SYC,1944,9.185151
Seychelles,SYC,1945,9.095794
Seychelles,SYC,1946,9.032391
Seychelles,SYC,1947,8.950081
Seychelles,SYC,1948,8.863068
Seychelles,SYC,1949,8.749825
Seychelles,SYC,1950,8.625109
Seychelles,SYC,1951,8.487414
Seychelles,SYC,1952,8.336975
Seychelles,SYC,1953,8.190899
Seychelles,SYC,1954,8.038198
Seychelles,SYC,1955,7.889068
Seychelles,SYC,1956,7.736629
Seychelles,SYC,1957,7.593329
Seychelles,SYC,1958,7.4565635
Seychelles,SYC,1959,7.315439
Seychelles,SYC,1960,7.171859
Seychelles,SYC,1961,7.029693
Seychelles,SYC,1962,6.8771205
Seychelles,SYC,1963,6.733904
Seychelles,SYC,1964,6.574107
Seychelles,SYC,1965,6.391821
Seychelles,SYC,1966,6.1889415
Seychelles,SYC,1967,5.9564314
Seychelles,SYC,1968,5.694236
Seychelles,SYC,1969,5.403881
Seychelles,SYC,1970,5.095204
Seychelles,SYC,1971,4.78378
Seychelles,SYC,1972,4.4752216
Seychelles,SYC,1973,4.159965
Seychelles,SYC,1974,3.845941
Seychelles,SYC,1975,3.535478
Seychelles,SYC,1976,3.2288184
Seychelles,SYC,1977,2.9368918
Seychelles,SYC,1978,2.6646316
Seychelles,SYC,1979,2.417988
Seychelles,SYC,1980,2.20805
Seychelles,SYC,1981,2.0274525
Seychelles,SYC,1982,1.8770952
Seychelles,SYC,1983,1.7539024
Seychelles,SYC,1984,1.6524917
Seychelles,SYC,1985,1.5707431
Seychelles,SYC,1986,1.5036227
Seychelles,SYC,1987,1.4477133
Seychelles,SYC,1988,1.3970034
Seychelles,SYC,1989,1.353991
Seychelles,SYC,1990,1.3158395
Seychelles,SYC,1991,1.2820847
Seychelles,SYC,1992,1.2533222
Seychelles,SYC,1993,1.2304703
Seychelles,SYC,1994,1.2120765
Seychelles,SYC,1995,1.1977097
Seychelles,SYC,1996,1.1875681
Seychelles,SYC,1997,1.1825333
Seychelles,SYC,1998,1.1796738
Seychelles,SYC,1999,1.1798134
Seychelles,SYC,2000,1.182484
Seychelles,SYC,2001,1.1860206
Seychelles,SYC,2002,1.1904655
Seychelles,SYC,2003,1.1965958
Seychelles,SYC,2004,1.2034194
Seychelles,SYC,2005,1.2105299
Seychelles,SYC,2006,1.217938
Seychelles,SYC,2007,1.2272633
Seychelles,SYC,2008,1.2363923
Seychelles,SYC,2009,1.246194
Seychelles,SYC,2010,1.2573048
Seychelles,SYC,2011,1.2699642
Seychelles,SYC,2012,1.2824115
Seychelles,SYC,2013,1.2947744
Seychelles,SYC,2014,1.3069178
Seychelles,SYC,2015,1.3185176
Seychelles,SYC,2016,1.3297391
Seychelles,SYC,2017,1.338915
Seychelles,SYC,2018,1.3491398
Seychelles,SYC,2019,1.3567485
Seychelles,SYC,2020,1.3594267
Seychelles,SYC,2021,1.3520294
Seychelles,SYC,2022,1.3366278
Seychelles,SYC,2023,1.3136735
Seychelles,SYC,2024,1.2871934
Sierra Leone,SLE,1956,17.01563
Sierra Leone,SLE,1957,16.902994
Sierra Leone,SLE,1958,16.772049
Sierra Leone,SLE,1959,16.682217
Sierra Leone,SLE,1960,16.574707
Sierra Leone,SLE,1961,16.474453
Sierra Leone,SLE,1962,16.361025
Sierra Leone,SLE,1963,16.244349
Sierra Leone,SLE,1964,16.1219
Sierra Leone,SLE,1965,15.976251
Sierra Leone,SLE,1966,15.828763
Sierra Leone,SLE,1967,15.676833
Sierra Leone,SLE,1968,15.528154
Sierra Leone,SLE,1969,15.385941
Sierra Leone,SLE,1970,15.250893
Sierra Leone,SLE,1971,15.104921
Sierra Leone,SLE,1972,14.973405
Sierra Leone,SLE,1973,14.844452
Sierra Leone,SLE,1974,14.743577
Sierra Leone,SLE,1975,14.618743
Sierra Leone,SLE,1976,14.509417
Sierra Leone,SLE,1977,14.401635
Sierra Leone,SLE,1978,14.292026
Sierra Leone,SLE,1979,14.18887
Sierra Leone,SLE,1980,14.0912895
Sierra Leone,SLE,1981,14.009703
Sierra Leone,SLE,1982,13.933473
Sierra Leone,SLE,1983,13.865014
Sierra Leone,SLE,1984,13.806221
Sierra Leone,SLE,1985,13.749111
Sierra Leone,SLE,1986,13.694249
Sierra Leone,SLE,1987,13.638279
Sierra Leone,SLE,1988,13.588095
Sierra Leone,SLE,1989,13.561718
Sierra Leone,SLE,1990,13.535378
Sierra Leone,SLE,1991,13.50896
Sierra Leone,SLE,1992,13.479114
Sierra Leone,SLE,1993,13.448146
Sierra Leone,SLE,1994,13.383948
Sierra Leone,SLE,1995,13.2911415
Sierra Leone,SLE,1996,13.158672
Sierra Leone,SLE,1997,12.995548
Sierra Leone,SLE,1998,12.7971
Sierra Leone,SLE,1999,12.585938
Sierra Leone,SLE,2000,12.338553
Sierra Leone,SLE,2001,12.081321
Sierra Leone,SLE,2002,11.821013
Sierra Leone,SLE,2003,11.53718
Sierra Leone,SLE,2004,11.236391
Sierra Leone,SLE,2005,10.925461
Sierra Leone,SLE,2006,10.588065
Sierra Leone,SLE,2007,10.230628
Sierra Leone,SLE,2008,9.859111
Sierra Leone,SLE,2009,9.472329
Sierra Leone,SLE,2010,9.08391
Sierra Leone,SLE,2011,8.700794
Sierra Leone,SLE,2012,8.3435955
Sierra Leone,SLE,2013,8.008324
Sierra Leone,SLE,2014,7.775814
Sierra Leone,SLE,2015,7.694904
Sierra Leone,SLE,2016,7.130823
Sierra Leone,SLE,2017,6.870997
Sierra Leone,SLE,2018,6.625806
Sierra Leone,SLE,2019,6.4041657
Sierra Leone,SLE,2020,6.1924047
Sierra Leone,SLE,2021,5.9936647
Sierra Leone,SLE,2022,5.80631
Sierra Leone,SLE,2023,5.630229
Sierra Leone,SLE,2024,5.459585
Singapore,SGP,1954,5.401485
Singapore,SGP,1955,5.036801
Singapore,SGP,1956,4.717044
Singapore,SGP,1957,4.418363
Singapore,SGP,1958,4.122654
Singapore,SGP,1959,3.8292513
Singapore,SGP,1960,3.546226
Singapore,SGP,1961,3.288467
Singapore,SGP,1962,3.0791554
Singapore,SGP,1963,2.930689
Singapore,SGP,1964,2.822837
Singapore,SGP,1965,2.7269063
Singapore,SGP,1966,2.6238139
Singapore,SGP,1967,2.5139208
Singapore,SGP,1968,2.3995578
Singapore,SGP,1969,2.2843573
Singapore,SGP,1970,2.1754801
Singapore,SGP,1971,2.0671704
Singapore,SGP,1972,1.9339387
Singapore,SGP,1973,1.7614021
Singapore,SGP,1974,1.5792135
Singapore,SGP,1975,1.4247091
Singapore,SGP,1976,1.3155885
Singapore,SGP,1977,1.2502037
Singapore,SGP,1978,1.2240967
Singapore,SGP,1979,1.2150669
Singapore,SGP,1980,1.1907414
Singapore,SGP,1981,1.1368109
Singapore,SGP,1982,1.0676404
Singapore,SGP,1983,0.99930835
Singapore,SGP,1984,0.9372078
Singapore,SGP,1985,0.882147
Singapore,SGP,1986,0.8326526
Singapore,SGP,1987,0.7836496
Singapore,SGP,1988,0.73073477
Singapore,SGP,1989,0.67330956
Singapore,SGP,1990,0.61324453
Singapore,SGP,1991,0.5538913
Singapore,SGP,1992,0.5013948
Singapore,SGP,1993,0.4583785
Singapore,SGP,1994,0.4248137
Singapore,SGP,1995,0.39888436
Singapore,SGP,1996,0.37824982
Singapore,SGP,1997,0.359764
Singapore,SGP,1998,0.3409272
Singapore,SGP,1999,0.32140929
Singapore,SGP,2000,0.30167943
Singapore,SGP,2001,0.28279677
Singapore,SGP,2002,0.26568475
Singapore,SGP,2003,0.25145957
Singapore,SGP,2004,0.2404784
Singapore,SGP,2005,0.23284712
Singapore,SGP,2006,0.22799431
Singapore,SGP,2007,0.22537488
Singapore,SGP,2008,0.2242465
Singapore,SGP,2009,0.22379252
Singapore,SGP,2010,0.22348528
Singapore,SGP,2011,0.22270201
Singapore,SGP,2012,0.22141184
Singapore,SGP,2013,0.21984115
Singapore,SGP,2014,0.21773691
Singapore,SGP,2015,0.2153838
Singapore,SGP,2016,0.21251887
Singapore,SGP,2017,0.20909114
Singapore,SGP,2018,0.20446463
Singapore,SGP,2019,0.20019811
Singapore,SGP,2020,0.19805996
Singapore,SGP,2021,0.1991982
Singapore,SGP,2022,0.20368204
Singapore,SGP,2023,0.21124014
Singapore,SGP,2024,0.22043766
Slovakia,SVK,1949,12.104703
Slovakia,SVK,1950,10.307531
Slovakia,SVK,1951,8.77422
Slovakia,SVK,1952,7.4985237
Slovakia,SVK,1953,6.453101
Slovakia,SVK,1954,5.6054654
Slovakia,SVK,1955,4.922477
Slovakia,SVK,1956,4.377148
Slovakia,SVK,1957,3.9427686
Slovakia,SVK,1958,3.5935597
Slovakia,SVK,1959,3.316746
Slovakia,SVK,1960,3.0988264
Slovakia,SVK,1961,2.9337664
Slovakia,SVK,1962,2.8112228
Slovakia,SVK,1963,2.7270372
Slovakia,SVK,1964,2.6692858
Slovakia,SVK,1965,2.6298828
Slovakia,SVK,1966,2.6022003
Slovakia,SVK,1967,2.5812728
Slovakia,SVK,1968,2.5655413
Slovakia,SVK,1969,2.5517108
Slovakia,SVK,1970,2.5374541
Slovakia,SVK,1971,2.5161994
Slovakia,SVK,1972,2.4890568
Slovakia,SVK,1973,2.453063
Slovakia,SVK,1974,2.4078686
Slovakia,SVK,1975,2.3518474
Slovakia,SVK,1976,2.2861764
Slovakia,SVK,1977,2.2130587
Slovakia,SVK,1978,2.1338816
Slovakia,SVK,1979,2.0519392
Slovakia,SVK,1980,1.9688185
Slovakia,SVK,1981,1.8878728
Slovakia,SVK,1982,1.8087875
Slovakia,SVK,1983,1.7310326
Slovakia,SVK,1984,1.6526711
Slovakia,SVK,1985,1.5755341
Slovakia,SVK,1986,1.5000243
Slovakia,SVK,1987,1.4294459
Slovakia,SVK,1988,1.3672804
Slovakia,SVK,1989,1.3138967
Slovakia,SVK,1990,1.2649782
Slovakia,SVK,1991,1.2156743
Slovakia,SVK,1992,1.1652498
Slovakia,SVK,1993,1.1143427
Slovakia,SVK,1994,1.0639457
Slovakia,SVK,1995,1.0145165
Slovakia,SVK,1996,0.9663427
Slovakia,SVK,1997,0.9200871
Slovakia,SVK,1998,0.87719834
Slovakia,SVK,1999,0.83788
Slovakia,SVK,2000,0.80391234
Slovakia,SVK,2001,0.77648807
Slovakia,SVK,2002,0.7536601
Slovakia,SVK,2003,0.7322829
Slovakia,SVK,2004,0.7104298
Slovakia,SVK,2005,0.6868073
Slovakia,SVK,2006,0.6611246
Slovakia,SVK,2007,0.6347432
Slovakia,SVK,2008,0.6097701
Slovakia,SVK,2009,0.5872008
Slovakia,SVK,2010,0.5682983
Slovakia,SVK,2011,0.55349004
Slovakia,SVK,2012,0.54210997
Slovakia,SVK,2013,0.53258514
Slovakia,SVK,2014,0.5239408
Slovakia,SVK,2015,0.5158431
Slovakia,SVK,2016,0.50795895
Slovakia,SVK,2017,0.50138485
Slovakia,SVK,2018,0.49689615
Slovakia,SVK,2019,0.49571803
Slovakia,SVK,2020,0.49765885
Slovakia,SVK,2021,0.503005
Slovakia,SVK,2022,0.51090777
Slovakia,SVK,2023,0.5209377
Slovakia,SVK,2024,0.5322099
Slovenia,SVN,1981,1.5256543
Slovenia,SVN,1982,1.4497657
Slovenia,SVN,1983,1.3778926
Slovenia,SVN,1984,1.3056518
Slovenia,SVN,1985,1.2316533
Slovenia,SVN,1986,1.1568294
Slovenia,SVN,1987,1.0827854
Slovenia,SVN,1988,1.0103381
Slovenia,SVN,1989,0.94165707
Slovenia,SVN,1990,0.8776683
Slovenia,SVN,1991,0.81801534
Slovenia,SVN,1992,0.76187897
Slovenia,SVN,1993,0.7092335
Slovenia,SVN,1994,0.66074306
Slovenia,SVN,1995,0.616419
Slovenia,SVN,1996,0.5762629
Slovenia,SVN,1997,0.54023254
Slovenia,SVN,1998,0.5083214
Slovenia,SVN,1999,0.47950125
Slovenia,SVN,2000,0.4531907
Slovenia,SVN,2001,0.4289687
Slovenia,SVN,2002,0.40675163
Slovenia,SVN,2003,0.38568136
Slovenia,SVN,2004,0.36559194
Slovenia,SVN,2005,0.34617695
Slovenia,SVN,2006,0.32735956
Slovenia,SVN,2007,0.30946413
Slovenia,SVN,2008,0.2925483
Slovenia,SVN,2009,0.27690014
Slovenia,SVN,2010,0.26265392
Slovenia,SVN,2011,0.2500091
Slovenia,SVN,2012,0.2388525
Slovenia,SVN,2013,0.22902516
Slovenia,SVN,2014,0.22049685
Slovenia,SVN,2015,0.21319509
Slovenia,SVN,2016,0.20726202
Slovenia,SVN,2017,0.20241944
Slovenia,SVN,2018,0.19842915
Slovenia,SVN,2019,0.19521604
Slovenia,SVN,2020,0.19250113
Slovenia,SVN,2021,0.19032227
Slovenia,SVN,2022,0.1880468
Slovenia,SVN,2023,0.1860497
Slovenia,SVN,2024,0.18355563
Solomon Islands,SLB,1943,18.014702
Solomon Islands,SLB,1944,17.632368
Solomon Islands,SLB,1945,17.271849
Solomon Islands,SLB,1946,16.899717
Solomon Islands,SLB,1947,16.550125
Solomon Islands,SLB,1948,16.209553
Solomon Islands,SLB,1949,15.858329
Solomon Islands,SLB,1950,15.529672
Solomon Islands,SLB,1951,15.19209
Solomon Islands,SLB,1952,14.851062
Solomon Islands,SLB,1953,14.489604
Solomon Islands,SLB,1954,14.129712
Solomon Islands,SLB,1955,13.754165
Solomon Islands,SLB,1956,13.365424
Solomon Islands,SLB,1957,12.97949
Solomon Islands,SLB,1958,12.584305
Solomon Islands,SLB,1959,12.181125
Solomon Islands,SLB,1960,11.76204
Solomon Islands,SLB,1961,11.34172
Solomon Islands,SLB,1962,10.910583
Solomon Islands,SLB,1963,10.480756
Solomon Islands,SLB,1964,10.043709
Solomon Islands,SLB,1965,9.604123
Solomon Islands,SLB,1966,9.150495
Solomon Islands,SLB,1967,8.683052
Solomon Islands,SLB,1968,8.198897
Solomon Islands,SLB,1969,7.713947
Solomon Islands,SLB,1970,7.24095
Solomon Islands,SLB,1971,6.7832365
Solomon Islands,SLB,1972,6.3537025
Solomon Islands,SLB,1973,5.943411
Solomon Islands,SLB,1974,5.5608444
Solomon Islands,SLB,1975,5.486726
Solomon Islands,SLB,1976,4.895058
Solomon Islands,SLB,1977,4.6123805
Solomon Islands,SLB,1978,4.3639965
Solomon Islands,SLB,1979,4.1485667
Solomon Islands,SLB,1980,3.956726
Solomon Islands,SLB,1981,3.7886558
Solomon Islands,SLB,1982,3.6416483
Solomon Islands,SLB,1983,3.5086086
Solomon Islands,SLB,1984,3.394109
Solomon Islands,SLB,1985,3.28945
Solomon Islands,SLB,1986,3.1936693
Solomon Islands,SLB,1987,3.1097722
Solomon Islands,SLB,1988,3.027615
Solomon Islands,SLB,1989,2.9503424
Solomon Islands,SLB,1990,2.8771195
Solomon Islands,SLB,1991,2.8046634
Solomon Islands,SLB,1992,2.7364664
Solomon Islands,SLB,1993,2.6690562
Solomon Islands,SLB,1994,2.606897
Solomon Islands,SLB,1995,2.5513468
Solomon Islands,SLB,1996,2.500243
Solomon Islands,SLB,1997,2.4552171
Solomon Islands,SLB,1998,2.4168375
Solomon Islands,SLB,1999,2.383355
Solomon Islands,SLB,2000,2.3511484
Solomon Islands,SLB,2001,2.3272285
Solomon Islands,SLB,2002,2.3075387
Solomon Islands,SLB,2003,2.2916148
Solomon Islands,SLB,2004,2.278606
Solomon Islands,SLB,2005,2.2630565
Solomon Islands,SLB,2006,2.2455697
Solomon Islands,SLB,2007,2.224116
Solomon Islands,SLB,2008,2.1994677
Solomon Islands,SLB,2009,2.1732516
Solomon Islands,SLB,2010,2.1443942
Solomon Islands,SLB,2011,2.113602
Solomon Islands,SLB,2012,2.0836222
Solomon Islands,SLB,2013,2.0543478
Solomon Islands,SLB,2014,2.0274491
Solomon Islands,SLB,2015,2.0008554
Solomon Islands,SLB,2016,1.9731183
Solomon Islands,SLB,2017,1.9440626
Solomon Islands,SLB,2018,1.9089645
Solomon Islands,SLB,2019,1.8715103
Solomon Islands,SLB,2020,1.827342
Solomon Islands,SLB,2021,1.7828219
Solomon Islands,SLB,2022,1.7352457
Solomon Islands,SLB,2023,1.687244
Solomon Islands,SLB,2024,1.6378472
Somalia,SOM,1983,10.715695
Somalia,SOM,1984,10.691074
Somalia,SOM,1985,10.696499
Somalia,SOM,1986,10.727997
Somalia,SOM,1987,10.765663
Somalia,SOM,1988,10.767722
Somalia,SOM,1989,10.72486
Somalia,SOM,1990,10.62916
Somalia,SOM,1991,21.641102
Somalia,SOM,1992,22.32303
Somalia,SOM,1993,21.845997
Somalia,SOM,1994,10.387094
Somalia,SOM,1995,10.388566
Somalia,SOM,1996,10.388566
Somalia,SOM,1997,10.388566
Somalia,SOM,1998,10.388566
Somalia,SOM,1999,10.388566
Somalia,SOM,2000,10.388566
Somalia,SOM,2001,10.388566
Somalia,SOM,2002,10.388566
Somalia,SOM,2003,10.388566
Somalia,SOM,2004,10.388566
Somalia,SOM,2005,10.385905
Somalia,SOM,2006,10.353271
Somalia,SOM,2007,10.247874
Somalia,SOM,2008,10.051069
Somalia,SOM,2009,9.835717
Somalia,SOM,2010,11.253969
Somalia,SOM,2011,21.756557
Somalia,SOM,2012,11.223133
Somalia,SOM,2013,8.843422
Somalia,SOM,2014,8.599246
Somalia,SOM,2015,8.368888
Somalia,SOM,2016,8.149751
Somalia,SOM,2017,9.645805
Somalia,SOM,2018,8.511569
Somalia,SOM,2019,7.49927
Somalia,SOM,2020,7.293146
Somalia,SOM,2021,7.092882
Somalia,SOM,2022,8.9242735
Somalia,SOM,2023,6.725592
Somalia,SOM,2024,6.539862
South Africa,ZAF,1976,10.888661
South Africa,ZAF,1977,10.264265
South Africa,ZAF,1978,9.669668
South Africa,ZAF,1979,9.115791
South Africa,ZAF,1980,8.607213
South Africa,ZAF,1981,8.142951
South Africa,ZAF,1982,7.6997714
South Africa,ZAF,1983,7.3078027
South Africa,ZAF,1984,6.955613
South Africa,ZAF,1985,6.616925
South Africa,ZAF,1986,6.293125
South Africa,ZAF,1987,5.9894996
South Africa,ZAF,1988,5.699342
South Africa,ZAF,1989,5.4351425
South Africa,ZAF,1990,5.2066317
South Africa,ZAF,1991,5.010621
South Africa,ZAF,1992,4.8574853
South Africa,ZAF,1993,4.7473645
South Africa,ZAF,1994,4.6743374
South Africa,ZAF,1995,4.602744
South Africa,ZAF,1996,4.54572
South Africa,ZAF,1997,4.526247
South Africa,ZAF,1998,4.5411854
South Africa,ZAF,1999,4.597104
South Africa,ZAF,2000,4.651411
South Africa,ZAF,2001,4.7226424
South Africa,ZAF,2002,4.7638526
South Africa,ZAF,2003,4.8311625
South Africa,ZAF,2004,4.8679547
South Africa,ZAF,2005,4.770861
South Africa,ZAF,2006,4.5979795
South Africa,ZAF,2007,4.4003186
South Africa,ZAF,2008,4.0971723
South Africa,ZAF,2009,3.8223937
South Africa,ZAF,2010,3.6044164
South Africa,ZAF,2011,3.4514117
South Africa,ZAF,2012,3.331648
South Africa,ZAF,2013,3.2085955
South Africa,ZAF,2014,3.0697193
South Africa,ZAF,2015,2.9317937
South Africa,ZAF,2016,2.8044236
South Africa,ZAF,2017,2.6833968
South Africa,ZAF,2018,2.5844436
South Africa,ZAF,2019,2.5064855
South Africa,ZAF,2020,2.4540982
South Africa,ZAF,2021,2.432958
South Africa,ZAF,2022,2.4288511
South Africa,ZAF,2023,2.4306316
South Africa,ZAF,2024,2.421245
South America,OWID_SAM,1956,13.191916
South America,OWID_SAM,1957,12.778549
South America,OWID_SAM,1958,12.470526
South America,OWID_SAM,1959,12.172472
South America,OWID_SAM,1960,11.878648
South America,OWID_SAM,1961,11.774111
South America,OWID_SAM,1962,11.474779
South America,OWID_SAM,1963,11.184225
South America,OWID_SAM,1964,10.90644
South America,OWID_SAM,1965,10.636052
South America,OWID_SAM,1966,10.36776
South America,OWID_SAM,1967,10.116211
South America,OWID_SAM,1968,9.885971
South America,OWID_SAM,1969,9.67896
South America,OWID_SAM,1970,9.288902
South America,OWID_SAM,1971,8.980182
South America,OWID_SAM,1972,8.772555
South America,OWID_SAM,1973,8.552946
South America,OWID_SAM,1974,8.313789
South America,OWID_SAM,1975,8.057541
South America,OWID_SAM,1976,7.786335
South America,OWID_SAM,1977,7.5024943
South America,OWID_SAM,1978,7.220579
South America,OWID_SAM,1979,6.9399085
South America,OWID_SAM,1980,6.660599
South America,OWID_SAM,1981,6.3845663
South America,OWID_SAM,1982,6.1151586
South America,OWID_SAM,1983,5.858449
South America,OWID_SAM,1984,5.618409
South America,OWID_SAM,1985,5.420769
South America,OWID_SAM,1986,5.1945853
South America,OWID_SAM,1987,4.9995923
South America,OWID_SAM,1988,4.810817
South America,OWID_SAM,1989,4.628688
South America,OWID_SAM,1990,4.4445467
South America,OWID_SAM,1991,4.258083
South America,OWID_SAM,1992,4.064661
South America,OWID_SAM,1993,3.8663924
South America,OWID_SAM,1994,3.6673696
South America,OWID_SAM,1995,3.4730313
South America,OWID_SAM,1996,3.2863946
South America,OWID_SAM,1997,3.1060653
South America,OWID_SAM,1998,2.9337695
South America,OWID_SAM,1999,2.7706254
South America,OWID_SAM,2000,2.6170259
South America,OWID_SAM,2001,2.4732027
South America,OWID_SAM,2002,2.3394852
South America,OWID_SAM,2003,2.2167962
South America,OWID_SAM,2004,2.102001
South America,OWID_SAM,2005,1.994648
South America,OWID_SAM,2006,1.8962781
South America,OWID_SAM,2007,1.807926
South America,OWID_SAM,2008,1.7273918
South America,OWID_SAM,2009,1.6566491
South America,OWID_SAM,2010,1.5939348
South America,OWID_SAM,2011,1.5380412
South America,OWID_SAM,2012,1.4895834
South America,OWID_SAM,2013,1.4466119
South America,OWID_SAM,2014,1.4081043
South America,OWID_SAM,2015,1.3782434
South America,OWID_SAM,2016,1.4375058
South America,OWID_SAM,2017,1.3611393
South America,OWID_SAM,2018,1.3341149
South America,OWID_SAM,2019,1.3080043
South America,OWID_SAM,2020,1.2874062
South America,OWID_SAM,2021,1.2687945
South America,OWID_SAM,2022,1.2497913
South America,OWID_SAM,2023,1.2304237
South America,OWID_SAM,2024,1.2101357
South Korea,KOR,1951,17.798937
South Korea,KOR,1952,15.391852
South Korea,KOR,1953,13.398544
South Korea,KOR,1954,11.768838
South Korea,KOR,1955,10.49172
South Korea,KOR,1956,9.512656
South Korea,KOR,1957,8.756004
South Korea,KOR,1958,8.195095
South Korea,KOR,1959,7.773466
South Korea,KOR,1960,7.444645
South Korea,KOR,1961,7.1767263
South Korea,KOR,1962,6.939822
South Korea,KOR,1963,6.701566
South Korea,KOR,1964,6.440164
South Korea,KOR,1965,6.1520014
South Korea,KOR,1966,5.8430448
South Korea,KOR,1967,5.5076685
South Korea,KOR,1968,5.1705346
South Korea,KOR,1969,4.8391633
South Korea,KOR,1970,4.52961
South Korea,KOR,1971,4.250579
South Korea,KOR,1972,4.011511
South Korea,KOR,1973,3.8140388
South Korea,KOR,1974,3.646142
South Korea,KOR,1975,3.498735
South Korea,KOR,1976,3.3632593
South Korea,KOR,1977,3.2285986
South Korea,KOR,1978,3.089585
South Korea,KOR,1979,2.9416926
South Korea,KOR,1980,2.7786365
South Korea,KOR,1981,2.606042
South Korea,KOR,1982,2.4267077
South Korea,KOR,1983,2.245485
South Korea,KOR,1984,2.0648797
South Korea,KOR,1985,1.8886458
South Korea,KOR,1986,1.7218529
South Korea,KOR,1987,1.569275
South Korea,KOR,1988,1.4325339
South Korea,KOR,1989,1.3096725
South Korea,KOR,1990,1.2022377
South Korea,KOR,1991,1.1063213
South Korea,KOR,1992,1.0197506
South Korea,KOR,1993,0.94126886
South Korea,KOR,1994,0.8701368
South Korea,KOR,1995,0.8061013
South Korea,KOR,1996,0.74872166
South Korea,KOR,1997,0.69752973
South Korea,KOR,1998,0.65263605
South Korea,KOR,1999,0.6141319
South Korea,KOR,2000,0.58098954
South Korea,KOR,2001,0.55181515
South Korea,KOR,2002,0.5236355
South Korea,KOR,2003,0.4948771
South Korea,KOR,2004,0.46533024
South Korea,KOR,2005,0.43496174
South Korea,KOR,2006,0.40575144
South Korea,KOR,2007,0.3799403
South Korea,KOR,2008,0.3585842
South Korea,KOR,2009,0.34145394
South Korea,KOR,2010,0.32834834
South Korea,KOR,2011,0.31796372
South Korea,KOR,2012,0.3090473
South Korea,KOR,2013,0.30073968
South Korea,KOR,2014,0.29288435
South Korea,KOR,2015,0.28557137
South Korea,KOR,2016,0.27853844
South Korea,KOR,2017,0.2716648
South Korea,KOR,2018,0.26481158
South Korea,KOR,2019,0.25813147
South Korea,KOR,2020,0.2517385
South Korea,KOR,2021,0.24593082
South Korea,KOR,2022,0.24096708
South Korea,KOR,2023,0.23682918
South Korea,KOR,2024,0.23283961
South Sudan,SSD,1954,20.909346
South Sudan,SSD,1955,20.682991
South Sudan,SSD,1956,20.453552
South Sudan,SSD,1957,20.237352
South Sudan,SSD,1958,20.00568
South Sudan,SSD,1959,19.7923
South Sudan,SSD,1960,19.58856
South Sudan,SSD,1961,19.370531
South Sudan,SSD,1962,19.14296
South Sudan,SSD,1963,20.697678
South Sudan,SSD,1964,18.745918
South Sudan,SSD,1965,18.538181
South Sudan,SSD,1966,21.353355
South Sudan,SSD,1967,21.120234
South Sudan,SSD,1968,20.904543
South Sudan,SSD,1969,21.061928
South Sudan,SSD,1970,20.837072
South Sudan,SSD,1971,17.229239
South Sudan,SSD,1972,17.031927
South Sudan,SSD,1973,16.851574
South Sudan,SSD,1974,16.656555
South Sudan,SSD,1975,16.477816
South Sudan,SSD,1976,16.310785
South Sudan,SSD,1977,16.145422
South Sudan,SSD,1978,15.966298
South Sudan,SSD,1979,15.793631
South Sudan,SSD,1980,15.660921
South Sudan,SSD,1981,15.522182
South Sudan,SSD,1982,15.395629
South Sudan,SSD,1983,15.285892
South Sudan,SSD,1984,15.175729
South Sudan,SSD,1985,15.058075
South Sudan,SSD,1986,14.949694
South Sudan,SSD,1987,17.121754
South Sudan,SSD,1988,48.401104
South Sudan,SSD,1989,15.845201
South Sudan,SSD,1990,15.735164
South Sudan,SSD,1991,15.579903
South Sudan,SSD,1992,16.548618
South Sudan,SSD,1993,16.342989
South Sudan,SSD,1994,13.848739
South Sudan,SSD,1995,14.6773405
South Sudan,SSD,1996,14.367647
South Sudan,SSD,1997,14.032004
South Sudan,SSD,1998,23.877184
South Sudan,SSD,1999,12.241634
South Sudan,SSD,2000,11.820223
South Sudan,SSD,2001,11.363774
South Sudan,SSD,2002,10.898043
South Sudan,SSD,2003,10.445382
South Sudan,SSD,2004,10.023334
South Sudan,SSD,2005,9.616035
South Sudan,SSD,2006,9.232694
South Sudan,SSD,2007,8.859166
South Sudan,SSD,2008,8.502338
South Sudan,SSD,2009,8.152558
South Sudan,SSD,2010,7.824865
South Sudan,SSD,2011,7.534274
South Sudan,SSD,2012,7.3240576
South Sudan,SSD,2013,7.21548
South Sudan,SSD,2014,11.8205385
South Sudan,SSD,2015,15.134969
South Sudan,SSD,2016,16.9807
South Sudan,SSD,2017,18.15072
South Sudan,SSD,2018,9.292376
South Sudan,SSD,2019,7.1869664
South Sudan,SSD,2020,7.1869664
South Sudan,SSD,2021,7.1869664
South Sudan,SSD,2022,7.1869664
South Sudan,SSD,2023,7.1869664
South Sudan,SSD,2024,7.1869664
Spain,ESP,1949,8.605199
Spain,ESP,1950,7.756209
Spain,ESP,1951,7.0319343
Spain,ESP,1952,6.460847
Spain,ESP,1953,6.034723
Spain,ESP,1954,5.7248964
Spain,ESP,1955,5.500827
Spain,ESP,1956,5.331214
Spain,ESP,1957,5.1800594
Spain,ESP,1958,5.0248394
Spain,ESP,1959,4.859486
Spain,ESP,1960,4.6778383
Spain,ESP,1961,4.4840584
Spain,ESP,1962,4.284797
Spain,ESP,1963,4.0876017
Spain,ESP,1964,3.8976495
Spain,ESP,1965,3.7195363
Spain,ESP,1966,3.545639
Spain,ESP,1967,3.3687444
Spain,ESP,1968,3.1812363
Spain,ESP,1969,2.9824922
Spain,ESP,1970,2.774057
Spain,ESP,1971,2.563798
Spain,ESP,1972,2.364643
Spain,ESP,1973,2.1806278
Spain,ESP,1974,2.0132394
Spain,ESP,1975,1.8607842
Spain,ESP,1976,1.7194104
Spain,ESP,1977,1.587004
Spain,ESP,1978,1.4617555
Spain,ESP,1979,1.3461988
Spain,ESP,1980,1.2418746
Spain,ESP,1981,1.1507868
Spain,ESP,1982,1.0741119
Spain,ESP,1983,1.0112624
Spain,ESP,1984,0.9594337
Spain,ESP,1985,0.91573924
Spain,ESP,1986,0.87768817
Spain,ESP,1987,0.84283316
Spain,ESP,1988,0.80964994
Spain,ESP,1989,0.7771584
Spain,ESP,1990,0.74455667
Spain,ESP,1991,0.7102326
Spain,ESP,1992,0.6730694
Spain,ESP,1993,0.6329205
Spain,ESP,1994,0.59222984
Spain,ESP,1995,0.55374324
Spain,ESP,1996,0.5191002
Spain,ESP,1997,0.49014354
Spain,ESP,1998,0.46724272
Spain,ESP,1999,0.44944414
Spain,ESP,2000,0.4355874
Spain,ESP,2001,0.4244158
Spain,ESP,2002,0.41466978
Spain,ESP,2003,0.4051656
Spain,ESP,2004,0.39494807
Spain,ESP,2005,0.38314432
Spain,ESP,2006,0.36986947
Spain,ESP,2007,0.35596883
Spain,ESP,2008,0.3419897
Spain,ESP,2009,0.32847482
Spain,ESP,2010,0.31575426
Spain,ESP,2011,0.30415723
Spain,ESP,2012,0.29406178
Spain,ESP,2013,0.28564373
Spain,ESP,2014,0.27896717
Spain,ESP,2015,0.27411637
Spain,ESP,2016,0.27067703
Spain,ESP,2017,0.26792288
Spain,ESP,2018,0.2654024
Spain,ESP,2019,0.26333785
Spain,ESP,2020,0.2617411
Spain,ESP,2021,0.26087734
Spain,ESP,2022,0.26093358
Spain,ESP,2023,0.26183474
Spain,ESP,2024,0.26212743
Sri Lanka,LKA,1951,7.002302
Sri Lanka,LKA,1952,7.01971
Sri Lanka,LKA,1953,7.021804
Sri Lanka,LKA,1954,6.9879174
Sri Lanka,LKA,1955,6.909742
Sri Lanka,LKA,1956,6.7662287
Sri Lanka,LKA,1957,6.5414953
Sri Lanka,LKA,1958,6.2634974
Sri Lanka,LKA,1959,5.9748564
Sri Lanka,LKA,1960,5.7144947
Sri Lanka,LKA,1961,5.5236387
Sri Lanka,LKA,1962,5.4295206
Sri Lanka,LKA,1963,5.396386
Sri Lanka,LKA,1964,5.361075
Sri Lanka,LKA,1965,5.2854824
Sri Lanka,LKA,1966,5.18224
Sri Lanka,LKA,1967,5.06808
Sri Lanka,LKA,1968,4.9599733
Sri Lanka,LKA,1969,4.8800235
Sri Lanka,LKA,1970,4.832419
Sri Lanka,LKA,1971,4.801326
Sri Lanka,LKA,1972,4.7732067
Sri Lanka,LKA,1973,4.7288537
Sri Lanka,LKA,1974,4.6497545
Sri Lanka,LKA,1975,4.5208664
Sri Lanka,LKA,1976,4.3375893
Sri Lanka,LKA,1977,4.100347
Sri Lanka,LKA,1978,3.8340745
Sri Lanka,LKA,1979,3.5667682
Sri Lanka,LKA,1980,3.3159897
Sri Lanka,LKA,1981,3.083629
Sri Lanka,LKA,1982,2.8680005
Sri Lanka,LKA,1983,2.6556387
Sri Lanka,LKA,1984,2.432303
Sri Lanka,LKA,1985,2.2064686
Sri Lanka,LKA,1986,2.0153613
Sri Lanka,LKA,1987,1.8833842
Sri Lanka,LKA,1988,1.8084444
Sri Lanka,LKA,1989,1.9542828
Sri Lanka,LKA,1990,1.7887903
Sri Lanka,LKA,1991,1.8005146
Sri Lanka,LKA,1992,1.7889315
Sri Lanka,LKA,1993,1.7507881
Sri Lanka,LKA,1994,1.6958857
Sri Lanka,LKA,1995,1.631533
Sri Lanka,LKA,1996,1.5605599
Sri Lanka,LKA,1997,1.4854972
Sri Lanka,LKA,1998,1.4131483
Sri Lanka,LKA,1999,1.3510761
Sri Lanka,LKA,2000,1.3029224
Sri Lanka,LKA,2001,1.2665055
Sri Lanka,LKA,2002,1.2386862
Sri Lanka,LKA,2003,1.2112265
Sri Lanka,LKA,2004,1.6793523
Sri Lanka,LKA,2005,1.1216108
Sri Lanka,LKA,2006,1.065955
Sri Lanka,LKA,2007,1.0144598
Sri Lanka,LKA,2008,0.97121865
Sri Lanka,LKA,2009,1.3279566
Sri Lanka,LKA,2010,0.9129851
Sri Lanka,LKA,2011,0.8874308
Sri Lanka,LKA,2012,0.8540501
Sri Lanka,LKA,2013,0.8147964
Sri Lanka,LKA,2014,0.77465945
Sri Lanka,LKA,2015,0.7371085
Sri Lanka,LKA,2016,0.7036194
Sri Lanka,LKA,2017,0.6745289
Sri Lanka,LKA,2018,0.64889896
Sri Lanka,LKA,2019,0.62428665
Sri Lanka,LKA,2020,0.6000282
Sri Lanka,LKA,2021,0.5767359
Sri Lanka,LKA,2022,0.55476254
Sri Lanka,LKA,2023,0.5347246
Sri Lanka,LKA,2024,0.5166058
Sudan,SDN,1955,9.490314
Sudan,SDN,1956,9.455242
Sudan,SDN,1957,9.418409
Sudan,SDN,1958,9.37651
Sudan,SDN,1959,9.333381
Sudan,SDN,1960,9.290211
Sudan,SDN,1961,9.268055
Sudan,SDN,1962,9.226208
Sudan,SDN,1963,9.190078
Sudan,SDN,1964,9.159457
Sudan,SDN,1965,9.131099
Sudan,SDN,1966,9.113013
Sudan,SDN,1967,9.098768
Sudan,SDN,1968,9.092837
Sudan,SDN,1969,9.093244
Sudan,SDN,1970,9.09998
Sudan,SDN,1971,9.10982
Sudan,SDN,1972,9.115696
Sudan,SDN,1973,9.11977
Sudan,SDN,1974,9.116907
Sudan,SDN,1975,9.102609
Sudan,SDN,1976,9.084437
Sudan,SDN,1977,9.058274
Sudan,SDN,1978,9.035537
Sudan,SDN,1979,9.017071
Sudan,SDN,1980,8.996939
Sudan,SDN,1981,8.981288
Sudan,SDN,1982,8.963505
Sudan,SDN,1983,11.12472
Sudan,SDN,1984,11.046818
Sudan,SDN,1985,10.969613
Sudan,SDN,1986,8.800164
Sudan,SDN,1987,8.733021
Sudan,SDN,1988,18.086538
Sudan,SDN,1989,8.56926
Sudan,SDN,1990,8.471553
Sudan,SDN,1991,8.369328
Sudan,SDN,1992,8.258849
Sudan,SDN,1993,8.142115
Sudan,SDN,1994,8.016799
Sudan,SDN,1995,7.881437
Sudan,SDN,1996,7.7361817
Sudan,SDN,1997,7.5830283
Sudan,SDN,1998,9.674709
Sudan,SDN,1999,7.233321
Sudan,SDN,2000,7.0469704
Sudan,SDN,2001,6.859447
Sudan,SDN,2002,6.6659074
Sudan,SDN,2003,6.477181
Sudan,SDN,2004,6.7844024
Sudan,SDN,2005,6.6390667
Sudan,SDN,2006,5.9694963
Sudan,SDN,2007,5.824156
Sudan,SDN,2008,5.6828604
Sudan,SDN,2009,5.547474
Sudan,SDN,2010,5.4253507
Sudan,SDN,2011,5.3067245
Sudan,SDN,2012,5.1947346
Sudan,SDN,2013,5.0831547
Sudan,SDN,2014,4.966689
Sudan,SDN,2015,4.842309
Sudan,SDN,2016,4.7156034
Sudan,SDN,2017,4.5876822
Sudan,SDN,2018,4.459885
Sudan,SDN,2019,4.339068
Sudan,SDN,2020,4.2162404
Sudan,SDN,2021,4.1005926
Sudan,SDN,2022,3.9781995
Sudan,SDN,2023,4.4027867
Sudan,SDN,2024,4.291304
Suriname,SUR,1983,4.4059944
Suriname,SUR,1984,4.31131
Suriname,SUR,1985,4.213148
Suriname,SUR,1986,4.118386
Suriname,SUR,1987,4.0260634
Suriname,SUR,1988,3.9251153
Suriname,SUR,1989,3.8290832
Suriname,SUR,1990,3.729125
Suriname,SUR,1991,3.6314394
Suriname,SUR,1992,3.530993
Suriname,SUR,1993,3.4239738
Suriname,SUR,1994,3.3164446
Suriname,SUR,1995,3.2146382
Suriname,SUR,1996,3.1125045
Suriname,SUR,1997,3.0134082
Suriname,SUR,1998,2.9170377
Suriname,SUR,1999,2.82181
Suriname,SUR,2000,2.7345982
Suriname,SUR,2001,2.6493278
Suriname,SUR,2002,2.5754826
Suriname,SUR,2003,2.5015917
Suriname,SUR,2004,2.4355884
Suriname,SUR,2005,2.375194
Suriname,SUR,2006,2.3181415
Suriname,SUR,2007,2.262812
Suriname,SUR,2008,2.2112
Suriname,SUR,2009,2.1623588
Suriname,SUR,2010,2.1171014
Suriname,SUR,2011,2.073741
Suriname,SUR,2012,2.0310867
Suriname,SUR,2013,1.9884632
Suriname,SUR,2014,1.9454052
Suriname,SUR,2015,1.9006326
Suriname,SUR,2016,1.8567276
Suriname,SUR,2017,1.8043269
Suriname,SUR,2018,1.757972
Suriname,SUR,2019,1.710745
Suriname,SUR,2020,1.664451
Suriname,SUR,2021,1.6165932
Suriname,SUR,2022,1.563998
Suriname,SUR,2023,1.5186647
Suriname,SUR,2024,1.4758253
Sweden,SWE,1950,2.206049
Sweden,SWE,1951,2.0922256
Sweden,SWE,1952,1.990151
Sweden,SWE,1953,1.9041533
Sweden,SWE,1954,1.836201
Sweden,SWE,1955,1.7828372
Sweden,SWE,1956,1.7409075
Sweden,SWE,1957,1.7070085
Sweden,SWE,1958,1.6796933
Sweden,SWE,1959,1.6561962
Sweden,SWE,1960,1.6310022
Sweden,SWE,1961,1.5999734
Sweden,SWE,1962,1.5582304
Sweden,SWE,1963,1.5037781
Sweden,SWE,1964,1.4380705
Sweden,SWE,1965,1.3707465
Sweden,SWE,1966,1.3110483
Sweden,SWE,1967,1.2599859
Sweden,SWE,1968,1.2156501
Sweden,SWE,1969,1.174765
Sweden,SWE,1970,1.1335479
Sweden,SWE,1971,1.0882195
Sweden,SWE,1972,1.038033
Sweden,SWE,1973,0.9838761
Sweden,SWE,1974,0.9284542
Sweden,SWE,1975,0.8770473
Sweden,SWE,1976,0.83339065
Sweden,SWE,1977,0.7972971
Sweden,SWE,1978,0.7663356
Sweden,SWE,1979,0.7391543
Sweden,SWE,1980,0.71538514
Sweden,SWE,1981,0.69478077
Sweden,SWE,1982,0.6774043
Sweden,SWE,1983,0.66317713
Sweden,SWE,1984,0.6520494
Sweden,SWE,1985,0.6427473
Sweden,SWE,1986,0.63469905
Sweden,SWE,1987,0.62668926
Sweden,SWE,1988,0.6176642
Sweden,SWE,1989,0.6057655
Sweden,SWE,1990,0.58630085
Sweden,SWE,1991,0.5556176
Sweden,SWE,1992,0.517138
Sweden,SWE,1993,0.4762493
Sweden,SWE,1994,0.43737707
Sweden,SWE,1995,0.404412
Sweden,SWE,1996,0.37953436
Sweden,SWE,1997,0.3622771
Sweden,SWE,1998,0.35108486
Sweden,SWE,1999,0.34401938
Sweden,SWE,2000,0.33914512
Sweden,SWE,2001,0.3342601
Sweden,SWE,2002,0.32799152
Sweden,SWE,2003,0.31910038
Sweden,SWE,2004,0.30762732
Sweden,SWE,2005,0.29510581
Sweden,SWE,2006,0.28310013
Sweden,SWE,2007,0.2722647
Sweden,SWE,2008,0.2630595
Sweden,SWE,2009,0.25588337
Sweden,SWE,2010,0.25042257
Sweden,SWE,2011,0.24623358
Sweden,SWE,2012,0.24300183
Sweden,SWE,2013,0.24019648
Sweden,SWE,2014,0.23741443
Sweden,SWE,2015,0.23417209
Sweden,SWE,2016,0.23023583
Sweden,SWE,2017,0.22555624
Sweden,SWE,2018,0.22065575
Sweden,SWE,2019,0.21584027
Sweden,SWE,2020,0.21141535
Sweden,SWE,2021,0.20728648
Sweden,SWE,2022,0.20360562
Sweden,SWE,2023,0.19996883
Sweden,SWE,2024,0.19635308
Switzerland,CHE,1950,3.1344142
Switzerland,CHE,1951,3.0237007
Switzerland,CHE,1952,2.915654
Switzerland,CHE,1953,2.8058665
Switzerland,CHE,1954,2.6938834
Switzerland,CHE,1955,2.5808456
Switzerland,CHE,1956,2.4689598
Switzerland,CHE,1957,2.3660536
Switzerland,CHE,1958,2.2819428
Switzerland,CHE,1959,2.2193074
Switzerland,CHE,1960,2.1697438
Switzerland,CHE,1961,2.124304
Switzerland,CHE,1962,2.0739386
Switzerland,CHE,1963,2.008859
Switzerland,CHE,1964,1.9288517
Switzerland,CHE,1965,1.844511
Switzerland,CHE,1966,1.7659388
Switzerland,CHE,1967,1.6948044
Switzerland,CHE,1968,1.6280913
Switzerland,CHE,1969,1.5633452
Switzerland,CHE,1970,1.497605
Switzerland,CHE,1971,1.4289273
Switzerland,CHE,1972,1.3557423
Switzerland,CHE,1973,1.278201
Switzerland,CHE,1974,1.1981881
Switzerland,CHE,1975,1.1195209
Switzerland,CHE,1976,1.0456524
Switzerland,CHE,1977,0.97883934
Switzerland,CHE,1978,0.92184466
Switzerland,CHE,1979,0.87492526
Switzerland,CHE,1980,0.8362448
Switzerland,CHE,1981,0.80428255
Switzerland,CHE,1982,0.7779134
Switzerland,CHE,1983,0.7563895
Switzerland,CHE,1984,0.7390682
Switzerland,CHE,1985,0.72564375
Switzerland,CHE,1986,0.71526843
Switzerland,CHE,1987,0.70601463
Switzerland,CHE,1988,0.69535685
Switzerland,CHE,1989,0.6810859
Switzerland,CHE,1990,0.6613913
Switzerland,CHE,1991,0.63573486
Switzerland,CHE,1992,0.6062203
Switzerland,CHE,1993,0.5758912
Switzerland,CHE,1994,0.5475045
Switzerland,CHE,1995,0.52323747
Switzerland,CHE,1996,0.50434315
Switzerland,CHE,1997,0.4905924
Switzerland,CHE,1998,0.48078606
Switzerland,CHE,1999,0.47362995
Switzerland,CHE,2000,0.467586
Switzerland,CHE,2001,0.46104684
Switzerland,CHE,2002,0.4536733
Switzerland,CHE,2003,0.445571
Switzerland,CHE,2004,0.43689144
Switzerland,CHE,2005,0.42807418
Switzerland,CHE,2006,0.41926783
Switzerland,CHE,2007,0.41122928
Switzerland,CHE,2008,0.40373456
Switzerland,CHE,2009,0.3974596
Switzerland,CHE,2010,0.39197922
Switzerland,CHE,2011,0.38761178
Switzerland,CHE,2012,0.3838118
Switzerland,CHE,2013,0.38034838
Switzerland,CHE,2014,0.37671605
Switzerland,CHE,2015,0.37245154
Switzerland,CHE,2016,0.36762798
Switzerland,CHE,2017,0.36259174
Switzerland,CHE,2018,0.3579574
Switzerland,CHE,2019,0.35443676
Switzerland,CHE,2020,0.35167813
Switzerland,CHE,2021,0.349322
Switzerland,CHE,2022,0.34723255
Switzerland,CHE,2023,0.3448463
Switzerland,CHE,2024,0.34220454
Syria,SYR,1955,12.95595
Syria,SYR,1956,12.452248
Syria,SYR,1957,11.978832
Syria,SYR,1958,11.53754
Syria,SYR,1959,11.118271
Syria,SYR,1960,10.732878
Syria,SYR,1961,10.375163
Syria,SYR,1962,10.053343
Syria,SYR,1963,9.762834
Syria,SYR,1964,9.490743
Syria,SYR,1965,9.211242
Syria,SYR,1966,8.929658
Syria,SYR,1967,8.615452
Syria,SYR,1968,8.285961
Syria,SYR,1969,7.952388
Syria,SYR,1970,7.6179934
Syria,SYR,1971,7.2877197
Syria,SYR,1972,6.976806
Syria,SYR,1973,6.68221
Syria,SYR,1974,6.4018445
Syria,SYR,1975,6.128091
Syria,SYR,1976,5.8577766
Syria,SYR,1977,5.5860825
Syria,SYR,1978,5.3186717
Syria,SYR,1979,5.060958
Syria,SYR,1980,4.8171253
Syria,SYR,1981,4.8448167
Syria,SYR,1982,5.0535464
Syria,SYR,1983,4.171889
Syria,SYR,1984,3.990073
Syria,SYR,1985,3.8241346
Syria,SYR,1986,3.6702404
Syria,SYR,1987,3.5300884
Syria,SYR,1988,3.4016194
Syria,SYR,1989,3.2790034
Syria,SYR,1990,3.1633596
Syria,SYR,1991,3.0449824
Syria,SYR,1992,2.9262488
Syria,SYR,1993,2.8081553
Syria,SYR,1994,2.6895814
Syria,SYR,1995,2.5722497
Syria,SYR,1996,2.4584765
Syria,SYR,1997,2.351303
Syria,SYR,1998,2.2530863
Syria,SYR,1999,2.1634448
Syria,SYR,2000,2.0820146
Syria,SYR,2001,2.0086823
Syria,SYR,2002,1.9442358
Syria,SYR,2003,1.8911564
Syria,SYR,2004,1.8476993
Syria,SYR,2005,1.811788
Syria,SYR,2006,1.7844203
Syria,SYR,2007,1.7625452
Syria,SYR,2008,1.751907
Syria,SYR,2009,1.7472562
Syria,SYR,2010,1.7537111
Syria,SYR,2011,1.8707452
Syria,SYR,2012,2.3785374
Syria,SYR,2013,2.5013924
Syria,SYR,2014,2.4648507
Syria,SYR,2015,2.5490441
Syria,SYR,2016,2.3746128
Syria,SYR,2017,2.4228756
Syria,SYR,2018,2.4208705
Syria,SYR,2019,2.1135154
Syria,SYR,2020,2.001917
Syria,SYR,2021,1.9269989
Syria,SYR,2022,1.9129148
Syria,SYR,2023,1.8644817
Syria,SYR,2024,1.7674145
Tajikistan,TJK,1972,11.39386
Tajikistan,TJK,1973,11.024907
Tajikistan,TJK,1974,10.673211
Tajikistan,TJK,1975,10.372829
Tajikistan,TJK,1976,10.11154
Tajikistan,TJK,1977,9.905313
Tajikistan,TJK,1978,9.734565
Tajikistan,TJK,1979,9.63763
Tajikistan,TJK,1980,9.574151
Tajikistan,TJK,1981,9.533218
Tajikistan,TJK,1982,9.433726
Tajikistan,TJK,1983,9.280068
Tajikistan,TJK,1984,9.053291
Tajikistan,TJK,1985,8.760645
Tajikistan,TJK,1986,8.438672
Tajikistan,TJK,1987,8.082228
Tajikistan,TJK,1988,7.7733397
Tajikistan,TJK,1989,7.6192026
Tajikistan,TJK,1990,7.669638
Tajikistan,TJK,1991,7.8497825
Tajikistan,TJK,1992,8.124289
Tajikistan,TJK,1993,8.375585
Tajikistan,TJK,1994,8.476384
Tajikistan,TJK,1995,8.3500395
Tajikistan,TJK,1996,8.03775
Tajikistan,TJK,1997,7.6270185
Tajikistan,TJK,1998,7.158284
Tajikistan,TJK,1999,6.652325
Tajikistan,TJK,2000,6.1465826
Tajikistan,TJK,2001,5.6478133
Tajikistan,TJK,2002,5.172523
Tajikistan,TJK,2003,4.7303553
Tajikistan,TJK,2004,4.33478
Tajikistan,TJK,2005,4.0027566
Tajikistan,TJK,2006,3.7186275
Tajikistan,TJK,2007,3.4906402
Tajikistan,TJK,2008,3.310623
Tajikistan,TJK,2009,3.1617703
Tajikistan,TJK,2010,3.0368998
Tajikistan,TJK,2011,2.9311397
Tajikistan,TJK,2012,2.8424401
Tajikistan,TJK,2013,2.7620301
Tajikistan,TJK,2014,2.691581
Tajikistan,TJK,2015,2.6328955
Tajikistan,TJK,2016,2.5830429
Tajikistan,TJK,2017,2.5469806
Tajikistan,TJK,2018,2.525198
Tajikistan,TJK,2019,2.5043294
Tajikistan,TJK,2020,2.4885178
Tajikistan,TJK,2021,2.467976
Tajikistan,TJK,2022,2.4397619
Tajikistan,TJK,2023,2.395265
Tajikistan,TJK,2024,2.3478317
Tanzania,TZA,1951,12.273704
Tanzania,TZA,1952,12.276307
Tanzania,TZA,1953,12.263418
Tanzania,TZA,1954,12.26582
Tanzania,TZA,1955,12.246486
Tanzania,TZA,1956,12.231653
Tanzania,TZA,1957,12.214433
Tanzania,TZA,1958,12.205134
Tanzania,TZA,1959,12.188099
Tanzania,TZA,1960,12.188015
Tanzania,TZA,1961,12.174612
Tanzania,TZA,1962,12.144083
Tanzania,TZA,1963,12.103993
Tanzania,TZA,1964,12.054964
Tanzania,TZA,1965,11.987074
Tanzania,TZA,1966,11.9132805
Tanzania,TZA,1967,11.829996
Tanzania,TZA,1968,11.733697
Tanzania,TZA,1969,11.64073
Tanzania,TZA,1970,11.539965
Tanzania,TZA,1971,11.434885
Tanzania,TZA,1972,11.317996
Tanzania,TZA,1973,11.19783
Tanzania,TZA,1974,11.069817
Tanzania,TZA,1975,10.930998
Tanzania,TZA,1976,10.796673
Tanzania,TZA,1977,10.667707
Tanzania,TZA,1978,10.561222
Tanzania,TZA,1979,10.4957285
Tanzania,TZA,1980,10.502459
Tanzania,TZA,1981,10.556826
Tanzania,TZA,1982,10.647163
Tanzania,TZA,1983,10.759158
Tanzania,TZA,1984,10.853606
Tanzania,TZA,1985,10.910082
Tanzania,TZA,1986,10.922129
Tanzania,TZA,1987,10.884573
Tanzania,TZA,1988,10.807624
Tanzania,TZA,1989,10.707943
Tanzania,TZA,1990,10.616682
Tanzania,TZA,1991,10.521584
Tanzania,TZA,1992,10.43537
Tanzania,TZA,1993,10.352394
Tanzania,TZA,1994,10.244891
Tanzania,TZA,1995,10.112628
Tanzania,TZA,1996,9.926499
Tanzania,TZA,1997,9.679061
Tanzania,TZA,1998,9.372132
Tanzania,TZA,1999,8.979319
Tanzania,TZA,2000,8.518655
Tanzania,TZA,2001,8.02581
Tanzania,TZA,2002,7.527507
Tanzania,TZA,2003,7.056614
Tanzania,TZA,2004,6.630385
Tanzania,TZA,2005,6.2264915
Tanzania,TZA,2006,5.894789
Tanzania,TZA,2007,5.5454707
Tanzania,TZA,2008,5.3013163
Tanzania,TZA,2009,5.0349603
Tanzania,TZA,2010,4.833638
Tanzania,TZA,2011,4.644401
Tanzania,TZA,2012,4.478476
Tanzania,TZA,2013,4.345185
Tanzania,TZA,2014,4.205273
Tanzania,TZA,2015,4.0757694
Tanzania,TZA,2016,3.9256356
Tanzania,TZA,2017,3.7454367
Tanzania,TZA,2018,3.587277
Tanzania,TZA,2019,3.4499614
Tanzania,TZA,2020,3.3242097
Tanzania,TZA,2021,3.208423
Tanzania,TZA,2022,3.0931218
Tanzania,TZA,2023,2.9689624
Tanzania,TZA,2024,2.871002
Thailand,THA,1951,15.186143
Thailand,THA,1952,14.683766
Thailand,THA,1953,14.19854
Thailand,THA,1954,13.738457
Thailand,THA,1955,13.3031025
Thailand,THA,1956,12.874481
Thailand,THA,1957,12.468811
Thailand,THA,1958,12.075809
Thailand,THA,1959,11.694536
Thailand,THA,1960,11.331547
Thailand,THA,1961,10.969416
Thailand,THA,1962,10.6129055
Thailand,THA,1963,10.262042
Thailand,THA,1964,9.921787
Thailand,THA,1965,9.585987
Thailand,THA,1966,9.256305
Thailand,THA,1967,8.914243
Thailand,THA,1968,8.570558
Thailand,THA,1969,8.222036
Thailand,THA,1970,7.868622
Thailand,THA,1971,7.5160565
Thailand,THA,1972,7.171854
Thailand,THA,1973,6.835837
Thailand,THA,1974,6.5151186
Thailand,THA,1975,6.2139173
Thailand,THA,1976,5.9336295
Thailand,THA,1977,5.671636
Thailand,THA,1978,5.4217143
Thailand,THA,1979,5.186811
Thailand,THA,1980,4.963676
Thailand,THA,1981,4.7517095
Thailand,THA,1982,4.5522757
Thailand,THA,1983,4.3567634
Thailand,THA,1984,4.1670747
Thailand,THA,1985,3.9829314
Thailand,THA,1986,3.801899
Thailand,THA,1987,3.620529
Thailand,THA,1988,3.4421632
Thailand,THA,1989,3.263833
Thailand,THA,1990,3.089503
Thailand,THA,1991,2.9202895
Thailand,THA,1992,2.762976
Thailand,THA,1993,2.616728
Thailand,THA,1994,2.480889
Thailand,THA,1995,2.3547347
Thailand,THA,1996,2.237328
Thailand,THA,1997,2.1262062
Thailand,THA,1998,2.020682
Thailand,THA,1999,1.9216005
Thailand,THA,2000,1.8301532
Thailand,THA,2001,1.7438589
Thailand,THA,2002,1.6636858
Thailand,THA,2003,1.5899475
Thailand,THA,2004,1.5200324
Thailand,THA,2005,1.4547894
Thailand,THA,2006,1.3939296
Thailand,THA,2007,1.3372601
Thailand,THA,2008,1.2851079
Thailand,THA,2009,1.2376474
Thailand,THA,2010,1.193442
Thailand,THA,2011,1.1521648
Thailand,THA,2012,1.113457
Thailand,THA,2013,1.076892
Thailand,THA,2014,1.0422665
Thailand,THA,2015,1.0090297
Thailand,THA,2016,0.9782109
Thailand,THA,2017,0.9479655
Thailand,THA,2018,0.9198853
Thailand,THA,2019,0.8921881
Thailand,THA,2020,0.8654497
Thailand,THA,2021,0.84126896
Thailand,THA,2022,0.8171593
Thailand,THA,2023,0.7941782
Thailand,THA,2024,0.7728845
Togo,TGO,1944,14.2431
Togo,TGO,1945,14.210974
Togo,TGO,1946,14.171763
Togo,TGO,1947,14.130448
Togo,TGO,1948,14.082082
Togo,TGO,1949,14.034459
Togo,TGO,1950,13.992615
Togo,TGO,1951,13.9633875
Togo,TGO,1952,13.918892
Togo,TGO,1953,13.869809
Togo,TGO,1954,13.828138
Togo,TGO,1955,13.779772
Togo,TGO,1956,13.718983
Togo,TGO,1957,13.659775
Togo,TGO,1958,13.59084
Togo,TGO,1959,13.521853
Togo,TGO,1960,13.444863
Togo,TGO,1961,13.352628
Togo,TGO,1962,13.25841
Togo,TGO,1963,13.150165
Togo,TGO,1964,13.0348425
Togo,TGO,1965,12.904776
Togo,TGO,1966,12.759261
Togo,TGO,1967,12.606235
Togo,TGO,1968,12.44356
Togo,TGO,1969,12.27089
Togo,TGO,1970,12.084438
Togo,TGO,1971,11.88672
Togo,TGO,1972,11.692167
Togo,TGO,1973,11.48893
Togo,TGO,1974,11.277775
Togo,TGO,1975,11.071401
Togo,TGO,1976,10.859242
Togo,TGO,1977,10.650027
Togo,TGO,1978,10.433132
Togo,TGO,1979,10.222154
Togo,TGO,1980,10.0172415
Togo,TGO,1981,9.825199
Togo,TGO,1982,9.6327095
Togo,TGO,1983,9.448818
Togo,TGO,1984,9.280179
Togo,TGO,1985,9.119565
Togo,TGO,1986,8.982138
Togo,TGO,1987,8.853023
Togo,TGO,1988,8.737241
Togo,TGO,1989,8.636458
Togo,TGO,1990,8.543818
Togo,TGO,1991,8.448078
Togo,TGO,1992,8.349021
Togo,TGO,1993,8.246984
Togo,TGO,1994,8.129706
Togo,TGO,1995,7.992979
Togo,TGO,1996,7.834815
Togo,TGO,1997,7.662132
Togo,TGO,1998,7.4744253
Togo,TGO,1999,7.2794137
Togo,TGO,2000,7.0761204
Togo,TGO,2001,6.8760085
Togo,TGO,2002,6.6706133
Togo,TGO,2003,6.4757223
Togo,TGO,2004,6.2875643
Togo,TGO,2005,6.108146
Togo,TGO,2006,5.936319
Togo,TGO,2007,5.771793
Togo,TGO,2008,5.6105633
Togo,TGO,2009,5.4527144
Togo,TGO,2010,5.29721
Togo,TGO,2011,5.140207
Togo,TGO,2012,4.9844527
Togo,TGO,2013,4.8281474
Togo,TGO,2014,4.681014
Togo,TGO,2015,4.535962
Togo,TGO,2016,4.398788
Togo,TGO,2017,4.2644563
Togo,TGO,2018,4.1370387
Togo,TGO,2019,4.0202947
Togo,TGO,2020,3.9109728
Togo,TGO,2021,3.8007953
Togo,TGO,2022,3.6969109
Togo,TGO,2023,3.5903976
Togo,TGO,2024,3.4826458
Tonga,TON,1963,6.219138
Tonga,TON,1964,5.8367543
Tonga,TON,1965,5.464889
Tonga,TON,1966,5.1293607
Tonga,TON,1967,4.7954025
Tonga,TON,1968,4.4822607
Tonga,TON,1969,4.1864862
Tonga,TON,1970,3.9219842
Tonga,TON,1971,3.683431
Tonga,TON,1972,3.4691362
Tonga,TON,1973,3.284755
Tonga,TON,1974,3.1160748
Tonga,TON,1975,2.9611459
Tonga,TON,1976,2.8258753
Tonga,TON,1977,2.696705
Tonga,TON,1978,2.585136
Tonga,TON,1979,2.4812894
Tonga,TON,1980,2.388649
Tonga,TON,1981,2.310308
Tonga,TON,1982,2.2419345
Tonga,TON,1983,2.1854553
Tonga,TON,1984,2.1314206
Tonga,TON,1985,2.0827694
Tonga,TON,1986,2.0345023
Tonga,TON,1987,1.9814262
Tonga,TON,1988,1.9250311
Tonga,TON,1989,1.8623767
Tonga,TON,1990,1.7978556
Tonga,TON,1991,1.7330734
Tonga,TON,1992,1.6726342
Tonga,TON,1993,1.6196814
Tonga,TON,1994,1.5736107
Tonga,TON,1995,1.5344541
Tonga,TON,1996,1.5014434
Tonga,TON,1997,1.4716696
Tonga,TON,1998,1.4432133
Tonga,TON,1999,1.4123034
Tonga,TON,2000,1.3794516
Tonga,TON,2001,1.3432484
Tonga,TON,2002,1.3056959
Tonga,TON,2003,1.269002
Tonga,TON,2004,1.2351248
Tonga,TON,2005,1.2022866
Tonga,TON,2006,1.1705706
Tonga,TON,2007,1.1410555
Tonga,TON,2008,1.113173
Tonga,TON,2009,1.0869262
Tonga,TON,2010,1.0627289
Tonga,TON,2011,1.040803
Tonga,TON,2012,1.0207835
Tonga,TON,2013,1.001935
Tonga,TON,2014,0.9823345
Tonga,TON,2015,0.96329695
Tonga,TON,2016,0.9428508
Tonga,TON,2017,0.9240515
Tonga,TON,2018,0.9056277
Tonga,TON,2019,0.8849525
Tonga,TON,2020,0.8655507
Tonga,TON,2021,0.84504026
Tonga,TON,2022,0.8219259
Tonga,TON,2023,0.7990221
Tonga,TON,2024,0.7774914
Trinidad and Tobago,TTO,1953,8.006337
Trinidad and Tobago,TTO,1954,7.7452717
Trinidad and Tobago,TTO,1955,7.485214
Trinidad and Tobago,TTO,1956,7.234395
Trinidad and Tobago,TTO,1957,6.98975
Trinidad and Tobago,TTO,1958,6.7561216
Trinidad and Tobago,TTO,1959,6.516995
Trinidad and Tobago,TTO,1960,6.2993255
Trinidad and Tobago,TTO,1961,6.092153
Trinidad and Tobago,TTO,1962,5.8979
Trinidad and Tobago,TTO,1963,5.7098885
Trinidad and Tobago,TTO,1964,5.538546
Trinidad and Tobago,TTO,1965,5.38342
Trinidad and Tobago,TTO,1966,5.243143
Trinidad and Tobago,TTO,1967,5.1119094
Trinidad and Tobago,TTO,1968,4.993296
Trinidad and Tobago,TTO,1969,4.8788943
Trinidad and Tobago,TTO,1970,4.772255
Trinidad and Tobago,TTO,1971,4.666107
Trinidad and Tobago,TTO,1972,4.558395
Trinidad and Tobago,TTO,1973,4.4517145
Trinidad and Tobago,TTO,1974,4.3410964
Trinidad and Tobago,TTO,1975,4.227701
Trinidad and Tobago,TTO,1976,4.114775
Trinidad and Tobago,TTO,1977,4.00107
Trinidad and Tobago,TTO,1978,3.8903146
Trinidad and Tobago,TTO,1979,3.7803948
Trinidad and Tobago,TTO,1980,3.673752
Trinidad and Tobago,TTO,1981,3.573669
Trinidad and Tobago,TTO,1982,3.4785857
Trinidad and Tobago,TTO,1983,3.3891926
Trinidad and Tobago,TTO,1984,3.3083227
Trinidad and Tobago,TTO,1985,3.2315528
Trinidad and Tobago,TTO,1986,3.1623588
Trinidad and Tobago,TTO,1987,3.1005945
Trinidad and Tobago,TTO,1988,3.041506
Trinidad and Tobago,TTO,1989,2.9887335
Trinidad and Tobago,TTO,1990,2.943287
Trinidad and Tobago,TTO,1991,2.9040208
Trinidad and Tobago,TTO,1992,2.864806
Trinidad and Tobago,TTO,1993,2.8319614
Trinidad and Tobago,TTO,1994,2.801333
Trinidad and Tobago,TTO,1995,2.7731383
Trinidad and Tobago,TTO,1996,2.7436981
Trinidad and Tobago,TTO,1997,2.7155027
Trinidad and Tobago,TTO,1998,2.68814
Trinidad and Tobago,TTO,1999,2.6578016
Trinidad and Tobago,TTO,2000,2.6250274
Trinidad and Tobago,TTO,2001,2.5921988
Trinidad and Tobago,TTO,2002,2.5589883
Trinidad and Tobago,TTO,2003,2.5211627
Trinidad and Tobago,TTO,2004,2.483696
Trinidad and Tobago,TTO,2005,2.4453247
Trinidad and Tobago,TTO,2006,2.405665
Trinidad and Tobago,TTO,2007,2.3661697
Trinidad and Tobago,TTO,2008,2.3280244
Trinidad and Tobago,TTO,2009,2.2915483
Trinidad and Tobago,TTO,2010,2.2494688
Trinidad and Tobago,TTO,2011,2.2087839
Trinidad and Tobago,TTO,2012,2.169322
Trinidad and Tobago,TTO,2013,2.1319566
Trinidad and Tobago,TTO,2014,2.0940306
Trinidad and Tobago,TTO,2015,2.0571625
Trinidad and Tobago,TTO,2016,2.0227282
Trinidad and Tobago,TTO,2017,1.987517
Trinidad and Tobago,TTO,2018,1.9520307
Trinidad and Tobago,TTO,2019,1.9161538
Trinidad and Tobago,TTO,2020,1.8830185
Trinidad and Tobago,TTO,2021,1.8427906
Trinidad and Tobago,TTO,2022,1.7986517
Trinidad and Tobago,TTO,2023,1.7519122
Trinidad and Tobago,TTO,2024,1.7023735
Tunisia,TUN,1962,16.252926
Tunisia,TUN,1963,15.60115
Tunisia,TUN,1964,14.960939
Tunisia,TUN,1965,14.318388
Tunisia,TUN,1966,13.688589
Tunisia,TUN,1967,13.047843
Tunisia,TUN,1968,12.436876
Tunisia,TUN,1969,11.838673
Tunisia,TUN,1970,11.260367
Tunisia,TUN,1971,10.707128
Tunisia,TUN,1972,10.164875
Tunisia,TUN,1973,9.621337
Tunisia,TUN,1974,9.073412
Tunisia,TUN,1975,8.526248
Tunisia,TUN,1976,7.9962664
Tunisia,TUN,1977,7.4748583
Tunisia,TUN,1978,6.9836116
Tunisia,TUN,1979,6.534862
Tunisia,TUN,1980,6.1325893
Tunisia,TUN,1981,5.7642307
Tunisia,TUN,1982,5.4328175
Tunisia,TUN,1983,5.130476
Tunisia,TUN,1984,4.854239
Tunisia,TUN,1985,4.600972
Tunisia,TUN,1986,4.3736057
Tunisia,TUN,1987,4.173025
Tunisia,TUN,1988,3.9975264
Tunisia,TUN,1989,3.8509865
Tunisia,TUN,1990,3.7213886
Tunisia,TUN,1991,3.605572
Tunisia,TUN,1992,3.487945
Tunisia,TUN,1993,3.3731375
Tunisia,TUN,1994,3.2497199
Tunisia,TUN,1995,3.1137123
Tunisia,TUN,1996,2.9687967
Tunisia,TUN,1997,2.8191702
Tunisia,TUN,1998,2.6703246
Tunisia,TUN,1999,2.5255096
Tunisia,TUN,2000,2.3907447
Tunisia,TUN,2001,2.2672725
Tunisia,TUN,2002,2.155629
Tunisia,TUN,2003,2.0547976
Tunisia,TUN,2004,1.9658926
Tunisia,TUN,2005,1.8884094
Tunisia,TUN,2006,1.8221053
Tunisia,TUN,2007,1.767767
Tunisia,TUN,2008,1.7243015
Tunisia,TUN,2009,1.691169
Tunisia,TUN,2010,1.6669616
Tunisia,TUN,2011,1.6499803
Tunisia,TUN,2012,1.6361704
Tunisia,TUN,2013,1.62514
Tunisia,TUN,2014,1.6146691
Tunisia,TUN,2015,1.6015707
Tunisia,TUN,2016,1.5834163
Tunisia,TUN,2017,1.5548799
Tunisia,TUN,2018,1.5087653
Tunisia,TUN,2019,1.4394256
Tunisia,TUN,2020,1.3499217
Tunisia,TUN,2021,1.2491114
Tunisia,TUN,2022,1.1459631
Tunisia,TUN,2023,1.0523107
Tunisia,TUN,2024,0.97496367
Turkey,TUR,1953,19.144743
Turkey,TUR,1954,19.051756
Turkey,TUR,1955,18.920288
Turkey,TUR,1956,18.807232
Turkey,TUR,1957,18.649788
Turkey,TUR,1958,18.427471
Turkey,TUR,1959,18.169975
Turkey,TUR,1960,17.830902
Turkey,TUR,1961,17.426878
Turkey,TUR,1962,16.995552
Turkey,TUR,1963,16.549334
Turkey,TUR,1964,16.117224
Turkey,TUR,1965,15.700779
Turkey,TUR,1966,15.331123
Turkey,TUR,1967,14.998006
Turkey,TUR,1968,14.696519
Turkey,TUR,1969,14.401534
Turkey,TUR,1970,14.102424
Turkey,TUR,1971,13.80748
Turkey,TUR,1972,13.492071
Turkey,TUR,1973,13.154244
Turkey,TUR,1974,12.798833
Turkey,TUR,1975,12.41598
Turkey,TUR,1976,12.02259
Turkey,TUR,1977,11.610755
Turkey,TUR,1978,11.192101
Turkey,TUR,1979,10.758117
Turkey,TUR,1980,10.3108015
Turkey,TUR,1981,9.853236
Turkey,TUR,1982,9.393733
Turkey,TUR,1983,8.929481
Turkey,TUR,1984,8.476855
Turkey,TUR,1985,8.037416
Turkey,TUR,1986,7.619369
Turkey,TUR,1987,7.2207627
Turkey,TUR,1988,6.830545
Turkey,TUR,1989,6.457515
Turkey,TUR,1990,6.087702
Turkey,TUR,1991,5.7294993
Turkey,TUR,1992,5.3804417
Turkey,TUR,1993,5.0437155
Turkey,TUR,1994,4.7198925
Turkey,TUR,1995,4.409479
Turkey,TUR,1996,4.1165957
Turkey,TUR,1997,3.834196
Turkey,TUR,1998,3.5622516
Turkey,TUR,1999,3.3099437
Turkey,TUR,2000,3.0709903
Turkey,TUR,2001,2.8471172
Turkey,TUR,2002,2.635078
Turkey,TUR,2003,2.4371927
Turkey,TUR,2004,2.2546802
Turkey,TUR,2005,2.08593
Turkey,TUR,2006,1.9322625
Turkey,TUR,2007,1.7930394
Turkey,TUR,2008,1.667061
Turkey,TUR,2009,1.5532496
Turkey,TUR,2010,1.4518265
Turkey,TUR,2011,1.3622618
Turkey,TUR,2012,1.2821485
Turkey,TUR,2013,1.2132301
Turkey,TUR,2014,1.1515878
Turkey,TUR,2015,1.096947
Turkey,TUR,2016,1.0489532
Turkey,TUR,2017,1.0059727
Turkey,TUR,2018,0.96830404
Turkey,TUR,2019,0.9352526
Turkey,TUR,2020,0.9054604
Turkey,TUR,2021,0.87784004
Turkey,TUR,2022,0.85159373
Turkey,TUR,2023,0.98011965
Turkey,TUR,2024,0.80337363
Turkmenistan,TKM,1977,11.893735
Turkmenistan,TKM,1978,11.444808
Turkmenistan,TKM,1979,10.995177
Turkmenistan,TKM,1980,10.554195
Turkmenistan,TKM,1981,10.116706
Turkmenistan,TKM,1982,9.657052
Turkmenistan,TKM,1983,9.204816
Turkmenistan,TKM,1984,8.76203
Turkmenistan,TKM,1985,8.334404
Turkmenistan,TKM,1986,7.9285336
Turkmenistan,TKM,1987,7.5658097
Turkmenistan,TKM,1988,7.2527056
Turkmenistan,TKM,1989,6.996467
Turkmenistan,TKM,1990,6.806701
Turkmenistan,TKM,1991,6.7178407
Turkmenistan,TKM,1992,6.686299
Turkmenistan,TKM,1993,6.688704
Turkmenistan,TKM,1994,6.700938
Turkmenistan,TKM,1995,6.6782494
Turkmenistan,TKM,1996,6.623015
Turkmenistan,TKM,1997,6.4875565
Turkmenistan,TKM,1998,6.294551
Turkmenistan,TKM,1999,6.0419025
Turkmenistan,TKM,2000,5.7523084
Turkmenistan,TKM,2001,5.445899
Turkmenistan,TKM,2002,5.1327386
Turkmenistan,TKM,2003,4.8399224
Turkmenistan,TKM,2004,4.558715
Turkmenistan,TKM,2005,4.3035293
Turkmenistan,TKM,2006,4.085264
Turkmenistan,TKM,2007,3.899665
Turkmenistan,TKM,2008,3.7494173
Turkmenistan,TKM,2009,3.625048
Turkmenistan,TKM,2010,3.5303717
Turkmenistan,TKM,2011,3.4666042
Turkmenistan,TKM,2012,3.4166873
Turkmenistan,TKM,2013,3.392298
Turkmenistan,TKM,2014,3.3875303
Turkmenistan,TKM,2015,3.3927507
Turkmenistan,TKM,2016,3.4108336
Turkmenistan,TKM,2017,3.4209406
Turkmenistan,TKM,2018,3.4147103
Turkmenistan,TKM,2019,3.3871913
Turkmenistan,TKM,2020,3.3357093
Turkmenistan,TKM,2021,3.2729185
Turkmenistan,TKM,2022,3.20257
Turkmenistan,TKM,2023,3.13048
Turkmenistan,TKM,2024,3.0446637
Turks and Caicos Islands,TCA,1966,7.5005293
Turks and Caicos Islands,TCA,1967,6.9702816
Turks and Caicos Islands,TCA,1968,6.491886
Turks and Caicos Islands,TCA,1969,6.0476127
Turks and Caicos Islands,TCA,1970,5.6369987
Turks and Caicos Islands,TCA,1971,5.258671
Turks and Caicos Islands,TCA,1972,4.9039636
Turks and Caicos Islands,TCA,1973,4.5758724
Turks and Caicos Islands,TCA,1974,4.271564
Turks and Caicos Islands,TCA,1975,3.9908261
Turks and Caicos Islands,TCA,1976,3.7354872
Turks and Caicos Islands,TCA,1977,3.4968982
Turks and Caicos Islands,TCA,1978,3.2716672
Turks and Caicos Islands,TCA,1979,3.0666475
Turks and Caicos Islands,TCA,1980,2.876643
Turks and Caicos Islands,TCA,1981,2.6936135
Turks and Caicos Islands,TCA,1982,2.5282502
Turks and Caicos Islands,TCA,1983,2.3781512
Turks and Caicos Islands,TCA,1984,2.236668
Turks and Caicos Islands,TCA,1985,2.0976388
Turks and Caicos Islands,TCA,1986,1.9731935
Turks and Caicos Islands,TCA,1987,1.8525757
Turks and Caicos Islands,TCA,1988,1.7403748
Turks and Caicos Islands,TCA,1989,1.6362777
Turks and Caicos Islands,TCA,1990,1.5374362
Turks and Caicos Islands,TCA,1991,1.4458494
Turks and Caicos Islands,TCA,1992,1.3580469
Turks and Caicos Islands,TCA,1993,1.2765101
Turks and Caicos Islands,TCA,1994,1.1996392
Turks and Caicos Islands,TCA,1995,1.125328
Turks and Caicos Islands,TCA,1996,1.0548729
Turks and Caicos Islands,TCA,1997,0.9894668
Turks and Caicos Islands,TCA,1998,0.92895645
Turks and Caicos Islands,TCA,1999,0.8722257
Turks and Caicos Islands,TCA,2000,0.81748176
Turks and Caicos Islands,TCA,2001,0.76784
Turks and Caicos Islands,TCA,2002,0.72096825
Turks and Caicos Islands,TCA,2003,0.67794424
Turks and Caicos Islands,TCA,2004,0.63921046
Turks and Caicos Islands,TCA,2005,0.6049104
Turks and Caicos Islands,TCA,2006,0.57534105
Turks and Caicos Islands,TCA,2007,0.5480712
Turks and Caicos Islands,TCA,2008,0.52377284
Turks and Caicos Islands,TCA,2009,0.5020408
Turks and Caicos Islands,TCA,2010,0.4834885
Turks and Caicos Islands,TCA,2011,0.46490702
Turks and Caicos Islands,TCA,2012,0.44902256
Turks and Caicos Islands,TCA,2013,0.4337126
Turks and Caicos Islands,TCA,2014,0.4192671
Turks and Caicos Islands,TCA,2015,0.40625256
Turks and Caicos Islands,TCA,2016,0.39207804
Turks and Caicos Islands,TCA,2017,0.37908295
Turks and Caicos Islands,TCA,2018,0.36613676
Turks and Caicos Islands,TCA,2019,0.35518947
Turks and Caicos Islands,TCA,2020,0.34398967
Turks and Caicos Islands,TCA,2021,0.33352304
Turks and Caicos Islands,TCA,2022,0.32283255
Turks and Caicos Islands,TCA,2023,0.31386378
Turks and Caicos Islands,TCA,2024,0.3047983
Tuvalu,TUV,1954,16.949402
Tuvalu,TUV,1955,16.329693
Tuvalu,TUV,1956,15.722286
Tuvalu,TUV,1957,15.173119
Tuvalu,TUV,1958,14.635577
Tuvalu,TUV,1959,14.119756
Tuvalu,TUV,1960,13.613099
Tuvalu,TUV,1961,13.1108885
Tuvalu,TUV,1962,12.60086
Tuvalu,TUV,1963,12.112258
Tuvalu,TUV,1964,11.612677
Tuvalu,TUV,1965,11.129751
Tuvalu,TUV,1966,10.647719
Tuvalu,TUV,1967,10.179773
Tuvalu,TUV,1968,9.726607
Tuvalu,TUV,1969,9.278677
Tuvalu,TUV,1970,8.823241
Tuvalu,TUV,1971,8.38461
Tuvalu,TUV,1972,7.9477944
Tuvalu,TUV,1973,7.5114775
Tuvalu,TUV,1974,7.0892115
Tuvalu,TUV,1975,6.7030277
Tuvalu,TUV,1976,6.349685
Tuvalu,TUV,1977,6.0369196
Tuvalu,TUV,1978,5.7574115
Tuvalu,TUV,1979,5.5163717
Tuvalu,TUV,1980,5.307252
Tuvalu,TUV,1981,5.129019
Tuvalu,TUV,1982,4.972915
Tuvalu,TUV,1983,4.8492646
Tuvalu,TUV,1984,4.756551
Tuvalu,TUV,1985,4.6830883
Tuvalu,TUV,1986,4.632781
Tuvalu,TUV,1987,4.597376
Tuvalu,TUV,1988,4.563456
Tuvalu,TUV,1989,4.536147
Tuvalu,TUV,1990,4.4986887
Tuvalu,TUV,1991,4.4591327
Tuvalu,TUV,1992,4.406645
Tuvalu,TUV,1993,4.342919
Tuvalu,TUV,1994,4.2661605
Tuvalu,TUV,1995,4.1727667
Tuvalu,TUV,1996,4.06724
Tuvalu,TUV,1997,3.9509978
Tuvalu,TUV,1998,3.8325675
Tuvalu,TUV,1999,3.7169354
Tuvalu,TUV,2000,3.612887
Tuvalu,TUV,2001,3.5264177
Tuvalu,TUV,2002,3.452633
Tuvalu,TUV,2003,3.3827207
Tuvalu,TUV,2004,3.30983
Tuvalu,TUV,2005,3.2290382
Tuvalu,TUV,2006,3.1328845
Tuvalu,TUV,2007,3.0202487
Tuvalu,TUV,2008,2.9025757
Tuvalu,TUV,2009,2.7852664
Tuvalu,TUV,2010,2.6733403
Tuvalu,TUV,2011,2.567907
Tuvalu,TUV,2012,2.469302
Tuvalu,TUV,2013,2.3817933
Tuvalu,TUV,2014,2.2963746
Tuvalu,TUV,2015,2.2190752
Tuvalu,TUV,2016,2.145853
Tuvalu,TUV,2017,2.0751305
Tuvalu,TUV,2018,2.0087204
Tuvalu,TUV,2019,1.9421116
Tuvalu,TUV,2020,1.8731177
Tuvalu,TUV,2021,1.815614
Tuvalu,TUV,2022,1.7591516
Tuvalu,TUV,2023,1.7022922
Tuvalu,TUV,2024,1.6504649
Uganda,UGA,1953,14.202855
Uganda,UGA,1954,13.934614
Uganda,UGA,1955,13.692797
Uganda,UGA,1956,13.420605
Uganda,UGA,1957,13.153228
Uganda,UGA,1958,12.918156
Uganda,UGA,1959,12.681629
Uganda,UGA,1960,12.459783
Uganda,UGA,1961,12.269608
Uganda,UGA,1962,12.068325
Uganda,UGA,1963,11.905044
Uganda,UGA,1964,11.752344
Uganda,UGA,1965,11.589495
Uganda,UGA,1966,11.426673
Uganda,UGA,1967,11.265305
Uganda,UGA,1968,11.127528
Uganda,UGA,1969,11.006869
Uganda,UGA,1970,10.942087
Uganda,UGA,1971,10.938451
Uganda,UGA,1972,10.997766
Uganda,UGA,1973,11.137105
Uganda,UGA,1974,11.3326
Uganda,UGA,1975,11.583231
Uganda,UGA,1976,11.876541
Uganda,UGA,1977,12.170835
Uganda,UGA,1978,12.430385
Uganda,UGA,1979,12.607178
Uganda,UGA,1980,12.7714615
Uganda,UGA,1981,12.737279
Uganda,UGA,1982,12.57864
Uganda,UGA,1983,12.310491
Uganda,UGA,1984,11.973119
Uganda,UGA,1985,11.658627
Uganda,UGA,1986,11.417002
Uganda,UGA,1987,11.220472
Uganda,UGA,1988,11.050112
Uganda,UGA,1989,10.91726
Uganda,UGA,1990,10.707937
Uganda,UGA,1991,10.483379
Uganda,UGA,1992,10.263388
Uganda,UGA,1993,10.066304
Uganda,UGA,1994,9.916959
Uganda,UGA,1995,9.808544
Uganda,UGA,1996,9.732464
Uganda,UGA,1997,9.640036
Uganda,UGA,1998,9.480276
Uganda,UGA,1999,9.242171
Uganda,UGA,2000,8.925244
Uganda,UGA,2001,8.546571
Uganda,UGA,2002,8.121572
Uganda,UGA,2003,7.658849
Uganda,UGA,2004,7.1865616
Uganda,UGA,2005,6.728514
Uganda,UGA,2006,6.300539
Uganda,UGA,2007,5.893171
Uganda,UGA,2008,5.5342865
Uganda,UGA,2009,5.27415
Uganda,UGA,2010,4.989911
Uganda,UGA,2011,4.6976724
Uganda,UGA,2012,4.4448056
Uganda,UGA,2013,4.2944283
Uganda,UGA,2014,4.1586046
Uganda,UGA,2015,4.033518
Uganda,UGA,2016,3.9107711
Uganda,UGA,2017,3.812641
Uganda,UGA,2018,3.7330866
Uganda,UGA,2019,3.6900473
Uganda,UGA,2020,3.6627007
Uganda,UGA,2021,3.6378489
Uganda,UGA,2022,3.6476505
Uganda,UGA,2023,3.6185951
Uganda,UGA,2024,3.594605
Ukraine,UKR,1971,2.9371557
Ukraine,UKR,1972,2.8530898
Ukraine,UKR,1973,2.7821538
Ukraine,UKR,1974,2.712486
Ukraine,UKR,1975,2.6547594
Ukraine,UKR,1976,2.6120818
Ukraine,UKR,1977,2.569704
Ukraine,UKR,1978,2.5306442
Ukraine,UKR,1979,2.4847028
Ukraine,UKR,1980,2.429359
Ukraine,UKR,1981,2.3669221
Ukraine,UKR,1982,2.2971287
Ukraine,UKR,1983,2.2234771
Ukraine,UKR,1984,2.1443167
Ukraine,UKR,1985,2.0687923
Ukraine,UKR,1986,1.9921001
Ukraine,UKR,1987,1.9294934
Ukraine,UKR,1988,1.8795671
Ukraine,UKR,1989,1.8467386
Ukraine,UKR,1990,1.8325061
Ukraine,UKR,1991,1.8381732
Ukraine,UKR,1992,1.8560661
Ukraine,UKR,1993,1.8850064
Ukraine,UKR,1994,1.914101
Ukraine,UKR,1995,1.9350948
Ukraine,UKR,1996,1.9388231
Ukraine,UKR,1997,1.9208763
Ukraine,UKR,1998,1.8835667
Ukraine,UKR,1999,1.8280379
Ukraine,UKR,2000,1.7586604
Ukraine,UKR,2001,1.6829259
Ukraine,UKR,2002,1.6061225
Ukraine,UKR,2003,1.5346619
Ukraine,UKR,2004,1.468587
Ukraine,UKR,2005,1.4101381
Ukraine,UKR,2006,1.3578496
Ukraine,UKR,2007,1.3066834
Ukraine,UKR,2008,1.2529045
Ukraine,UKR,2009,1.196658
Ukraine,UKR,2010,1.1413944
Ukraine,UKR,2011,1.0882138
Ukraine,UKR,2012,1.0391641
Ukraine,UKR,2013,0.9952731
Ukraine,UKR,2014,0.95631915
Ukraine,UKR,2015,0.922543
Ukraine,UKR,2016,0.8933949
Ukraine,UKR,2017,0.86906236
Ukraine,UKR,2018,0.8483733
Ukraine,UKR,2019,0.8310121
Ukraine,UKR,2020,0.81647915
Ukraine,UKR,2021,0.8036381
Ukraine,UKR,2022,0.79714066
Ukraine,UKR,2023,0.77885646
Ukraine,UKR,2024,0.762588
United Arab Emirates,ARE,1960,14.628687
United Arab Emirates,ARE,1961,13.921801
United Arab Emirates,ARE,1962,13.220296
United Arab Emirates,ARE,1963,12.497444
United Arab Emirates,ARE,1964,11.751671
United Arab Emirates,ARE,1965,10.98882
United Arab Emirates,ARE,1966,10.222927
United Arab Emirates,ARE,1967,9.467248
United Arab Emirates,ARE,1968,8.718007
United Arab Emirates,ARE,1969,7.9895816
United Arab Emirates,ARE,1970,7.2889295
United Arab Emirates,ARE,1971,6.6208053
United Arab Emirates,ARE,1972,6.0086775
United Arab Emirates,ARE,1973,5.446991
United Arab Emirates,ARE,1974,4.9296913
United Arab Emirates,ARE,1975,4.4576125
United Arab Emirates,ARE,1976,4.021612
United Arab Emirates,ARE,1977,3.6202316
United Arab Emirates,ARE,1978,3.254248
United Arab Emirates,ARE,1979,2.9207587
United Arab Emirates,ARE,1980,2.62541
United Arab Emirates,ARE,1981,2.3684914
United Arab Emirates,ARE,1982,2.145269
United Arab Emirates,ARE,1983,1.9533991
United Arab Emirates,ARE,1984,1.7907983
United Arab Emirates,ARE,1985,1.6502935
United Arab Emirates,ARE,1986,1.52857
United Arab Emirates,ARE,1987,1.4230485
United Arab Emirates,ARE,1988,1.3304912
United Arab Emirates,ARE,1989,1.2503499
United Arab Emirates,ARE,1990,1.1795367
United Arab Emirates,ARE,1991,1.1188508
United Arab Emirates,ARE,1992,1.0663465
United Arab Emirates,ARE,1993,1.0212816
United Arab Emirates,ARE,1994,0.983613
United Arab Emirates,ARE,1995,0.95093286
United Arab Emirates,ARE,1996,0.9236652
United Arab Emirates,ARE,1997,0.9006536
United Arab Emirates,ARE,1998,0.88057077
United Arab Emirates,ARE,1999,0.86279124
United Arab Emirates,ARE,2000,0.8470511
United Arab Emirates,ARE,2001,0.8321889
United Arab Emirates,ARE,2002,0.8172823
United Arab Emirates,ARE,2003,0.8031312
United Arab Emirates,ARE,2004,0.788756
United Arab Emirates,ARE,2005,0.77450156
United Arab Emirates,ARE,2006,0.7598886
United Arab Emirates,ARE,2007,0.74496126
United Arab Emirates,ARE,2008,0.73005533
United Arab Emirates,ARE,2009,0.71488184
United Arab Emirates,ARE,2010,0.6993766
United Arab Emirates,ARE,2011,0.68329364
United Arab Emirates,ARE,2012,0.6666581
United Arab Emirates,ARE,2013,0.64896274
United Arab Emirates,ARE,2014,0.6291325
United Arab Emirates,ARE,2015,0.60717374
United Arab Emirates,ARE,2016,0.58256924
United Arab Emirates,ARE,2017,0.5556235
United Arab Emirates,ARE,2018,0.52750415
United Arab Emirates,ARE,2019,0.49895203
United Arab Emirates,ARE,2020,0.47068316
United Arab Emirates,ARE,2021,0.4437588
United Arab Emirates,ARE,2022,0.41908714
United Arab Emirates,ARE,2023,0.39740402
United Arab Emirates,ARE,2024,0.37814286
United Kingdom,GBR,1949,3.2789774
United Kingdom,GBR,1950,3.1471543
United Kingdom,GBR,1951,3.017832
United Kingdom,GBR,1952,2.8899984
United Kingdom,GBR,1953,2.7656496
United Kingdom,GBR,1954,2.6511393
United Kingdom,GBR,1955,2.5543578
United Kingdom,GBR,1956,2.4752343
United Kingdom,GBR,1957,2.412622
United Kingdom,GBR,1958,2.3645003
United Kingdom,GBR,1959,2.325968
United Kingdom,GBR,1960,2.2919836
United Kingdom,GBR,1961,2.2547147
United Kingdom,GBR,1962,2.2080915
United Kingdom,GBR,1963,2.149203
United Kingdom,GBR,1964,2.0844753
United Kingdom,GBR,1965,2.0201774
United Kingdom,GBR,1966,1.9621881
United Kingdom,GBR,1967,1.9142972
United Kingdom,GBR,1968,1.8766168
United Kingdom,GBR,1969,1.8435729
United Kingdom,GBR,1970,1.8092308
United Kingdom,GBR,1971,1.7693386
United Kingdom,GBR,1972,1.7224876
United Kingdom,GBR,1973,1.6673639
United Kingdom,GBR,1974,1.6069924
United Kingdom,GBR,1975,1.5422441
United Kingdom,GBR,1976,1.4751253
United Kingdom,GBR,1977,1.4081811
United Kingdom,GBR,1978,1.3414876
United Kingdom,GBR,1979,1.2743534
United Kingdom,GBR,1980,1.2062646
United Kingdom,GBR,1981,1.1405313
United Kingdom,GBR,1982,1.0822443
United Kingdom,GBR,1983,1.0340389
United Kingdom,GBR,1984,0.995155
United Kingdom,GBR,1985,0.9654889
United Kingdom,GBR,1986,0.9402007
United Kingdom,GBR,1987,0.9122663
United Kingdom,GBR,1988,0.8776432
United Kingdom,GBR,1989,0.83518744
United Kingdom,GBR,1990,0.78584117
United Kingdom,GBR,1991,0.7347995
United Kingdom,GBR,1992,0.6894876
United Kingdom,GBR,1993,0.6532742
United Kingdom,GBR,1994,0.6256477
United Kingdom,GBR,1995,0.6062317
United Kingdom,GBR,1996,0.5925853
United Kingdom,GBR,1997,0.581819
United Kingdom,GBR,1998,0.57216716
United Kingdom,GBR,1999,0.56303877
United Kingdom,GBR,2000,0.5545386
United Kingdom,GBR,2001,0.5463808
United Kingdom,GBR,2002,0.53853357
United Kingdom,GBR,2003,0.5307864
United Kingdom,GBR,2004,0.5228381
United Kingdom,GBR,2005,0.5139085
United Kingdom,GBR,2006,0.50362384
United Kingdom,GBR,2007,0.49119943
United Kingdom,GBR,2008,0.47656894
United Kingdom,GBR,2009,0.46050724
United Kingdom,GBR,2010,0.4435738
United Kingdom,GBR,2011,0.42721096
United Kingdom,GBR,2012,0.41267526
United Kingdom,GBR,2013,0.40092275
United Kingdom,GBR,2014,0.39208767
United Kingdom,GBR,2015,0.38639954
United Kingdom,GBR,2016,0.3831586
United Kingdom,GBR,2017,0.38153294
United Kingdom,GBR,2018,0.3810315
United Kingdom,GBR,2019,0.38206825
United Kingdom,GBR,2020,0.38507187
United Kingdom,GBR,2021,0.3903153
United Kingdom,GBR,2022,0.39762187
United Kingdom,GBR,2023,0.40614223
United Kingdom,GBR,2024,0.41342378
United States,USA,1949,3.322985
United States,USA,1950,3.2349663
United States,USA,1951,3.1497824
United States,USA,1952,3.06607
United States,USA,1953,2.985581
United States,USA,1954,2.910725
United States,USA,1955,2.8443182
United States,USA,1956,2.7862828
United States,USA,1957,2.7347715
United States,USA,1958,2.6873984
United States,USA,1959,2.641439
United States,USA,1960,2.594464
United States,USA,1961,2.545967
United States,USA,1962,2.496102
United States,USA,1963,2.4448712
United States,USA,1964,2.391378
United States,USA,1965,2.3346937
United States,USA,1966,2.2740974
United States,USA,1967,2.209629
United States,USA,1968,2.141333
United States,USA,1969,2.06869
United States,USA,1970,1.9925433
United States,USA,1971,1.9136546
United States,USA,1972,1.8335906
United States,USA,1973,1.7528187
United States,USA,1974,1.672717
United States,USA,1975,1.5935987
United States,USA,1976,1.5173672
United States,USA,1977,1.4447933
United States,USA,1978,1.3771988
United States,USA,1979,1.3149155
United States,USA,1980,1.258017
United States,USA,1981,1.2066805
United States,USA,1982,1.1612678
United States,USA,1983,1.1225128
United States,USA,1984,1.0895216
United States,USA,1985,1.0613217
United States,USA,1986,1.0367541
United States,USA,1987,1.013819
United States,USA,1988,0.9905764
United States,USA,1989,0.9655259
United States,USA,1990,0.93773055
United States,USA,1991,0.907862
United States,USA,1992,0.87697303
United States,USA,1993,0.8464501
United States,USA,1994,0.81762534
United States,USA,1995,0.7917429
United States,USA,1996,0.76911813
United States,USA,1997,0.7500954
United States,USA,1998,0.73477167
United States,USA,1999,0.7222412
United States,USA,2000,0.7118152
United States,USA,2001,0.70319957
United States,USA,2002,0.69604045
United States,USA,2003,0.6896943
United States,USA,2004,0.6834143
United States,USA,2005,0.6764872
United States,USA,2006,0.66829073
United States,USA,2007,0.65866095
United States,USA,2008,0.64746064
United States,USA,2009,0.6353519
United States,USA,2010,0.6232069
United States,USA,2011,0.6114424
United States,USA,2012,0.60090363
United States,USA,2013,0.59167576
United States,USA,2014,0.5834352
United States,USA,2015,0.5759007
United States,USA,2016,0.5689228
United States,USA,2017,0.56248945
United States,USA,2018,0.5567359
United States,USA,2019,0.55237895
United States,USA,2020,0.5498038
United States,USA,2021,0.5489055
United States,USA,2022,0.5490754
United States,USA,2023,0.5493572
United States,USA,2024,0.5482171
Upper-middle-income countries,OWID_UMC,1970,8.824873
Upper-middle-income countries,OWID_UMC,1971,8.480421
Upper-middle-income countries,OWID_UMC,1972,8.243547
Upper-middle-income countries,OWID_UMC,1973,7.915627
Upper-middle-income countries,OWID_UMC,1974,7.622256
Upper-middle-income countries,OWID_UMC,1975,7.30688
Upper-middle-income countries,OWID_UMC,1976,7.039985
Upper-middle-income countries,OWID_UMC,1977,6.844734
Upper-middle-income countries,OWID_UMC,1978,6.5979953
Upper-middle-income countries,OWID_UMC,1979,6.3242054
Upper-middle-income countries,OWID_UMC,1980,6.0595603
Upper-middle-income countries,OWID_UMC,1981,5.8095098
Upper-middle-income countries,OWID_UMC,1982,5.570592
Upper-middle-income countries,OWID_UMC,1983,5.389456
Upper-middle-income countries,OWID_UMC,1984,5.226879
Upper-middle-income countries,OWID_UMC,1985,5.0500865
Upper-middle-income countries,OWID_UMC,1986,4.9003534
Upper-middle-income countries,OWID_UMC,1987,4.772354
Upper-middle-income countries,OWID_UMC,1988,4.681668
Upper-middle-income countries,OWID_UMC,1989,4.5879736
Upper-middle-income countries,OWID_UMC,1990,4.4793134
Upper-middle-income countries,OWID_UMC,1991,4.3613772
Upper-middle-income countries,OWID_UMC,1992,4.2287335
Upper-middle-income countries,OWID_UMC,1993,4.088873
Upper-middle-income countries,OWID_UMC,1994,3.938836
Upper-middle-income countries,OWID_UMC,1995,3.785006
Upper-middle-income countries,OWID_UMC,1996,3.6311798
Upper-middle-income countries,OWID_UMC,1997,3.4748561
Upper-middle-income countries,OWID_UMC,1998,3.3170145
Upper-middle-income countries,OWID_UMC,1999,3.159412
Upper-middle-income countries,OWID_UMC,2000,2.9993577
Upper-middle-income countries,OWID_UMC,2001,2.8410194
Upper-middle-income countries,OWID_UMC,2002,2.6866224
Upper-middle-income countries,OWID_UMC,2003,2.538899
Upper-middle-income countries,OWID_UMC,2004,2.4287522
Upper-middle-income countries,OWID_UMC,2005,2.2700975
Upper-middle-income countries,OWID_UMC,2006,2.147625
Upper-middle-income countries,OWID_UMC,2007,2.0318882
Upper-middle-income countries,OWID_UMC,2008,1.9204084
Upper-middle-income countries,OWID_UMC,2009,1.8211033
Upper-middle-income countries,OWID_UMC,2010,1.7289808
Upper-middle-income countries,OWID_UMC,2011,1.6535566
Upper-middle-income countries,OWID_UMC,2012,1.5740664
Upper-middle-income countries,OWID_UMC,2013,1.5027128
Upper-middle-income countries,OWID_UMC,2014,1.4397364
Upper-middle-income countries,OWID_UMC,2015,1.3833201
Upper-middle-income countries,OWID_UMC,2016,1.335164
Upper-middle-income countries,OWID_UMC,2017,1.268839
Upper-middle-income countries,OWID_UMC,2018,1.2392415
Upper-middle-income countries,OWID_UMC,2019,1.2206302
Upper-middle-income countries,OWID_UMC,2020,1.2077512
Upper-middle-income countries,OWID_UMC,2021,1.2054131
Upper-middle-income countries,OWID_UMC,2022,1.1930231
Upper-middle-income countries,OWID_UMC,2023,1.1835465
Upper-middle-income countries,OWID_UMC,2024,1.1484964
Uruguay,URY,1949,5.5789485
Uruguay,URY,1950,5.4898553
Uruguay,URY,1951,5.4160957
Uruguay,URY,1952,5.36358
Uruguay,URY,1953,5.338893
Uruguay,URY,1954,5.354483
Uruguay,URY,1955,5.418675
Uruguay,URY,1956,5.51427
Uruguay,URY,1957,5.6164494
Uruguay,URY,1958,5.6959934
Uruguay,URY,1959,5.722644
Uruguay,URY,1960,5.66827
Uruguay,URY,1961,5.554853
Uruguay,URY,1962,5.4294367
Uruguay,URY,1963,5.320636
Uruguay,URY,1964,5.241412
Uruguay,URY,1965,5.1978517
Uruguay,URY,1966,5.171705
Uruguay,URY,1967,5.1342854
Uruguay,URY,1968,5.067944
Uruguay,URY,1969,4.9802227
Uruguay,URY,1970,4.8831635
Uruguay,URY,1971,4.808412
Uruguay,URY,1972,4.797398
Uruguay,URY,1973,4.8586082
Uruguay,URY,1974,4.93034
Uruguay,URY,1975,4.946116
Uruguay,URY,1976,4.863943
Uruguay,URY,1977,4.6571064
Uruguay,URY,1978,4.3359
Uruguay,URY,1979,3.951806
Uruguay,URY,1980,3.5571198
Uruguay,URY,1981,3.2057917
Uruguay,URY,1982,2.938169
Uruguay,URY,1983,2.758727
Uruguay,URY,1984,2.6291513
Uruguay,URY,1985,2.5192235
Uruguay,URY,1986,2.4146726
Uruguay,URY,1987,2.3129807
Uruguay,URY,1988,2.2150578
Uruguay,URY,1989,2.1325638
Uruguay,URY,1990,2.0745006
Uruguay,URY,1991,2.0356119
Uruguay,URY,1992,2.0036063
Uruguay,URY,1993,1.9680564
Uruguay,URY,1994,1.9203526
Uruguay,URY,1995,1.8541213
Uruguay,URY,1996,1.7722644
Uruguay,URY,1997,1.6838537
Uruguay,URY,1998,1.5981668
Uruguay,URY,1999,1.5249999
Uruguay,URY,2000,1.4714539
Uruguay,URY,2001,1.4329445
Uruguay,URY,2002,1.3983715
Uruguay,URY,2003,1.3586497
Uruguay,URY,2004,1.3079286
Uruguay,URY,2005,1.2421665
Uruguay,URY,2006,1.167072
Uruguay,URY,2007,1.0918564
Uruguay,URY,2008,1.023273
Uruguay,URY,2009,0.9656799
Uruguay,URY,2010,0.9209194
Uruguay,URY,2011,0.8854778
Uruguay,URY,2012,0.85401165
Uruguay,URY,2013,0.82235414
Uruguay,URY,2014,0.788065
Uruguay,URY,2015,0.7506905
Uruguay,URY,2016,0.71268934
Uruguay,URY,2017,0.6772986
Uruguay,URY,2018,0.6472825
Uruguay,URY,2019,0.6249937
Uruguay,URY,2020,0.61209965
Uruguay,URY,2021,0.60735524
Uruguay,URY,2022,0.60875636
Uruguay,URY,2023,0.6128287
Uruguay,URY,2024,0.61658
Uzbekistan,UZB,1979,10.128965
Uzbekistan,UZB,1980,9.4980545
Uzbekistan,UZB,1981,8.910253
Uzbekistan,UZB,1982,8.3615465
Uzbekistan,UZB,1983,7.860753
Uzbekistan,UZB,1984,7.4193516
Uzbekistan,UZB,1985,7.0254703
Uzbekistan,UZB,1986,6.689785
Uzbekistan,UZB,1987,6.417603
Uzbekistan,UZB,1988,6.2105446
Uzbekistan,UZB,1989,6.078576
Uzbekistan,UZB,1990,6.018969
Uzbekistan,UZB,1991,6.0161357
Uzbekistan,UZB,1992,6.04788
Uzbekistan,UZB,1993,6.080876
Uzbekistan,UZB,1994,6.080781
Uzbekistan,UZB,1995,6.0537233
Uzbekistan,UZB,1996,6.005539
Uzbekistan,UZB,1997,5.9339304
Uzbekistan,UZB,1998,5.8239813
Uzbekistan,UZB,1999,5.667547
Uzbekistan,UZB,2000,5.478699
Uzbekistan,UZB,2001,5.256735
Uzbekistan,UZB,2002,5.001748
Uzbekistan,UZB,2003,4.729545
Uzbekistan,UZB,2004,4.4404764
Uzbekistan,UZB,2005,4.1440244
Uzbekistan,UZB,2006,3.8520856
Uzbekistan,UZB,2007,3.5660517
Uzbekistan,UZB,2008,3.2876313
Uzbekistan,UZB,2009,3.0224524
Uzbekistan,UZB,2010,2.7774842
Uzbekistan,UZB,2011,2.5522926
Uzbekistan,UZB,2012,2.3438501
Uzbekistan,UZB,2013,2.1594486
Uzbekistan,UZB,2014,1.9983422
Uzbekistan,UZB,2015,1.8577118
Uzbekistan,UZB,2016,1.7379178
Uzbekistan,UZB,2017,1.6386538
Uzbekistan,UZB,2018,1.5570757
Uzbekistan,UZB,2019,1.4911633
Uzbekistan,UZB,2020,1.4369133
Uzbekistan,UZB,2021,1.3912581
Uzbekistan,UZB,2022,1.3495585
Uzbekistan,UZB,2023,1.3113852
Uzbekistan,UZB,2024,1.2763993
Vanuatu,VUT,1952,12.870047
Vanuatu,VUT,1953,12.688238
Vanuatu,VUT,1954,12.515089
Vanuatu,VUT,1955,12.323025
Vanuatu,VUT,1956,12.131197
Vanuatu,VUT,1957,11.937813
Vanuatu,VUT,1958,11.73772
Vanuatu,VUT,1959,11.513229
Vanuatu,VUT,1960,11.286375
Vanuatu,VUT,1961,11.03737
Vanuatu,VUT,1962,10.767809
Vanuatu,VUT,1963,10.482219
Vanuatu,VUT,1964,10.182324
Vanuatu,VUT,1965,9.863865
Vanuatu,VUT,1966,9.522644
Vanuatu,VUT,1967,9.199257
Vanuatu,VUT,1968,8.8548
Vanuatu,VUT,1969,8.517097
Vanuatu,VUT,1970,8.193034
Vanuatu,VUT,1971,7.8779655
Vanuatu,VUT,1972,7.570971
Vanuatu,VUT,1973,7.2778873
Vanuatu,VUT,1974,7.0053577
Vanuatu,VUT,1975,6.738999
Vanuatu,VUT,1976,6.469829
Vanuatu,VUT,1977,6.1850867
Vanuatu,VUT,1978,5.8983936
Vanuatu,VUT,1979,5.588044
Vanuatu,VUT,1980,5.2679706
Vanuatu,VUT,1981,4.944116
Vanuatu,VUT,1982,4.6124196
Vanuatu,VUT,1983,4.288854
Vanuatu,VUT,1984,3.983791
Vanuatu,VUT,1985,3.7049458
Vanuatu,VUT,1986,3.4567213
Vanuatu,VUT,1987,3.242012
Vanuatu,VUT,1988,3.057755
Vanuatu,VUT,1989,2.8999438
Vanuatu,VUT,1990,2.763001
Vanuatu,VUT,1991,2.6492984
Vanuatu,VUT,1992,2.548631
Vanuatu,VUT,1993,2.4637659
Vanuatu,VUT,1994,2.3947263
Vanuatu,VUT,1995,2.3334587
Vanuatu,VUT,1996,2.2818916
Vanuatu,VUT,1997,2.2383344
Vanuatu,VUT,1998,2.2009802
Vanuatu,VUT,1999,2.165591
Vanuatu,VUT,2000,2.1317725
Vanuatu,VUT,2001,2.099963
Vanuatu,VUT,2002,2.0709615
Vanuatu,VUT,2003,2.0431507
Vanuatu,VUT,2004,2.01794
Vanuatu,VUT,2005,1.9890758
Vanuatu,VUT,2006,1.9530679
Vanuatu,VUT,2007,1.9074906
Vanuatu,VUT,2008,1.850146
Vanuatu,VUT,2009,1.7887374
Vanuatu,VUT,2010,1.7264128
Vanuatu,VUT,2011,1.6685833
Vanuatu,VUT,2012,1.6178124
Vanuatu,VUT,2013,1.580925
Vanuatu,VUT,2014,1.5540946
Vanuatu,VUT,2015,1.5366455
Vanuatu,VUT,2016,1.5260721
Vanuatu,VUT,2017,1.5185537
Vanuatu,VUT,2018,1.5153276
Vanuatu,VUT,2019,1.5122135
Vanuatu,VUT,2020,1.5101562
Vanuatu,VUT,2021,1.505685
Vanuatu,VUT,2022,1.4915082
Vanuatu,VUT,2023,1.470622
Vanuatu,VUT,2024,1.4429893
Venezuela,VEN,1953,7.446373
Venezuela,VEN,1954,7.1791325
Venezuela,VEN,1955,6.92358
Venezuela,VEN,1956,6.6812925
Venezuela,VEN,1957,6.4452043
Venezuela,VEN,1958,6.2265854
Venezuela,VEN,1959,6.0316157
Venezuela,VEN,1960,5.8613105
Venezuela,VEN,1961,5.7111254
Venezuela,VEN,1962,5.589343
Venezuela,VEN,1963,5.4831567
Venezuela,VEN,1964,5.3967323
Venezuela,VEN,1965,5.3240075
Venezuela,VEN,1966,5.2569714
Venezuela,VEN,1967,5.193313
Venezuela,VEN,1968,5.12211
Venezuela,VEN,1969,5.035799
Venezuela,VEN,1970,4.9337506
Venezuela,VEN,1971,4.8169107
Venezuela,VEN,1972,4.690428
Venezuela,VEN,1973,4.5637665
Venezuela,VEN,1974,4.4365025
Venezuela,VEN,1975,4.306771
Venezuela,VEN,1976,4.172872
Venezuela,VEN,1977,4.033338
Venezuela,VEN,1978,3.8902018
Venezuela,VEN,1979,3.7405493
Venezuela,VEN,1980,3.589508
Venezuela,VEN,1981,3.4446173
Venezuela,VEN,1982,3.3093255
Venezuela,VEN,1983,3.189444
Venezuela,VEN,1984,3.0801547
Venezuela,VEN,1985,2.9746675
Venezuela,VEN,1986,2.8690474
Venezuela,VEN,1987,2.7585225
Venezuela,VEN,1988,2.6471164
Venezuela,VEN,1989,2.533587
Venezuela,VEN,1990,2.4303648
Venezuela,VEN,1991,2.3476198
Venezuela,VEN,1992,2.284215
Venezuela,VEN,1993,2.2356038
Venezuela,VEN,1994,2.1959
Venezuela,VEN,1995,2.148097
Venezuela,VEN,1996,2.0791316
Venezuela,VEN,1997,1.9943434
Venezuela,VEN,1998,1.9055828
Venezuela,VEN,1999,1.8225055
Venezuela,VEN,2000,1.7528002
Venezuela,VEN,2001,1.7016327
Venezuela,VEN,2002,1.6616844
Venezuela,VEN,2003,1.6211349
Venezuela,VEN,2004,1.5744237
Venezuela,VEN,2005,1.5265671
Venezuela,VEN,2006,1.484476
Venezuela,VEN,2007,1.4532614
Venezuela,VEN,2008,1.437683
Venezuela,VEN,2009,1.4399061
Venezuela,VEN,2010,1.4546834
Venezuela,VEN,2011,1.4772704
Venezuela,VEN,2012,1.506189
Venezuela,VEN,2013,1.5413963
Venezuela,VEN,2014,1.5817587
Venezuela,VEN,2015,1.655
Venezuela,VEN,2016,2.117
Venezuela,VEN,2017,2.117
Venezuela,VEN,2018,2.117
Venezuela,VEN,2019,2.117
Venezuela,VEN,2020,2.117
Venezuela,VEN,2021,2.117
Venezuela,VEN,2022,2.117
Venezuela,VEN,2023,2.117
Venezuela,VEN,2024,2.117
Vietnam,VNM,1964,6.082749
Vietnam,VNM,1965,6.231621
Vietnam,VNM,1966,6.2547774
Vietnam,VNM,1967,6.2875323
Vietnam,VNM,1968,6.947442
Vietnam,VNM,1969,6.6021733
Vietnam,VNM,1970,6.574713
Vietnam,VNM,1971,6.466467
Vietnam,VNM,1972,7.0564938
Vietnam,VNM,1973,6.4232197
Vietnam,VNM,1974,6.5485196
Vietnam,VNM,1975,5.294068
Vietnam,VNM,1976,5.2106485
Vietnam,VNM,1977,5.121401
Vietnam,VNM,1978,5.027284
Vietnam,VNM,1979,4.9338427
Vietnam,VNM,1980,4.84176
Vietnam,VNM,1981,4.7504606
Vietnam,VNM,1982,4.6671896
Vietnam,VNM,1983,4.5888443
Vietnam,VNM,1984,4.50783
Vietnam,VNM,1985,4.418103
Vietnam,VNM,1986,4.3148584
Vietnam,VNM,1987,4.196891
Vietnam,VNM,1988,4.0577874
Vietnam,VNM,1989,3.9047494
Vietnam,VNM,1990,3.739272
Vietnam,VNM,1991,3.5691843
Vietnam,VNM,1992,3.391558
Vietnam,VNM,1993,3.2145367
Vietnam,VNM,1994,3.0420597
Vietnam,VNM,1995,2.8756454
Vietnam,VNM,1996,2.71919
Vietnam,VNM,1997,2.574495
Vietnam,VNM,1998,2.440975
Vietnam,VNM,1999,2.3209636
Vietnam,VNM,2000,2.211831
Vietnam,VNM,2001,2.1173017
Vietnam,VNM,2002,2.0344727
Vietnam,VNM,2003,1.9606609
Vietnam,VNM,2004,1.8980234
Vietnam,VNM,2005,1.8451325
Vietnam,VNM,2006,1.7990096
Vietnam,VNM,2007,1.7603362
Vietnam,VNM,2008,1.7252532
Vietnam,VNM,2009,1.6954657
Vietnam,VNM,2010,1.6682231
Vietnam,VNM,2011,1.6438384
Vietnam,VNM,2012,1.6213995
Vietnam,VNM,2013,1.5971642
Vietnam,VNM,2014,1.5720308
Vietnam,VNM,2015,1.5458633
Vietnam,VNM,2016,1.5176094
Vietnam,VNM,2017,1.4850057
Vietnam,VNM,2018,1.4507718
Vietnam,VNM,2019,1.4139719
Vietnam,VNM,2020,1.3730532
Vietnam,VNM,2021,1.3299232
Vietnam,VNM,2022,1.2859347
Vietnam,VNM,2023,1.2428217
Vietnam,VNM,2024,1.2010905
World,OWID_WRL,1990,6.399028
World,OWID_WRL,1991,6.403121
World,OWID_WRL,1992,6.329373
World,OWID_WRL,1993,6.248976
World,OWID_WRL,1994,6.139695
World,OWID_WRL,1995,6.022941
World,OWID_WRL,1996,5.946097
World,OWID_WRL,1997,5.8147397
World,OWID_WRL,1998,5.7044854
World,OWID_WRL,1999,5.5125217
World,OWID_WRL,2000,5.3258247
World,OWID_WRL,2001,5.1862984
World,OWID_WRL,2002,4.989681
World,OWID_WRL,2003,4.799732
World,OWID_WRL,2004,4.626271
World,OWID_WRL,2005,4.4140286
World,OWID_WRL,2006,4.234981
World,OWID_WRL,2007,4.067423
World,OWID_WRL,2008,3.9187064
World,OWID_WRL,2009,3.799341
World,OWID_WRL,2010,3.667206
World,OWID_WRL,2011,3.5869775
World,OWID_WRL,2012,3.4027445
World,OWID_WRL,2013,3.3062906
World,OWID_WRL,2014,3.2112625
World,OWID_WRL,2015,3.1473286
World,OWID_WRL,2016,3.0610874
World,OWID_WRL,2017,3.002174
World,OWID_WRL,2018,2.960326
World,OWID_WRL,2019,2.9198005
World,OWID_WRL,2020,2.9104512
World,OWID_WRL,2021,2.9259627
World,OWID_WRL,2022,2.9305568
World,OWID_WRL,2023,2.836145
World,OWID_WRL,2024,2.7679465
Yemen,YEM,1958,28.09732
Yemen,YEM,1959,27.849646
Yemen,YEM,1960,27.585789
Yemen,YEM,1961,27.344324
Yemen,YEM,1962,27.061316
Yemen,YEM,1963,26.745523
Yemen,YEM,1964,26.37856
Yemen,YEM,1965,25.927374
Yemen,YEM,1966,25.387236
Yemen,YEM,1967,24.748297
Yemen,YEM,1968,24.047611
Yemen,YEM,1969,23.323645
Yemen,YEM,1970,22.584942
Yemen,YEM,1971,21.875734
Yemen,YEM,1972,21.198524
Yemen,YEM,1973,20.537872
Yemen,YEM,1974,19.849808
Yemen,YEM,1975,19.154446
Yemen,YEM,1976,18.418802
Yemen,YEM,1977,17.628334
Yemen,YEM,1978,16.817158
Yemen,YEM,1979,15.989377
Yemen,YEM,1980,15.161029
Yemen,YEM,1981,14.335724
Yemen,YEM,1982,13.552618
Yemen,YEM,1983,12.803303
Yemen,YEM,1984,12.133539
Yemen,YEM,1985,11.553758
Yemen,YEM,1986,11.058407
Yemen,YEM,1987,10.629525
Yemen,YEM,1988,10.269502
Yemen,YEM,1989,9.955332
Yemen,YEM,1990,9.693409
Yemen,YEM,1991,9.466474
Yemen,YEM,1992,9.271444
Yemen,YEM,1993,9.095788
Yemen,YEM,1994,8.938615
Yemen,YEM,1995,8.792651
Yemen,YEM,1996,8.63382
Yemen,YEM,1997,8.439939
Yemen,YEM,1998,8.197556
Yemen,YEM,1999,7.909226
Yemen,YEM,2000,7.5766063
Yemen,YEM,2001,7.224004
Yemen,YEM,2002,6.86723
Yemen,YEM,2003,6.5222306
Yemen,YEM,2004,6.190864
Yemen,YEM,2005,5.880357
Yemen,YEM,2006,5.5914636
Yemen,YEM,2007,5.3246307
Yemen,YEM,2008,5.076156
Yemen,YEM,2009,4.8622293
Yemen,YEM,2010,4.671493
Yemen,YEM,2011,4.519024
Yemen,YEM,2012,4.3952136
Yemen,YEM,2013,4.2623386
Yemen,YEM,2014,4.17674
Yemen,YEM,2015,4.1589947
Yemen,YEM,2016,4.0707316
Yemen,YEM,2017,4.0118365
Yemen,YEM,2018,3.9722183
Yemen,YEM,2019,3.8956404
Yemen,YEM,2020,3.7569494
Yemen,YEM,2021,3.69326
Yemen,YEM,2022,3.5952733
Yemen,YEM,2023,3.488298
Yemen,YEM,2024,3.384688
Zambia,ZMB,1952,10.978414
Zambia,ZMB,1953,10.867394
Zambia,ZMB,1954,10.716757
Zambia,ZMB,1955,10.599809
Zambia,ZMB,1956,10.467505
Zambia,ZMB,1957,10.337442
Zambia,ZMB,1958,10.210057
Zambia,ZMB,1959,10.07869
Zambia,ZMB,1960,9.942376
Zambia,ZMB,1961,9.810585
Zambia,ZMB,1962,9.694447
Zambia,ZMB,1963,9.60059
Zambia,ZMB,1964,9.526293
Zambia,ZMB,1965,9.483902
Zambia,ZMB,1966,9.459792
Zambia,ZMB,1967,9.459127
Zambia,ZMB,1968,9.424899
Zambia,ZMB,1969,9.348376
Zambia,ZMB,1970,9.202677
Zambia,ZMB,1971,9.000123
Zambia,ZMB,1972,8.7614
Zambia,ZMB,1973,8.526586
Zambia,ZMB,1974,8.31412
Zambia,ZMB,1975,8.167979
Zambia,ZMB,1976,8.091988
Zambia,ZMB,1977,8.105931
Zambia,ZMB,1978,8.164843
Zambia,ZMB,1979,8.234089
Zambia,ZMB,1980,8.317125
Zambia,ZMB,1981,8.405251
Zambia,ZMB,1982,8.524041
Zambia,ZMB,1983,8.701281
Zambia,ZMB,1984,8.933282
Zambia,ZMB,1985,9.203073
Zambia,ZMB,1986,9.486162
Zambia,ZMB,1987,9.752036
Zambia,ZMB,1988,9.972429
Zambia,ZMB,1989,10.143678
Zambia,ZMB,1990,10.228875
Zambia,ZMB,1991,10.258458
Zambia,ZMB,1992,10.23615
Zambia,ZMB,1993,10.154867
Zambia,ZMB,1994,10.02798
Zambia,ZMB,1995,9.853295
Zambia,ZMB,1996,9.685572
Zambia,ZMB,1997,9.562622
Zambia,ZMB,1998,9.44787
Zambia,ZMB,1999,9.249808
Zambia,ZMB,2000,8.930473
Zambia,ZMB,2001,8.458621
Zambia,ZMB,2002,7.868095
Zambia,ZMB,2003,7.2320337
Zambia,ZMB,2004,6.583887
Zambia,ZMB,2005,6.023197
Zambia,ZMB,2006,5.6362014
Zambia,ZMB,2007,5.434571
Zambia,ZMB,2008,5.208336
Zambia,ZMB,2009,5.0187445
Zambia,ZMB,2010,4.86323
Zambia,ZMB,2011,4.738056
Zambia,ZMB,2012,4.6118565
Zambia,ZMB,2013,4.4504204
Zambia,ZMB,2014,4.3017263
Zambia,ZMB,2015,4.2394648
Zambia,ZMB,2016,4.0599375
Zambia,ZMB,2017,3.8779273
Zambia,ZMB,2018,3.7691202
Zambia,ZMB,2019,3.6086571
Zambia,ZMB,2020,3.5731416
Zambia,ZMB,2021,3.5641801
Zambia,ZMB,2022,3.5406365
Zambia,ZMB,2023,3.5022366
Zambia,ZMB,2024,3.4612756
Zimbabwe,ZWE,1954,8.365468
Zimbabwe,ZWE,1955,8.305393
Zimbabwe,ZWE,1956,8.231684
Zimbabwe,ZWE,1957,8.163821
Zimbabwe,ZWE,1958,8.089965
Zimbabwe,ZWE,1959,8.012206
Zimbabwe,ZWE,1960,7.9301205
Zimbabwe,ZWE,1961,7.8144336
Zimbabwe,ZWE,1962,7.689172
Zimbabwe,ZWE,1963,7.5493164
Zimbabwe,ZWE,1964,7.4037147
Zimbabwe,ZWE,1965,7.2358694
Zimbabwe,ZWE,1966,7.0885887
Zimbabwe,ZWE,1967,6.9528055
Zimbabwe,ZWE,1968,6.8579984
Zimbabwe,ZWE,1969,6.810708
Zimbabwe,ZWE,1970,6.786987
Zimbabwe,ZWE,1971,6.7772365
Zimbabwe,ZWE,1972,6.807322
Zimbabwe,ZWE,1973,6.869754
Zimbabwe,ZWE,1974,6.9767365
Zimbabwe,ZWE,1975,7.102302
Zimbabwe,ZWE,1976,7.2260365
Zimbabwe,ZWE,1977,7.3563433
Zimbabwe,ZWE,1978,7.5034504
Zimbabwe,ZWE,1979,7.6320977
Zimbabwe,ZWE,1980,7.683237
Zimbabwe,ZWE,1981,7.5734105
Zimbabwe,ZWE,1982,7.335502
Zimbabwe,ZWE,1983,7.0177865
Zimbabwe,ZWE,1984,6.677176
Zimbabwe,ZWE,1985,6.337381
Zimbabwe,ZWE,1986,6.0484414
Zimbabwe,ZWE,1987,5.8141284
Zimbabwe,ZWE,1988,5.619555
Zimbabwe,ZWE,1989,5.4955688
Zimbabwe,ZWE,1990,5.399091
Zimbabwe,ZWE,1991,5.35314
Zimbabwe,ZWE,1992,5.3657303
Zimbabwe,ZWE,1993,5.523408
Zimbabwe,ZWE,1994,5.8033733
Zimbabwe,ZWE,1995,5.8660855
Zimbabwe,ZWE,1996,6.312576
Zimbabwe,ZWE,1997,6.215681
Zimbabwe,ZWE,1998,5.9627247
Zimbabwe,ZWE,1999,5.896634
Zimbabwe,ZWE,2000,5.8332767
Zimbabwe,ZWE,2001,5.8300576
Zimbabwe,ZWE,2002,5.8736663
Zimbabwe,ZWE,2003,5.95136
Zimbabwe,ZWE,2004,6.1740465
Zimbabwe,ZWE,2005,6.4471974
Zimbabwe,ZWE,2006,6.5876174
Zimbabwe,ZWE,2007,6.8810916
Zimbabwe,ZWE,2008,6.9797225
Zimbabwe,ZWE,2009,6.977049
Zimbabwe,ZWE,2010,6.744945
Zimbabwe,ZWE,2011,6.423861
Zimbabwe,ZWE,2012,5.8839307
Zimbabwe,ZWE,2013,5.6573315
Zimbabwe,ZWE,2014,5.4693756
Zimbabwe,ZWE,2015,5.4689274
Zimbabwe,ZWE,2016,5.4292316
Zimbabwe,ZWE,2017,5.422245
Zimbabwe,ZWE,2018,5.440323
Zimbabwe,ZWE,2019,5.57512
Zimbabwe,ZWE,2020,5.7849593
Zimbabwe,ZWE,2021,5.9833865
Zimbabwe,ZWE,2022,6.1600404
Zimbabwe,ZWE,2023,6.219611
Zimbabwe,ZWE,2024,6.243581