entity,code,year,sh_xpd_oopc_ch_zs
Afghanistan,AFG,2002,85.3756
Afghanistan,AFG,2003,86.06919
Afghanistan,AFG,2004,84.52759
Afghanistan,AFG,2005,78.970085
Afghanistan,AFG,2006,76.824974
Afghanistan,AFG,2007,78.16998
Afghanistan,AFG,2008,75.40339
Afghanistan,AFG,2009,72.77924
Afghanistan,AFG,2010,78.99665
Afghanistan,AFG,2011,73.25517
Afghanistan,AFG,2012,74.486206
Afghanistan,AFG,2013,72.04786
Afghanistan,AFG,2014,73.05592
Afghanistan,AFG,2015,78.38229
Afghanistan,AFG,2016,75.974335
Afghanistan,AFG,2017,75.48258
Afghanistan,AFG,2018,76.22302
Afghanistan,AFG,2019,76.81837
Afghanistan,AFG,2020,74.813965
Afghanistan,AFG,2021,77.21405
Afghanistan,AFG,2022,77.94615
Afghanistan,AFG,2023,77.13959
Albania,ALB,2000,51.814198
Albania,ALB,2001,49.128193
Albania,ALB,2002,50.85527
Albania,ALB,2003,49.916485
Albania,ALB,2004,48.34204
Albania,ALB,2005,49.311012
Albania,ALB,2006,49.048504
Albania,ALB,2007,49.40165
Albania,ALB,2008,56.23107
Albania,ALB,2009,56.533817
Albania,ALB,2010,59.96681
Albania,ALB,2011,59.84097
Albania,ALB,2012,58.212578
Albania,ALB,2013,57.728825
Albania,ALB,2014,59.18069
Albania,ALB,2015,57.340702
Albania,ALB,2016,56.51748
Albania,ALB,2017,57.18074
Albania,ALB,2018,56.414616
Albania,ALB,2019,56.412224
Albania,ALB,2020,59.396133
Albania,ALB,2021,59.704235
Albania,ALB,2022,48.336193
Albania,ALB,2023,48.274628
Algeria,DZA,2000,25.794514
Algeria,DZA,2001,21.668524
Algeria,DZA,2002,22.524883
Algeria,DZA,2003,21.148638
Algeria,DZA,2004,26.094326
Algeria,DZA,2005,28.093613
Algeria,DZA,2006,29.121359
Algeria,DZA,2007,28.088581
Algeria,DZA,2008,26.14696
Algeria,DZA,2009,27.449507
Algeria,DZA,2010,28.882442
Algeria,DZA,2011,27.873466
Algeria,DZA,2012,27.215954
Algeria,DZA,2013,29.278418
Algeria,DZA,2014,28.563593
Algeria,DZA,2015,30.192877
Algeria,DZA,2016,32.894928
Algeria,DZA,2017,33.93701
Algeria,DZA,2018,33.763958
Algeria,DZA,2019,37.92313
Algeria,DZA,2020,39.643246
Algeria,DZA,2021,40.50164
Algeria,DZA,2022,50.13016
Algeria,DZA,2023,45.002167
Andorra,AND,2000,15.4513445
Andorra,AND,2001,15.5431595
Andorra,AND,2002,15.049819
Andorra,AND,2003,16.070545
Andorra,AND,2004,16.964418
Andorra,AND,2005,15.999171
Andorra,AND,2006,17.943964
Andorra,AND,2007,17.93713
Andorra,AND,2008,15.55957
Andorra,AND,2009,14.366525
Andorra,AND,2010,11.618724
Andorra,AND,2011,11.800985
Andorra,AND,2012,13.621595
Andorra,AND,2013,13.34361
Andorra,AND,2014,12.751809
Andorra,AND,2015,13.127592
Andorra,AND,2016,12.48209
Andorra,AND,2017,12.0909395
Andorra,AND,2018,12.349852
Andorra,AND,2019,12.732
Andorra,AND,2020,11.174627
Andorra,AND,2021,11.302646
Andorra,AND,2022,8.845033
Andorra,AND,2023,11.145945
Angola,AGO,2000,27.304688
Angola,AGO,2001,45.091087
Angola,AGO,2002,49.662052
Angola,AGO,2003,48.51069
Angola,AGO,2004,46.891098
Angola,AGO,2005,42.332657
Angola,AGO,2006,30.6657
Angola,AGO,2007,28.383972
Angola,AGO,2008,21.653238
Angola,AGO,2009,15.508905
Angola,AGO,2010,19.343756
Angola,AGO,2011,17.993809
Angola,AGO,2012,17.619177
Angola,AGO,2013,21.349277
Angola,AGO,2014,26.876167
Angola,AGO,2015,33.523167
Angola,AGO,2016,35.20893
Angola,AGO,2017,34.121014
Angola,AGO,2018,36.247334
Angola,AGO,2019,33.143085
Angola,AGO,2020,28.62218
Angola,AGO,2021,26.117256
Angola,AGO,2022,30.038616
Angola,AGO,2023,32.546677
Antigua and Barbuda,ATG,2000,22.224281
Antigua and Barbuda,ATG,2001,22.746914
Antigua and Barbuda,ATG,2002,22.740118
Antigua and Barbuda,ATG,2003,23.21789
Antigua and Barbuda,ATG,2004,24.311445
Antigua and Barbuda,ATG,2005,27.07498
Antigua and Barbuda,ATG,2006,30.316484
Antigua and Barbuda,ATG,2007,32.526573
Antigua and Barbuda,ATG,2008,31.909147
Antigua and Barbuda,ATG,2009,25.277037
Antigua and Barbuda,ATG,2010,24.683798
Antigua and Barbuda,ATG,2011,25.773014
Antigua and Barbuda,ATG,2012,26.895582
Antigua and Barbuda,ATG,2013,26.763391
Antigua and Barbuda,ATG,2014,25.343678
Antigua and Barbuda,ATG,2015,23.53069
Antigua and Barbuda,ATG,2016,27.519596
Antigua and Barbuda,ATG,2017,26.568624
Antigua and Barbuda,ATG,2018,23.660212
Antigua and Barbuda,ATG,2019,24.2651
Antigua and Barbuda,ATG,2020,21.075089
Antigua and Barbuda,ATG,2021,20.618868
Antigua and Barbuda,ATG,2022,18.00394
Antigua and Barbuda,ATG,2023,20.807564
Argentina,ARG,2000,29.104332
Argentina,ARG,2001,29.838427
Argentina,ARG,2002,30.244587
Argentina,ARG,2003,28.118635
Argentina,ARG,2004,28.151134
Argentina,ARG,2005,32.541637
Argentina,ARG,2006,32.12044
Argentina,ARG,2007,31.177202
Argentina,ARG,2008,30.048264
Argentina,ARG,2009,25.879114
Argentina,ARG,2010,26.66779
Argentina,ARG,2011,26.632174
Argentina,ARG,2012,25.9346
Argentina,ARG,2013,26.439156
Argentina,ARG,2014,26.693155
Argentina,ARG,2015,25.820543
Argentina,ARG,2016,26.475573
Argentina,ARG,2017,20.747978
Argentina,ARG,2018,24.027819
Argentina,ARG,2019,23.275442
Argentina,ARG,2020,20.851336
Argentina,ARG,2021,25.599134
Argentina,ARG,2022,25.212965
Argentina,ARG,2023,24.469618
Armenia,ARM,2000,62.010952
Armenia,ARM,2001,50.8796
Armenia,ARM,2002,75.2345
Armenia,ARM,2003,76.42555
Armenia,ARM,2004,71.58871
Armenia,ARM,2005,62.93592
Armenia,ARM,2006,61.173573
Armenia,ARM,2007,58.229187
Armenia,ARM,2008,71.43701
Armenia,ARM,2009,73.63292
Armenia,ARM,2010,77.62413
Armenia,ARM,2011,78.41966
Armenia,ARM,2012,78.5873
Armenia,ARM,2013,82.87557
Armenia,ARM,2014,82.48137
Armenia,ARM,2015,81.629875
Armenia,ARM,2016,80.64696
Armenia,ARM,2017,84.34803
Armenia,ARM,2018,84.27638
Armenia,ARM,2019,84.794304
Armenia,ARM,2020,77.84782
Armenia,ARM,2021,78.65648
Armenia,ARM,2022,79.09084
Armenia,ARM,2023,80.47196
Australia,AUS,2000,20.997139
Australia,AUS,2001,20.439098
Australia,AUS,2002,19.920012
Australia,AUS,2003,19.147589
Australia,AUS,2004,19.218697
Australia,AUS,2005,19.643015
Australia,AUS,2006,19.749418
Australia,AUS,2007,19.00256
Australia,AUS,2008,19.041626
Australia,AUS,2009,19.052843
Australia,AUS,2010,19.749287
Australia,AUS,2011,19.172483
Australia,AUS,2012,19.93434
Australia,AUS,2013,19.526924
Australia,AUS,2014,17.847364
Australia,AUS,2015,16.916468
Australia,AUS,2016,16.633507
Australia,AUS,2017,16.313337
Australia,AUS,2018,16.482773
Australia,AUS,2019,15.016415
Australia,AUS,2020,15.234932
Australia,AUS,2021,14.4608345
Australia,AUS,2022,15.132687
Australia,AUS,2023,15.848976
Austria,AUT,2000,18.834354
Austria,AUT,2001,19.457342
Austria,AUT,2002,19.458397
Austria,AUT,2003,19.555498
Austria,AUT,2004,19.65371
Austria,AUT,2005,19.509146
Austria,AUT,2006,19.16869
Austria,AUT,2007,19.229725
Austria,AUT,2008,18.808039
Austria,AUT,2009,18.603815
Austria,AUT,2010,19.237198
Austria,AUT,2011,19.310629
Austria,AUT,2012,19.14428
Austria,AUT,2013,19.603777
Austria,AUT,2014,19.61263
Austria,AUT,2015,19.845083
Austria,AUT,2016,20.045645
Austria,AUT,2017,20.11007
Austria,AUT,2018,19.2927
Austria,AUT,2019,18.759241
Austria,AUT,2020,17.173897
Austria,AUT,2021,16.025604
Austria,AUT,2022,16.29116
Austria,AUT,2023,16.477741
Austria,AUT,2024,16.464783
Azerbaijan,AZE,2000,68.60763
Azerbaijan,AZE,2001,69.62221
Azerbaijan,AZE,2002,72.33947
Azerbaijan,AZE,2003,69.06076
Azerbaijan,AZE,2004,65.92002
Azerbaijan,AZE,2005,59.336258
Azerbaijan,AZE,2006,56.284267
Azerbaijan,AZE,2007,52.60792
Azerbaijan,AZE,2008,56.540623
Azerbaijan,AZE,2009,57.89491
Azerbaijan,AZE,2010,60.27914
Azerbaijan,AZE,2011,62.140583
Azerbaijan,AZE,2012,62.979904
Azerbaijan,AZE,2013,66.25044
Azerbaijan,AZE,2014,67.54848
Azerbaijan,AZE,2015,69.128716
Azerbaijan,AZE,2016,70.02904
Azerbaijan,AZE,2017,71.84921
Azerbaijan,AZE,2018,73.386055
Azerbaijan,AZE,2019,71.34141
Azerbaijan,AZE,2020,57.828125
Azerbaijan,AZE,2021,66.03177
Azerbaijan,AZE,2022,66.25884
Azerbaijan,AZE,2023,64.632065
Bahamas,BHS,2000,27.227013
Bahamas,BHS,2001,28.231691
Bahamas,BHS,2002,28.806862
Bahamas,BHS,2003,28.641514
Bahamas,BHS,2004,29.600466
Bahamas,BHS,2005,30.364874
Bahamas,BHS,2006,29.360365
Bahamas,BHS,2007,28.730911
Bahamas,BHS,2008,27.807495
Bahamas,BHS,2009,27.014172
Bahamas,BHS,2010,27.598946
Bahamas,BHS,2011,27.96436
Bahamas,BHS,2012,28.74623
Bahamas,BHS,2013,27.931162
Bahamas,BHS,2014,28.323753
Bahamas,BHS,2015,30.390617
Bahamas,BHS,2016,28.303434
Bahamas,BHS,2017,24.910662
Bahamas,BHS,2018,28.655384
Bahamas,BHS,2019,27.584307
Bahamas,BHS,2020,22.726322
Bahamas,BHS,2021,26.787874
Bahamas,BHS,2022,24.076635
Bahamas,BHS,2023,27.48378
Bahrain,BHR,2000,27.539053
Bahrain,BHR,2001,26.77445
Bahrain,BHR,2002,26.954697
Bahrain,BHR,2003,32.31951
Bahrain,BHR,2004,30.681719
Bahrain,BHR,2005,27.473661
Bahrain,BHR,2006,26.696327
Bahrain,BHR,2007,30.235931
Bahrain,BHR,2008,27.910845
Bahrain,BHR,2009,26.580006
Bahrain,BHR,2010,26.74536
Bahrain,BHR,2011,26.315119
Bahrain,BHR,2012,26.803833
Bahrain,BHR,2013,26.917974
Bahrain,BHR,2014,26.142874
Bahrain,BHR,2015,25.893755
Bahrain,BHR,2016,27.988573
Bahrain,BHR,2017,31.994982
Bahrain,BHR,2018,30.003576
Bahrain,BHR,2019,29.979355
Bahrain,BHR,2020,26.244585
Bahrain,BHR,2021,25.7665
Bahrain,BHR,2022,27.893711
Bahrain,BHR,2023,28.655785
Bangladesh,BGD,2000,61.822067
Bangladesh,BGD,2001,65.805305
Bangladesh,BGD,2002,62.935337
Bangladesh,BGD,2003,63.01078
Bangladesh,BGD,2004,63.095577
Bangladesh,BGD,2005,65.38332
Bangladesh,BGD,2006,65.63786
Bangladesh,BGD,2007,66.41324
Bangladesh,BGD,2008,67.83095
Bangladesh,BGD,2009,67.943474
Bangladesh,BGD,2010,67.955154
Bangladesh,BGD,2011,68.17605
Bangladesh,BGD,2012,68.279396
Bangladesh,BGD,2013,69.62186
Bangladesh,BGD,2014,70.75863
Bangladesh,BGD,2015,72.67827
Bangladesh,BGD,2016,71.49494
Bangladesh,BGD,2017,70.08964
Bangladesh,BGD,2018,70.67902
Bangladesh,BGD,2019,76.47038
Bangladesh,BGD,2020,76.988785
Bangladesh,BGD,2021,76.14752
Bangladesh,BGD,2022,78.25326
Bangladesh,BGD,2023,79.30711
Barbados,BRB,2000,39.374756
Barbados,BRB,2001,38.058594
Barbados,BRB,2002,36.521736
Barbados,BRB,2003,35.88969
Barbados,BRB,2004,33.599033
Barbados,BRB,2005,35.040585
Barbados,BRB,2006,35.379143
Barbados,BRB,2007,36.837227
Barbados,BRB,2008,35.451057
Barbados,BRB,2009,36.33098
Barbados,BRB,2010,38.097183
Barbados,BRB,2011,42.203117
Barbados,BRB,2012,38.606987
Barbados,BRB,2013,40.419926
Barbados,BRB,2014,43.63391
Barbados,BRB,2015,44.414875
Barbados,BRB,2016,45.056507
Barbados,BRB,2017,45.555107
Barbados,BRB,2018,45.893333
Barbados,BRB,2019,46.693638
Barbados,BRB,2020,42.931187
Barbados,BRB,2021,38.77418
Barbados,BRB,2022,46.74364
Barbados,BRB,2023,49.49339
Belarus,BLR,2000,16.013731
Belarus,BLR,2001,20.720871
Belarus,BLR,2002,23.023611
Belarus,BLR,2003,20.164736
Belarus,BLR,2004,19.222986
Belarus,BLR,2005,21.783041
Belarus,BLR,2006,24.388737
Belarus,BLR,2007,25.795338
Belarus,BLR,2008,29.839453
Belarus,BLR,2009,30.918169
Belarus,BLR,2010,29.165052
Belarus,BLR,2011,33.586864
Belarus,BLR,2012,30.773615
Belarus,BLR,2013,33.79212
Belarus,BLR,2014,34.894398
Belarus,BLR,2015,36.20293
Belarus,BLR,2016,26.714184
Belarus,BLR,2017,27.057556
Belarus,BLR,2018,25.445595
Belarus,BLR,2019,25.690031
Belarus,BLR,2020,24.766186
Belarus,BLR,2021,21.926998
Belarus,BLR,2022,27.618536
Belarus,BLR,2023,28.481834
Belgium,BEL,2000,20.204311
Belgium,BEL,2001,19.565985
Belgium,BEL,2002,20.847338
Belgium,BEL,2003,20.95805
Belgium,BEL,2004,20.168564
Belgium,BEL,2005,20.250114
Belgium,BEL,2006,20.24837
Belgium,BEL,2007,20.606895
Belgium,BEL,2008,19.94529
Belgium,BEL,2009,21.651531
Belgium,BEL,2010,21.369211
Belgium,BEL,2011,20.56371
Belgium,BEL,2012,20.42929
Belgium,BEL,2013,20.55278
Belgium,BEL,2014,20.008295
Belgium,BEL,2015,19.439562
Belgium,BEL,2016,18.941109
Belgium,BEL,2017,19.125645
Belgium,BEL,2018,19.374195
Belgium,BEL,2019,20.5996
Belgium,BEL,2020,19.303085
Belgium,BEL,2021,20.343733
Belgium,BEL,2022,21.40807
Belgium,BEL,2023,21.50983
Belize,BLZ,2000,38.14376
Belize,BLZ,2001,34.013058
Belize,BLZ,2002,33.936863
Belize,BLZ,2003,34.33867
Belize,BLZ,2004,34.265232
Belize,BLZ,2005,33.109657
Belize,BLZ,2006,30.15555
Belize,BLZ,2007,26.128029
Belize,BLZ,2008,24.233862
Belize,BLZ,2009,24.340631
Belize,BLZ,2010,24.628021
Belize,BLZ,2011,24.035833
Belize,BLZ,2012,25.185034
Belize,BLZ,2013,25.364029
Belize,BLZ,2014,22.781765
Belize,BLZ,2015,23.28169
Belize,BLZ,2016,22.578482
Belize,BLZ,2017,23.141253
Belize,BLZ,2018,22.969887
Belize,BLZ,2019,22.679476
Belize,BLZ,2020,20.811852
Belize,BLZ,2021,22.028149
Belize,BLZ,2022,26.816145
Belize,BLZ,2023,26.781391
Benin,BEN,2000,54.910244
Benin,BEN,2001,49.055397
Benin,BEN,2002,51.76609
Benin,BEN,2003,51.675316
Benin,BEN,2004,48.58202
Benin,BEN,2005,46.525253
Benin,BEN,2006,45.665
Benin,BEN,2007,48.27829
Benin,BEN,2008,44.000034
Benin,BEN,2009,42.442833
Benin,BEN,2010,43.390343
Benin,BEN,2011,44.4867
Benin,BEN,2012,41.52768
Benin,BEN,2013,42.584328
Benin,BEN,2014,46.494015
Benin,BEN,2015,51.405647
Benin,BEN,2016,49.556225
Benin,BEN,2017,47.9788
Benin,BEN,2018,49.222534
Benin,BEN,2019,54.701054
Benin,BEN,2020,53.51109
Benin,BEN,2021,55.36502
Benin,BEN,2022,49.11422
Benin,BEN,2023,42.40532
Bhutan,BTN,2000,11.541345
Bhutan,BTN,2001,8.032745
Bhutan,BTN,2002,11.153113
Bhutan,BTN,2003,19.008455
Bhutan,BTN,2004,16.253635
Bhutan,BTN,2005,16.790382
Bhutan,BTN,2006,14.791034
Bhutan,BTN,2007,14.336647
Bhutan,BTN,2008,15.474247
Bhutan,BTN,2009,16.581087
Bhutan,BTN,2010,16.482634
Bhutan,BTN,2011,16.343927
Bhutan,BTN,2012,20.506405
Bhutan,BTN,2013,20.313904
Bhutan,BTN,2014,21.17123
Bhutan,BTN,2015,19.794657
Bhutan,BTN,2016,20.129696
Bhutan,BTN,2017,13.306466
Bhutan,BTN,2018,13.163805
Bhutan,BTN,2019,17.79043
Bhutan,BTN,2020,15.424659
Bhutan,BTN,2021,28.524828
Bhutan,BTN,2022,28.012148
Bhutan,BTN,2023,25.462816
Bolivia,BOL,2000,33.5073
Bolivia,BOL,2001,33.053375
Bolivia,BOL,2002,33.920937
Bolivia,BOL,2003,32.028614
Bolivia,BOL,2004,32.59439
Bolivia,BOL,2005,32.00019
Bolivia,BOL,2006,32.265392
Bolivia,BOL,2007,30.761936
Bolivia,BOL,2008,30.368229
Bolivia,BOL,2009,30.099377
Bolivia,BOL,2010,33.2774
Bolivia,BOL,2011,32.505466
Bolivia,BOL,2012,34.358337
Bolivia,BOL,2013,34.009167
Bolivia,BOL,2014,30.90436
Bolivia,BOL,2015,27.326616
Bolivia,BOL,2016,28.02112
Bolivia,BOL,2017,25.077847
Bolivia,BOL,2018,22.10827
Bolivia,BOL,2019,23.991598
Bolivia,BOL,2020,20.898396
Bolivia,BOL,2021,22.737875
Bolivia,BOL,2022,25.755802
Bolivia,BOL,2023,27.315544
Bosnia and Herzegovina,BIH,2000,41.98865
Bosnia and Herzegovina,BIH,2001,41.352055
Bosnia and Herzegovina,BIH,2002,38.45635
Bosnia and Herzegovina,BIH,2003,32.54939
Bosnia and Herzegovina,BIH,2004,42.70068
Bosnia and Herzegovina,BIH,2005,45.200058
Bosnia and Herzegovina,BIH,2006,44.997086
Bosnia and Herzegovina,BIH,2007,44.270668
Bosnia and Herzegovina,BIH,2008,43.912994
Bosnia and Herzegovina,BIH,2009,30.618317
Bosnia and Herzegovina,BIH,2010,30.075863
Bosnia and Herzegovina,BIH,2011,29.468485
Bosnia and Herzegovina,BIH,2012,29.21257
Bosnia and Herzegovina,BIH,2013,29.067516
Bosnia and Herzegovina,BIH,2014,28.922344
Bosnia and Herzegovina,BIH,2015,28.802711
Bosnia and Herzegovina,BIH,2016,28.613728
Bosnia and Herzegovina,BIH,2017,29.119093
Bosnia and Herzegovina,BIH,2018,29.31169
Bosnia and Herzegovina,BIH,2019,29.352812
Bosnia and Herzegovina,BIH,2020,28.86446
Bosnia and Herzegovina,BIH,2021,30.71451
Bosnia and Herzegovina,BIH,2022,30.883108
Bosnia and Herzegovina,BIH,2023,30.960583
Botswana,BWA,2000,10.671911
Botswana,BWA,2001,9.455686
Botswana,BWA,2002,8.744948
Botswana,BWA,2003,8.766111
Botswana,BWA,2004,8.58329
Botswana,BWA,2005,8.498577
Botswana,BWA,2006,8.292569
Botswana,BWA,2007,6.772622
Botswana,BWA,2008,5.815737
Botswana,BWA,2009,5.4235306
Botswana,BWA,2010,4.993563
Botswana,BWA,2011,4.5739603
Botswana,BWA,2012,4.2400465
Botswana,BWA,2013,3.7843444
Botswana,BWA,2014,3.7170954
Botswana,BWA,2015,3.5778174
Botswana,BWA,2016,3.3074942
Botswana,BWA,2017,2.9932423
Botswana,BWA,2018,5.1057916
Botswana,BWA,2019,4.49591
Botswana,BWA,2020,4.951548
Botswana,BWA,2021,4.265481
Botswana,BWA,2022,4.391904
Botswana,BWA,2023,4.2586617
Brazil,BRA,2000,36.59222
Brazil,BRA,2001,37.80703
Brazil,BRA,2002,36.406197
Brazil,BRA,2003,35.47386
Brazil,BRA,2004,35.365837
Brazil,BRA,2005,35.87644
Brazil,BRA,2006,34.371265
Brazil,BRA,2007,33.09412
Brazil,BRA,2008,30.884092
Brazil,BRA,2009,31.21032
Brazil,BRA,2010,29.385204
Brazil,BRA,2011,29.299585
Brazil,BRA,2012,29.68203
Brazil,BRA,2013,28.177069
Brazil,BRA,2014,28.180246
Brazil,BRA,2015,24.70736
Brazil,BRA,2016,24.420572
Brazil,BRA,2017,24.467934
Brazil,BRA,2018,24.825294
Brazil,BRA,2019,24.879847
Brazil,BRA,2020,26.090864
Brazil,BRA,2021,25.26789
Brazil,BRA,2022,27.251022
Brazil,BRA,2023,26.230707
Brunei,BRN,2000,15.831313
Brunei,BRN,2001,16.806746
Brunei,BRN,2002,16.410551
Brunei,BRN,2003,17.051338
Brunei,BRN,2004,16.909481
Brunei,BRN,2005,16.333963
Brunei,BRN,2006,14.688527
Brunei,BRN,2007,12.784999
Brunei,BRN,2008,10.108237
Brunei,BRN,2009,9.499402
Brunei,BRN,2010,8.261349
Brunei,BRN,2011,8.4718685
Brunei,BRN,2012,8.851929
Brunei,BRN,2013,9.407419
Brunei,BRN,2014,7.3345995
Brunei,BRN,2015,4.9735765
Brunei,BRN,2016,4.979815
Brunei,BRN,2017,5.411423
Brunei,BRN,2018,4.8520875
Brunei,BRN,2019,5.500123
Brunei,BRN,2020,5.8102384
Brunei,BRN,2021,6.9272637
Brunei,BRN,2022,7.862838
Brunei,BRN,2023,7.4117937
Bulgaria,BGR,2000,40.3757
Bulgaria,BGR,2001,43.70613
Bulgaria,BGR,2002,39.794395
Bulgaria,BGR,2003,38.06083
Bulgaria,BGR,2004,39.20326
Bulgaria,BGR,2005,38.867413
Bulgaria,BGR,2006,42.647408
Bulgaria,BGR,2007,42.5927
Bulgaria,BGR,2008,42.62919
Bulgaria,BGR,2009,44.367344
Bulgaria,BGR,2010,43.141342
Bulgaria,BGR,2011,44.463726
Bulgaria,BGR,2012,47.746807
Bulgaria,BGR,2013,41.862446
Bulgaria,BGR,2014,40.24094
Bulgaria,BGR,2015,42.509937
Bulgaria,BGR,2016,43.254715
Bulgaria,BGR,2017,42.193844
Bulgaria,BGR,2018,39.328438
Bulgaria,BGR,2019,37.79554
Bulgaria,BGR,2020,35.525288
Bulgaria,BGR,2021,33.72875
Bulgaria,BGR,2022,35.075924
Bulgaria,BGR,2023,35.504307
Burkina Faso,BFA,2000,57.56381
Burkina Faso,BFA,2001,58.226128
Burkina Faso,BFA,2002,56.12514
Burkina Faso,BFA,2003,52.65977
Burkina Faso,BFA,2004,43.918346
Burkina Faso,BFA,2005,43.412354
Burkina Faso,BFA,2006,39.6253
Burkina Faso,BFA,2007,34.202583
Burkina Faso,BFA,2008,35.39671
Burkina Faso,BFA,2009,32.961094
Burkina Faso,BFA,2010,30.82998
Burkina Faso,BFA,2011,32.881702
Burkina Faso,BFA,2012,32.383568
Burkina Faso,BFA,2013,33.53733
Burkina Faso,BFA,2014,34.078476
Burkina Faso,BFA,2015,36.0298
Burkina Faso,BFA,2016,31.393726
Burkina Faso,BFA,2017,31.3615
Burkina Faso,BFA,2018,36.23123
Burkina Faso,BFA,2019,34.67799
Burkina Faso,BFA,2020,38.55709
Burkina Faso,BFA,2021,41.191376
Burkina Faso,BFA,2022,42.292507
Burkina Faso,BFA,2023,43.821957
Burundi,BDI,2000,61.138783
Burundi,BDI,2001,45.433563
Burundi,BDI,2002,49.8433
Burundi,BDI,2003,50.250065
Burundi,BDI,2004,38.593563
Burundi,BDI,2005,39.187202
Burundi,BDI,2006,39.727882
Burundi,BDI,2007,41.13089
Burundi,BDI,2008,42.89715
Burundi,BDI,2009,35.456985
Burundi,BDI,2010,28.186361
Burundi,BDI,2011,25.475243
Burundi,BDI,2012,22.402348
Burundi,BDI,2013,20.861876
Burundi,BDI,2014,31.001066
Burundi,BDI,2015,31.208548
Burundi,BDI,2016,28.367517
Burundi,BDI,2017,28.998495
Burundi,BDI,2018,27.115662
Burundi,BDI,2019,22.217196
Burundi,BDI,2020,20.457335
Burundi,BDI,2021,24.289349
Burundi,BDI,2022,25.175972
Burundi,BDI,2023,24.48983
Cambodia,KHM,2000,68.75364
Cambodia,KHM,2001,62.394226
Cambodia,KHM,2002,60.830338
Cambodia,KHM,2003,61.89794
Cambodia,KHM,2004,56.65092
Cambodia,KHM,2005,61.24338
Cambodia,KHM,2006,52.65017
Cambodia,KHM,2007,46.53352
Cambodia,KHM,2008,51.07616
Cambodia,KHM,2009,50.503445
Cambodia,KHM,2010,51.909466
Cambodia,KHM,2011,59.741882
Cambodia,KHM,2012,59.57627
Cambodia,KHM,2013,59.981625
Cambodia,KHM,2014,58.098064
Cambodia,KHM,2015,58.418312
Cambodia,KHM,2016,56.053898
Cambodia,KHM,2017,58.23595
Cambodia,KHM,2018,60.968803
Cambodia,KHM,2019,64.39125
Cambodia,KHM,2020,60.245205
Cambodia,KHM,2021,41.66813
Cambodia,KHM,2022,60.97101
Cambodia,KHM,2023,60.60119
Cameroon,CMR,2000,78.474
Cameroon,CMR,2001,75.1047
Cameroon,CMR,2002,70.18141
Cameroon,CMR,2003,71.51587
Cameroon,CMR,2004,73.89202
Cameroon,CMR,2005,74.33883
Cameroon,CMR,2006,74.35811
Cameroon,CMR,2007,75.56835
Cameroon,CMR,2008,74.24559
Cameroon,CMR,2009,76.76543
Cameroon,CMR,2010,76.02136
Cameroon,CMR,2011,69.64955
Cameroon,CMR,2012,66.84483
Cameroon,CMR,2013,69.71942
Cameroon,CMR,2014,68.98474
Cameroon,CMR,2015,73.83301
Cameroon,CMR,2016,73.38753
Cameroon,CMR,2017,78.462006
Cameroon,CMR,2018,72.261696
Cameroon,CMR,2019,72.18878
Cameroon,CMR,2020,71.876785
Cameroon,CMR,2021,70.6405
Cameroon,CMR,2022,67.75391
Cameroon,CMR,2023,67.65119
Canada,CAN,2000,16.60521
Canada,CAN,2001,15.925995
Canada,CAN,2002,15.9083395
Canada,CAN,2003,15.25148
Canada,CAN,2004,15.287869
Canada,CAN,2005,15.368294
Canada,CAN,2006,15.888113
Canada,CAN,2007,15.611636
Canada,CAN,2008,15.505152
Canada,CAN,2009,15.172205
Canada,CAN,2010,15.614549
Canada,CAN,2011,15.163543
Canada,CAN,2012,14.991919
Canada,CAN,2013,14.562412
Canada,CAN,2014,14.712779
Canada,CAN,2015,14.702003
Canada,CAN,2016,15.606799
Canada,CAN,2017,15.828353
Canada,CAN,2018,15.569466
Canada,CAN,2019,15.428361
Canada,CAN,2020,13.650397
Canada,CAN,2021,14.224348
Canada,CAN,2022,14.960679
Canada,CAN,2023,15.203069
Canada,CAN,2024,15.277337
Cape Verde,CPV,2000,25.25919
Cape Verde,CPV,2001,23.331083
Cape Verde,CPV,2002,23.523815
Cape Verde,CPV,2003,24.172354
Cape Verde,CPV,2004,23.833986
Cape Verde,CPV,2005,24.590754
Cape Verde,CPV,2006,23.799574
Cape Verde,CPV,2007,22.916233
Cape Verde,CPV,2008,24.449795
Cape Verde,CPV,2009,24.222162
Cape Verde,CPV,2010,28.083504
Cape Verde,CPV,2011,25.8896
Cape Verde,CPV,2012,24.568192
Cape Verde,CPV,2013,24.250147
Cape Verde,CPV,2014,25.699053
Cape Verde,CPV,2015,27.734894
Cape Verde,CPV,2016,28.666058
Cape Verde,CPV,2017,34.120914
Cape Verde,CPV,2018,27.06539
Cape Verde,CPV,2019,24.941141
Cape Verde,CPV,2020,24.124384
Cape Verde,CPV,2021,23.009514
Cape Verde,CPV,2022,22.069384
Cape Verde,CPV,2023,25.739876
Central African Republic,CAF,2000,48.278137
Central African Republic,CAF,2001,54.102882
Central African Republic,CAF,2002,49.597836
Central African Republic,CAF,2003,49.06583
Central African Republic,CAF,2004,53.13078
Central African Republic,CAF,2005,51.719738
Central African Republic,CAF,2006,51.547577
Central African Republic,CAF,2007,49.707825
Central African Republic,CAF,2008,57.972454
Central African Republic,CAF,2009,47.843987
Central African Republic,CAF,2010,59.520267
Central African Republic,CAF,2011,58.583954
Central African Republic,CAF,2012,58.080994
Central African Republic,CAF,2013,45.238342
Central African Republic,CAF,2014,46.463432
Central African Republic,CAF,2015,48.77672
Central African Republic,CAF,2016,55.209557
Central African Republic,CAF,2017,56.415894
Central African Republic,CAF,2018,41.67273
Central African Republic,CAF,2019,60.558247
Central African Republic,CAF,2020,49.67552
Central African Republic,CAF,2021,49.574883
Central African Republic,CAF,2022,47.645657
Central African Republic,CAF,2023,45.02304
Chad,TCD,2000,56.21626
Chad,TCD,2001,58.26093
Chad,TCD,2002,64.73538
Chad,TCD,2003,47.41553
Chad,TCD,2004,51.01407
Chad,TCD,2005,56.22251
Chad,TCD,2006,63.66036
Chad,TCD,2007,64.91827
Chad,TCD,2008,68.81595
Chad,TCD,2009,65.01297
Chad,TCD,2010,67.58454
Chad,TCD,2011,60.77016
Chad,TCD,2012,59.42822
Chad,TCD,2013,58.63795
Chad,TCD,2014,55.721203
Chad,TCD,2015,56.724205
Chad,TCD,2016,55.14607
Chad,TCD,2017,59.879265
Chad,TCD,2018,64.37609
Chad,TCD,2019,63.7034
Chad,TCD,2020,69.76126
Chad,TCD,2021,69.48041
Chad,TCD,2022,58.175507
Chad,TCD,2023,51.67915
Chile,CHL,2000,42.814964
Chile,CHL,2001,42.615173
Chile,CHL,2002,42.484005
Chile,CHL,2003,42.763847
Chile,CHL,2004,41.84412
Chile,CHL,2005,42.470867
Chile,CHL,2006,40.74998
Chile,CHL,2007,39.18727
Chile,CHL,2008,37.430428
Chile,CHL,2009,34.588936
Chile,CHL,2010,34.46763
Chile,CHL,2011,34.49926
Chile,CHL,2012,33.407642
Chile,CHL,2013,33.63831
Chile,CHL,2014,34.26873
Chile,CHL,2015,34.509254
Chile,CHL,2016,34.750828
Chile,CHL,2017,33.305096
Chile,CHL,2018,32.69706
Chile,CHL,2019,32.341705
Chile,CHL,2020,29.042452
Chile,CHL,2021,32.63452
Chile,CHL,2022,35.59933
Chile,CHL,2023,34.5933
Chile,CHL,2024,39.14787
China,CHN,2000,60.12534
China,CHN,2001,64.19144
China,CHN,2002,62.850822
China,CHN,2003,60.717766
China,CHN,2004,58.768677
China,CHN,2005,57.689995
China,CHN,2006,55.991184
China,CHN,2007,51.29121
China,CHN,2008,47.36825
China,CHN,2009,43.45622
China,CHN,2010,40.800014
China,CHN,2011,40.26554
China,CHN,2012,39.23459
China,CHN,2013,38.159515
China,CHN,2014,36.56483
China,CHN,2015,35.089287
China,CHN,2016,35.906185
China,CHN,2017,36.05041
China,CHN,2018,35.75047
China,CHN,2019,35.23002
China,CHN,2020,34.791008
China,CHN,2021,34.394764
China,CHN,2022,31.627674
China,CHN,2023,32.173546
Colombia,COL,2000,13.691032
Colombia,COL,2001,13.398137
Colombia,COL,2002,11.48959
Colombia,COL,2003,8.603988
Colombia,COL,2004,13.7586
Colombia,COL,2005,16.407938
Colombia,COL,2006,17.933506
Colombia,COL,2007,19.248543
Colombia,COL,2008,20.85275
Colombia,COL,2009,18.01455
Colombia,COL,2010,17.003555
Colombia,COL,2011,15.315756
Colombia,COL,2012,17.858501
Colombia,COL,2013,17.152899
Colombia,COL,2014,16.27701
Colombia,COL,2015,15.401051
Colombia,COL,2016,15.61221
Colombia,COL,2017,15.36301
Colombia,COL,2018,15.048493
Colombia,COL,2019,14.750144
Colombia,COL,2020,14.5151415
Colombia,COL,2021,13.693493
Colombia,COL,2022,14.373802
Colombia,COL,2023,14.63378
Colombia,COL,2024,14.737418
Comoros,COM,2000,79.71824
Comoros,COM,2001,81.27227
Comoros,COM,2002,76.19342
Comoros,COM,2003,73.117516
Comoros,COM,2004,73.015785
Comoros,COM,2005,76.20134
Comoros,COM,2006,79.49471
Comoros,COM,2007,81.81255
Comoros,COM,2008,83.37431
Comoros,COM,2009,84.12469
Comoros,COM,2010,80.46084
Comoros,COM,2011,64.04379
Comoros,COM,2012,67.96593
Comoros,COM,2013,68.00802
Comoros,COM,2014,65.51406
Comoros,COM,2015,74.98792
Comoros,COM,2016,71.26646
Comoros,COM,2017,63.844437
Comoros,COM,2018,67.244865
Comoros,COM,2019,61.827965
Comoros,COM,2020,61.90163
Comoros,COM,2021,55.552605
Comoros,COM,2022,43.503624
Comoros,COM,2023,56.566715
Congo,COG,2000,52.699722
Congo,COG,2001,45.78503
Congo,COG,2002,61.422707
Congo,COG,2003,61.434616
Congo,COG,2004,55.608406
Congo,COG,2005,51.97861
Congo,COG,2006,48.68207
Congo,COG,2007,49.15676
Congo,COG,2008,37.85081
Congo,COG,2009,50.371758
Congo,COG,2010,42.154465
Congo,COG,2011,41.091347
Congo,COG,2012,29.737991
Congo,COG,2013,30.652586
Congo,COG,2014,31.186316
Congo,COG,2015,32.460117
Congo,COG,2016,44.256783
Congo,COG,2017,45.59012
Congo,COG,2018,50.257496
Congo,COG,2019,42.17204
Congo,COG,2020,25.190233
Congo,COG,2021,23.577547
Congo,COG,2022,26.92919
Congo,COG,2023,27.97069
Costa Rica,CRI,2000,31.574873
Costa Rica,CRI,2001,31.632866
Costa Rica,CRI,2002,30.690622
Costa Rica,CRI,2003,30.765013
Costa Rica,CRI,2004,32.059814
Costa Rica,CRI,2005,32.77382
Costa Rica,CRI,2006,31.076956
Costa Rica,CRI,2007,30.912472
Costa Rica,CRI,2008,29.510948
Costa Rica,CRI,2009,26.40225
Costa Rica,CRI,2010,25.384314
Costa Rica,CRI,2011,25.78323
Costa Rica,CRI,2012,24.50275
Costa Rica,CRI,2013,23.225666
Costa Rica,CRI,2014,24.413305
Costa Rica,CRI,2015,22.599232
Costa Rica,CRI,2016,22.202953
Costa Rica,CRI,2017,21.25539
Costa Rica,CRI,2018,22.416426
Costa Rica,CRI,2019,22.324564
Costa Rica,CRI,2020,20.286762
Costa Rica,CRI,2021,20.517046
Costa Rica,CRI,2022,22.435043
Costa Rica,CRI,2023,24.126183
Cote d'Ivoire,CIV,2000,75.295654
Cote d'Ivoire,CIV,2001,77.220604
Cote d'Ivoire,CIV,2002,75.83153
Cote d'Ivoire,CIV,2003,76.076645
Cote d'Ivoire,CIV,2004,77.0148
Cote d'Ivoire,CIV,2005,76.73566
Cote d'Ivoire,CIV,2006,75.94539
Cote d'Ivoire,CIV,2007,68.75501
Cote d'Ivoire,CIV,2008,65.5496
Cote d'Ivoire,CIV,2009,57.42655
Cote d'Ivoire,CIV,2010,56.479343
Cote d'Ivoire,CIV,2011,59.207294
Cote d'Ivoire,CIV,2012,52.798115
Cote d'Ivoire,CIV,2013,56.15932
Cote d'Ivoire,CIV,2014,51.14342
Cote d'Ivoire,CIV,2015,42.589264
Cote d'Ivoire,CIV,2016,40.012493
Cote d'Ivoire,CIV,2017,39.21524
Cote d'Ivoire,CIV,2018,39.285324
Cote d'Ivoire,CIV,2019,37.260464
Cote d'Ivoire,CIV,2020,31.992067
Cote d'Ivoire,CIV,2021,28.367086
Cote d'Ivoire,CIV,2022,32.549244
Cote d'Ivoire,CIV,2023,31.993145
Croatia,HRV,2000,13.861252
Croatia,HRV,2001,14.389894
Croatia,HRV,2002,18.632364
Croatia,HRV,2003,16.642763
Croatia,HRV,2004,18.121597
Croatia,HRV,2005,13.390596
Croatia,HRV,2006,13.314658
Croatia,HRV,2007,12.394237
Croatia,HRV,2008,14.513908
Croatia,HRV,2009,13.746628
Croatia,HRV,2010,13.956778
Croatia,HRV,2011,12.052277
Croatia,HRV,2012,11.472703
Croatia,HRV,2013,8.832263
Croatia,HRV,2014,11.2757015
Croatia,HRV,2015,10.945433
Croatia,HRV,2016,10.974082
Croatia,HRV,2017,10.966596
Croatia,HRV,2018,11.387254
Croatia,HRV,2019,11.464759
Croatia,HRV,2020,10.448821
Croatia,HRV,2021,9.398874
Croatia,HRV,2022,9.189174
Croatia,HRV,2023,9.377403
Cuba,CUB,2000,16.229382
Cuba,CUB,2001,18.706238
Cuba,CUB,2002,19.377361
Cuba,CUB,2003,20.325125
Cuba,CUB,2004,19.598093
Cuba,CUB,2005,14.843677
Cuba,CUB,2006,14.263662
Cuba,CUB,2007,9.78315
Cuba,CUB,2008,8.837513
Cuba,CUB,2009,8.099642
Cuba,CUB,2010,9.181971
Cuba,CUB,2011,10.81638
Cuba,CUB,2012,13.130973
Cuba,CUB,2013,12.271191
Cuba,CUB,2014,9.638878
Cuba,CUB,2015,9.621831
Cuba,CUB,2016,10.285435
Cuba,CUB,2017,10.701375
Cuba,CUB,2018,11.173865
Cuba,CUB,2019,10.8501625
Cuba,CUB,2020,8.92001
Cuba,CUB,2021,8.393611
Cuba,CUB,2022,11.133466
Cuba,CUB,2023,16.582388
Cyprus,CYP,2000,55.901913
Cyprus,CYP,2001,55.21613
Cyprus,CYP,2002,52.77162
Cyprus,CYP,2003,47.654648
Cyprus,CYP,2004,49.88218
Cyprus,CYP,2005,49.8322
Cyprus,CYP,2006,48.328247
Cyprus,CYP,2007,48.79761
Cyprus,CYP,2008,51.40008
Cyprus,CYP,2009,49.923805
Cyprus,CYP,2010,43.10597
Cyprus,CYP,2011,41.374714
Cyprus,CYP,2012,42.371666
Cyprus,CYP,2013,42.599133
Cyprus,CYP,2014,45.1109
Cyprus,CYP,2015,43.624832
Cyprus,CYP,2016,44.607014
Cyprus,CYP,2017,44.758347
Cyprus,CYP,2018,44.36096
Cyprus,CYP,2019,33.726467
Cyprus,CYP,2020,21.366806
Cyprus,CYP,2021,16.231071
Cyprus,CYP,2022,18.044916
Cyprus,CYP,2023,17.942924
Czechia,CZE,2000,10.197507
Czechia,CZE,2001,10.643267
Czechia,CZE,2002,10.001703
Czechia,CZE,2003,10.367225
Czechia,CZE,2004,10.705014
Czechia,CZE,2005,11.092853
Czechia,CZE,2006,11.646025
Czechia,CZE,2007,13.631025
Czechia,CZE,2008,16.13297
Czechia,CZE,2009,15.050539
Czechia,CZE,2010,13.854821
Czechia,CZE,2011,14.211621
Czechia,CZE,2012,14.216015
Czechia,CZE,2013,14.331721
Czechia,CZE,2014,14.458653
Czechia,CZE,2015,14.5137415
Czechia,CZE,2016,14.285109
Czechia,CZE,2017,14.136328
Czechia,CZE,2018,14.155494
Czechia,CZE,2019,14.309021
Czechia,CZE,2020,11.076178
Czechia,CZE,2021,12.481795
Czechia,CZE,2022,14.287589
Czechia,CZE,2023,14.596817
Czechia,CZE,2024,14.063906
Democratic Republic of Congo,COD,2000,54.02556
Democratic Republic of Congo,COD,2001,72.38019
Democratic Republic of Congo,COD,2002,71.28811
Democratic Republic of Congo,COD,2003,68.03039
Democratic Republic of Congo,COD,2004,72.11378
Democratic Republic of Congo,COD,2005,69.36361
Democratic Republic of Congo,COD,2006,68.51201
Democratic Republic of Congo,COD,2007,63.855793
Democratic Republic of Congo,COD,2008,49.68736
Democratic Republic of Congo,COD,2009,45.41014
Democratic Republic of Congo,COD,2010,37.0503
Democratic Republic of Congo,COD,2011,38.824097
Democratic Republic of Congo,COD,2012,40.27503
Democratic Republic of Congo,COD,2013,39.432972
Democratic Republic of Congo,COD,2014,38.716408
Democratic Republic of Congo,COD,2015,37.42671
Democratic Republic of Congo,COD,2016,37.291878
Democratic Republic of Congo,COD,2017,40.124718
Democratic Republic of Congo,COD,2018,41.610638
Democratic Republic of Congo,COD,2019,38.497005
Democratic Republic of Congo,COD,2020,39.717937
Democratic Republic of Congo,COD,2021,39.128696
Democratic Republic of Congo,COD,2022,37.076553
Democratic Republic of Congo,COD,2023,38.003548
Denmark,DNK,2000,15.356432
Denmark,DNK,2001,15.115948
Denmark,DNK,2002,14.728385
Denmark,DNK,2003,14.557195
Denmark,DNK,2004,14.8711405
Denmark,DNK,2005,14.709208
Denmark,DNK,2006,14.526429
Denmark,DNK,2007,14.561826
Denmark,DNK,2008,14.117798
Denmark,DNK,2009,13.684606
Denmark,DNK,2010,13.707771
Denmark,DNK,2011,13.897824
Denmark,DNK,2012,13.513483
Denmark,DNK,2013,13.347527
Denmark,DNK,2014,13.339256
Denmark,DNK,2015,13.458594
Denmark,DNK,2016,13.521423
Denmark,DNK,2017,13.6936035
Denmark,DNK,2018,13.824074
Denmark,DNK,2019,13.794444
Denmark,DNK,2020,13.377061
Denmark,DNK,2021,13.303541
Denmark,DNK,2022,13.187611
Denmark,DNK,2023,13.976923
Denmark,DNK,2024,13.868588
Djibouti,DJI,2000,44.385185
Djibouti,DJI,2001,48.03302
Djibouti,DJI,2002,40.90151
Djibouti,DJI,2003,34.376534
Djibouti,DJI,2004,38.805298
Djibouti,DJI,2005,35.31047
Djibouti,DJI,2006,31.15603
Djibouti,DJI,2007,30.180765
Djibouti,DJI,2008,27.901848
Djibouti,DJI,2009,26.627926
Djibouti,DJI,2010,26.462135
Djibouti,DJI,2011,24.228806
Djibouti,DJI,2012,22.947966
Djibouti,DJI,2013,24.058083
Djibouti,DJI,2014,22.659527
Djibouti,DJI,2015,19.037428
Djibouti,DJI,2016,23.17863
Djibouti,DJI,2017,26.039688
Djibouti,DJI,2018,26.906418
Djibouti,DJI,2019,28.16122
Djibouti,DJI,2020,31.936996
Djibouti,DJI,2021,27.341545
Djibouti,DJI,2022,29.059875
Djibouti,DJI,2023,28.841454
Dominica,DMA,2000,33.024654
Dominica,DMA,2001,41.144573
Dominica,DMA,2002,41.70457
Dominica,DMA,2003,40.080254
Dominica,DMA,2004,40.67154
Dominica,DMA,2005,40.024544
Dominica,DMA,2006,39.928425
Dominica,DMA,2007,42.96027
Dominica,DMA,2008,44.35028
Dominica,DMA,2009,42.2405
Dominica,DMA,2010,38.80087
Dominica,DMA,2011,36.78413
Dominica,DMA,2012,35.471058
Dominica,DMA,2013,35.361904
Dominica,DMA,2014,35.744804
Dominica,DMA,2015,34.054688
Dominica,DMA,2016,32.22554
Dominica,DMA,2017,28.557795
Dominica,DMA,2018,30.913193
Dominica,DMA,2019,33.859642
Dominica,DMA,2020,29.006746
Dominica,DMA,2021,23.990772
Dominica,DMA,2022,23.365274
Dominica,DMA,2023,29.326374
Dominican Republic,DOM,2000,55.320145
Dominican Republic,DOM,2001,54.50362
Dominican Republic,DOM,2002,53.450665
Dominican Republic,DOM,2003,61.651382
Dominican Republic,DOM,2004,62.25312
Dominican Republic,DOM,2005,53.876556
Dominican Republic,DOM,2006,54.748325
Dominican Republic,DOM,2007,46.180557
Dominican Republic,DOM,2008,41.57861
Dominican Republic,DOM,2009,38.935684
Dominican Republic,DOM,2010,36.44627
Dominican Republic,DOM,2011,35.27978
Dominican Republic,DOM,2012,33.39814
Dominican Republic,DOM,2013,32.208794
Dominican Republic,DOM,2014,31.05365
Dominican Republic,DOM,2015,29.993029
Dominican Republic,DOM,2016,29.477976
Dominican Republic,DOM,2017,28.931778
Dominican Republic,DOM,2018,28.478895
Dominican Republic,DOM,2019,27.333488
Dominican Republic,DOM,2020,24.631496
Dominican Republic,DOM,2021,23.311365
Dominican Republic,DOM,2022,25.022394
Dominican Republic,DOM,2023,25.05567
East Asia and Pacific (WB),WB_EAP,2000,23.478727
East Asia and Pacific (WB),WB_EAP,2001,24.554096
East Asia and Pacific (WB),WB_EAP,2002,25.327784
East Asia and Pacific (WB),WB_EAP,2003,26.080238
East Asia and Pacific (WB),WB_EAP,2004,25.736069
East Asia and Pacific (WB),WB_EAP,2005,26.140728
East Asia and Pacific (WB),WB_EAP,2006,27.282658
East Asia and Pacific (WB),WB_EAP,2007,26.524282
East Asia and Pacific (WB),WB_EAP,2008,26.28865
East Asia and Pacific (WB),WB_EAP,2009,25.375683
East Asia and Pacific (WB),WB_EAP,2010,25.013563
East Asia and Pacific (WB),WB_EAP,2011,23.985107
East Asia and Pacific (WB),WB_EAP,2012,24.368135
East Asia and Pacific (WB),WB_EAP,2013,25.528849
East Asia and Pacific (WB),WB_EAP,2014,25.416386
East Asia and Pacific (WB),WB_EAP,2015,25.716185
East Asia and Pacific (WB),WB_EAP,2016,25.43454
East Asia and Pacific (WB),WB_EAP,2017,25.853592
East Asia and Pacific (WB),WB_EAP,2018,26.267994
East Asia and Pacific (WB),WB_EAP,2019,25.923365
East Asia and Pacific (WB),WB_EAP,2020,25.255125
East Asia and Pacific (WB),WB_EAP,2021,24.74674
East Asia and Pacific (WB),WB_EAP,2022,24.694805
East Asia and Pacific (WB),WB_EAP,2023,26.003601
East Timor,TLS,2003,40.93309
East Timor,TLS,2004,34.59072
East Timor,TLS,2005,33.202618
East Timor,TLS,2006,22.019386
East Timor,TLS,2007,18.259912
East Timor,TLS,2008,11.520394
East Timor,TLS,2009,8.84477
East Timor,TLS,2010,11.564627
East Timor,TLS,2011,9.924848
East Timor,TLS,2012,9.493402
East Timor,TLS,2013,6.9682317
East Timor,TLS,2014,7.906072
East Timor,TLS,2015,7.359295
East Timor,TLS,2016,7.904644
East Timor,TLS,2017,8.344915
East Timor,TLS,2018,10.156639
East Timor,TLS,2019,10.487592
East Timor,TLS,2020,6.684259
East Timor,TLS,2021,5.890945
East Timor,TLS,2022,5.479485
East Timor,TLS,2023,6.993334
Ecuador,ECU,2000,61.93119
Ecuador,ECU,2001,59.587044
Ecuador,ECU,2002,61.42541
Ecuador,ECU,2003,61.050636
Ecuador,ECU,2004,59.90333
Ecuador,ECU,2005,61.822918
Ecuador,ECU,2006,59.986015
Ecuador,ECU,2007,53.105656
Ecuador,ECU,2008,52.450336
Ecuador,ECU,2009,49.70559
Ecuador,ECU,2010,45.260178
Ecuador,ECU,2011,44.442043
Ecuador,ECU,2012,40.960106
Ecuador,ECU,2013,35.97586
Ecuador,ECU,2014,30.957613
Ecuador,ECU,2015,33.77854
Ecuador,ECU,2016,30.009542
Ecuador,ECU,2017,29.963972
Ecuador,ECU,2018,28.788954
Ecuador,ECU,2019,29.074802
Ecuador,ECU,2020,30.154829
Ecuador,ECU,2021,29.428621
Ecuador,ECU,2022,30.664583
Ecuador,ECU,2023,30.888489
Egypt,EGY,2000,62.48935
Egypt,EGY,2001,63.825607
Egypt,EGY,2002,63.766796
Egypt,EGY,2003,65.405075
Egypt,EGY,2004,64.55257
Egypt,EGY,2005,64.58326
Egypt,EGY,2006,60.4172
Egypt,EGY,2007,60.32749
Egypt,EGY,2008,61.823803
Egypt,EGY,2009,60.436813
Egypt,EGY,2010,62.6281
Egypt,EGY,2011,60.495106
Egypt,EGY,2012,60.88406
Egypt,EGY,2013,57.935135
Egypt,EGY,2014,55.121372
Egypt,EGY,2015,58.829967
Egypt,EGY,2016,58.99695
Egypt,EGY,2017,56.39825
Egypt,EGY,2018,62.61043
Egypt,EGY,2019,62.506466
Egypt,EGY,2020,59.31353
Egypt,EGY,2021,54.90198
Egypt,EGY,2022,53.72835
Egypt,EGY,2023,57.19507
El Salvador,SLV,2000,45.356056
El Salvador,SLV,2001,45.13661
El Salvador,SLV,2002,44.852856
El Salvador,SLV,2003,45.69375
El Salvador,SLV,2004,44.66818
El Salvador,SLV,2005,44.026024
El Salvador,SLV,2006,38.751213
El Salvador,SLV,2007,41.63937
El Salvador,SLV,2008,42.00724
El Salvador,SLV,2009,38.43321
El Salvador,SLV,2010,37.808655
El Salvador,SLV,2011,38.145638
El Salvador,SLV,2012,39.042664
El Salvador,SLV,2013,37.3961
El Salvador,SLV,2014,36.574474
El Salvador,SLV,2015,35.220284
El Salvador,SLV,2016,34.538258
El Salvador,SLV,2017,37.28125
El Salvador,SLV,2018,37.492916
El Salvador,SLV,2019,37.67107
El Salvador,SLV,2020,27.421278
El Salvador,SLV,2021,30.508663
El Salvador,SLV,2022,31.098345
El Salvador,SLV,2023,32.494392
Equatorial Guinea,GNQ,2000,52.169777
Equatorial Guinea,GNQ,2001,54.325638
Equatorial Guinea,GNQ,2002,82.37944
Equatorial Guinea,GNQ,2003,75.860916
Equatorial Guinea,GNQ,2004,73.299416
Equatorial Guinea,GNQ,2005,67.66029
Equatorial Guinea,GNQ,2006,61.22794
Equatorial Guinea,GNQ,2007,59.308807
Equatorial Guinea,GNQ,2008,55.93691
Equatorial Guinea,GNQ,2009,52.77891
Equatorial Guinea,GNQ,2010,58.061764
Equatorial Guinea,GNQ,2011,56.725143
Equatorial Guinea,GNQ,2012,53.350464
Equatorial Guinea,GNQ,2013,63.219757
Equatorial Guinea,GNQ,2014,63.921436
Equatorial Guinea,GNQ,2015,68.1475
Equatorial Guinea,GNQ,2016,69.09035
Equatorial Guinea,GNQ,2017,70.597275
Equatorial Guinea,GNQ,2018,70.09912
Equatorial Guinea,GNQ,2019,73.773506
Equatorial Guinea,GNQ,2020,70.56831
Equatorial Guinea,GNQ,2021,64.893745
Equatorial Guinea,GNQ,2022,66.718704
Equatorial Guinea,GNQ,2023,65.98318
Eritrea,ERI,2000,63.76799
Eritrea,ERI,2001,55.92798
Eritrea,ERI,2002,46.021652
Eritrea,ERI,2003,38.933056
Eritrea,ERI,2004,35.13972
Eritrea,ERI,2005,35.238914
Eritrea,ERI,2006,34.456524
Eritrea,ERI,2007,44.093063
Eritrea,ERI,2008,32.59599
Eritrea,ERI,2009,45.821857
Eritrea,ERI,2010,48.655365
Eritrea,ERI,2011,36.474445
Eritrea,ERI,2012,52.552692
Eritrea,ERI,2013,48.772793
Eritrea,ERI,2014,50.962097
Eritrea,ERI,2015,42.904297
Eritrea,ERI,2016,59.000072
Eritrea,ERI,2017,46.97372
Eritrea,ERI,2018,50.775295
Eritrea,ERI,2019,46.440678
Eritrea,ERI,2020,48.55705
Eritrea,ERI,2021,49.672146
Eritrea,ERI,2022,54.294155
Eritrea,ERI,2023,48.445652
Estonia,EST,2000,20.338963
Estonia,EST,2001,19.245323
Estonia,EST,2002,20.558872
Estonia,EST,2003,21.09504
Estonia,EST,2004,22.941973
Estonia,EST,2005,23.02487
Estonia,EST,2006,23.614246
Estonia,EST,2007,22.971579
Estonia,EST,2008,21.39287
Estonia,EST,2009,21.229387
Estonia,EST,2010,22.813988
Estonia,EST,2011,22.526814
Estonia,EST,2012,22.540672
Estonia,EST,2013,23.60541
Estonia,EST,2014,23.522165
Estonia,EST,2015,23.718922
Estonia,EST,2016,23.73812
Estonia,EST,2017,24.80668
Estonia,EST,2018,24.513107
Estonia,EST,2019,23.924582
Estonia,EST,2020,21.428278
Estonia,EST,2021,22.154882
Estonia,EST,2022,23.142294
Estonia,EST,2023,22.099916
Estonia,EST,2024,21.381765
Eswatini,SWZ,2000,18.525179
Eswatini,SWZ,2001,17.861988
Eswatini,SWZ,2002,16.884169
Eswatini,SWZ,2003,15.05787
Eswatini,SWZ,2004,14.643969
Eswatini,SWZ,2005,13.24464
Eswatini,SWZ,2006,12.404338
Eswatini,SWZ,2007,12.135823
Eswatini,SWZ,2008,10.542341
Eswatini,SWZ,2009,10.423815
Eswatini,SWZ,2010,10.455421
Eswatini,SWZ,2011,10.483345
Eswatini,SWZ,2012,10.508194
Eswatini,SWZ,2013,10.530449
Eswatini,SWZ,2014,10.550495
Eswatini,SWZ,2015,10.568647
Eswatini,SWZ,2016,10.585162
Eswatini,SWZ,2017,10.496746
Eswatini,SWZ,2018,10.147497
Eswatini,SWZ,2019,9.216986
Eswatini,SWZ,2020,11.291014
Eswatini,SWZ,2021,10.76787
Eswatini,SWZ,2022,10.337654
Eswatini,SWZ,2023,11.018388
Ethiopia,ETH,2000,35.957302
Ethiopia,ETH,2001,34.55398
Ethiopia,ETH,2002,37.462627
Ethiopia,ETH,2003,34.45894
Ethiopia,ETH,2004,34.866314
Ethiopia,ETH,2005,31.340298
Ethiopia,ETH,2006,38.775333
Ethiopia,ETH,2007,36.996235
Ethiopia,ETH,2008,38.477333
Ethiopia,ETH,2009,41.540848
Ethiopia,ETH,2010,42.29021
Ethiopia,ETH,2011,46.53789
Ethiopia,ETH,2012,42.167454
Ethiopia,ETH,2013,42.404068
Ethiopia,ETH,2014,38.474087
Ethiopia,ETH,2015,36.74348
Ethiopia,ETH,2016,35.43159
Ethiopia,ETH,2017,34.40162
Ethiopia,ETH,2018,35.49158
Ethiopia,ETH,2019,37.819412
Ethiopia,ETH,2020,33.079136
Ethiopia,ETH,2021,37.00746
Ethiopia,ETH,2022,44.596245
Ethiopia,ETH,2023,46.268593
Europe and Central Asia (WB),WB_ECA,2000,17.229418
Europe and Central Asia (WB),WB_ECA,2001,17.04009
Europe and Central Asia (WB),WB_ECA,2002,16.835636
Europe and Central Asia (WB),WB_ECA,2003,16.668734
Europe and Central Asia (WB),WB_ECA,2004,16.85185
Europe and Central Asia (WB),WB_ECA,2005,16.649796
Europe and Central Asia (WB),WB_ECA,2006,16.81386
Europe and Central Asia (WB),WB_ECA,2007,17.175827
Europe and Central Asia (WB),WB_ECA,2008,17.188425
Europe and Central Asia (WB),WB_ECA,2009,16.683973
Europe and Central Asia (WB),WB_ECA,2010,17.198313
Europe and Central Asia (WB),WB_ECA,2011,17.456152
Europe and Central Asia (WB),WB_ECA,2012,17.80573
Europe and Central Asia (WB),WB_ECA,2013,17.927109
Europe and Central Asia (WB),WB_ECA,2014,17.871128
Europe and Central Asia (WB),WB_ECA,2015,17.8082
Europe and Central Asia (WB),WB_ECA,2016,17.505371
Europe and Central Asia (WB),WB_ECA,2017,17.825314
Europe and Central Asia (WB),WB_ECA,2018,17.677654
Europe and Central Asia (WB),WB_ECA,2019,17.64981
Europe and Central Asia (WB),WB_ECA,2020,15.601735
Europe and Central Asia (WB),WB_ECA,2021,16.047174
Europe and Central Asia (WB),WB_ECA,2022,16.319351
Europe and Central Asia (WB),WB_ECA,2023,16.497532
European Union (27),OWID_EU27,2000,15.610639
European Union (27),OWID_EU27,2001,15.473697
European Union (27),OWID_EU27,2002,15.390301
European Union (27),OWID_EU27,2003,15.468793
European Union (27),OWID_EU27,2004,15.858526
European Union (27),OWID_EU27,2005,15.731853
European Union (27),OWID_EU27,2006,16.075579
European Union (27),OWID_EU27,2007,16.049597
European Union (27),OWID_EU27,2008,16.146524
European Union (27),OWID_EU27,2009,15.743277
European Union (27),OWID_EU27,2010,16.068642
European Union (27),OWID_EU27,2011,16.25995
European Union (27),OWID_EU27,2012,16.444027
European Union (27),OWID_EU27,2013,16.1202
European Union (27),OWID_EU27,2014,16.22649
European Union (27),OWID_EU27,2015,16.242268
European Union (27),OWID_EU27,2016,15.907505
European Union (27),OWID_EU27,2017,16.05348
European Union (27),OWID_EU27,2018,15.945786
European Union (27),OWID_EU27,2019,15.88034
European Union (27),OWID_EU27,2020,14.529848
European Union (27),OWID_EU27,2021,14.729342
European Union (27),OWID_EU27,2022,14.645984
European Union (27),OWID_EU27,2023,14.875861
European Union (27),OWID_EU27,2024,13.0435705
Fiji,FJI,2000,10.837267
Fiji,FJI,2001,13.178212
Fiji,FJI,2002,12.318936
Fiji,FJI,2003,12.85473
Fiji,FJI,2004,12.955368
Fiji,FJI,2005,12.087749
Fiji,FJI,2006,14.346372
Fiji,FJI,2007,15.587112
Fiji,FJI,2008,16.505611
Fiji,FJI,2009,24.589401
Fiji,FJI,2010,22.370722
Fiji,FJI,2011,25.316786
Fiji,FJI,2012,24.789248
Fiji,FJI,2013,22.546637
Fiji,FJI,2014,19.896374
Fiji,FJI,2015,21.026045
Fiji,FJI,2016,20.638285
Fiji,FJI,2017,15.594249
Fiji,FJI,2018,18.002981
Fiji,FJI,2019,19.149046
Fiji,FJI,2020,22.830227
Fiji,FJI,2021,24.709913
Fiji,FJI,2022,7.9989705
Fiji,FJI,2023,8.314209
Finland,FIN,2000,21.627064
Finland,FIN,2001,21.219114
Finland,FIN,2002,20.744572
Finland,FIN,2003,20.337227
Finland,FIN,2004,19.859585
Finland,FIN,2005,19.576107
Finland,FIN,2006,18.816587
Finland,FIN,2007,18.998278
Finland,FIN,2008,18.572989
Finland,FIN,2009,18.31737
Finland,FIN,2010,18.803955
Finland,FIN,2011,18.152046
Finland,FIN,2012,17.46196
Finland,FIN,2013,17.794474
Finland,FIN,2014,17.637447
Finland,FIN,2015,18.628897
Finland,FIN,2016,19.272913
Finland,FIN,2017,19.04597
Finland,FIN,2018,18.430683
Finland,FIN,2019,17.423994
Finland,FIN,2020,16.466223
Finland,FIN,2021,16.662949
Finland,FIN,2022,16.098213
Finland,FIN,2023,14.094935
France,FRA,2000,7.2734966
France,FRA,2001,7.3357396
France,FRA,2002,7.137969
France,FRA,2003,7.376619
France,FRA,2004,7.246232
France,FRA,2005,7.3689466
France,FRA,2006,9.358806
France,FRA,2007,9.528407
France,FRA,2008,10.029732
France,FRA,2009,10.166797
France,FRA,2010,11.444707
France,FRA,2011,11.450234
France,FRA,2012,11.327228
France,FRA,2013,10.178253
France,FRA,2014,11.104806
France,FRA,2015,10.978121
France,FRA,2016,10.71399
France,FRA,2017,10.639987
France,FRA,2018,10.445717
France,FRA,2019,10.318879
France,FRA,2020,9.423794
France,FRA,2021,9.169162
France,FRA,2022,9.247569
France,FRA,2023,9.260326
France,FRA,2024,9.227426
Gabon,GAB,2000,53.158024
Gabon,GAB,2001,50.822853
Gabon,GAB,2002,54.137154
Gabon,GAB,2003,50.128315
Gabon,GAB,2004,50.28374
Gabon,GAB,2005,51.96595
Gabon,GAB,2006,51.1439
Gabon,GAB,2007,49.500042
Gabon,GAB,2008,52.710365
Gabon,GAB,2009,50.07692
Gabon,GAB,2010,25.505648
Gabon,GAB,2011,27.731527
Gabon,GAB,2012,28.004763
Gabon,GAB,2013,28.59302
Gabon,GAB,2014,28.129808
Gabon,GAB,2015,25.90466
Gabon,GAB,2016,22.550894
Gabon,GAB,2017,25.156391
Gabon,GAB,2018,23.114153
Gabon,GAB,2019,23.088022
Gabon,GAB,2020,20.37174
Gabon,GAB,2021,21.566093
Gabon,GAB,2022,17.916264
Gabon,GAB,2023,17.27154
Gambia,GMB,2000,13.680054
Gambia,GMB,2001,13.388831
Gambia,GMB,2002,13.147894
Gambia,GMB,2003,11.727125
Gambia,GMB,2004,9.84813
Gambia,GMB,2005,11.507098
Gambia,GMB,2006,13.044982
Gambia,GMB,2007,15.068113
Gambia,GMB,2008,16.439686
Gambia,GMB,2009,17.004217
Gambia,GMB,2010,18.032358
Gambia,GMB,2011,19.22836
Gambia,GMB,2012,19.44659
Gambia,GMB,2013,20.900314
Gambia,GMB,2014,26.826696
Gambia,GMB,2015,23.415586
Gambia,GMB,2016,30.499338
Gambia,GMB,2017,26.669012
Gambia,GMB,2018,20.185108
Gambia,GMB,2019,20.298824
Gambia,GMB,2020,24.858177
Gambia,GMB,2021,27.614769
Gambia,GMB,2022,29.438284
Gambia,GMB,2023,33.782677
Georgia,GEO,2000,80.98434
Georgia,GEO,2001,76.4383
Georgia,GEO,2002,77.12855
Georgia,GEO,2003,79.207924
Georgia,GEO,2004,79.436966
Georgia,GEO,2005,79.585495
Georgia,GEO,2006,77.26433
Georgia,GEO,2007,75.67359
Georgia,GEO,2008,66.54589
Georgia,GEO,2009,68.90899
Georgia,GEO,2010,72.06796
Georgia,GEO,2011,75.053955
Georgia,GEO,2012,72.53358
Georgia,GEO,2013,69.305534
Georgia,GEO,2014,67.037895
Georgia,GEO,2015,62.316185
Georgia,GEO,2016,60.700115
Georgia,GEO,2017,62.44371
Georgia,GEO,2018,58.100086
Georgia,GEO,2019,56.99837
Georgia,GEO,2020,54.57889
Georgia,GEO,2021,51.899044
Georgia,GEO,2022,57.182545
Georgia,GEO,2023,58.759262
Germany,DEU,2000,11.803791
Germany,DEU,2001,11.781361
Germany,DEU,2002,12.047717
Germany,DEU,2003,12.264044
Germany,DEU,2004,13.494052
Germany,DEU,2005,13.56491
Germany,DEU,2006,13.895038
Germany,DEU,2007,13.760334
Germany,DEU,2008,13.463026
Germany,DEU,2009,13.263278
Germany,DEU,2010,13.302982
Germany,DEU,2011,13.323117
Germany,DEU,2012,13.489854
Germany,DEU,2013,12.685448
Germany,DEU,2014,12.350327
Germany,DEU,2015,12.35095
Germany,DEU,2016,12.185447
Germany,DEU,2017,12.017071
Germany,DEU,2018,12.175716
Germany,DEU,2019,12.375485
Germany,DEU,2020,11.338039
Germany,DEU,2021,11.363336
Germany,DEU,2022,10.432013
Germany,DEU,2023,11.052907
Germany,DEU,2024,10.706732
Ghana,GHA,2000,38.01316
Ghana,GHA,2001,33.57913
Ghana,GHA,2002,31.973572
Ghana,GHA,2003,36.00989
Ghana,GHA,2004,32.447983
Ghana,GHA,2005,23.532757
Ghana,GHA,2006,35.203724
Ghana,GHA,2007,39.579845
Ghana,GHA,2008,41.081154
Ghana,GHA,2009,34.93131
Ghana,GHA,2010,34.3018
Ghana,GHA,2011,32.997612
Ghana,GHA,2012,36.881
Ghana,GHA,2013,38.87571
Ghana,GHA,2014,45.05064
Ghana,GHA,2015,35.803062
Ghana,GHA,2016,37.823727
Ghana,GHA,2017,22.650837
Ghana,GHA,2018,33.481617
Ghana,GHA,2019,28.97685
Ghana,GHA,2020,23.750362
Ghana,GHA,2021,26.498478
Ghana,GHA,2022,25.032135
Ghana,GHA,2023,26.677233
Greece,GRC,2000,36.272114
Greece,GRC,2001,34.778316
Greece,GRC,2002,37.38019
Greece,GRC,2003,37.899563
Greece,GRC,2004,38.961113
Greece,GRC,2005,36.875244
Greece,GRC,2006,36.045105
Greece,GRC,2007,34.223377
Greece,GRC,2008,32.208237
Greece,GRC,2009,29.502993
Greece,GRC,2010,28.258852
Greece,GRC,2011,31.158491
Greece,GRC,2012,30.448944
Greece,GRC,2013,33.739475
Greece,GRC,2014,37.19953
Greece,GRC,2015,36.034393
Greece,GRC,2016,34.30815
Greece,GRC,2017,34.995216
Greece,GRC,2018,36.08007
Greece,GRC,2019,33.642735
Greece,GRC,2020,33.44511
Greece,GRC,2021,33.318825
Greece,GRC,2022,33.538914
Greece,GRC,2023,34.30307
Grenada,GRD,2000,59.30253
Grenada,GRD,2001,56.116272
Grenada,GRD,2002,50.98685
Grenada,GRD,2003,53.70714
Grenada,GRD,2004,47.225895
Grenada,GRD,2005,48.58168
Grenada,GRD,2006,52.814903
Grenada,GRD,2007,55.369633
Grenada,GRD,2008,55.200977
Grenada,GRD,2009,54.578396
Grenada,GRD,2010,56.571205
Grenada,GRD,2011,54.27905
Grenada,GRD,2012,54.76435
Grenada,GRD,2013,55.12482
Grenada,GRD,2014,51.89145
Grenada,GRD,2015,53.97852
Grenada,GRD,2016,55.74352
Grenada,GRD,2017,55.110027
Grenada,GRD,2018,54.91055
Grenada,GRD,2019,54.420956
Grenada,GRD,2020,52.204033
Grenada,GRD,2021,51.506668
Grenada,GRD,2022,54.118587
Grenada,GRD,2023,48.48132
Guatemala,GTM,2000,58.989994
Guatemala,GTM,2001,62.315342
Guatemala,GTM,2002,62.1133
Guatemala,GTM,2003,61.623295
Guatemala,GTM,2004,60.035316
Guatemala,GTM,2005,62.476883
Guatemala,GTM,2006,61.515533
Guatemala,GTM,2007,61.623707
Guatemala,GTM,2008,59.048336
Guatemala,GTM,2009,56.9232
Guatemala,GTM,2010,58.949142
Guatemala,GTM,2011,58.8792
Guatemala,GTM,2012,58.319923
Guatemala,GTM,2013,54.61948
Guatemala,GTM,2014,55.55548
Guatemala,GTM,2015,55.72279
Guatemala,GTM,2016,56.06059
Guatemala,GTM,2017,54.13411
Guatemala,GTM,2018,57.50036
Guatemala,GTM,2019,55.989178
Guatemala,GTM,2020,56.291588
Guatemala,GTM,2021,58.444656
Guatemala,GTM,2022,60.21094
Guatemala,GTM,2023,57.181847
Guinea,GIN,2000,65.3731
Guinea,GIN,2001,63.41352
Guinea,GIN,2002,59.4045
Guinea,GIN,2003,62.540894
Guinea,GIN,2004,69.50691
Guinea,GIN,2005,70.150505
Guinea,GIN,2006,70.81015
Guinea,GIN,2007,71.87591
Guinea,GIN,2008,70.94914
Guinea,GIN,2009,72.49656
Guinea,GIN,2010,69.292336
Guinea,GIN,2011,59.985645
Guinea,GIN,2012,62.399292
Guinea,GIN,2013,61.901207
Guinea,GIN,2014,58.35925
Guinea,GIN,2015,49.352406
Guinea,GIN,2016,49.761665
Guinea,GIN,2017,64.59756
Guinea,GIN,2018,67.11583
Guinea,GIN,2019,59.215427
Guinea,GIN,2020,57.17256
Guinea,GIN,2021,53.46713
Guinea,GIN,2022,54.10121
Guinea,GIN,2023,54.41574
Guinea-Bissau,GNB,2000,60.7057
Guinea-Bissau,GNB,2001,63.45769
Guinea-Bissau,GNB,2002,57.38741
Guinea-Bissau,GNB,2003,57.539276
Guinea-Bissau,GNB,2004,53.893173
Guinea-Bissau,GNB,2005,53.007347
Guinea-Bissau,GNB,2006,51.374683
Guinea-Bissau,GNB,2007,48.077858
Guinea-Bissau,GNB,2008,47.65111
Guinea-Bissau,GNB,2009,53.014008
Guinea-Bissau,GNB,2010,48.049755
Guinea-Bissau,GNB,2011,35.824223
Guinea-Bissau,GNB,2012,58.73208
Guinea-Bissau,GNB,2013,64.34108
Guinea-Bissau,GNB,2014,55.38848
Guinea-Bissau,GNB,2015,66.92209
Guinea-Bissau,GNB,2016,64.583374
Guinea-Bissau,GNB,2017,68.41368
Guinea-Bissau,GNB,2018,66.98524
Guinea-Bissau,GNB,2019,69.623215
Guinea-Bissau,GNB,2020,56.640484
Guinea-Bissau,GNB,2021,61.009197
Guinea-Bissau,GNB,2022,66.26608
Guinea-Bissau,GNB,2023,61.55879
Guyana,GUY,2000,40.249783
Guyana,GUY,2001,42.258625
Guyana,GUY,2002,40.30484
Guyana,GUY,2003,38.461014
Guyana,GUY,2004,37.145298
Guyana,GUY,2005,35.11706
Guyana,GUY,2006,35.29148
Guyana,GUY,2007,32.98963
Guyana,GUY,2008,35.32625
Guyana,GUY,2009,32.84932
Guyana,GUY,2010,34.746872
Guyana,GUY,2011,34.813858
Guyana,GUY,2012,38.89628
Guyana,GUY,2013,37.957222
Guyana,GUY,2014,35.95364
Guyana,GUY,2015,33.714725
Guyana,GUY,2016,29.935467
Guyana,GUY,2017,28.840548
Guyana,GUY,2018,33.730396
Guyana,GUY,2019,35.023746
Guyana,GUY,2020,22.536879
Guyana,GUY,2021,27.688211
Guyana,GUY,2022,25.175138
Guyana,GUY,2023,26.32743
Haiti,HTI,2000,44.373436
Haiti,HTI,2001,45.205303
Haiti,HTI,2002,48.1778
Haiti,HTI,2003,48.056164
Haiti,HTI,2004,46.48626
Haiti,HTI,2005,46.01602
Haiti,HTI,2006,43.062767
Haiti,HTI,2007,40.120026
Haiti,HTI,2008,38.579563
Haiti,HTI,2009,39.27424
Haiti,HTI,2010,33.309673
Haiti,HTI,2011,26.086279
Haiti,HTI,2012,28.439817
Haiti,HTI,2013,36.241646
Haiti,HTI,2014,31.015314
Haiti,HTI,2015,33.964878
Haiti,HTI,2016,35.29019
Haiti,HTI,2017,45.402023
Haiti,HTI,2018,38.854355
Haiti,HTI,2019,39.038292
Haiti,HTI,2020,41.99921
Haiti,HTI,2021,45.452713
Haiti,HTI,2022,51.71758
Haiti,HTI,2023,52.40411
High-income countries,OWID_HIC,2000,16.298002
High-income countries,OWID_HIC,2001,15.815505
High-income countries,OWID_HIC,2002,15.714966
High-income countries,OWID_HIC,2003,15.760996
High-income countries,OWID_HIC,2004,15.737771
High-income countries,OWID_HIC,2005,15.560413
High-income countries,OWID_HIC,2006,15.579201
High-income countries,OWID_HIC,2007,15.61268
High-income countries,OWID_HIC,2008,15.539551
High-income countries,OWID_HIC,2009,14.92408
High-income countries,OWID_HIC,2010,14.95729
High-income countries,OWID_HIC,2011,14.886714
High-income countries,OWID_HIC,2012,14.921089
High-income countries,OWID_HIC,2013,14.93457
High-income countries,OWID_HIC,2014,14.769096
High-income countries,OWID_HIC,2015,14.445551
High-income countries,OWID_HIC,2016,14.241879
High-income countries,OWID_HIC,2017,14.203141
High-income countries,OWID_HIC,2018,14.204893
High-income countries,OWID_HIC,2019,14.005815
High-income countries,OWID_HIC,2020,12.482957
High-income countries,OWID_HIC,2021,12.9799795
High-income countries,OWID_HIC,2022,13.229204
High-income countries,OWID_HIC,2023,13.354216
Honduras,HND,2000,45.94882
Honduras,HND,2001,52.520283
Honduras,HND,2002,51.851425
Honduras,HND,2003,48.32307
Honduras,HND,2004,50.057262
Honduras,HND,2005,49.064716
Honduras,HND,2006,49.862488
Honduras,HND,2007,49.79937
Honduras,HND,2008,51.415623
Honduras,HND,2009,44.90909
Honduras,HND,2010,46.262527
Honduras,HND,2011,45.79561
Honduras,HND,2012,49.860035
Honduras,HND,2013,49.25834
Honduras,HND,2014,48.687782
Honduras,HND,2015,50.66354
Honduras,HND,2016,49.76508
Honduras,HND,2017,49.703533
Honduras,HND,2018,52.144173
Honduras,HND,2019,52.32635
Honduras,HND,2020,50.04226
Honduras,HND,2021,51.7056
Honduras,HND,2022,52.33385
Honduras,HND,2023,53.061665
Hungary,HUN,2000,27.326683
Hungary,HUN,2001,28.8142
Hungary,HUN,2002,27.51259
Hungary,HUN,2003,26.355198
Hungary,HUN,2004,25.832035
Hungary,HUN,2005,25.764454
Hungary,HUN,2006,25.011341
Hungary,HUN,2007,26.261238
Hungary,HUN,2008,26.349255
Hungary,HUN,2009,26.234581
Hungary,HUN,2010,27.415949
Hungary,HUN,2011,28.216358
Hungary,HUN,2012,29.371696
Hungary,HUN,2013,28.36042
Hungary,HUN,2014,28.33863
Hungary,HUN,2015,27.488354
Hungary,HUN,2016,27.689428
Hungary,HUN,2017,27.249474
Hungary,HUN,2018,26.788946
Hungary,HUN,2019,27.78666
Hungary,HUN,2020,26.147375
Hungary,HUN,2021,24.640352
Hungary,HUN,2022,24.013594
Hungary,HUN,2023,23.059969
Iceland,ISL,2000,18.016603
Iceland,ISL,2001,18.082396
Iceland,ISL,2002,17.303543
Iceland,ISL,2003,17.387648
Iceland,ISL,2004,17.704445
Iceland,ISL,2005,17.588615
Iceland,ISL,2006,16.946323
Iceland,ISL,2007,16.470362
Iceland,ISL,2008,16.271433
Iceland,ISL,2009,16.874792
Iceland,ISL,2010,18.661196
Iceland,ISL,2011,18.386456
Iceland,ISL,2012,18.455566
Iceland,ISL,2013,18.143053
Iceland,ISL,2014,17.846777
Iceland,ISL,2015,17.507603
Iceland,ISL,2016,16.746737
Iceland,ISL,2017,16.325
Iceland,ISL,2018,15.824146
Iceland,ISL,2019,15.425638
Iceland,ISL,2020,14.870563
Iceland,ISL,2021,14.543243
Iceland,ISL,2022,13.673565
Iceland,ISL,2023,14.685008
Iceland,ISL,2024,14.879858
India,IND,2000,71.70203
India,IND,2001,74.10621
India,IND,2002,73.37396
India,IND,2003,73.42475
India,IND,2004,72.48267
India,IND,2005,73.14937
India,IND,2006,72.25708
India,IND,2007,70.81673
India,IND,2008,69.14794
India,IND,2009,66.75775
India,IND,2010,65.18477
India,IND,2011,62.2249
India,IND,2012,63.000137
India,IND,2013,69.07304
India,IND,2014,67.014
India,IND,2015,64.66441
India,IND,2016,63.2062
India,IND,2017,55.112476
India,IND,2018,53.229946
India,IND,2019,52.00421
India,IND,2020,49.51094
India,IND,2021,45.109146
India,IND,2022,44.54134
India,IND,2023,43.885105
Indonesia,IDN,2000,45.195023
Indonesia,IDN,2001,40.492107
Indonesia,IDN,2002,46.377964
Indonesia,IDN,2003,46.016853
Indonesia,IDN,2004,45.910637
Indonesia,IDN,2005,55.32828
Indonesia,IDN,2006,53.37504
Indonesia,IDN,2007,49.54562
Indonesia,IDN,2008,49.367565
Indonesia,IDN,2009,49.221355
Indonesia,IDN,2010,60.583866
Indonesia,IDN,2011,56.22342
Indonesia,IDN,2012,53.617924
Indonesia,IDN,2013,50.899883
Indonesia,IDN,2014,45.24729
Indonesia,IDN,2015,42.715767
Indonesia,IDN,2016,38.12415
Indonesia,IDN,2017,36.177753
Indonesia,IDN,2018,35.239548
Indonesia,IDN,2019,34.55001
Indonesia,IDN,2020,31.196217
Indonesia,IDN,2021,27.167332
Indonesia,IDN,2022,32.96291
Indonesia,IDN,2023,31.083654
Iran,IRN,2000,59.600163
Iran,IRN,2001,59.236656
Iran,IRN,2002,54.745975
Iran,IRN,2003,54.06885
Iran,IRN,2004,56.559643
Iran,IRN,2005,56.094944
Iran,IRN,2006,51.68799
Iran,IRN,2007,53.21486
Iran,IRN,2008,55.47851
Iran,IRN,2009,56.027607
Iran,IRN,2010,59.39722
Iran,IRN,2011,57.521534
Iran,IRN,2012,54.961475
Iran,IRN,2013,47.86219
Iran,IRN,2014,40.109436
Iran,IRN,2015,38.95087
Iran,IRN,2016,36.553177
Iran,IRN,2017,32.80345
Iran,IRN,2018,39.999763
Iran,IRN,2019,39.13536
Iran,IRN,2020,37.404957
Iran,IRN,2021,41.70082
Iran,IRN,2022,41.587017
Iran,IRN,2023,43.145287
Iraq,IRQ,2003,54.549564
Iraq,IRQ,2004,28.616322
Iraq,IRQ,2005,29.043928
Iraq,IRQ,2006,32.58729
Iraq,IRQ,2007,29.548231
Iraq,IRQ,2008,21.315527
Iraq,IRQ,2009,22.368464
Iraq,IRQ,2010,26.03185
Iraq,IRQ,2011,25.02888
Iraq,IRQ,2012,61.663254
Iraq,IRQ,2013,58.572342
Iraq,IRQ,2014,62.029736
Iraq,IRQ,2015,76.19069
Iraq,IRQ,2016,44.251667
Iraq,IRQ,2017,58.046566
Iraq,IRQ,2018,50.393333
Iraq,IRQ,2019,50.096962
Iraq,IRQ,2020,54.66121
Iraq,IRQ,2021,49.90874
Iraq,IRQ,2022,53.093178
Iraq,IRQ,2023,53.982376
Ireland,IRL,2000,12.117088
Ireland,IRL,2001,10.647068
Ireland,IRL,2002,10.467074
Ireland,IRL,2003,13.148279
Ireland,IRL,2004,12.218671
Ireland,IRL,2005,13.553004
Ireland,IRL,2006,13.929562
Ireland,IRL,2007,11.571237
Ireland,IRL,2008,11.863089
Ireland,IRL,2009,12.700527
Ireland,IRL,2010,13.795637
Ireland,IRL,2011,13.583194
Ireland,IRL,2012,13.325116
Ireland,IRL,2013,13.76024
Ireland,IRL,2014,13.986687
Ireland,IRL,2015,13.511001
Ireland,IRL,2016,13.471871
Ireland,IRL,2017,13.108531
Ireland,IRL,2018,12.657822
Ireland,IRL,2019,12.656585
Ireland,IRL,2020,11.435566
Ireland,IRL,2021,11.525645
Ireland,IRL,2022,11.550954
Ireland,IRL,2023,11.299473
Ireland,IRL,2024,10.607069
Israel,ISR,2000,29.48983
Israel,ISR,2001,30.3302
Israel,ISR,2002,27.842857
Israel,ISR,2003,28.628548
Israel,ISR,2004,28.725489
Israel,ISR,2005,30.24325
Israel,ISR,2006,25.724104
Israel,ISR,2007,26.663242
Israel,ISR,2008,25.347029
Israel,ISR,2009,25.418907
Israel,ISR,2010,23.811695
Israel,ISR,2011,23.759344
Israel,ISR,2012,23.408356
Israel,ISR,2013,22.654171
Israel,ISR,2014,23.010033
Israel,ISR,2015,22.501026
Israel,ISR,2016,22.822607
Israel,ISR,2017,22.431028
Israel,ISR,2018,21.83693
Israel,ISR,2019,21.356327
Israel,ISR,2020,20.427164
Israel,ISR,2021,17.473076
Israel,ISR,2022,24.688961
Israel,ISR,2023,20.48584
Italy,ITA,2000,26.464483
Italy,ITA,2001,24.476267
Italy,ITA,2002,24.125433
Italy,ITA,2003,23.718946
Italy,ITA,2004,22.83264
Italy,ITA,2005,21.605825
Italy,ITA,2006,21.317446
Italy,ITA,2007,21.515991
Italy,ITA,2008,21.339325
Italy,ITA,2009,20.663645
Italy,ITA,2010,20.548927
Italy,ITA,2011,22.027056
Italy,ITA,2012,22.549906
Italy,ITA,2013,22.74236
Italy,ITA,2014,22.956171
Italy,ITA,2015,23.796158
Italy,ITA,2016,23.693928
Italy,ITA,2017,24.127514
Italy,ITA,2018,23.965605
Italy,ITA,2019,23.874874
Italy,ITA,2020,21.4838
Italy,ITA,2021,22.813787
Italy,ITA,2022,23.320742
Italy,ITA,2023,23.646431
Italy,ITA,2024,22.309795
Jamaica,JAM,2000,33.561695
Jamaica,JAM,2001,38.416924
Jamaica,JAM,2002,37.86094
Jamaica,JAM,2003,44.691555
Jamaica,JAM,2004,40.38105
Jamaica,JAM,2005,44.66543
Jamaica,JAM,2006,45.73194
Jamaica,JAM,2007,40.83543
Jamaica,JAM,2008,41.128605
Jamaica,JAM,2009,37.762848
Jamaica,JAM,2010,37.10998
Jamaica,JAM,2011,37.398113
Jamaica,JAM,2012,38.2065
Jamaica,JAM,2013,36.520103
Jamaica,JAM,2014,35.42584
Jamaica,JAM,2015,31.10013
Jamaica,JAM,2016,29.00499
Jamaica,JAM,2017,26.71979
Jamaica,JAM,2018,27.374985
Jamaica,JAM,2019,26.892487
Jamaica,JAM,2020,24.43642
Jamaica,JAM,2021,21.958126
Jamaica,JAM,2022,19.028664
Jamaica,JAM,2023,20.245405
Japan,JPN,2000,15.916364
Japan,JPN,2001,15.785701
Japan,JPN,2002,15.978507
Japan,JPN,2003,16.886776
Japan,JPN,2004,16.588945
Japan,JPN,2005,15.673435
Japan,JPN,2006,16.422068
Japan,JPN,2007,15.5150585
Japan,JPN,2008,15.238265
Japan,JPN,2009,15.159133
Japan,JPN,2010,14.570359
Japan,JPN,2011,13.121783
Japan,JPN,2012,12.972344
Japan,JPN,2013,12.701281
Japan,JPN,2014,12.86968
Japan,JPN,2015,12.947671
Japan,JPN,2016,12.854399
Japan,JPN,2017,12.654927
Japan,JPN,2018,12.994567
Japan,JPN,2019,12.9017725
Japan,JPN,2020,11.558646
Japan,JPN,2021,10.8197
Japan,JPN,2022,11.1480875
Japan,JPN,2023,12.235682
Jordan,JOR,2000,39.100346
Jordan,JOR,2001,38.473766
Jordan,JOR,2002,39.48171
Jordan,JOR,2003,42.033382
Jordan,JOR,2004,40.684933
Jordan,JOR,2005,40.075855
Jordan,JOR,2006,39.186047
Jordan,JOR,2007,36.047665
Jordan,JOR,2008,31.941391
Jordan,JOR,2009,22.71313
Jordan,JOR,2010,21.855146
Jordan,JOR,2011,20.90164
Jordan,JOR,2012,21.583143
Jordan,JOR,2013,22.133486
Jordan,JOR,2014,20.890774
Jordan,JOR,2015,29.33435
Jordan,JOR,2016,32.947475
Jordan,JOR,2017,33.99718
Jordan,JOR,2018,35.310814
Jordan,JOR,2019,36.000027
Jordan,JOR,2020,35.407234
Jordan,JOR,2021,35.780033
Jordan,JOR,2022,35.925785
Jordan,JOR,2023,34.467945
Kazakhstan,KAZ,2000,48.510586
Kazakhstan,KAZ,2001,42.712864
Kazakhstan,KAZ,2002,45.89466
Kazakhstan,KAZ,2003,44.54787
Kazakhstan,KAZ,2004,41.03963
Kazakhstan,KAZ,2005,34.41243
Kazakhstan,KAZ,2006,31.081234
Kazakhstan,KAZ,2007,32.77426
Kazakhstan,KAZ,2008,23.878046
Kazakhstan,KAZ,2009,22.345453
Kazakhstan,KAZ,2010,27.295834
Kazakhstan,KAZ,2011,24.598047
Kazakhstan,KAZ,2012,27.820343
Kazakhstan,KAZ,2013,25.955278
Kazakhstan,KAZ,2014,23.801914
Kazakhstan,KAZ,2015,32.095036
Kazakhstan,KAZ,2016,35.672863
Kazakhstan,KAZ,2017,33.143925
Kazakhstan,KAZ,2018,33.470253
Kazakhstan,KAZ,2019,33.863827
Kazakhstan,KAZ,2020,27.744553
Kazakhstan,KAZ,2021,25.030298
Kazakhstan,KAZ,2022,30.828575
Kazakhstan,KAZ,2023,27.642279
Kenya,KEN,2000,47.331398
Kenya,KEN,2001,46.397865
Kenya,KEN,2002,44.62519
Kenya,KEN,2003,45.29118
Kenya,KEN,2004,44.469044
Kenya,KEN,2005,45.226624
Kenya,KEN,2006,39.19219
Kenya,KEN,2007,36.45012
Kenya,KEN,2008,34.09736
Kenya,KEN,2009,31.375267
Kenya,KEN,2010,30.178574
Kenya,KEN,2011,30.966135
Kenya,KEN,2012,31.604355
Kenya,KEN,2013,32.13203
Kenya,KEN,2014,29.221804
Kenya,KEN,2015,26.898014
Kenya,KEN,2016,24.999731
Kenya,KEN,2017,23.2806
Kenya,KEN,2018,23.365057
Kenya,KEN,2019,24.299763
Kenya,KEN,2020,23.332474
Kenya,KEN,2021,22.651995
Kenya,KEN,2022,24.009886
Kenya,KEN,2023,24.245653
Kiribati,KIR,2000,0.15057538
Kiribati,KIR,2001,0.099994
Kiribati,KIR,2002,0.10957967
Kiribati,KIR,2003,0.11495876
Kiribati,KIR,2004,0.09662171
Kiribati,KIR,2005,0.11812721
Kiribati,KIR,2006,0.05934824
Kiribati,KIR,2007,0.16611296
Kiribati,KIR,2008,0.16913319
Kiribati,KIR,2009,0.4361099
Kiribati,KIR,2010,0.63371354
Kiribati,KIR,2011,0.6587615
Kiribati,KIR,2012,0.6289308
Kiribati,KIR,2013,0.5494506
Kiribati,KIR,2014,0.5030181
Kiribati,KIR,2015,1.0869565
Kiribati,KIR,2016,0.79559016
Kiribati,KIR,2017,0.7096944
Kiribati,KIR,2018,0.5863825
Kiribati,KIR,2019,0.63055825
Kiribati,KIR,2020,0.6843502
Kiribati,KIR,2021,0.66721994
Kiribati,KIR,2022,0.7877279
Kiribati,KIR,2023,2.9085722
Kuwait,KWT,2000,25.494196
Kuwait,KWT,2001,19.646366
Kuwait,KWT,2002,21.539822
Kuwait,KWT,2003,20.821167
Kuwait,KWT,2004,21.5559
Kuwait,KWT,2005,21.473684
Kuwait,KWT,2006,21.239334
Kuwait,KWT,2007,21.346077
Kuwait,KWT,2008,19.808735
Kuwait,KWT,2009,16.720383
Kuwait,KWT,2010,14.332145
Kuwait,KWT,2011,14.01464
Kuwait,KWT,2012,14.955047
Kuwait,KWT,2013,14.485441
Kuwait,KWT,2014,13.929331
Kuwait,KWT,2015,13.695519
Kuwait,KWT,2016,13.282157
Kuwait,KWT,2017,12.926642
Kuwait,KWT,2018,10.647036
Kuwait,KWT,2019,10.720566
Kuwait,KWT,2020,10.399336
Kuwait,KWT,2021,9.997473
Kuwait,KWT,2022,10.751622
Kuwait,KWT,2023,10.003496
Kyrgyzstan,KGZ,2000,51.646446
Kyrgyzstan,KGZ,2001,53.16456
Kyrgyzstan,KGZ,2002,51.66137
Kyrgyzstan,KGZ,2003,51.07937
Kyrgyzstan,KGZ,2004,46.596138
Kyrgyzstan,KGZ,2005,42.569702
Kyrgyzstan,KGZ,2006,39.180145
Kyrgyzstan,KGZ,2007,42.911514
Kyrgyzstan,KGZ,2008,48.67649
Kyrgyzstan,KGZ,2009,38.589985
Kyrgyzstan,KGZ,2010,43.091503
Kyrgyzstan,KGZ,2011,43.54014
Kyrgyzstan,KGZ,2012,43.243694
Kyrgyzstan,KGZ,2013,46.41521
Kyrgyzstan,KGZ,2014,56.324257
Kyrgyzstan,KGZ,2015,54.539772
Kyrgyzstan,KGZ,2016,57.213116
Kyrgyzstan,KGZ,2017,56.37663
Kyrgyzstan,KGZ,2018,46.619812
Kyrgyzstan,KGZ,2019,46.181427
Kyrgyzstan,KGZ,2020,46.021175
Kyrgyzstan,KGZ,2021,39.053616
Kyrgyzstan,KGZ,2022,39.896416
Kyrgyzstan,KGZ,2023,42.26473
Laos,LAO,2000,44.77974
Laos,LAO,2001,43.971466
Laos,LAO,2002,49.669365
Laos,LAO,2003,54.759136
Laos,LAO,2004,47.25919
Laos,LAO,2005,43.72244
Laos,LAO,2006,41.077866
Laos,LAO,2007,35.17125
Laos,LAO,2008,31.377789
Laos,LAO,2009,26.87694
Laos,LAO,2010,35.960133
Laos,LAO,2011,52.602413
Laos,LAO,2012,48.63187
Laos,LAO,2013,48.703323
Laos,LAO,2014,50.879467
Laos,LAO,2015,45.365326
Laos,LAO,2016,46.442123
Laos,LAO,2017,46.237106
Laos,LAO,2018,48.54593
Laos,LAO,2019,41.832287
Laos,LAO,2020,41.05789
Laos,LAO,2021,30.705582
Laos,LAO,2022,28.685785
Laos,LAO,2023,44.840786
Latin America and Caribbean (WB),WB_LAC,2000,38.219913
Latin America and Caribbean (WB),WB_LAC,2001,39.85045
Latin America and Caribbean (WB),WB_LAC,2002,41.503002
Latin America and Caribbean (WB),WB_LAC,2003,41.511215
Latin America and Caribbean (WB),WB_LAC,2004,40.66278
Latin America and Caribbean (WB),WB_LAC,2005,40.72283
Latin America and Caribbean (WB),WB_LAC,2006,39.333168
Latin America and Caribbean (WB),WB_LAC,2007,37.432404
Latin America and Caribbean (WB),WB_LAC,2008,34.874825
Latin America and Caribbean (WB),WB_LAC,2009,33.271206
Latin America and Caribbean (WB),WB_LAC,2010,31.486906
Latin America and Caribbean (WB),WB_LAC,2011,30.7354
Latin America and Caribbean (WB),WB_LAC,2012,30.94226
Latin America and Caribbean (WB),WB_LAC,2013,29.92277
Latin America and Caribbean (WB),WB_LAC,2014,29.772078
Latin America and Caribbean (WB),WB_LAC,2015,28.249239
Latin America and Caribbean (WB),WB_LAC,2016,28.06581
Latin America and Caribbean (WB),WB_LAC,2017,26.956059
Latin America and Caribbean (WB),WB_LAC,2018,28.114105
Latin America and Caribbean (WB),WB_LAC,2019,28.126787
Latin America and Caribbean (WB),WB_LAC,2020,27.368105
Latin America and Caribbean (WB),WB_LAC,2021,28.954678
Latin America and Caribbean (WB),WB_LAC,2022,29.754961
Latin America and Caribbean (WB),WB_LAC,2023,29.68854
Latvia,LVA,2000,47.659115
Latvia,LVA,2001,48.850792
Latvia,LVA,2002,47.581665
Latvia,LVA,2003,48.562363
Latvia,LVA,2004,40.63126
Latvia,LVA,2005,41.691032
Latvia,LVA,2006,35.598183
Latvia,LVA,2007,36.827705
Latvia,LVA,2008,37.306236
Latvia,LVA,2009,38.782677
Latvia,LVA,2010,37.18565
Latvia,LVA,2011,34.296753
Latvia,LVA,2012,37.82342
Latvia,LVA,2013,38.471485
Latvia,LVA,2014,39.106007
Latvia,LVA,2015,40.46531
Latvia,LVA,2016,43.322968
Latvia,LVA,2017,41.78833
Latvia,LVA,2018,39.17964
Latvia,LVA,2019,35.105003
Latvia,LVA,2020,31.873917
Latvia,LVA,2021,26.982388
Latvia,LVA,2022,30.74036
Latvia,LVA,2023,35.0576
Lebanon,LBN,2000,57.790882
Lebanon,LBN,2001,54.842308
Lebanon,LBN,2002,54.115433
Lebanon,LBN,2003,52.48449
Lebanon,LBN,2004,48.881657
Lebanon,LBN,2005,47.323395
Lebanon,LBN,2006,44.68946
Lebanon,LBN,2007,44.079563
Lebanon,LBN,2008,44.859524
Lebanon,LBN,2009,44.56974
Lebanon,LBN,2010,43.585007
Lebanon,LBN,2011,40.186607
Lebanon,LBN,2012,37.335766
Lebanon,LBN,2013,36.949814
Lebanon,LBN,2014,35.56376
Lebanon,LBN,2015,32.69744
Lebanon,LBN,2016,31.974815
Lebanon,LBN,2017,33.066124
Lebanon,LBN,2018,35.30458
Lebanon,LBN,2019,30.711319
Lebanon,LBN,2020,30.312263
Lebanon,LBN,2021,32.360115
Lebanon,LBN,2022,32.43324
Lebanon,LBN,2023,29.701263
Lesotho,LSO,2000,39.72736
Lesotho,LSO,2001,28.38722
Lesotho,LSO,2002,30.135904
Lesotho,LSO,2003,32.46589
Lesotho,LSO,2004,31.500666
Lesotho,LSO,2005,34.38765
Lesotho,LSO,2006,30.023184
Lesotho,LSO,2007,24.052
Lesotho,LSO,2008,22.014091
Lesotho,LSO,2009,19.720541
Lesotho,LSO,2010,23.460182
Lesotho,LSO,2011,18.803707
Lesotho,LSO,2012,16.890236
Lesotho,LSO,2013,13.933257
Lesotho,LSO,2014,14.190211
Lesotho,LSO,2015,15.609029
Lesotho,LSO,2016,15.837908
Lesotho,LSO,2017,15.775379
Lesotho,LSO,2018,14.499013
Lesotho,LSO,2019,7.2934985
Lesotho,LSO,2020,16.02078
Lesotho,LSO,2021,14.668181
Lesotho,LSO,2022,12.752312
Lesotho,LSO,2023,13.197084
Liberia,LBR,2000,69.602165
Liberia,LBR,2001,57.297543
Liberia,LBR,2002,53.57944
Liberia,LBR,2003,57.168137
Liberia,LBR,2004,73.49426
Liberia,LBR,2005,67.08094
Liberia,LBR,2006,64.51207
Liberia,LBR,2007,42.2231
Liberia,LBR,2008,34.844627
Liberia,LBR,2009,39.7145
Liberia,LBR,2010,42.70298
Liberia,LBR,2011,40.308147
Liberia,LBR,2012,41.802353
Liberia,LBR,2013,40.07258
Liberia,LBR,2014,44.753517
Liberia,LBR,2015,45.302074
Liberia,LBR,2016,46.754932
Liberia,LBR,2017,44.118942
Liberia,LBR,2018,42.36982
Liberia,LBR,2019,54.673748
Liberia,LBR,2020,63.21784
Liberia,LBR,2021,61.671577
Liberia,LBR,2022,62.287445
Liberia,LBR,2023,63.238876
Libya,LBY,2000,51.29111
Libya,LBY,2001,45.527943
Libya,LBY,2002,33.08924
Libya,LBY,2003,33.755135
Libya,LBY,2004,34.21351
Libya,LBY,2005,35.346718
Libya,LBY,2006,34.626987
Libya,LBY,2007,33.441864
Libya,LBY,2008,32.26568
Libya,LBY,2009,31.100632
Libya,LBY,2010,29.973637
Libya,LBY,2011,36.668285
Libya,LBY,2012,26.105135
Libya,LBY,2013,26.54751
Libya,LBY,2014,33.62598
Libya,LBY,2015,30.718023
Libya,LBY,2016,32.4947
Libya,LBY,2017,33.781406
Libya,LBY,2018,28.241064
Libya,LBY,2019,28.017159
Libya,LBY,2020,21.141352
Libya,LBY,2021,24.391142
Libya,LBY,2022,31.849491
Libya,LBY,2023,19.176579
Liechtenstein,LIE,2013,19.257418
Liechtenstein,LIE,2014,20.454414
Liechtenstein,LIE,2015,20.525337
Liechtenstein,LIE,2016,21.184153
Liechtenstein,LIE,2017,23.287756
Liechtenstein,LIE,2018,23.155231
Liechtenstein,LIE,2019,21.595394
Liechtenstein,LIE,2020,18.040571
Liechtenstein,LIE,2021,19.116463
Liechtenstein,LIE,2022,19.564714
Liechtenstein,LIE,2023,19.717192
Lithuania,LTU,2000,27.152166
Lithuania,LTU,2001,27.585394
Lithuania,LTU,2002,25.60276
Lithuania,LTU,2003,24.181492
Lithuania,LTU,2004,32.919693
Lithuania,LTU,2005,32.778767
Lithuania,LTU,2006,31.855606
Lithuania,LTU,2007,28.403994
Lithuania,LTU,2008,28.173946
Lithuania,LTU,2009,26.817081
Lithuania,LTU,2010,27.59108
Lithuania,LTU,2011,28.221281
Lithuania,LTU,2012,31.800838
Lithuania,LTU,2013,32.82087
Lithuania,LTU,2014,31.492762
Lithuania,LTU,2015,31.837122
Lithuania,LTU,2016,32.31705
Lithuania,LTU,2017,32.275517
Lithuania,LTU,2018,31.515785
Lithuania,LTU,2019,32.270226
Lithuania,LTU,2020,28.660904
Lithuania,LTU,2021,29.93124
Lithuania,LTU,2022,31.80231
Lithuania,LTU,2023,31.020164
Lithuania,LTU,2024,31.425268
Low-income countries,OWID_LIC,2000,51.929115
Low-income countries,OWID_LIC,2001,51.170425
Low-income countries,OWID_LIC,2002,52.68157
Low-income countries,OWID_LIC,2003,51.887398
Low-income countries,OWID_LIC,2004,51.016712
Low-income countries,OWID_LIC,2005,50.510334
Low-income countries,OWID_LIC,2006,52.054188
Low-income countries,OWID_LIC,2007,52.759056
Low-income countries,OWID_LIC,2008,52.769753
Low-income countries,OWID_LIC,2009,49.30176
Low-income countries,OWID_LIC,2010,49.991394
Low-income countries,OWID_LIC,2011,49.355515
Low-income countries,OWID_LIC,2012,48.822594
Low-income countries,OWID_LIC,2013,50.968113
Low-income countries,OWID_LIC,2014,48.8894
Low-income countries,OWID_LIC,2015,53.042706
Low-income countries,OWID_LIC,2016,51.09502
Low-income countries,OWID_LIC,2017,51.154247
Low-income countries,OWID_LIC,2018,51.578693
Low-income countries,OWID_LIC,2019,48.04244
Low-income countries,OWID_LIC,2020,45.76734
Low-income countries,OWID_LIC,2021,44.737007
Low-income countries,OWID_LIC,2022,45.811768
Low-income countries,OWID_LIC,2023,44.481304
Lower-middle-income countries,OWID_LMC,2000,63.00813
Lower-middle-income countries,OWID_LMC,2001,64.28842
Lower-middle-income countries,OWID_LMC,2002,63.752014
Lower-middle-income countries,OWID_LMC,2003,64.90059
Lower-middle-income countries,OWID_LMC,2004,63.275333
Lower-middle-income countries,OWID_LMC,2005,63.570152
Lower-middle-income countries,OWID_LMC,2006,62.88494
Lower-middle-income countries,OWID_LMC,2007,62.379013
Lower-middle-income countries,OWID_LMC,2008,61.229572
Lower-middle-income countries,OWID_LMC,2009,59.419483
Lower-middle-income countries,OWID_LMC,2010,59.309235
Lower-middle-income countries,OWID_LMC,2011,57.191093
Lower-middle-income countries,OWID_LMC,2012,57.099106
Lower-middle-income countries,OWID_LMC,2013,59.58154
Lower-middle-income countries,OWID_LMC,2014,58.575676
Lower-middle-income countries,OWID_LMC,2015,58.326336
Lower-middle-income countries,OWID_LMC,2016,57.84994
Lower-middle-income countries,OWID_LMC,2017,53.31532
Lower-middle-income countries,OWID_LMC,2018,52.164726
Lower-middle-income countries,OWID_LMC,2019,51.50041
Lower-middle-income countries,OWID_LMC,2020,50.162315
Lower-middle-income countries,OWID_LMC,2021,47.492035
Lower-middle-income countries,OWID_LMC,2022,47.49618
Lower-middle-income countries,OWID_LMC,2023,47.01309
Luxembourg,LUX,2000,14.250881
Luxembourg,LUX,2001,13.657677
Luxembourg,LUX,2002,13.861738
Luxembourg,LUX,2003,13.255094
Luxembourg,LUX,2004,12.775828
Luxembourg,LUX,2005,12.928187
Luxembourg,LUX,2006,13.376279
Luxembourg,LUX,2007,10.30742
Luxembourg,LUX,2008,10.061492
Luxembourg,LUX,2009,9.895284
Luxembourg,LUX,2010,10.231861
Luxembourg,LUX,2011,10.880653
Luxembourg,LUX,2012,11.46962
Luxembourg,LUX,2013,11.19934
Luxembourg,LUX,2014,11.072526
Luxembourg,LUX,2015,10.715092
Luxembourg,LUX,2016,10.744437
Luxembourg,LUX,2017,10.661264
Luxembourg,LUX,2018,10.435675
Luxembourg,LUX,2019,9.587717
Luxembourg,LUX,2020,8.387291
Luxembourg,LUX,2021,8.798368
Luxembourg,LUX,2022,8.667784
Luxembourg,LUX,2023,8.773909
Luxembourg,LUX,2024,8.504573
Madagascar,MDG,2000,43.315556
Madagascar,MDG,2001,38.77468
Madagascar,MDG,2002,37.577427
Madagascar,MDG,2003,34.528923
Madagascar,MDG,2004,30.581583
Madagascar,MDG,2005,33.02707
Madagascar,MDG,2006,31.653635
Madagascar,MDG,2007,32.6549
Madagascar,MDG,2008,37.189007
Madagascar,MDG,2009,37.655552
Madagascar,MDG,2010,36.150406
Madagascar,MDG,2011,27.973309
Madagascar,MDG,2012,32.48873
Madagascar,MDG,2013,35.588337
Madagascar,MDG,2014,28.166916
Madagascar,MDG,2015,25.17294
Madagascar,MDG,2016,23.057566
Madagascar,MDG,2017,25.634521
Madagascar,MDG,2018,29.327694
Madagascar,MDG,2019,34.22468
Madagascar,MDG,2020,30.938416
Madagascar,MDG,2021,32.71158
Madagascar,MDG,2022,30.419086
Madagascar,MDG,2023,27.422096
Malawi,MWI,2000,16.762981
Malawi,MWI,2001,18.547132
Malawi,MWI,2002,14.989927
Malawi,MWI,2003,12.070897
Malawi,MWI,2004,9.699927
Malawi,MWI,2005,9.099817
Malawi,MWI,2006,8.924166
Malawi,MWI,2007,11.715225
Malawi,MWI,2008,10.370281
Malawi,MWI,2009,11.235611
Malawi,MWI,2010,10.927723
Malawi,MWI,2011,8.961643
Malawi,MWI,2012,10.241626
Malawi,MWI,2013,6.705963
Malawi,MWI,2014,8.182888
Malawi,MWI,2015,10.981896
Malawi,MWI,2016,12.414959
Malawi,MWI,2017,12.69519
Malawi,MWI,2018,12.801203
Malawi,MWI,2019,11.854196
Malawi,MWI,2020,12.507552
Malawi,MWI,2021,11.536899
Malawi,MWI,2022,12.584896
Malawi,MWI,2023,12.002869
Malaysia,MYS,2000,40.70201
Malaysia,MYS,2001,35.693123
Malaysia,MYS,2002,34.644497
Malaysia,MYS,2003,34.49883
Malaysia,MYS,2004,36.10705
Malaysia,MYS,2005,38.0438
Malaysia,MYS,2006,34.73174
Malaysia,MYS,2007,35.12305
Malaysia,MYS,2008,35.536026
Malaysia,MYS,2009,32.191563
Malaysia,MYS,2010,34.1167
Malaysia,MYS,2011,34.012707
Malaysia,MYS,2012,33.037975
Malaysia,MYS,2013,33.669086
Malaysia,MYS,2014,33.04467
Malaysia,MYS,2015,33.707493
Malaysia,MYS,2016,35.948456
Malaysia,MYS,2017,35.934402
Malaysia,MYS,2018,36.640583
Malaysia,MYS,2019,36.062656
Malaysia,MYS,2020,34.2464
Malaysia,MYS,2021,32.08135
Malaysia,MYS,2022,37.871056
Malaysia,MYS,2023,37.09352
Maldives,MDV,2000,62.994312
Maldives,MDV,2001,57.463917
Maldives,MDV,2002,51.88086
Maldives,MDV,2003,53.809593
Maldives,MDV,2004,59.50085
Maldives,MDV,2005,55.65866
Maldives,MDV,2006,49.921783
Maldives,MDV,2007,47.22499
Maldives,MDV,2008,33.100243
Maldives,MDV,2009,34.3166
Maldives,MDV,2010,40.079784
Maldives,MDV,2011,39.687298
Maldives,MDV,2012,32.188293
Maldives,MDV,2013,32.28969
Maldives,MDV,2014,28.11689
Maldives,MDV,2015,19.452291
Maldives,MDV,2016,18.934925
Maldives,MDV,2017,20.585186
Maldives,MDV,2018,19.779842
Maldives,MDV,2019,17.463621
Maldives,MDV,2020,16.907932
Maldives,MDV,2021,17.115177
Maldives,MDV,2022,20.273268
Maldives,MDV,2023,18.048853
Mali,MLI,2000,68.81686
Mali,MLI,2001,67.79321
Mali,MLI,2002,61.75135
Mali,MLI,2003,61.201935
Mali,MLI,2004,55.612995
Mali,MLI,2005,57.018227
Mali,MLI,2006,56.742867
Mali,MLI,2007,61.347298
Mali,MLI,2008,63.221992
Mali,MLI,2009,61.83517
Mali,MLI,2010,56.266
Mali,MLI,2011,50.00246
Mali,MLI,2012,44.743607
Mali,MLI,2013,34.849396
Mali,MLI,2014,33.551174
Mali,MLI,2015,34.171246
Mali,MLI,2016,35.750557
Mali,MLI,2017,37.50244
Mali,MLI,2018,32.553547
Mali,MLI,2019,31.079233
Mali,MLI,2020,44.73706
Mali,MLI,2021,44.094025
Mali,MLI,2022,50.84737
Mali,MLI,2023,47.22995
Malta,MLT,2000,26.373627
Malta,MLT,2001,29.666666
Malta,MLT,2002,28.735632
Malta,MLT,2003,28.83598
Malta,MLT,2004,28.172588
Malta,MLT,2005,28.85906
Malta,MLT,2006,29.62185
Malta,MLT,2007,31.078224
Malta,MLT,2008,32.991802
Malta,MLT,2009,32.45968
Malta,MLT,2010,33.02583
Malta,MLT,2011,33.16239
Malta,MLT,2012,32.090763
Malta,MLT,2013,30.222221
Malta,MLT,2014,36.46776
Malta,MLT,2015,37.21008
Malta,MLT,2016,35.127964
Malta,MLT,2017,35.22464
Malta,MLT,2018,34.295643
Malta,MLT,2019,34.131077
Malta,MLT,2020,30.30361
Malta,MLT,2021,29.668598
Malta,MLT,2022,30.023075
Malta,MLT,2023,30.92566
Marshall Islands,MHL,2000,1.423102
Marshall Islands,MHL,2001,1.6824542
Marshall Islands,MHL,2002,1.5842172
Marshall Islands,MHL,2003,1.4504408
Marshall Islands,MHL,2004,1.4607246
Marshall Islands,MHL,2005,1.1557691
Marshall Islands,MHL,2006,0.9149703
Marshall Islands,MHL,2007,1.2396241
Marshall Islands,MHL,2008,1.0981549
Marshall Islands,MHL,2009,1.0648742
Marshall Islands,MHL,2010,1.0729141
Marshall Islands,MHL,2011,1.6568453
Marshall Islands,MHL,2012,1.5775326
Marshall Islands,MHL,2013,1.5455575
Marshall Islands,MHL,2014,1.503511
Marshall Islands,MHL,2015,1.2195055
Marshall Islands,MHL,2016,1.153163
Marshall Islands,MHL,2017,1.4396071
Marshall Islands,MHL,2018,1.1786281
Marshall Islands,MHL,2019,1.1246551
Marshall Islands,MHL,2020,1.3037374
Marshall Islands,MHL,2021,1.1932762
Marshall Islands,MHL,2022,1.0358621
Marshall Islands,MHL,2023,1.0529476
Mauritania,MRT,2000,77.82102
Mauritania,MRT,2001,77.12585
Mauritania,MRT,2002,69.984665
Mauritania,MRT,2003,68.3899
Mauritania,MRT,2004,70.4869
Mauritania,MRT,2005,67.13424
Mauritania,MRT,2006,68.15977
Mauritania,MRT,2007,65.29891
Mauritania,MRT,2008,60.940376
Mauritania,MRT,2009,62.765156
Mauritania,MRT,2010,62.63609
Mauritania,MRT,2011,58.37606
Mauritania,MRT,2012,55.427998
Mauritania,MRT,2013,50.20852
Mauritania,MRT,2014,47.620827
Mauritania,MRT,2015,47.741985
Mauritania,MRT,2016,55.74466
Mauritania,MRT,2017,54.06333
Mauritania,MRT,2018,64.94997
Mauritania,MRT,2019,60.293015
Mauritania,MRT,2020,61.513184
Mauritania,MRT,2021,48.19107
Mauritania,MRT,2022,41.7148
Mauritania,MRT,2023,43.77367
Mauritius,MUS,2000,44.00007
Mauritius,MUS,2001,43.81983
Mauritius,MUS,2002,44.871647
Mauritius,MUS,2003,45.322186
Mauritius,MUS,2004,43.422867
Mauritius,MUS,2005,49.588108
Mauritius,MUS,2006,52.912994
Mauritius,MUS,2007,55.80852
Mauritius,MUS,2008,61.84155
Mauritius,MUS,2009,58.37334
Mauritius,MUS,2010,52.316856
Mauritius,MUS,2011,53.071533
Mauritius,MUS,2012,51.613182
Mauritius,MUS,2013,53.180347
Mauritius,MUS,2014,50.180244
Mauritius,MUS,2015,49.57673
Mauritius,MUS,2016,48.160778
Mauritius,MUS,2017,47.39694
Mauritius,MUS,2018,46.91961
Mauritius,MUS,2019,47.126377
Mauritius,MUS,2020,43.584663
Mauritius,MUS,2021,40.416744
Mauritius,MUS,2022,44.01315
Mauritius,MUS,2023,45.242706
Mexico,MEX,2000,52.223644
Mexico,MEX,2001,53.428387
Mexico,MEX,2002,54.359333
Mexico,MEX,2003,55.66365
Mexico,MEX,2004,53.6927
Mexico,MEX,2005,54.589554
Mexico,MEX,2006,53.763947
Mexico,MEX,2007,52.497154
Mexico,MEX,2008,48.595856
Mexico,MEX,2009,47.35384
Mexico,MEX,2010,43.508766
Mexico,MEX,2011,40.73421
Mexico,MEX,2012,40.64141
Mexico,MEX,2013,39.879066
Mexico,MEX,2014,40.872025
Mexico,MEX,2015,41.043774
Mexico,MEX,2016,41.372223
Mexico,MEX,2017,41.788364
Mexico,MEX,2018,42.3094
Mexico,MEX,2019,42.282192
Mexico,MEX,2020,38.76134
Mexico,MEX,2021,41.37072
Mexico,MEX,2022,39.089664
Mexico,MEX,2023,41.23573
Micronesia (country),FSM,2000,4.8194547
Micronesia (country),FSM,2001,4.811159
Micronesia (country),FSM,2002,5.411477
Micronesia (country),FSM,2003,4.894929
Micronesia (country),FSM,2004,4.3500524
Micronesia (country),FSM,2005,3.2027624
Micronesia (country),FSM,2006,5.0308614
Micronesia (country),FSM,2007,4.466363
Micronesia (country),FSM,2008,4.0992694
Micronesia (country),FSM,2009,3.7497375
Micronesia (country),FSM,2010,3.2335317
Micronesia (country),FSM,2011,3.0252194
Micronesia (country),FSM,2012,2.884987
Micronesia (country),FSM,2013,2.7265913
Micronesia (country),FSM,2014,2.6256003
Micronesia (country),FSM,2015,2.6272182
Micronesia (country),FSM,2016,2.395603
Micronesia (country),FSM,2017,2.5538812
Micronesia (country),FSM,2018,2.685967
Micronesia (country),FSM,2019,2.6948931
Micronesia (country),FSM,2020,2.6677747
Micronesia (country),FSM,2021,2.8098242
Micronesia (country),FSM,2022,2.6266422
Micronesia (country),FSM,2023,2.5810564
"Middle East, North Africa, Afghanistan and Pakistan (WB)",WB_MENAP,2000,39.358387
"Middle East, North Africa, Afghanistan and Pakistan (WB)",WB_MENAP,2001,38.424683
"Middle East, North Africa, Afghanistan and Pakistan (WB)",WB_MENAP,2002,38.29613
"Middle East, North Africa, Afghanistan and Pakistan (WB)",WB_MENAP,2003,38.384068
"Middle East, North Africa, Afghanistan and Pakistan (WB)",WB_MENAP,2004,39.028244
"Middle East, North Africa, Afghanistan and Pakistan (WB)",WB_MENAP,2005,39.62661
"Middle East, North Africa, Afghanistan and Pakistan (WB)",WB_MENAP,2006,38.221653
"Middle East, North Africa, Afghanistan and Pakistan (WB)",WB_MENAP,2007,38.65421
"Middle East, North Africa, Afghanistan and Pakistan (WB)",WB_MENAP,2008,38.344475
"Middle East, North Africa, Afghanistan and Pakistan (WB)",WB_MENAP,2009,37.532406
"Middle East, North Africa, Afghanistan and Pakistan (WB)",WB_MENAP,2010,39.086422
"Middle East, North Africa, Afghanistan and Pakistan (WB)",WB_MENAP,2011,37.30092
"Middle East, North Africa, Afghanistan and Pakistan (WB)",WB_MENAP,2012,36.710514
"Middle East, North Africa, Afghanistan and Pakistan (WB)",WB_MENAP,2013,33.44316
"Middle East, North Africa, Afghanistan and Pakistan (WB)",WB_MENAP,2014,31.426155
"Middle East, North Africa, Afghanistan and Pakistan (WB)",WB_MENAP,2015,32.683956
"Middle East, North Africa, Afghanistan and Pakistan (WB)",WB_MENAP,2016,30.849108
"Middle East, North Africa, Afghanistan and Pakistan (WB)",WB_MENAP,2017,29.759052
"Middle East, North Africa, Afghanistan and Pakistan (WB)",WB_MENAP,2018,30.845995
"Middle East, North Africa, Afghanistan and Pakistan (WB)",WB_MENAP,2019,29.132605
"Middle East, North Africa, Afghanistan and Pakistan (WB)",WB_MENAP,2020,27.643843
"Middle East, North Africa, Afghanistan and Pakistan (WB)",WB_MENAP,2021,26.858646
"Middle East, North Africa, Afghanistan and Pakistan (WB)",WB_MENAP,2022,28.85153
"Middle East, North Africa, Afghanistan and Pakistan (WB)",WB_MENAP,2023,28.253849
Moldova,MDA,2000,47.172565
Moldova,MDA,2001,51.941223
Moldova,MDA,2002,46.51904
Moldova,MDA,2003,48.306805
Moldova,MDA,2004,38.17025
Moldova,MDA,2005,42.76385
Moldova,MDA,2006,46.451584
Moldova,MDA,2007,45.09948
Moldova,MDA,2008,48.42182
Moldova,MDA,2009,45.57893
Moldova,MDA,2010,40.43186
Moldova,MDA,2011,44.79645
Moldova,MDA,2012,42.21785
Moldova,MDA,2013,42.57613
Moldova,MDA,2014,38.3488
Moldova,MDA,2015,46.18741
Moldova,MDA,2016,46.291897
Moldova,MDA,2017,43.63448
Moldova,MDA,2018,40.02739
Moldova,MDA,2019,35.693703
Moldova,MDA,2020,30.926271
Moldova,MDA,2021,29.415901
Moldova,MDA,2022,31.710207
Moldova,MDA,2023,27.468853
Monaco,MCO,2000,7.012195
Monaco,MCO,2001,6.940825
Monaco,MCO,2002,6.827857
Monaco,MCO,2003,5.893262
Monaco,MCO,2004,5.749494
Monaco,MCO,2005,5.804803
Monaco,MCO,2006,6.093975
Monaco,MCO,2007,6.8495264
Monaco,MCO,2008,6.434482
Monaco,MCO,2009,5.5075774
Monaco,MCO,2010,5.379522
Monaco,MCO,2011,5.7160325
Monaco,MCO,2012,5.553624
Monaco,MCO,2013,5.759263
Monaco,MCO,2014,5.906437
Monaco,MCO,2015,6.059357
Monaco,MCO,2016,6.375855
Monaco,MCO,2017,6.2909474
Monaco,MCO,2018,6.480304
Monaco,MCO,2019,6.7107177
Monaco,MCO,2020,6.015109
Monaco,MCO,2021,6.918302
Monaco,MCO,2022,7.653332
Monaco,MCO,2023,8.453581
Mongolia,MNG,2000,18.512215
Mongolia,MNG,2001,20.770065
Mongolia,MNG,2002,20.993797
Mongolia,MNG,2003,23.92341
Mongolia,MNG,2004,24.662497
Mongolia,MNG,2005,31.496456
Mongolia,MNG,2006,25.555698
Mongolia,MNG,2007,23.281063
Mongolia,MNG,2008,21.424644
Mongolia,MNG,2009,22.759476
Mongolia,MNG,2010,28.055048
Mongolia,MNG,2011,32.003902
Mongolia,MNG,2012,31.50933
Mongolia,MNG,2013,37.099575
Mongolia,MNG,2014,34.675793
Mongolia,MNG,2015,36.375256
Mongolia,MNG,2016,34.817684
Mongolia,MNG,2017,38.04784
Mongolia,MNG,2018,43.9399
Mongolia,MNG,2019,43.107784
Mongolia,MNG,2020,43.710804
Mongolia,MNG,2021,30.870663
Mongolia,MNG,2022,38.948185
Mongolia,MNG,2023,48.799194
Montenegro,MNE,2011,38.801323
Montenegro,MNE,2012,35.91405
Montenegro,MNE,2013,42.077175
Montenegro,MNE,2014,39.115192
Montenegro,MNE,2015,37.725548
Montenegro,MNE,2016,38.233486
Montenegro,MNE,2017,42.16569
Montenegro,MNE,2018,39.610855
Montenegro,MNE,2019,38.55629
Montenegro,MNE,2020,36.549625
Montenegro,MNE,2021,38.08447
Montenegro,MNE,2022,25.470078
Montenegro,MNE,2023,26.33176
Morocco,MAR,2000,53.865814
Morocco,MAR,2001,53.254425
Morocco,MAR,2002,53.84698
Morocco,MAR,2003,56.205307
Morocco,MAR,2004,57.375584
Morocco,MAR,2005,59.656033
Morocco,MAR,2006,58.748814
Morocco,MAR,2007,57.183052
Morocco,MAR,2008,56.413227
Morocco,MAR,2009,54.498333
Morocco,MAR,2010,55.612732
Morocco,MAR,2011,54.24004
Morocco,MAR,2012,52.745853
Morocco,MAR,2013,51.667267
Morocco,MAR,2014,49.156292
Morocco,MAR,2015,48.95444
Morocco,MAR,2016,48.846786
Morocco,MAR,2017,47.965675
Morocco,MAR,2018,46.985275
Morocco,MAR,2019,46.55797
Morocco,MAR,2020,43.40781
Morocco,MAR,2021,41.7953
Morocco,MAR,2022,40.544327
Morocco,MAR,2023,37.25433
Mozambique,MOZ,2000,38.881176
Mozambique,MOZ,2001,26.687618
Mozambique,MOZ,2002,27.982416
Mozambique,MOZ,2003,21.215063
Mozambique,MOZ,2004,15.606307
Mozambique,MOZ,2005,12.318475
Mozambique,MOZ,2006,12.746886
Mozambique,MOZ,2007,12.019497
Mozambique,MOZ,2008,11.203375
Mozambique,MOZ,2009,8.2377615
Mozambique,MOZ,2010,7.112119
Mozambique,MOZ,2011,6.7195387
Mozambique,MOZ,2012,5.5548296
Mozambique,MOZ,2013,8.017043
Mozambique,MOZ,2014,10.424459
Mozambique,MOZ,2015,11.261486
Mozambique,MOZ,2016,10.539092
Mozambique,MOZ,2017,9.686149
Mozambique,MOZ,2018,9.326228
Mozambique,MOZ,2019,9.710029
Mozambique,MOZ,2020,10.306671
Mozambique,MOZ,2021,9.446197
Mozambique,MOZ,2022,10.40334
Mozambique,MOZ,2023,10.370666
Myanmar,MMR,2000,85.65581
Myanmar,MMR,2001,85.89757
Myanmar,MMR,2002,82.234665
Myanmar,MMR,2003,83.16689
Myanmar,MMR,2004,78.8847
Myanmar,MMR,2005,82.502594
Myanmar,MMR,2006,75.01603
Myanmar,MMR,2007,82.16392
Myanmar,MMR,2008,82.45877
Myanmar,MMR,2009,82.2685
Myanmar,MMR,2010,80.74466
Myanmar,MMR,2011,77.278885
Myanmar,MMR,2012,76.70022
Myanmar,MMR,2013,72.231445
Myanmar,MMR,2014,66.03541
Myanmar,MMR,2015,70.450035
Myanmar,MMR,2016,76.67273
Myanmar,MMR,2017,75.68733
Myanmar,MMR,2018,76.44636
Myanmar,MMR,2019,76.56387
Myanmar,MMR,2020,72.57281
Myanmar,MMR,2021,54.101456
Myanmar,MMR,2022,65.136635
Myanmar,MMR,2023,71.12589
Namibia,NAM,2000,6.5339417
Namibia,NAM,2001,6.674341
Namibia,NAM,2002,6.3394322
Namibia,NAM,2003,6.6059546
Namibia,NAM,2004,6.021077
Namibia,NAM,2005,5.7692795
Namibia,NAM,2006,5.599425
Namibia,NAM,2007,5.446372
Namibia,NAM,2008,6.409215
Namibia,NAM,2009,7.758146
Namibia,NAM,2010,8.494792
Namibia,NAM,2011,9.327079
Namibia,NAM,2012,9.90652
Namibia,NAM,2013,8.883727
Namibia,NAM,2014,9.036887
Namibia,NAM,2015,7.32915
Namibia,NAM,2016,7.7120857
Namibia,NAM,2017,7.8055944
Namibia,NAM,2018,7.783559
Namibia,NAM,2019,7.5268545
Namibia,NAM,2020,6.9685664
Namibia,NAM,2021,7.280518
Namibia,NAM,2022,7.5487003
Namibia,NAM,2023,7.49171
Nauru,NRU,2000,2.5520744
Nauru,NRU,2001,3.02829
Nauru,NRU,2002,3.8029823
Nauru,NRU,2003,4.878826
Nauru,NRU,2004,7.210088
Nauru,NRU,2005,4.4282002
Nauru,NRU,2006,3.9536474
Nauru,NRU,2007,2.301413
Nauru,NRU,2008,2.1909971
Nauru,NRU,2009,3.1048422
Nauru,NRU,2010,2.4182124
Nauru,NRU,2011,1.9165732
Nauru,NRU,2012,0.78191185
Nauru,NRU,2013,1.0769612
Nauru,NRU,2014,1.3560463
Nauru,NRU,2015,1.0761095
Nauru,NRU,2016,1.1345631
Nauru,NRU,2017,0.88470006
Nauru,NRU,2018,0.7464708
Nauru,NRU,2019,0.8031395
Nauru,NRU,2020,0.7779961
Nauru,NRU,2021,0.6782371
Nauru,NRU,2022,0.4679161
Nauru,NRU,2023,0.73174924
Nepal,NPL,2000,55.78205
Nepal,NPL,2001,51.26502
Nepal,NPL,2002,51.956196
Nepal,NPL,2003,53.80938
Nepal,NPL,2004,51.602844
Nepal,NPL,2005,49.217957
Nepal,NPL,2006,42.501873
Nepal,NPL,2007,60.961533
Nepal,NPL,2008,61.62509
Nepal,NPL,2009,57.623226
Nepal,NPL,2010,56.20389
Nepal,NPL,2011,58.37967
Nepal,NPL,2012,56.07543
Nepal,NPL,2013,63.53344
Nepal,NPL,2014,60.047535
Nepal,NPL,2015,59.43524
Nepal,NPL,2016,55.440067
Nepal,NPL,2017,57.37548
Nepal,NPL,2018,57.725033
Nepal,NPL,2019,57.91313
Nepal,NPL,2020,54.17097
Nepal,NPL,2021,53.12566
Nepal,NPL,2022,55.424488
Nepal,NPL,2023,59.388275
Netherlands,NLD,2000,11.031692
Netherlands,NLD,2001,10.466823
Netherlands,NLD,2002,9.812201
Netherlands,NLD,2003,9.605323
Netherlands,NLD,2004,9.960184
Netherlands,NLD,2005,9.885856
Netherlands,NLD,2006,8.327053
Netherlands,NLD,2007,7.8889623
Netherlands,NLD,2008,9.923715
Netherlands,NLD,2009,9.069507
Netherlands,NLD,2010,9.095671
Netherlands,NLD,2011,9.482383
Netherlands,NLD,2012,10.090676
Netherlands,NLD,2013,11.534885
Netherlands,NLD,2014,11.587565
Netherlands,NLD,2015,11.286428
Netherlands,NLD,2016,11.286428
Netherlands,NLD,2017,11.048864
Netherlands,NLD,2018,10.791329
Netherlands,NLD,2019,10.423666
Netherlands,NLD,2020,9.279746
Netherlands,NLD,2021,10.908194
Netherlands,NLD,2022,11.934878
Netherlands,NLD,2023,12.033994
Netherlands,NLD,2024,11.787723
New Zealand,NZL,2000,15.361595
New Zealand,NZL,2001,16.98616
New Zealand,NZL,2002,16.056675
New Zealand,NZL,2003,15.3791
New Zealand,NZL,2004,14.106706
New Zealand,NZL,2005,14.070144
New Zealand,NZL,2006,13.838434
New Zealand,NZL,2007,11.453699
New Zealand,NZL,2008,12.877434
New Zealand,NZL,2009,12.042752
New Zealand,NZL,2010,11.789774
New Zealand,NZL,2011,11.745325
New Zealand,NZL,2012,11.836171
New Zealand,NZL,2013,11.85922
New Zealand,NZL,2014,12.841145
New Zealand,NZL,2015,13.80066
New Zealand,NZL,2016,14.610116
New Zealand,NZL,2017,14.548635
New Zealand,NZL,2018,14.571501
New Zealand,NZL,2019,14.404045
New Zealand,NZL,2020,14.192854
New Zealand,NZL,2021,13.565477
New Zealand,NZL,2022,11.926263
New Zealand,NZL,2023,12.595475
New Zealand,NZL,2024,12.68764
Nicaragua,NIC,2000,43.88297
Nicaragua,NIC,2001,40.382755
Nicaragua,NIC,2002,45.29
Nicaragua,NIC,2003,38.68911
Nicaragua,NIC,2004,41.556572
Nicaragua,NIC,2005,39.16899
Nicaragua,NIC,2006,41.984314
Nicaragua,NIC,2007,41.94469
Nicaragua,NIC,2008,40.908577
Nicaragua,NIC,2009,38.318268
Nicaragua,NIC,2010,37.489132
Nicaragua,NIC,2011,37.830975
Nicaragua,NIC,2012,37.636227
Nicaragua,NIC,2013,36.895576
Nicaragua,NIC,2014,35.330105
Nicaragua,NIC,2015,35.39279
Nicaragua,NIC,2016,35.015755
Nicaragua,NIC,2017,33.843582
Nicaragua,NIC,2018,33.159462
Nicaragua,NIC,2019,33.217613
Nicaragua,NIC,2020,32.27202
Nicaragua,NIC,2021,30.816816
Nicaragua,NIC,2022,35.684185
Nicaragua,NIC,2023,37.63333
Niger,NER,2000,60.33108
Niger,NER,2001,60.25552
Niger,NER,2002,59.451786
Niger,NER,2003,61.08286
Niger,NER,2004,59.833546
Niger,NER,2005,51.344463
Niger,NER,2006,49.88719
Niger,NER,2007,53.65877
Niger,NER,2008,52.612034
Niger,NER,2009,53.667995
Niger,NER,2010,55.533787
Niger,NER,2011,57.737446
Niger,NER,2012,60.806496
Niger,NER,2013,56.543682
Niger,NER,2014,54.67354
Niger,NER,2015,51.68565
Niger,NER,2016,58.510403
Niger,NER,2017,48.31372
Niger,NER,2018,48.96119
Niger,NER,2019,46.09529
Niger,NER,2020,43.5486
Niger,NER,2021,42.5277
Niger,NER,2022,40.34075
Niger,NER,2023,51.48023
Nigeria,NGA,2000,60.162067
Nigeria,NGA,2001,60.74782
Nigeria,NGA,2002,65.04916
Nigeria,NGA,2003,72.81436
Nigeria,NGA,2004,64.547874
Nigeria,NGA,2005,65.97051
Nigeria,NGA,2006,70.4588
Nigeria,NGA,2007,70.937546
Nigeria,NGA,2008,72.756935
Nigeria,NGA,2009,74.47494
Nigeria,NGA,2010,76.87749
Nigeria,NGA,2011,74.72514
Nigeria,NGA,2012,72.84433
Nigeria,NGA,2013,70.926735
Nigeria,NGA,2014,71.854195
Nigeria,NGA,2015,71.890076
Nigeria,NGA,2016,75.187035
Nigeria,NGA,2017,77.38787
Nigeria,NGA,2018,75.94579
Nigeria,NGA,2019,71.497025
Nigeria,NGA,2020,74.67578
Nigeria,NGA,2021,76.24337
Nigeria,NGA,2022,75.73786
Nigeria,NGA,2023,71.904816
North America (WB),WB_NA,2000,15.185478
North America (WB),WB_NA,2001,14.4819975
North America (WB),WB_NA,2002,14.393837
North America (WB),WB_NA,2003,14.20107
North America (WB),WB_NA,2004,14.038907
North America (WB),WB_NA,2005,13.989573
North America (WB),WB_NA,2006,13.804193
North America (WB),WB_NA,2007,13.718264
North America (WB),WB_NA,2008,13.492839
North America (WB),WB_NA,2009,12.796862
North America (WB),WB_NA,2010,12.583121
North America (WB),WB_NA,2011,12.516305
North America (WB),WB_NA,2012,12.5173435
North America (WB),WB_NA,2013,12.435027
North America (WB),WB_NA,2014,12.1438675
North America (WB),WB_NA,2015,11.909651
North America (WB),WB_NA,2016,11.829312
North America (WB),WB_NA,2017,11.58321
North America (WB),WB_NA,2018,11.543245
North America (WB),WB_NA,2019,11.520008
North America (WB),WB_NA,2020,10.254697
North America (WB),WB_NA,2021,10.930365
North America (WB),WB_NA,2022,11.182136
North America (WB),WB_NA,2023,11.140667
North Macedonia,MKD,2000,42.08674
North Macedonia,MKD,2001,42.382843
North Macedonia,MKD,2002,42.570026
North Macedonia,MKD,2003,43.790195
North Macedonia,MKD,2004,42.532658
North Macedonia,MKD,2005,41.238457
North Macedonia,MKD,2006,37.000057
North Macedonia,MKD,2007,37.285805
North Macedonia,MKD,2008,32.029293
North Macedonia,MKD,2009,34.79014
North Macedonia,MKD,2010,37.788635
North Macedonia,MKD,2011,35.79779
North Macedonia,MKD,2012,35.243744
North Macedonia,MKD,2013,33.707165
North Macedonia,MKD,2014,34.97662
North Macedonia,MKD,2015,34.261932
North Macedonia,MKD,2016,35.320015
North Macedonia,MKD,2017,41.042145
North Macedonia,MKD,2018,41.233173
North Macedonia,MKD,2019,39.088062
North Macedonia,MKD,2020,38.871906
North Macedonia,MKD,2021,41.73991
North Macedonia,MKD,2022,40.215607
North Macedonia,MKD,2023,39.572056
Norway,NOR,2000,17.94157
Norway,NOR,2001,16.956865
Norway,NOR,2002,16.825384
Norway,NOR,2003,16.5988
Norway,NOR,2004,16.762142
Norway,NOR,2005,16.714132
Norway,NOR,2006,16.452549
Norway,NOR,2007,16.072174
Norway,NOR,2008,15.656921
Norway,NOR,2009,15.254483
Norway,NOR,2010,15.046472
Norway,NOR,2011,15.209827
Norway,NOR,2012,14.800081
Norway,NOR,2013,14.594196
Norway,NOR,2014,14.378532
Norway,NOR,2015,14.14277
Norway,NOR,2016,14.270999
Norway,NOR,2017,14.511926
Norway,NOR,2018,13.968634
Norway,NOR,2019,13.918727
Norway,NOR,2020,13.787627
Norway,NOR,2021,13.85256
Norway,NOR,2022,14.07543
Norway,NOR,2023,13.687248
Oman,OMN,2000,11.7495165
Oman,OMN,2001,11.267133
Oman,OMN,2002,10.14919
Oman,OMN,2003,10.577152
Oman,OMN,2004,11.150682
Oman,OMN,2005,10.546917
Oman,OMN,2006,11.477663
Oman,OMN,2007,11.269731
Oman,OMN,2008,12.449211
Oman,OMN,2009,11.497238
Oman,OMN,2010,10.407288
Oman,OMN,2011,10.839274
Oman,OMN,2012,10.244285
Oman,OMN,2013,6.970319
Oman,OMN,2014,5.6840796
Oman,OMN,2015,5.301489
Oman,OMN,2016,5.5604978
Oman,OMN,2017,5.936875
Oman,OMN,2018,6.496743
Oman,OMN,2019,5.961347
Oman,OMN,2020,5.2075086
Oman,OMN,2021,5.4690075
Oman,OMN,2022,6.9029236
Oman,OMN,2023,6.310946
Pakistan,PAK,2000,57.34227
Pakistan,PAK,2001,55.7931
Pakistan,PAK,2002,50.964855
Pakistan,PAK,2003,60.464455
Pakistan,PAK,2004,60.750313
Pakistan,PAK,2005,65.86717
Pakistan,PAK,2006,72.83744
Pakistan,PAK,2007,71.698746
Pakistan,PAK,2008,69.98926
Pakistan,PAK,2009,67.87589
Pakistan,PAK,2010,67.75834
Pakistan,PAK,2011,65.348015
Pakistan,PAK,2012,61.156578
Pakistan,PAK,2013,62.74439
Pakistan,PAK,2014,65.50695
Pakistan,PAK,2015,64.43975
Pakistan,PAK,2016,62.127995
Pakistan,PAK,2017,57.842426
Pakistan,PAK,2018,56.241158
Pakistan,PAK,2019,56.08301
Pakistan,PAK,2020,55.239006
Pakistan,PAK,2021,50.67524
Pakistan,PAK,2022,47.365227
Pakistan,PAK,2023,52.93232
Palau,PLW,2000,16.165861
Palau,PLW,2001,16.895285
Palau,PLW,2002,18.531704
Palau,PLW,2003,18.009989
Palau,PLW,2004,15.580708
Palau,PLW,2005,16.554937
Palau,PLW,2006,17.626146
Palau,PLW,2007,18.049994
Palau,PLW,2008,19.403172
Palau,PLW,2009,19.58942
Palau,PLW,2010,17.699787
Palau,PLW,2011,18.507088
Palau,PLW,2012,16.618252
Palau,PLW,2013,16.001574
Palau,PLW,2014,15.692456
Palau,PLW,2015,17.252346
Palau,PLW,2016,17.15131
Palau,PLW,2017,16.955313
Palau,PLW,2018,16.548075
Palau,PLW,2019,14.830932
Palau,PLW,2020,16.091785
Palau,PLW,2021,16.080065
Palau,PLW,2022,16.315079
Palau,PLW,2023,12.102233
Palestine,PSE,2000,38.5
Palestine,PSE,2001,40
Palestine,PSE,2002,36
Palestine,PSE,2003,40.3
Palestine,PSE,2004,36.2
Palestine,PSE,2005,37
Palestine,PSE,2006,41.3
Palestine,PSE,2007,37.3
Palestine,PSE,2008,35.8
Palestine,PSE,2009,39.2
Palestine,PSE,2010,36
Palestine,PSE,2011,44.6
Palestine,PSE,2012,43.8
Palestine,PSE,2013,42.7
Palestine,PSE,2014,44.4
Palestine,PSE,2015,44.8
Palestine,PSE,2016,42.7
Palestine,PSE,2017,41.73206
Palestine,PSE,2018,39.495083
Palestine,PSE,2019,38.696575
Palestine,PSE,2020,38.39196
Palestine,PSE,2021,33.39273
Palestine,PSE,2022,33.552303
Palestine,PSE,2023,42.071693
Panama,PAN,2000,30.71383
Panama,PAN,2001,31.895
Panama,PAN,2002,32.603397
Panama,PAN,2003,33.06432
Panama,PAN,2004,32.353092
Panama,PAN,2005,35.80376
Panama,PAN,2006,33.34239
Panama,PAN,2007,29.960402
Panama,PAN,2008,29.216572
Panama,PAN,2009,29.720888
Panama,PAN,2010,31.440285
Panama,PAN,2011,34.16368
Panama,PAN,2012,34.784954
Panama,PAN,2013,32.277416
Panama,PAN,2014,31.79924
Panama,PAN,2015,33.036446
Panama,PAN,2016,32.698196
Panama,PAN,2017,31.91596
Panama,PAN,2018,35.704388
Panama,PAN,2019,37.619175
Panama,PAN,2020,39.598656
Panama,PAN,2021,37.331688
Panama,PAN,2022,40.873367
Panama,PAN,2023,40.455032
Papua New Guinea,PNG,2000,9.442844
Papua New Guinea,PNG,2001,8.865389
Papua New Guinea,PNG,2002,8.749375
Papua New Guinea,PNG,2003,8.782978
Papua New Guinea,PNG,2004,8.475083
Papua New Guinea,PNG,2005,8.195516
Papua New Guinea,PNG,2006,8.107342
Papua New Guinea,PNG,2007,7.7815046
Papua New Guinea,PNG,2008,8.69523
Papua New Guinea,PNG,2009,10.39127
Papua New Guinea,PNG,2010,12.283682
Papua New Guinea,PNG,2011,12.239906
Papua New Guinea,PNG,2012,9.220928
Papua New Guinea,PNG,2013,6.572433
Papua New Guinea,PNG,2014,5.9552546
Papua New Guinea,PNG,2015,12.368961
Papua New Guinea,PNG,2016,10.14459
Papua New Guinea,PNG,2017,8.998545
Papua New Guinea,PNG,2018,9.5995455
Papua New Guinea,PNG,2019,9.527101
Papua New Guinea,PNG,2020,10.424094
Papua New Guinea,PNG,2021,10.354478
Papua New Guinea,PNG,2022,9.25386
Papua New Guinea,PNG,2023,8.554128
Paraguay,PRY,2000,49.09693
Paraguay,PRY,2001,52.38963
Paraguay,PRY,2002,56.072464
Paraguay,PRY,2003,54.628338
Paraguay,PRY,2004,56.959366
Paraguay,PRY,2005,57.92466
Paraguay,PRY,2006,56.72242
Paraguay,PRY,2007,57.95808
Paraguay,PRY,2008,60.46802
Paraguay,PRY,2009,55.445446
Paraguay,PRY,2010,53.929417
Paraguay,PRY,2011,50.005367
Paraguay,PRY,2012,46.33087
Paraguay,PRY,2013,47.50415
Paraguay,PRY,2014,44.386433
Paraguay,PRY,2015,43.80717
Paraguay,PRY,2016,42.921608
Paraguay,PRY,2017,43.774597
Paraguay,PRY,2018,43.876316
Paraguay,PRY,2019,41.967754
Paraguay,PRY,2020,37.875828
Paraguay,PRY,2021,35.93768
Paraguay,PRY,2022,38.923298
Paraguay,PRY,2023,36.3229
Peru,PER,2000,40.281414
Peru,PER,2001,40.651134
Peru,PER,2002,39.940845
Peru,PER,2003,37.488323
Peru,PER,2004,36.692936
Peru,PER,2005,34.02098
Peru,PER,2006,40.329105
Peru,PER,2007,42.54183
Peru,PER,2008,43.350433
Peru,PER,2009,40.27734
Peru,PER,2010,39.51519
Peru,PER,2011,40.343964
Peru,PER,2012,38.874783
Peru,PER,2013,35.27773
Peru,PER,2014,31.771921
Peru,PER,2015,30.148102
Peru,PER,2016,29.596684
Peru,PER,2017,28.947329
Peru,PER,2018,29.74593
Peru,PER,2019,28.347988
Peru,PER,2020,22.498669
Peru,PER,2021,25.106781
Peru,PER,2022,27.03717
Peru,PER,2023,26.982862
Philippines,PHL,2000,41.19497
Philippines,PHL,2001,44.617477
Philippines,PHL,2002,47.766644
Philippines,PHL,2003,47.700535
Philippines,PHL,2004,47.779583
Philippines,PHL,2005,52.106514
Philippines,PHL,2006,54.035458
Philippines,PHL,2007,55.967426
Philippines,PHL,2008,57.449917
Philippines,PHL,2009,55.575993
Philippines,PHL,2010,54.84586
Philippines,PHL,2011,58.893093
Philippines,PHL,2012,58.314503
Philippines,PHL,2013,57.5744
Philippines,PHL,2014,52.37668
Philippines,PHL,2015,51.178596
Philippines,PHL,2016,50.49208
Philippines,PHL,2017,50.14806
Philippines,PHL,2018,50.43685
Philippines,PHL,2019,48.786877
Philippines,PHL,2020,44.564568
Philippines,PHL,2021,41.21798
Philippines,PHL,2022,44.63492
Philippines,PHL,2023,44.36006
Poland,POL,2000,31.120039
Poland,POL,2001,28.978146
Poland,POL,2002,26.4494
Poland,POL,2003,27.580942
Poland,POL,2004,29.4441
Poland,POL,2005,27.745615
Poland,POL,2006,27.105726
Poland,POL,2007,26.290737
Poland,POL,2008,24.430563
Poland,POL,2009,24.360237
Poland,POL,2010,23.714363
Poland,POL,2011,23.95442
Poland,POL,2012,24.264168
Poland,POL,2013,23.645573
Poland,POL,2014,22.737463
Poland,POL,2015,23.037586
Poland,POL,2016,22.74558
Poland,POL,2017,22.736435
Poland,POL,2018,20.420332
Poland,POL,2019,20.090784
Poland,POL,2020,19.53498
Poland,POL,2021,19.847479
Poland,POL,2022,18.434946
Poland,POL,2023,15.846342
Poland,POL,2024,16.205275
Portugal,PRT,2000,25.71485
Portugal,PRT,2001,25.108566
Portugal,PRT,2002,23.179644
Portugal,PRT,2003,23.690636
Portugal,PRT,2004,23.505056
Portugal,PRT,2005,23.680449
Portugal,PRT,2006,25.524517
Portugal,PRT,2007,25.906456
Portugal,PRT,2008,26.39371
Portugal,PRT,2009,25.103315
Portugal,PRT,2010,24.708176
Portugal,PRT,2011,26.654322
Portugal,PRT,2012,29.5833
Portugal,PRT,2013,28.793787
Portugal,PRT,2014,29.334743
Portugal,PRT,2015,29.534967
Portugal,PRT,2016,29.43174
Portugal,PRT,2017,29.688345
Portugal,PRT,2018,29.91732
Portugal,PRT,2019,30.607243
Portugal,PRT,2020,28.018589
Portugal,PRT,2021,29.118567
Portugal,PRT,2022,29.135382
Portugal,PRT,2023,29.306684
Portugal,PRT,2024,28.193506
Qatar,QAT,2000,30.03435
Qatar,QAT,2001,27.415474
Qatar,QAT,2002,27.512894
Qatar,QAT,2003,18.530933
Qatar,QAT,2004,18.555733
Qatar,QAT,2005,18.61186
Qatar,QAT,2006,18.6681
Qatar,QAT,2007,18.724453
Qatar,QAT,2008,18.780918
Qatar,QAT,2009,19.380554
Qatar,QAT,2010,18.726225
Qatar,QAT,2011,16.886705
Qatar,QAT,2012,10.883827
Qatar,QAT,2013,6.9094324
Qatar,QAT,2014,5.647692
Qatar,QAT,2015,5.3161054
Qatar,QAT,2016,6.279732
Qatar,QAT,2017,6.8813767
Qatar,QAT,2018,6.738063
Qatar,QAT,2019,6.3903017
Qatar,QAT,2020,5.898596
Qatar,QAT,2021,6.5575795
Qatar,QAT,2022,7.7333827
Qatar,QAT,2023,7.429458
Romania,ROU,2000,19.419724
Romania,ROU,2001,18.94092
Romania,ROU,2002,17.835146
Romania,ROU,2003,15.127175
Romania,ROU,2004,24.326986
Romania,ROU,2005,18.498968
Romania,ROU,2006,19.990564
Romania,ROU,2007,17.596075
Romania,ROU,2008,18.182154
Romania,ROU,2009,20.784504
Romania,ROU,2010,19.631237
Romania,ROU,2011,24.27584
Romania,ROU,2012,22.42794
Romania,ROU,2013,20.176117
Romania,ROU,2014,20.3137
Romania,ROU,2015,21.281868
Romania,ROU,2016,20.754986
Romania,ROU,2017,20.488155
Romania,ROU,2018,19.457571
Romania,ROU,2019,18.877165
Romania,ROU,2020,19.026186
Romania,ROU,2021,20.942455
Romania,ROU,2022,21.421675
Romania,ROU,2023,22.96146
Russia,RUS,2000,30.208866
Russia,RUS,2001,30.79232
Russia,RUS,2002,31.212934
Russia,RUS,2003,33.279873
Russia,RUS,2004,33.806152
Russia,RUS,2005,31.931879
Russia,RUS,2006,31.126837
Russia,RUS,2007,31.448048
Russia,RUS,2008,31.548855
Russia,RUS,2009,34.582165
Russia,RUS,2010,35.325726
Russia,RUS,2011,34.19445
Russia,RUS,2012,33.397545
Russia,RUS,2013,34.832256
Russia,RUS,2014,35.825706
Russia,RUS,2015,38.646336
Russia,RUS,2016,40.48465
Russia,RUS,2017,40.493084
Russia,RUS,2018,38.311665
Russia,RUS,2019,36.573746
Russia,RUS,2020,24.884544
Russia,RUS,2021,28.737635
Russia,RUS,2022,27.586016
Russia,RUS,2023,28.394222
Rwanda,RWA,2000,26.587332
Rwanda,RWA,2001,27.676662
Rwanda,RWA,2002,28.464273
Rwanda,RWA,2003,17.119974
Rwanda,RWA,2004,21.219296
Rwanda,RWA,2005,23.80013
Rwanda,RWA,2006,14.265921
Rwanda,RWA,2007,12.490134
Rwanda,RWA,2008,11.786883
Rwanda,RWA,2009,11.380837
Rwanda,RWA,2010,11.0913
Rwanda,RWA,2011,10.795683
Rwanda,RWA,2012,10.178434
Rwanda,RWA,2013,12.307256
Rwanda,RWA,2014,12.055256
Rwanda,RWA,2015,12.182049
Rwanda,RWA,2016,13.243647
Rwanda,RWA,2017,14.048724
Rwanda,RWA,2018,11.505539
Rwanda,RWA,2019,10.078193
Rwanda,RWA,2020,7.2057734
Rwanda,RWA,2021,5
Rwanda,RWA,2022,4.2
Rwanda,RWA,2023,4.1
Saint Kitts and Nevis,KNA,2000,52.638794
Saint Kitts and Nevis,KNA,2001,51.069508
Saint Kitts and Nevis,KNA,2002,51.345333
Saint Kitts and Nevis,KNA,2003,50.64528
Saint Kitts and Nevis,KNA,2004,46.12798
Saint Kitts and Nevis,KNA,2005,47.982933
Saint Kitts and Nevis,KNA,2006,50.048977
Saint Kitts and Nevis,KNA,2007,51.090355
Saint Kitts and Nevis,KNA,2008,56.86151
Saint Kitts and Nevis,KNA,2009,54.682632
Saint Kitts and Nevis,KNA,2010,55.177017
Saint Kitts and Nevis,KNA,2011,55.43323
Saint Kitts and Nevis,KNA,2012,55.360867
Saint Kitts and Nevis,KNA,2013,56.447872
Saint Kitts and Nevis,KNA,2014,53.7089
Saint Kitts and Nevis,KNA,2015,57.07153
Saint Kitts and Nevis,KNA,2016,54.89627
Saint Kitts and Nevis,KNA,2017,53.365482
Saint Kitts and Nevis,KNA,2018,49.36806
Saint Kitts and Nevis,KNA,2019,46.354565
Saint Kitts and Nevis,KNA,2020,42.16961
Saint Kitts and Nevis,KNA,2021,38.806835
Saint Kitts and Nevis,KNA,2022,43.344456
Saint Kitts and Nevis,KNA,2023,41.80018
Saint Lucia,LCA,2000,58.86488
Saint Lucia,LCA,2001,56.878994
Saint Lucia,LCA,2002,56.90605
Saint Lucia,LCA,2003,59.638836
Saint Lucia,LCA,2004,57.447037
Saint Lucia,LCA,2005,55.968513
Saint Lucia,LCA,2006,58.68157
Saint Lucia,LCA,2007,63.93407
Saint Lucia,LCA,2008,59.589714
Saint Lucia,LCA,2009,57.422348
Saint Lucia,LCA,2010,54.762627
Saint Lucia,LCA,2011,55.02248
Saint Lucia,LCA,2012,51.079453
Saint Lucia,LCA,2013,51.338818
Saint Lucia,LCA,2014,51.30511
Saint Lucia,LCA,2015,48.072247
Saint Lucia,LCA,2016,45.424656
Saint Lucia,LCA,2017,46.116474
Saint Lucia,LCA,2018,45.097054
Saint Lucia,LCA,2019,41.828053
Saint Lucia,LCA,2020,34.92951
Saint Lucia,LCA,2021,33.439762
Saint Lucia,LCA,2022,37.82568
Saint Lucia,LCA,2023,37.14486
Saint Vincent and the Grenadines,VCT,2000,27.279367
Saint Vincent and the Grenadines,VCT,2001,28.611109
Saint Vincent and the Grenadines,VCT,2002,28.458881
Saint Vincent and the Grenadines,VCT,2003,30.435608
Saint Vincent and the Grenadines,VCT,2004,32.750416
Saint Vincent and the Grenadines,VCT,2005,33.55261
Saint Vincent and the Grenadines,VCT,2006,34.947086
Saint Vincent and the Grenadines,VCT,2007,35.816216
Saint Vincent and the Grenadines,VCT,2008,34.43723
Saint Vincent and the Grenadines,VCT,2009,33.370758
Saint Vincent and the Grenadines,VCT,2010,32.234642
Saint Vincent and the Grenadines,VCT,2011,32.657825
Saint Vincent and the Grenadines,VCT,2012,31.857246
Saint Vincent and the Grenadines,VCT,2013,32.12154
Saint Vincent and the Grenadines,VCT,2014,34.01258
Saint Vincent and the Grenadines,VCT,2015,33.553318
Saint Vincent and the Grenadines,VCT,2016,32.955853
Saint Vincent and the Grenadines,VCT,2017,31.84618
Saint Vincent and the Grenadines,VCT,2018,30.610537
Saint Vincent and the Grenadines,VCT,2019,28.089901
Saint Vincent and the Grenadines,VCT,2020,26.899715
Saint Vincent and the Grenadines,VCT,2021,26.194757
Saint Vincent and the Grenadines,VCT,2022,27.429565
Saint Vincent and the Grenadines,VCT,2023,26.57363
Samoa,WSM,2000,11.967098
Samoa,WSM,2001,14.055482
Samoa,WSM,2002,13.301483
Samoa,WSM,2003,14.404655
Samoa,WSM,2004,12.99296
Samoa,WSM,2005,13.061043
Samoa,WSM,2006,12.8310995
Samoa,WSM,2007,13.095059
Samoa,WSM,2008,14.272145
Samoa,WSM,2009,12.564647
Samoa,WSM,2010,12.631653
Samoa,WSM,2011,12.302819
Samoa,WSM,2012,13.921148
Samoa,WSM,2013,11.0763645
Samoa,WSM,2014,10.852495
Samoa,WSM,2015,10.587285
Samoa,WSM,2016,11.293345
Samoa,WSM,2017,12.013736
Samoa,WSM,2018,12.979133
Samoa,WSM,2019,11.157372
Samoa,WSM,2020,13.314741
Samoa,WSM,2021,12.339138
Samoa,WSM,2022,13.237008
Samoa,WSM,2023,13.419686
San Marino,SMR,2000,25.60516
San Marino,SMR,2001,24.399055
San Marino,SMR,2002,25.193796
San Marino,SMR,2003,23.76211
San Marino,SMR,2004,22.975565
San Marino,SMR,2005,21.8699
San Marino,SMR,2006,21.096483
San Marino,SMR,2007,20.02647
San Marino,SMR,2008,19.699173
San Marino,SMR,2009,19.147438
San Marino,SMR,2010,13.733527
San Marino,SMR,2011,11.2453985
San Marino,SMR,2012,11.335502
San Marino,SMR,2013,10.941384
San Marino,SMR,2014,11.976798
San Marino,SMR,2015,13.602186
San Marino,SMR,2016,12.365616
San Marino,SMR,2017,12.3863
San Marino,SMR,2018,11.112352
San Marino,SMR,2019,11.220835
San Marino,SMR,2020,10.25551
San Marino,SMR,2021,11.85579
San Marino,SMR,2022,11.435654
San Marino,SMR,2023,13.091787
Sao Tome and Principe,STP,2000,43.84105
Sao Tome and Principe,STP,2001,43.620865
Sao Tome and Principe,STP,2002,41.910965
Sao Tome and Principe,STP,2003,31.922611
Sao Tome and Principe,STP,2004,35.279064
Sao Tome and Principe,STP,2005,33.395115
Sao Tome and Principe,STP,2006,39.90424
Sao Tome and Principe,STP,2007,35.332367
Sao Tome and Principe,STP,2008,30.232185
Sao Tome and Principe,STP,2009,27.401455
Sao Tome and Principe,STP,2010,25.695894
Sao Tome and Principe,STP,2011,23.793257
Sao Tome and Principe,STP,2012,17.79582
Sao Tome and Principe,STP,2013,14.243452
Sao Tome and Principe,STP,2014,15.041751
Sao Tome and Principe,STP,2015,16.018087
Sao Tome and Principe,STP,2016,13.91362
Sao Tome and Principe,STP,2017,14.757314
Sao Tome and Principe,STP,2018,15.816942
Sao Tome and Principe,STP,2019,16.991245
Sao Tome and Principe,STP,2020,11.847641
Sao Tome and Principe,STP,2021,11.655728
Sao Tome and Principe,STP,2022,15.207848
Sao Tome and Principe,STP,2023,16.663149
Saudi Arabia,SAU,2000,18.462463
Saudi Arabia,SAU,2001,18.033691
Saudi Arabia,SAU,2002,18.451712
Saudi Arabia,SAU,2003,17.949196
Saudi Arabia,SAU,2004,18.15097
Saudi Arabia,SAU,2005,16.491587
Saudi Arabia,SAU,2006,15.393951
Saudi Arabia,SAU,2007,16.738699
Saudi Arabia,SAU,2008,19.369043
Saudi Arabia,SAU,2009,18.350763
Saudi Arabia,SAU,2010,18.945139
Saudi Arabia,SAU,2011,15.621154
Saudi Arabia,SAU,2012,15.156214
Saudi Arabia,SAU,2013,14.359864
Saudi Arabia,SAU,2014,13.13587
Saudi Arabia,SAU,2015,14.383367
Saudi Arabia,SAU,2016,14.451419
Saudi Arabia,SAU,2017,14.32353
Saudi Arabia,SAU,2018,15.898354
Saudi Arabia,SAU,2019,11.404074
Saudi Arabia,SAU,2020,10.08158
Saudi Arabia,SAU,2021,10.156295
Saudi Arabia,SAU,2022,12.783439
Saudi Arabia,SAU,2023,14.116039
Senegal,SEN,2000,55.66883
Senegal,SEN,2001,52.76372
Senegal,SEN,2002,55.329628
Senegal,SEN,2003,54.93058
Senegal,SEN,2004,55.09139
Senegal,SEN,2005,39.51602
Senegal,SEN,2006,37.439507
Senegal,SEN,2007,44.27264
Senegal,SEN,2008,41.627815
Senegal,SEN,2009,45.615383
Senegal,SEN,2010,48.677338
Senegal,SEN,2011,50.7988
Senegal,SEN,2012,52.77386
Senegal,SEN,2013,55.2388
Senegal,SEN,2014,50.375618
Senegal,SEN,2015,50.83868
Senegal,SEN,2016,51.14097
Senegal,SEN,2017,48.895737
Senegal,SEN,2018,48.335365
Senegal,SEN,2019,48.74661
Senegal,SEN,2020,41.573048
Senegal,SEN,2021,46.87755
Senegal,SEN,2022,47.209187
Senegal,SEN,2023,44.325565
Serbia,SRB,2000,29.599525
Serbia,SRB,2001,28.48968
Serbia,SRB,2002,23.832277
Serbia,SRB,2003,24.977644
Serbia,SRB,2004,27.293312
Serbia,SRB,2005,29.818346
Serbia,SRB,2006,32.840134
Serbia,SRB,2007,34.712883
Serbia,SRB,2008,35.147106
Serbia,SRB,2009,35.165134
Serbia,SRB,2010,36.402534
Serbia,SRB,2011,36.40479
Serbia,SRB,2012,35.43024
Serbia,SRB,2013,37.86664
Serbia,SRB,2014,39.944748
Serbia,SRB,2015,40.587734
Serbia,SRB,2016,40.45367
Serbia,SRB,2017,40.639347
Serbia,SRB,2018,38.310925
Serbia,SRB,2019,37.034557
Serbia,SRB,2020,36.02006
Serbia,SRB,2021,32.92689
Serbia,SRB,2022,30.798447
Serbia,SRB,2023,32.13853
Seychelles,SYC,2000,17.888319
Seychelles,SYC,2001,17.096481
Seychelles,SYC,2002,12.482227
Seychelles,SYC,2003,13.693842
Seychelles,SYC,2004,15.641569
Seychelles,SYC,2005,17.861147
Seychelles,SYC,2006,19.816296
Seychelles,SYC,2007,19.235767
Seychelles,SYC,2008,31.157862
Seychelles,SYC,2009,29.791954
Seychelles,SYC,2010,22.15366
Seychelles,SYC,2011,23.172249
Seychelles,SYC,2012,18.865349
Seychelles,SYC,2013,19.068691
Seychelles,SYC,2014,27.476484
Seychelles,SYC,2015,26.072475
Seychelles,SYC,2016,25.307018
Seychelles,SYC,2017,24.599426
Seychelles,SYC,2018,26.206846
Seychelles,SYC,2019,26.274925
Seychelles,SYC,2020,21.599112
Seychelles,SYC,2021,26.94752
Seychelles,SYC,2022,29.964771
Seychelles,SYC,2023,27.959425
Sierra Leone,SLE,2000,85.726295
Sierra Leone,SLE,2001,77.77337
Sierra Leone,SLE,2002,72.99524
Sierra Leone,SLE,2003,78.75598
Sierra Leone,SLE,2004,72.84673
Sierra Leone,SLE,2005,70.34775
Sierra Leone,SLE,2006,67.11057
Sierra Leone,SLE,2007,72.19953
Sierra Leone,SLE,2008,71.5979
Sierra Leone,SLE,2009,65.34513
Sierra Leone,SLE,2010,56.20909
Sierra Leone,SLE,2011,60.227543
Sierra Leone,SLE,2012,67.68922
Sierra Leone,SLE,2013,62.779083
Sierra Leone,SLE,2014,35.034695
Sierra Leone,SLE,2015,35.597507
Sierra Leone,SLE,2016,43.706146
Sierra Leone,SLE,2017,54.496113
Sierra Leone,SLE,2018,60.988888
Sierra Leone,SLE,2019,52.88984
Sierra Leone,SLE,2020,52.340443
Sierra Leone,SLE,2021,51.409836
Sierra Leone,SLE,2022,54.929825
Sierra Leone,SLE,2023,54.469242
Singapore,SGP,2000,48.17884
Singapore,SGP,2001,55.589737
Singapore,SGP,2002,53.08753
Singapore,SGP,2003,48.457977
Singapore,SGP,2004,51.007442
Singapore,SGP,2005,49.994484
Singapore,SGP,2006,48.834667
Singapore,SGP,2007,48.468143
Singapore,SGP,2008,46.457787
Singapore,SGP,2009,43.34909
Singapore,SGP,2010,41.515694
Singapore,SGP,2011,39.560524
Singapore,SGP,2012,37.69819
Singapore,SGP,2013,36.199116
Singapore,SGP,2014,33.30003
Singapore,SGP,2015,33.086117
Singapore,SGP,2016,32.623512
Singapore,SGP,2017,32.062298
Singapore,SGP,2018,29.096453
Singapore,SGP,2019,28.390581
Singapore,SGP,2020,24.358181
Singapore,SGP,2021,23.469387
Singapore,SGP,2022,23.484125
Singapore,SGP,2023,25.418503
Slovakia,SVK,2000,10.838967
Slovakia,SVK,2001,10.904377
Slovakia,SVK,2002,11.0168915
Slovakia,SVK,2003,12.212778
Slovakia,SVK,2004,21.233482
Slovakia,SVK,2005,23.60952
Slovakia,SVK,2006,26.588228
Slovakia,SVK,2007,27.370327
Slovakia,SVK,2008,21.020145
Slovakia,SVK,2009,22.41774
Slovakia,SVK,2010,22.800613
Slovakia,SVK,2011,23.57159
Slovakia,SVK,2012,23.23309
Slovakia,SVK,2013,23.32165
Slovakia,SVK,2014,18.00793
Slovakia,SVK,2015,18.443573
Slovakia,SVK,2016,17.88863
Slovakia,SVK,2017,18.71242
Slovakia,SVK,2018,18.907818
Slovakia,SVK,2019,19.159363
Slovakia,SVK,2020,18.751677
Slovakia,SVK,2021,19.404106
Slovakia,SVK,2022,19.262424
Slovakia,SVK,2023,20.153091
Slovenia,SVN,2000,13.27327
Slovenia,SVN,2001,12.903478
Slovenia,SVN,2002,12.555217
Slovenia,SVN,2003,12.48665
Slovenia,SVN,2004,12.169075
Slovenia,SVN,2005,13.019375
Slovenia,SVN,2006,12.278044
Slovenia,SVN,2007,13.631236
Slovenia,SVN,2008,12.639945
Slovenia,SVN,2009,12.779888
Slovenia,SVN,2010,12.640163
Slovenia,SVN,2011,12.196642
Slovenia,SVN,2012,12.459966
Slovenia,SVN,2013,12.4548645
Slovenia,SVN,2014,12.983446
Slovenia,SVN,2015,12.498777
Slovenia,SVN,2016,11.981036
Slovenia,SVN,2017,12.322433
Slovenia,SVN,2018,11.981578
Slovenia,SVN,2019,11.66124
Slovenia,SVN,2020,12.474131
Slovenia,SVN,2021,12.876155
Slovenia,SVN,2022,12.431871
Slovenia,SVN,2023,12.39193
Slovenia,SVN,2024,11.744991
Solomon Islands,SLB,2000,5.3958726
Solomon Islands,SLB,2001,4.6336555
Solomon Islands,SLB,2002,2.588908
Solomon Islands,SLB,2003,2.9256058
Solomon Islands,SLB,2004,2.6556
Solomon Islands,SLB,2005,2.172361
Solomon Islands,SLB,2006,2.6575587
Solomon Islands,SLB,2007,2.917559
Solomon Islands,SLB,2008,3.7013657
Solomon Islands,SLB,2009,2.7190013
Solomon Islands,SLB,2010,4.0906377
Solomon Islands,SLB,2011,3.2316222
Solomon Islands,SLB,2012,3.0227368
Solomon Islands,SLB,2013,3.1782243
Solomon Islands,SLB,2014,2.898478
Solomon Islands,SLB,2015,3.0880284
Solomon Islands,SLB,2016,2.982774
Solomon Islands,SLB,2017,3.1458163
Solomon Islands,SLB,2018,3.6134343
Solomon Islands,SLB,2019,3.5885885
Solomon Islands,SLB,2020,3.42718
Solomon Islands,SLB,2021,3.6361446
Solomon Islands,SLB,2022,3.7169476
Solomon Islands,SLB,2023,3.1604934
Somalia,SOM,2013,38.242313
Somalia,SOM,2014,39.598774
Somalia,SOM,2015,37.521725
Somalia,SOM,2016,44.987377
Somalia,SOM,2017,39.685085
Somalia,SOM,2018,43.203327
Somalia,SOM,2019,44.991867
Somalia,SOM,2020,47.069828
Somalia,SOM,2021,41.50281
Somalia,SOM,2022,40.737297
Somalia,SOM,2023,30.77949
South Africa,ZAF,2000,14.461517
South Africa,ZAF,2001,14.126282
South Africa,ZAF,2002,13.557768
South Africa,ZAF,2003,12.326144
South Africa,ZAF,2004,11.8459015
South Africa,ZAF,2005,11.312836
South Africa,ZAF,2006,10.582864
South Africa,ZAF,2007,9.702891
South Africa,ZAF,2008,8.8428755
South Africa,ZAF,2009,8.109772
South Africa,ZAF,2010,7.995063
South Africa,ZAF,2011,7.7509093
South Africa,ZAF,2012,7.7220197
South Africa,ZAF,2013,7.6100473
South Africa,ZAF,2014,5.6639814
South Africa,ZAF,2015,5.7363915
South Africa,ZAF,2016,5.7855144
South Africa,ZAF,2017,5.834644
South Africa,ZAF,2018,5.8466635
South Africa,ZAF,2019,5.741118
South Africa,ZAF,2020,6.429427
South Africa,ZAF,2021,6.6101794
South Africa,ZAF,2022,6.7182865
South Africa,ZAF,2023,6.6926317
South Asia (WB),WB_SA,2000,69.7778
South Asia (WB),WB_SA,2001,72.26216
South Asia (WB),WB_SA,2002,71.39731
South Asia (WB),WB_SA,2003,71.49903
South Asia (WB),WB_SA,2004,70.71205
South Asia (WB),WB_SA,2005,71.38641
South Asia (WB),WB_SA,2006,70.47583
South Asia (WB),WB_SA,2007,69.577034
South Asia (WB),WB_SA,2008,68.102486
South Asia (WB),WB_SA,2009,66.01089
South Asia (WB),WB_SA,2010,64.65921
South Asia (WB),WB_SA,2011,61.97485
South Asia (WB),WB_SA,2012,62.66338
South Asia (WB),WB_SA,2013,68.15993
South Asia (WB),WB_SA,2014,66.32558
South Asia (WB),WB_SA,2015,64.28539
South Asia (WB),WB_SA,2016,62.959305
South Asia (WB),WB_SA,2017,55.884743
South Asia (WB),WB_SA,2018,54.276154
South Asia (WB),WB_SA,2019,53.524933
South Asia (WB),WB_SA,2020,51.1665
South Asia (WB),WB_SA,2021,47.320465
South Asia (WB),WB_SA,2022,47.124607
South Asia (WB),WB_SA,2023,46.645924
South Korea,KOR,2000,43.323193
South Korea,KOR,2001,41.31822
South Korea,KOR,2002,40.764534
South Korea,KOR,2003,45.2308
South Korea,KOR,2004,44.827847
South Korea,KOR,2005,44.418713
South Korea,KOR,2006,42.525623
South Korea,KOR,2007,40.57471
South Korea,KOR,2008,41.627815
South Korea,KOR,2009,39.17741
South Korea,KOR,2010,38.778576
South Korea,KOR,2011,38.9524
South Korea,KOR,2012,38.67207
South Korea,KOR,2013,38.2638
South Korea,KOR,2014,37.551636
South Korea,KOR,2015,37.70633
South Korea,KOR,2016,36.484676
South Korea,KOR,2017,35.789223
South Korea,KOR,2018,34.67648
South Korea,KOR,2019,32.837173
South Korea,KOR,2020,31.796247
South Korea,KOR,2021,29.717443
South Korea,KOR,2022,29.27519
South Korea,KOR,2023,31.753819
South Korea,KOR,2024,33.738155
South Sudan,SSD,2017,19.192814
South Sudan,SSD,2018,25.70043
South Sudan,SSD,2019,42.19261
South Sudan,SSD,2020,39.479458
South Sudan,SSD,2021,30.862604
South Sudan,SSD,2022,31.781055
South Sudan,SSD,2023,27.144762
Spain,ESP,2000,24.324318
Spain,ESP,2001,24.852287
Spain,ESP,2002,24.599552
Spain,ESP,2003,23.147383
Spain,ESP,2004,22.94537
Spain,ESP,2005,22.629374
Spain,ESP,2006,22.049168
Spain,ESP,2007,21.907936
Spain,ESP,2008,21.783035
Spain,ESP,2009,20.15493
Spain,ESP,2010,21.373444
Spain,ESP,2011,21.660484
Spain,ESP,2012,23.173756
Spain,ESP,2013,24.239773
Spain,ESP,2014,24.652924
Spain,ESP,2015,23.873104
Spain,ESP,2016,21.955635
Spain,ESP,2017,24.089947
Spain,ESP,2018,24.145208
Spain,ESP,2019,23.847578
Spain,ESP,2020,21.662285
Spain,ESP,2021,21.30355
Spain,ESP,2022,21.027506
Spain,ESP,2023,20.855398
Sri Lanka,LKA,2000,40.043854
Sri Lanka,LKA,2001,41.091324
Sri Lanka,LKA,2002,40.453396
Sri Lanka,LKA,2003,37.609306
Sri Lanka,LKA,2004,41.03235
Sri Lanka,LKA,2005,40.50283
Sri Lanka,LKA,2006,40.949417
Sri Lanka,LKA,2007,44.851795
Sri Lanka,LKA,2008,50.640728
Sri Lanka,LKA,2009,53.28553
Sri Lanka,LKA,2010,53.29795
Sri Lanka,LKA,2011,51.221016
Sri Lanka,LKA,2012,51.93099
Sri Lanka,LKA,2013,48.933754
Sri Lanka,LKA,2014,48.68254
Sri Lanka,LKA,2015,48.93215
Sri Lanka,LKA,2016,50.1216
Sri Lanka,LKA,2017,49.25233
Sri Lanka,LKA,2018,46.81987
Sri Lanka,LKA,2019,44.297466
Sri Lanka,LKA,2020,37.509953
Sri Lanka,LKA,2021,40.73859
Sri Lanka,LKA,2022,45.288082
Sri Lanka,LKA,2023,54.8107
Sub-Saharan Africa (WB),WB_SSA,2000,31.756084
Sub-Saharan Africa (WB),WB_SSA,2001,33.117004
Sub-Saharan Africa (WB),WB_SSA,2002,34.93291
Sub-Saharan Africa (WB),WB_SSA,2003,35.44561
Sub-Saharan Africa (WB),WB_SSA,2004,32.502934
Sub-Saharan Africa (WB),WB_SSA,2005,32.50167
Sub-Saharan Africa (WB),WB_SSA,2006,34.264557
Sub-Saharan Africa (WB),WB_SSA,2007,34.38587
Sub-Saharan Africa (WB),WB_SSA,2008,35.815792
Sub-Saharan Africa (WB),WB_SSA,2009,32.40068
Sub-Saharan Africa (WB),WB_SSA,2010,31.166452
Sub-Saharan Africa (WB),WB_SSA,2011,30.51664
Sub-Saharan Africa (WB),WB_SSA,2012,31.030842
Sub-Saharan Africa (WB),WB_SSA,2013,33.3291
Sub-Saharan Africa (WB),WB_SSA,2014,33.980553
Sub-Saharan Africa (WB),WB_SSA,2015,34.481186
Sub-Saharan Africa (WB),WB_SSA,2016,33.984257
Sub-Saharan Africa (WB),WB_SSA,2017,31.440575
Sub-Saharan Africa (WB),WB_SSA,2018,29.363966
Sub-Saharan Africa (WB),WB_SSA,2019,29.352098
Sub-Saharan Africa (WB),WB_SSA,2020,30.440361
Sub-Saharan Africa (WB),WB_SSA,2021,30.463182
Sub-Saharan Africa (WB),WB_SSA,2022,31.999586
Sub-Saharan Africa (WB),WB_SSA,2023,30.362196
Sudan,SDN,2000,61.82266
Sudan,SDN,2001,62.2807
Sudan,SDN,2002,61.421318
Sudan,SDN,2003,62.56051
Sudan,SDN,2004,57.17787
Sudan,SDN,2005,54.630947
Sudan,SDN,2006,55.789253
Sudan,SDN,2007,58.00177
Sudan,SDN,2008,62.40305
Sudan,SDN,2009,52.475822
Sudan,SDN,2010,61.313446
Sudan,SDN,2011,65.93135
Sudan,SDN,2012,65.45469
Sudan,SDN,2013,74.83428
Sudan,SDN,2014,67.031784
Sudan,SDN,2015,79.40107
Sudan,SDN,2016,71.18589
Sudan,SDN,2017,72.546425
Sudan,SDN,2018,66.9534
Sudan,SDN,2019,67.50371
Sudan,SDN,2020,52.963608
Sudan,SDN,2021,58.245068
Sudan,SDN,2022,42.509632
Sudan,SDN,2023,57.366314
Suriname,SUR,2000,15.3964205
Suriname,SUR,2001,27.327309
Suriname,SUR,2002,23.008617
Suriname,SUR,2003,23.549322
Suriname,SUR,2004,20.69822
Suriname,SUR,2005,20.863144
Suriname,SUR,2006,18.08366
Suriname,SUR,2007,19.499664
Suriname,SUR,2008,24.282812
Suriname,SUR,2009,21.968481
Suriname,SUR,2010,23.580673
Suriname,SUR,2011,27.201492
Suriname,SUR,2012,28.274696
Suriname,SUR,2013,27.872448
Suriname,SUR,2014,28.98275
Suriname,SUR,2015,21.998531
Suriname,SUR,2016,21.820238
Suriname,SUR,2017,26.379591
Suriname,SUR,2018,18.674166
Suriname,SUR,2019,15.507235
Suriname,SUR,2020,17.953707
Suriname,SUR,2021,18.860476
Suriname,SUR,2022,16.097046
Suriname,SUR,2023,19.716656
Sweden,SWE,2000,14.462478
Sweden,SWE,2001,17.197546
Sweden,SWE,2002,16.7828
Sweden,SWE,2003,16.102642
Sweden,SWE,2004,16.52949
Sweden,SWE,2005,16.859047
Sweden,SWE,2006,16.754416
Sweden,SWE,2007,16.623959
Sweden,SWE,2008,16.474564
Sweden,SWE,2009,16.56482
Sweden,SWE,2010,16.50847
Sweden,SWE,2011,14.5239725
Sweden,SWE,2012,14.797991
Sweden,SWE,2013,14.928133
Sweden,SWE,2014,14.94267
Sweden,SWE,2015,15.031596
Sweden,SWE,2016,14.633378
Sweden,SWE,2017,14.236454
Sweden,SWE,2018,14.219544
Sweden,SWE,2019,13.924405
Sweden,SWE,2020,12.920265
Sweden,SWE,2021,13.092765
Sweden,SWE,2022,13.129994
Sweden,SWE,2023,12.957486
Sweden,SWE,2024,13.381386
Switzerland,CHE,2000,31.040617
Switzerland,CHE,2001,30.119818
Switzerland,CHE,2002,29.049671
Switzerland,CHE,2003,28.622528
Switzerland,CHE,2004,28.757336
Switzerland,CHE,2005,27.144049
Switzerland,CHE,2006,27.34946
Switzerland,CHE,2007,27.333332
Switzerland,CHE,2008,26.49786
Switzerland,CHE,2009,26.201296
Switzerland,CHE,2010,24.066364
Switzerland,CHE,2011,23.55638
Switzerland,CHE,2012,23.353573
Switzerland,CHE,2013,22.771013
Switzerland,CHE,2014,22.613926
Switzerland,CHE,2015,22.046295
Switzerland,CHE,2016,21.27207
Switzerland,CHE,2017,21.558994
Switzerland,CHE,2018,21.949148
Switzerland,CHE,2019,21.896412
Switzerland,CHE,2020,20.724293
Switzerland,CHE,2021,21.359047
Switzerland,CHE,2022,21.743334
Switzerland,CHE,2023,22.027374
Syria,SYR,2000,64.07214
Syria,SYR,2001,58.163876
Syria,SYR,2002,53.991333
Syria,SYR,2003,51.562378
Syria,SYR,2004,51.81048
Syria,SYR,2005,49.286877
Syria,SYR,2006,51.209393
Syria,SYR,2007,51.687016
Syria,SYR,2008,52.761166
Syria,SYR,2009,53.57937
Syria,SYR,2010,51.973564
Syria,SYR,2011,50.699886
Syria,SYR,2012,50.798946
Syria,SYR,2013,44.736492
Syria,SYR,2014,46.922817
Syria,SYR,2015,44.63256
Syria,SYR,2016,45.0323
Syria,SYR,2017,43.802834
Syria,SYR,2018,43.075287
Syria,SYR,2019,41.661858
Syria,SYR,2020,48.33859
Syria,SYR,2021,59.461784
Syria,SYR,2022,59.94301
Syria,SYR,2023,72.40082
Tajikistan,TJK,2000,79.151726
Tajikistan,TJK,2001,76.521736
Tajikistan,TJK,2002,78.167114
Tajikistan,TJK,2003,73.302635
Tajikistan,TJK,2004,71.735695
Tajikistan,TJK,2005,66.09986
Tajikistan,TJK,2006,68.792915
Tajikistan,TJK,2007,70.613884
Tajikistan,TJK,2008,68.58421
Tajikistan,TJK,2009,69.63989
Tajikistan,TJK,2010,70.43352
Tajikistan,TJK,2011,62.544037
Tajikistan,TJK,2012,63.936016
Tajikistan,TJK,2013,61.918255
Tajikistan,TJK,2014,62.185013
Tajikistan,TJK,2015,62.578888
Tajikistan,TJK,2016,66.00267
Tajikistan,TJK,2017,63.152412
Tajikistan,TJK,2018,68.41996
Tajikistan,TJK,2019,71.22301
Tajikistan,TJK,2020,67.95899
Tajikistan,TJK,2021,65.13356
Tajikistan,TJK,2022,65.18047
Tajikistan,TJK,2023,62.361027
Tanzania,TZA,2000,38.470192
Tanzania,TZA,2001,40.908337
Tanzania,TZA,2002,42.519554
Tanzania,TZA,2003,40.01274
Tanzania,TZA,2004,37.371346
Tanzania,TZA,2005,33.714592
Tanzania,TZA,2006,25.771896
Tanzania,TZA,2007,28.474226
Tanzania,TZA,2008,32.5851
Tanzania,TZA,2009,34.64831
Tanzania,TZA,2010,31.894028
Tanzania,TZA,2011,27.95462
Tanzania,TZA,2012,24.69027
Tanzania,TZA,2013,24.090467
Tanzania,TZA,2014,25.981527
Tanzania,TZA,2015,25.829073
Tanzania,TZA,2016,21.893633
Tanzania,TZA,2017,21.264729
Tanzania,TZA,2018,20.793667
Tanzania,TZA,2019,21.82167
Tanzania,TZA,2020,29.033876
Tanzania,TZA,2021,25.441849
Tanzania,TZA,2022,27.966301
Tanzania,TZA,2023,27.93128
Thailand,THA,2000,34.18559
Thailand,THA,2001,33.98861
Thailand,THA,2002,27.897083
Thailand,THA,2003,27.1678
Thailand,THA,2004,26.408852
Thailand,THA,2005,27.583063
Thailand,THA,2006,17.656862
Thailand,THA,2007,14.813794
Thailand,THA,2008,14.701762
Thailand,THA,2009,15.90249
Thailand,THA,2010,14.497379
Thailand,THA,2011,13.008713
Thailand,THA,2012,13.421868
Thailand,THA,2013,12.540233
Thailand,THA,2014,12.856081
Thailand,THA,2015,11.910617
Thailand,THA,2016,10.813033
Thailand,THA,2017,11.837904
Thailand,THA,2018,10.111096
Thailand,THA,2019,8.669603
Thailand,THA,2020,10.542768
Thailand,THA,2021,9.044496
Thailand,THA,2022,9.211554
Thailand,THA,2023,9.934049
Togo,TGO,2000,81.618454
Togo,TGO,2001,80.528625
Togo,TGO,2002,79.71883
Togo,TGO,2003,78.0413
Togo,TGO,2004,75.160484
Togo,TGO,2005,74.84999
Togo,TGO,2006,73.64611
Togo,TGO,2007,67.00376
Togo,TGO,2008,66.346054
Togo,TGO,2009,65.38479
Togo,TGO,2010,62.27001
Togo,TGO,2011,62.14701
Togo,TGO,2012,59.24896
Togo,TGO,2013,57.869534
Togo,TGO,2014,57.304806
Togo,TGO,2015,66.96256
Togo,TGO,2016,63.40189
Togo,TGO,2017,61.46566
Togo,TGO,2018,64.66404
Togo,TGO,2019,66.20978
Togo,TGO,2020,64.325134
Togo,TGO,2021,69.0046
Togo,TGO,2022,64.16651
Togo,TGO,2023,64.34122
Tonga,TON,2000,14.486395
Tonga,TON,2001,12.057827
Tonga,TON,2002,12.37389
Tonga,TON,2003,12.782073
Tonga,TON,2004,9.972743
Tonga,TON,2005,10.64438
Tonga,TON,2006,7.913208
Tonga,TON,2007,9.831295
Tonga,TON,2008,7.4688177
Tonga,TON,2009,11.394789
Tonga,TON,2010,8.501914
Tonga,TON,2011,7.7025146
Tonga,TON,2012,4.66767
Tonga,TON,2013,8.856308
Tonga,TON,2014,7.190223
Tonga,TON,2015,7.910382
Tonga,TON,2016,6.8889194
Tonga,TON,2017,6.285064
Tonga,TON,2018,6.0910864
Tonga,TON,2019,6.2476096
Tonga,TON,2020,6.1068063
Tonga,TON,2021,5.0875015
Tonga,TON,2022,3.924351
Tonga,TON,2023,5.863775
Trinidad and Tobago,TTO,2000,57.34559
Trinidad and Tobago,TTO,2001,51.312622
Trinidad and Tobago,TTO,2002,52.28603
Trinidad and Tobago,TTO,2003,48.583725
Trinidad and Tobago,TTO,2004,52.94176
Trinidad and Tobago,TTO,2005,46.248196
Trinidad and Tobago,TTO,2006,49.325066
Trinidad and Tobago,TTO,2007,49.283123
Trinidad and Tobago,TTO,2008,46.72016
Trinidad and Tobago,TTO,2009,47.5112
Trinidad and Tobago,TTO,2010,46.568035
Trinidad and Tobago,TTO,2011,44.816124
Trinidad and Tobago,TTO,2012,44.68573
Trinidad and Tobago,TTO,2013,43.17302
Trinidad and Tobago,TTO,2014,42.831467
Trinidad and Tobago,TTO,2015,41.306023
Trinidad and Tobago,TTO,2016,43.116947
Trinidad and Tobago,TTO,2017,40.805862
Trinidad and Tobago,TTO,2018,44.88969
Trinidad and Tobago,TTO,2019,46.912857
Trinidad and Tobago,TTO,2020,46.47358
Trinidad and Tobago,TTO,2021,46.74437
Trinidad and Tobago,TTO,2022,48.202515
Trinidad and Tobago,TTO,2023,45.27398
Tunisia,TUN,2000,38.62986
Tunisia,TUN,2001,39.44774
Tunisia,TUN,2002,40.204765
Tunisia,TUN,2003,40.8964
Tunisia,TUN,2004,41.518604
Tunisia,TUN,2005,42.115704
Tunisia,TUN,2006,42.674744
Tunisia,TUN,2007,42.868134
Tunisia,TUN,2008,42.792793
Tunisia,TUN,2009,42.5213
Tunisia,TUN,2010,42.10583
Tunisia,TUN,2011,41.583
Tunisia,TUN,2012,40.978207
Tunisia,TUN,2013,39.063988
Tunisia,TUN,2014,38.00471
Tunisia,TUN,2015,39.671783
Tunisia,TUN,2016,39.755726
Tunisia,TUN,2017,40.519672
Tunisia,TUN,2018,41.915176
Tunisia,TUN,2019,35.576508
Tunisia,TUN,2020,33.441303
Tunisia,TUN,2021,37.21666
Tunisia,TUN,2022,36.289803
Tunisia,TUN,2023,37.93984
Turkey,TUR,2000,28.600405
Turkey,TUR,2001,23.43207
Turkey,TUR,2002,20.320768
Turkey,TUR,2003,18.930563
Turkey,TUR,2004,20.181017
Turkey,TUR,2005,24.17698
Turkey,TUR,2006,23.64893
Turkey,TUR,2007,23.884289
Turkey,TUR,2008,19.181957
Turkey,TUR,2009,14.507903
Turkey,TUR,2010,16.872217
Turkey,TUR,2011,15.8951845
Turkey,TUR,2012,15.931596
Turkey,TUR,2013,16.926802
Turkey,TUR,2014,17.725422
Turkey,TUR,2015,16.948732
Turkey,TUR,2016,16.466145
Turkey,TUR,2017,17.384201
Turkey,TUR,2018,17.491419
Turkey,TUR,2019,17.047634
Turkey,TUR,2020,16.430614
Turkey,TUR,2021,16.271204
Turkey,TUR,2022,19.47844
Turkey,TUR,2023,19.047232
Turkmenistan,TKM,2000,50.006878
Turkmenistan,TKM,2001,61.26547
Turkmenistan,TKM,2002,61.135185
Turkmenistan,TKM,2003,63.699284
Turkmenistan,TKM,2004,72.1902
Turkmenistan,TKM,2005,73.827866
Turkmenistan,TKM,2006,76.42288
Turkmenistan,TKM,2007,68.99676
Turkmenistan,TKM,2008,78.47993
Turkmenistan,TKM,2009,70.73177
Turkmenistan,TKM,2010,70.99907
Turkmenistan,TKM,2011,68.97086
Turkmenistan,TKM,2012,68.28611
Turkmenistan,TKM,2013,66.8468
Turkmenistan,TKM,2014,68.20839
Turkmenistan,TKM,2015,71.07138
Turkmenistan,TKM,2016,76.15639
Turkmenistan,TKM,2017,73.06459
Turkmenistan,TKM,2018,76.62549
Turkmenistan,TKM,2019,76.63579
Turkmenistan,TKM,2020,76.36036
Turkmenistan,TKM,2021,77.476776
Turkmenistan,TKM,2022,79.22116
Turkmenistan,TKM,2023,77.39328
Tuvalu,TUV,2000,0.1043973
Tuvalu,TUV,2001,0.71357
Tuvalu,TUV,2002,1.2483361
Tuvalu,TUV,2003,1.2523682
Tuvalu,TUV,2004,1.4858453
Tuvalu,TUV,2005,1.6938611
Tuvalu,TUV,2006,2.9900024
Tuvalu,TUV,2007,4.652448
Tuvalu,TUV,2008,7.9751267
Tuvalu,TUV,2009,6.169078
Tuvalu,TUV,2010,5.802041
Tuvalu,TUV,2011,7.208276
Tuvalu,TUV,2012,5.978639
Tuvalu,TUV,2013,5.1989565
Tuvalu,TUV,2014,3.5641527
Tuvalu,TUV,2015,3.3364952
Tuvalu,TUV,2016,0.7110449
Tuvalu,TUV,2017,0.5895404
Tuvalu,TUV,2018,0.47566032
Tuvalu,TUV,2019,0.35770288
Tuvalu,TUV,2020,0.27713928
Tuvalu,TUV,2021,0.17015763
Tuvalu,TUV,2022,0.04491242
Tuvalu,TUV,2023,0.04458594
Uganda,UGA,2000,43.03128
Uganda,UGA,2001,43.39069
Uganda,UGA,2002,44.012062
Uganda,UGA,2003,45.418663
Uganda,UGA,2004,38.378017
Uganda,UGA,2005,48.599075
Uganda,UGA,2006,54.053425
Uganda,UGA,2007,54.483856
Uganda,UGA,2008,52.742092
Uganda,UGA,2009,42.84918
Uganda,UGA,2010,37.390667
Uganda,UGA,2011,33.010048
Uganda,UGA,2012,37.512268
Uganda,UGA,2013,42.517776
Uganda,UGA,2014,40.146435
Uganda,UGA,2015,39.47085
Uganda,UGA,2016,40.60964
Uganda,UGA,2017,38.089504
Uganda,UGA,2018,35.628933
Uganda,UGA,2019,38.260284
Uganda,UGA,2020,29.938383
Uganda,UGA,2021,27.355797
Uganda,UGA,2022,33.840233
Uganda,UGA,2023,32.171795
Ukraine,UKR,2000,48.392654
Ukraine,UKR,2001,47.1653
Ukraine,UKR,2002,45.11746
Ukraine,UKR,2003,41.025192
Ukraine,UKR,2004,41.409943
Ukraine,UKR,2005,37.958096
Ukraine,UKR,2006,36.132797
Ukraine,UKR,2007,36.456863
Ukraine,UKR,2008,37.788086
Ukraine,UKR,2009,37.395004
Ukraine,UKR,2010,41.84224
Ukraine,UKR,2011,46.309677
Ukraine,UKR,2012,43.933544
Ukraine,UKR,2013,48.15446
Ukraine,UKR,2014,48.132103
Ukraine,UKR,2015,48.239136
Ukraine,UKR,2016,48.357925
Ukraine,UKR,2017,49.17759
Ukraine,UKR,2018,50.659004
Ukraine,UKR,2019,51.11892
Ukraine,UKR,2020,47.860134
Ukraine,UKR,2021,45.293674
United Arab Emirates,ARE,2000,22.083435
United Arab Emirates,ARE,2001,15.085933
United Arab Emirates,ARE,2002,28.041508
United Arab Emirates,ARE,2003,27.45693
United Arab Emirates,ARE,2004,30.40838
United Arab Emirates,ARE,2005,30.13919
United Arab Emirates,ARE,2006,29.709606
United Arab Emirates,ARE,2007,28.876251
United Arab Emirates,ARE,2008,25.136518
United Arab Emirates,ARE,2009,16.100368
United Arab Emirates,ARE,2010,17.945744
United Arab Emirates,ARE,2011,16.884037
United Arab Emirates,ARE,2012,16.738804
United Arab Emirates,ARE,2013,17.155794
United Arab Emirates,ARE,2014,17.807827
United Arab Emirates,ARE,2015,17.78965
United Arab Emirates,ARE,2016,15.991594
United Arab Emirates,ARE,2017,11.416618
United Arab Emirates,ARE,2018,12.696113
United Arab Emirates,ARE,2019,12.231621
United Arab Emirates,ARE,2020,11.210545
United Arab Emirates,ARE,2021,10.467594
United Arab Emirates,ARE,2022,9.718458
United Arab Emirates,ARE,2023,9.666168
United Kingdom,GBR,2000,18.216896
United Kingdom,GBR,2001,18.047264
United Kingdom,GBR,2002,17.388449
United Kingdom,GBR,2003,16.152658
United Kingdom,GBR,2004,14.697276
United Kingdom,GBR,2005,13.430318
United Kingdom,GBR,2006,12.350132
United Kingdom,GBR,2007,14.425441
United Kingdom,GBR,2008,13.484006
United Kingdom,GBR,2009,12.395819
United Kingdom,GBR,2010,13.17372
United Kingdom,GBR,2011,13.344863
United Kingdom,GBR,2012,14.165254
United Kingdom,GBR,2013,15.759392
United Kingdom,GBR,2014,15.743807
United Kingdom,GBR,2015,15.865551
United Kingdom,GBR,2016,15.679871
United Kingdom,GBR,2017,15.828556
United Kingdom,GBR,2018,16.178387
United Kingdom,GBR,2019,16.03682
United Kingdom,GBR,2020,12.409824
United Kingdom,GBR,2021,13.022878
United Kingdom,GBR,2022,14.381287
United Kingdom,GBR,2023,14.629335
United Kingdom,GBR,2024,14.555409
United States,USA,2000,15.117374
United States,USA,2001,14.415951
United States,USA,2002,14.327176
United States,USA,2003,14.15006
United States,USA,2004,13.973526
United States,USA,2005,13.912675
United States,USA,2006,13.677933
United States,USA,2007,13.5967455
United States,USA,2008,13.35936
United States,USA,2009,12.647648
United States,USA,2010,12.367887
United States,USA,2011,12.320113
United States,USA,2012,12.335325
United States,USA,2013,12.282789
United States,USA,2014,11.9760685
United States,USA,2015,11.75374
United States,USA,2016,11.626005
United States,USA,2017,11.348819
United States,USA,2018,11.32081
United States,USA,2019,11.308729
United States,USA,2020,10.069599
United States,USA,2021,10.729646
United States,USA,2022,10.968778
United States,USA,2023,10.927238
Upper-middle-income countries,OWID_UMC,2000,42.32116
Upper-middle-income countries,OWID_UMC,2001,44.412064
Upper-middle-income countries,OWID_UMC,2002,45.398
Upper-middle-income countries,OWID_UMC,2003,43.98406
Upper-middle-income countries,OWID_UMC,2004,42.819416
Upper-middle-income countries,OWID_UMC,2005,42.94376
Upper-middle-income countries,OWID_UMC,2006,41.53156
Upper-middle-income countries,OWID_UMC,2007,39.3807
Upper-middle-income countries,OWID_UMC,2008,37.531548
Upper-middle-income countries,OWID_UMC,2009,36.05691
Upper-middle-income countries,OWID_UMC,2010,35.081726
Upper-middle-income countries,OWID_UMC,2011,34.83821
Upper-middle-income countries,OWID_UMC,2012,34.96327
Upper-middle-income countries,OWID_UMC,2013,34.064957
Upper-middle-income countries,OWID_UMC,2014,33.08197
Upper-middle-income countries,OWID_UMC,2015,32.195934
Upper-middle-income countries,OWID_UMC,2016,32.33442
Upper-middle-income countries,OWID_UMC,2017,32.02121
Upper-middle-income countries,OWID_UMC,2018,32.628345
Upper-middle-income countries,OWID_UMC,2019,32.48397
Upper-middle-income countries,OWID_UMC,2020,32.136116
Upper-middle-income countries,OWID_UMC,2021,32.034924
Upper-middle-income countries,OWID_UMC,2022,30.964241
Upper-middle-income countries,OWID_UMC,2023,31.21949
Uruguay,URY,2000,25.166706
Uruguay,URY,2001,24.063068
Uruguay,URY,2002,21.696472
Uruguay,URY,2003,21.358519
Uruguay,URY,2004,24.295666
Uruguay,URY,2005,25.94187
Uruguay,URY,2006,23.768965
Uruguay,URY,2007,23.363106
Uruguay,URY,2008,21.292854
Uruguay,URY,2009,20.751677
Uruguay,URY,2010,20.472836
Uruguay,URY,2011,19.430454
Uruguay,URY,2012,18.464651
Uruguay,URY,2013,17.693695
Uruguay,URY,2014,17.095442
Uruguay,URY,2015,16.921127
Uruguay,URY,2016,16.439236
Uruguay,URY,2017,16.498068
Uruguay,URY,2018,16.246628
Uruguay,URY,2019,15.461458
Uruguay,URY,2020,16.740652
Uruguay,URY,2021,15.814179
Uruguay,URY,2022,16.326977
Uruguay,URY,2023,17.098112
Uzbekistan,UZB,2000,60.582626
Uzbekistan,UZB,2001,60.843822
Uzbekistan,UZB,2002,62.070576
Uzbekistan,UZB,2003,59.288834
Uzbekistan,UZB,2004,59.55813
Uzbekistan,UZB,2005,57.628017
Uzbekistan,UZB,2006,56.895206
Uzbekistan,UZB,2007,58.13136
Uzbekistan,UZB,2008,57.316498
Uzbekistan,UZB,2009,56.419666
Uzbekistan,UZB,2010,58.045017
Uzbekistan,UZB,2011,58.182224
Uzbekistan,UZB,2012,56.24571
Uzbekistan,UZB,2013,56.052258
Uzbekistan,UZB,2014,45.40991
Uzbekistan,UZB,2015,48.41369
Uzbekistan,UZB,2016,54.658546
Uzbekistan,UZB,2017,56.68791
Uzbekistan,UZB,2018,60.34236
Uzbekistan,UZB,2019,57.68497
Uzbekistan,UZB,2020,53.113144
Uzbekistan,UZB,2021,60.31319
Uzbekistan,UZB,2022,65.53957
Uzbekistan,UZB,2023,64.059235
Vanuatu,VUT,2000,10.398283
Vanuatu,VUT,2001,10.89244
Vanuatu,VUT,2002,8.863713
Vanuatu,VUT,2003,9.62883
Vanuatu,VUT,2004,9.409129
Vanuatu,VUT,2005,9.817672
Vanuatu,VUT,2006,9.102167
Vanuatu,VUT,2007,9.428224
Vanuatu,VUT,2008,8.940926
Vanuatu,VUT,2009,8.9450655
Vanuatu,VUT,2010,8.856894
Vanuatu,VUT,2011,8.511497
Vanuatu,VUT,2012,7.9941325
Vanuatu,VUT,2013,7.2403936
Vanuatu,VUT,2014,8.8515
Vanuatu,VUT,2015,7.638687
Vanuatu,VUT,2016,10.506451
Vanuatu,VUT,2017,10.365096
Vanuatu,VUT,2018,8.262957
Vanuatu,VUT,2019,7.65779
Vanuatu,VUT,2020,8.4000635
Vanuatu,VUT,2021,7.806018
Vanuatu,VUT,2022,8.230314
Vanuatu,VUT,2023,8.380813
Venezuela,VEN,2018,36.902245
Venezuela,VEN,2019,34.121517
Venezuela,VEN,2020,28.952875
Venezuela,VEN,2021,28.055237
Venezuela,VEN,2022,24.887905
Venezuela,VEN,2023,29.686749
Vietnam,VNM,2000,34.58065
Vietnam,VNM,2001,29.70149
Vietnam,VNM,2002,34.542233
Vietnam,VNM,2003,34.542835
Vietnam,VNM,2004,34.67517
Vietnam,VNM,2005,34.641766
Vietnam,VNM,2006,34.697384
Vietnam,VNM,2007,34.66908
Vietnam,VNM,2008,34.57613
Vietnam,VNM,2009,34.635384
Vietnam,VNM,2010,34.674057
Vietnam,VNM,2011,34.686905
Vietnam,VNM,2012,40.778923
Vietnam,VNM,2013,41.5871
Vietnam,VNM,2014,41.02821
Vietnam,VNM,2015,42.13228
Vietnam,VNM,2016,41.35648
Vietnam,VNM,2017,42.587868
Vietnam,VNM,2018,44.58101
Vietnam,VNM,2019,45.117306
Vietnam,VNM,2020,42.40335
Vietnam,VNM,2021,40.463757
Vietnam,VNM,2022,39.62644
Vietnam,VNM,2023,39.202847
World,OWID_WRL,2000,19.196543
World,OWID_WRL,2001,18.86006
World,OWID_WRL,2002,18.601536
World,OWID_WRL,2003,18.553427
World,OWID_WRL,2004,18.543804
World,OWID_WRL,2005,18.68116
World,OWID_WRL,2006,18.808596
World,OWID_WRL,2007,18.894777
World,OWID_WRL,2008,18.885157
World,OWID_WRL,2009,18.254124
World,OWID_WRL,2010,18.504442
World,OWID_WRL,2011,18.590792
World,OWID_WRL,2012,18.823053
World,OWID_WRL,2013,19.008602
World,OWID_WRL,2014,18.737835
World,OWID_WRL,2015,18.441238
World,OWID_WRL,2016,18.163944
World,OWID_WRL,2017,18.05613
World,OWID_WRL,2018,18.129538
World,OWID_WRL,2019,17.967579
World,OWID_WRL,2020,16.430128
World,OWID_WRL,2021,16.969866
World,OWID_WRL,2022,17.244486
World,OWID_WRL,2023,17.330086
Yemen,YEM,2000,43.4933
Yemen,YEM,2001,44.62618
Yemen,YEM,2002,46.677032
Yemen,YEM,2003,54.26419
Yemen,YEM,2004,60.45806
Yemen,YEM,2005,64.780655
Yemen,YEM,2006,65.89187
Yemen,YEM,2007,69.1558
Yemen,YEM,2008,68.61846
Yemen,YEM,2009,74.215836
Yemen,YEM,2010,74.0169
Yemen,YEM,2011,72.48513
Yemen,YEM,2012,71.6133
Yemen,YEM,2013,74.58348
Yemen,YEM,2014,79.96548
Yemen,YEM,2015,86.86334
Yemen,YEM,2016,83.71151
Yemen,YEM,2017,87.90394
Yemen,YEM,2018,81.865204
Yemen,YEM,2019,75.349945
Yemen,YEM,2020,78.78487
Yemen,YEM,2021,68.8186
Yemen,YEM,2022,71.377396
Yemen,YEM,2023,69.12572
Zambia,ZMB,2000,45.51237
Zambia,ZMB,2001,38.812973
Zambia,ZMB,2002,28.439867
Zambia,ZMB,2003,28.41941
Zambia,ZMB,2004,31.070208
Zambia,ZMB,2005,26.097876
Zambia,ZMB,2006,25.695812
Zambia,ZMB,2007,24.831684
Zambia,ZMB,2008,20.412867
Zambia,ZMB,2009,14.689294
Zambia,ZMB,2010,14.233481
Zambia,ZMB,2011,12.191556
Zambia,ZMB,2012,12.631579
Zambia,ZMB,2013,11.709145
Zambia,ZMB,2014,13.81974
Zambia,ZMB,2015,12.255349
Zambia,ZMB,2016,12.139537
Zambia,ZMB,2017,10.655811
Zambia,ZMB,2018,10.275903
Zambia,ZMB,2019,7.2523828
Zambia,ZMB,2020,8.113664
Zambia,ZMB,2021,7.0782943
Zambia,ZMB,2022,8.915434
Zambia,ZMB,2023,10.286833
Zimbabwe,ZWE,2010,34.431034
Zimbabwe,ZWE,2011,37.220825
Zimbabwe,ZWE,2012,34.968517
Zimbabwe,ZWE,2013,29.755964
Zimbabwe,ZWE,2014,24.831755
Zimbabwe,ZWE,2015,25.786417
Zimbabwe,ZWE,2016,24.649107
Zimbabwe,ZWE,2017,10.548449
Zimbabwe,ZWE,2018,8.796354
Zimbabwe,ZWE,2019,9.083371
Zimbabwe,ZWE,2020,10.408307
Zimbabwe,ZWE,2021,8.886173
Zimbabwe,ZWE,2022,8.724346
Zimbabwe,ZWE,2023,10.634792