entity,code,year,gross_enrolment_ratio_for_tertiary_education__both_sexes__pct__ger_5t8
Afghanistan,AFG,1970,0.76956
Afghanistan,AFG,1971,0.92827
Afghanistan,AFG,1972,0.95954
Afghanistan,AFG,1973,1.10444
Afghanistan,AFG,1974,1.03192
Afghanistan,AFG,1975,1.12306
Afghanistan,AFG,1976,1.26919
Afghanistan,AFG,1977,1.40903
Afghanistan,AFG,1978,1.80001
Afghanistan,AFG,1979,1.91846
Afghanistan,AFG,1982,2.01695
Afghanistan,AFG,1986,2.19022
Afghanistan,AFG,1987,1.7146
Afghanistan,AFG,1990,2.2152
Afghanistan,AFG,2003,1.37435
Afghanistan,AFG,2004,1.39064
Afghanistan,AFG,2009,3.93816
Afghanistan,AFG,2011,3.68686
Afghanistan,AFG,2014,8.39764
Afghanistan,AFG,2018,9.99592
Afghanistan,AFG,2020,10.85436
Albania,ALB,1971,12.89831
Albania,ALB,1972,13.96056
Albania,ALB,1978,5.39773
Albania,ALB,1981,4.82242
Albania,ALB,1983,5.62991
Albania,ALB,1984,6.34281
Albania,ALB,1985,6.89038
Albania,ALB,1986,7.06285
Albania,ALB,1987,7.12346
Albania,ALB,1988,7.4646
Albania,ALB,1989,7.76359
Albania,ALB,1990,8.01173
Albania,ALB,1991,8.63831
Albania,ALB,1992,9.12522
Albania,ALB,1993,11.0174
Albania,ALB,1994,10.44344
Albania,ALB,1995,10.07948
Albania,ALB,1996,11.02621
Albania,ALB,1997,12.80837
Albania,ALB,1998,13.63146
Albania,ALB,1999,14.77006
Albania,ALB,2000,15.38671
Albania,ALB,2001,15.48205
Albania,ALB,2002,16.38956
Albania,ALB,2003,16.36624
Albania,ALB,2004,19.12958
Albania,ALB,2005,22.38901
Albania,ALB,2006,26.2101
Albania,ALB,2007,30.23193
Albania,ALB,2008,31.68396
Albania,ALB,2009,32.92399
Albania,ALB,2010,43.32793
Albania,ALB,2011,49.399704
Albania,ALB,2012,58.621418
Albania,ALB,2013,63.84406
Albania,ALB,2014,65.55071
Albania,ALB,2015,61.96085
Albania,ALB,2016,58.48848
Albania,ALB,2017,58.017784
Albania,ALB,2018,56.080296
Albania,ALB,2019,61.408516
Albania,ALB,2020,61.585304
Albania,ALB,2021,59.969868
Albania,ALB,2022,62.647923
Albania,ALB,2023,64.729355
Albania,ALB,2024,84.14962
Algeria,DZA,1987,8.84932
Algeria,DZA,1988,8.63754
Algeria,DZA,1990,10.07105
Algeria,DZA,1991,10.80184
Algeria,DZA,1992,10.94597
Algeria,DZA,1993,10.86343
Algeria,DZA,1994,10.43091
Algeria,DZA,1995,10.23548
Algeria,DZA,1996,11.60389
Algeria,DZA,1999,13.60047
Algeria,DZA,2001,15.29478
Algeria,DZA,2002,16.97542
Algeria,DZA,2003,18.21182
Algeria,DZA,2004,18.87093
Algeria,DZA,2005,20.70987
Algeria,DZA,2006,21.3458
Algeria,DZA,2007,23.59563
Algeria,DZA,2009,30.50147
Algeria,DZA,2010,30.734444
Algeria,DZA,2011,32.3866
Algeria,DZA,2012,33.5571
Algeria,DZA,2013,35.43863
Algeria,DZA,2014,36.042797
Algeria,DZA,2015,38.244473
Algeria,DZA,2016,43.90406
Algeria,DZA,2017,49.17769
Algeria,DZA,2018,52.88194
Algeria,DZA,2019,53.864502
Algeria,DZA,2020,53.375217
Algeria,DZA,2021,54.22226
Algeria,DZA,2022,53.387577
Algeria,DZA,2023,55.532017
Algeria,DZA,2024,54.42834
American Samoa,ASM,1971,0
American Samoa,ASM,1989,19.62012
Andorra,AND,2002,7.31106
Andorra,AND,2003,8.82862
Andorra,AND,2004,8.74967
Andorra,AND,2005,8.41535
Andorra,AND,2006,9.89391
Andorra,AND,2008,10.98612
Andorra,AND,2012,12.870249
Andorra,AND,2013,14.540541
Andorra,AND,2014,13.539968
Andorra,AND,2015,13.820689
Andorra,AND,2016,15.20111
Andorra,AND,2017,15.66649
Andorra,AND,2018,15.713215
Andorra,AND,2019,15.43526
Andorra,AND,2020,15.260575
Andorra,AND,2021,15.411765
Andorra,AND,2022,34.641438
Andorra,AND,2023,62.410694
Andorra,AND,2024,67.676765
Angola,AGO,1988,0.58181
Angola,AGO,1989,0.56591
Angola,AGO,1990,0.59492
Angola,AGO,1991,0.60506
Angola,AGO,1992,0.57333
Angola,AGO,1998,0.61365
Angola,AGO,1999,0.55463
Angola,AGO,2002,0.78364
Angola,AGO,2003,2.87621
Angola,AGO,2004,2.14597
Angola,AGO,2005,2.63856
Angola,AGO,2006,2.55977
Angola,AGO,2011,6.4400415
Angola,AGO,2013,9.223397
Angola,AGO,2015,8.783209
Angola,AGO,2016,9.782877
Angola,AGO,2023,10.049358
Angola,AGO,2024,9.954906
Anguilla,AIA,2003,1.20482
Anguilla,AIA,2004,2.0428
Anguilla,AIA,2005,3.14885
Anguilla,AIA,2006,4.46768
Anguilla,AIA,2007,5.24272
Anguilla,AIA,2008,5.35714
Antigua and Barbuda,ATG,2009,14.89301
Antigua and Barbuda,ATG,2010,16.695206
Antigua and Barbuda,ATG,2011,15.106082
Antigua and Barbuda,ATG,2012,25.115627
Argentina,ARG,1970,13.28045
Argentina,ARG,1971,15.31064
Argentina,ARG,1972,16.47292
Argentina,ARG,1973,19.57838
Argentina,ARG,1974,22.70217
Argentina,ARG,1975,26.91427
Argentina,ARG,1976,26.94388
Argentina,ARG,1977,23.95312
Argentina,ARG,1978,21.20259
Argentina,ARG,1979,22.01059
Argentina,ARG,1980,21.56503
Argentina,ARG,1981,22.96342
Argentina,ARG,1982,23.69571
Argentina,ARG,1983,24.7787
Argentina,ARG,1984,28.72756
Argentina,ARG,1985,35.66659
Argentina,ARG,1986,37.80254
Argentina,ARG,1987,39.75736
Argentina,ARG,1991,38.32967
Argentina,ARG,1994,37.3899
Argentina,ARG,1998,47.98623
Argentina,ARG,1999,49.5107
Argentina,ARG,2000,54.08435
Argentina,ARG,2001,58.46976
Argentina,ARG,2002,61.72288
Argentina,ARG,2003,64.03049
Argentina,ARG,2004,64.58914
Argentina,ARG,2005,63.48931
Argentina,ARG,2006,66.94447
Argentina,ARG,2007,66.66722
Argentina,ARG,2008,68.56107
Argentina,ARG,2009,70.69319
Argentina,ARG,2010,73.80367
Argentina,ARG,2011,77.01012
Argentina,ARG,2012,78.146515
Argentina,ARG,2013,78.56816
Argentina,ARG,2014,81.072586
Argentina,ARG,2015,83.75569
Argentina,ARG,2016,86.674385
Argentina,ARG,2017,89.329735
Argentina,ARG,2018,91.08465
Argentina,ARG,2019,95.192825
Argentina,ARG,2020,99.369736
Argentina,ARG,2021,107.21956
Argentina,ARG,2022,107.103905
Argentina,ARG,2023,107.82257
Armenia,ARM,1986,18.55618
Armenia,ARM,1988,19.54688
Armenia,ARM,1989,20.99156
Armenia,ARM,1990,22.02383
Armenia,ARM,1991,23.57785
Armenia,ARM,1992,22.93404
Armenia,ARM,1993,22.56438
Armenia,ARM,1994,19.16313
Armenia,ARM,1995,19.50589
Armenia,ARM,1996,16.68888
Armenia,ARM,1997,21.86449
Armenia,ARM,1998,31.58304
Armenia,ARM,1999,32.28538
Armenia,ARM,2000,32.53052
Armenia,ARM,2001,31.34092
Armenia,ARM,2002,33.96189
Armenia,ARM,2003,35.06571
Armenia,ARM,2004,35.83609
Armenia,ARM,2005,37.70945
Armenia,ARM,2006,41.59036
Armenia,ARM,2007,44.45584
Armenia,ARM,2008,46.52449
Armenia,ARM,2009,49.08971
Armenia,ARM,2010,50.58399
Armenia,ARM,2011,51.29493
Armenia,ARM,2012,44.485573
Armenia,ARM,2013,44.834778
Armenia,ARM,2014,47.715084
Armenia,ARM,2015,48.73137
Armenia,ARM,2016,54.34329
Armenia,ARM,2017,55.506554
Armenia,ARM,2018,57.458534
Armenia,ARM,2019,53.594418
Armenia,ARM,2020,52.333153
Armenia,ARM,2021,56.623516
Armenia,ARM,2022,57.181843
Armenia,ARM,2023,56.277004
Armenia,ARM,2024,52.774807
Aruba,ABW,1999,25.63375
Aruba,ABW,2000,28.33034
Aruba,ABW,2001,28.86013
Aruba,ABW,2002,28.58169
Aruba,ABW,2003,30.37791
Aruba,ABW,2004,30.35269
Aruba,ABW,2005,36.20423
Aruba,ABW,2006,34.22687
Aruba,ABW,2007,34.89681
Aruba,ABW,2008,35.09706
Aruba,ABW,2009,34.43086
Aruba,ABW,2010,36.06253
Aruba,ABW,2011,37.86481
Aruba,ABW,2012,38.86418
Aruba,ABW,2013,17.12587
Aruba,ABW,2014,17.7519
Aruba,ABW,2015,16.73124
Aruba,ABW,2016,17.14162
Aruba,ABW,2024,14.065542
Australia,AUS,2015,119.67939
Australia,AUS,2016,119.68278
Australia,AUS,2017,109.99331
Australia,AUS,2018,103.32209
Australia,AUS,2019,109.75956
Australia,AUS,2020,110.13922
Australia,AUS,2021,112.68829
Australia,AUS,2022,106.24076
Australia,AUS,2023,104.64835
Australia,AUS,2024,108.42199
Austria,AUT,2007,63.80212
Austria,AUT,2008,66.19839
Austria,AUT,2009,67.99158
Austria,AUT,2010,75.04025
Austria,AUT,2011,77.26251
Austria,AUT,2012,79.54713
Austria,AUT,2013,80.9616
Austria,AUT,2014,81.01957
Austria,AUT,2015,82.25631
Austria,AUT,2016,82.84969
Austria,AUT,2017,83.83926
Austria,AUT,2018,85.86989
Austria,AUT,2019,86.32343
Austria,AUT,2020,88.7072
Austria,AUT,2021,93.94007
Austria,AUT,2022,94.51169
Austria,AUT,2023,91.68182
Austria,AUT,2024,92.61267
Azerbaijan,AZE,2006,19.78946
Azerbaijan,AZE,2007,19.3646
Azerbaijan,AZE,2008,19.04789
Azerbaijan,AZE,2009,19.05771
Azerbaijan,AZE,2010,19.260042
Azerbaijan,AZE,2011,19.647306
Azerbaijan,AZE,2012,20.438461
Azerbaijan,AZE,2013,21.440426
Azerbaijan,AZE,2014,23.159735
Azerbaijan,AZE,2015,25.483196
Azerbaijan,AZE,2016,27.236862
Azerbaijan,AZE,2017,28.467056
Azerbaijan,AZE,2018,28.97249
Azerbaijan,AZE,2019,32.92218
Azerbaijan,AZE,2020,36.385475
Azerbaijan,AZE,2021,39.009598
Azerbaijan,AZE,2022,41.001778
Azerbaijan,AZE,2023,41.390755
Azerbaijan,AZE,2024,41.341377
Bahamas,BHS,1977,28.84664
Bahamas,BHS,1978,26.98212
Bahamas,BHS,1979,25.90676
Bahamas,BHS,1980,19.31374
Bahamas,BHS,1981,17.09905
Bahamas,BHS,1982,15.81152
Bahamas,BHS,1983,11.86272
Bahamas,BHS,1984,13.41337
Bahamas,BHS,1985,14.30014
Bahamas,BHS,1986,16.02476
Bahamas,BHS,1987,17.25924
Bahamas,BHS,1988,18.49463
Bahamas,BHS,1995,14.84258
Bahrain,BHR,1971,1.3927
Bahrain,BHR,1972,1.33493
Bahrain,BHR,1973,1.32795
Bahrain,BHR,1974,2.06624
Bahrain,BHR,1975,2.06068
Bahrain,BHR,1976,2.01219
Bahrain,BHR,1977,3.31737
Bahrain,BHR,1978,3.13808
Bahrain,BHR,1979,2.71872
Bahrain,BHR,1980,3.25014
Bahrain,BHR,1981,4.7167
Bahrain,BHR,1982,5.67314
Bahrain,BHR,1985,9.24753
Bahrain,BHR,1986,8.91714
Bahrain,BHR,1987,7.04086
Bahrain,BHR,1988,10.39463
Bahrain,BHR,1991,16.27642
Bahrain,BHR,1992,17.68009
Bahrain,BHR,1993,18.32495
Bahrain,BHR,1994,16.90749
Bahrain,BHR,1995,15.66486
Bahrain,BHR,1996,15.31274
Bahrain,BHR,1999,19.25309
Bahrain,BHR,2003,25.12014
Bahrain,BHR,2005,19.01364
Bahrain,BHR,2006,17.53585
Bahrain,BHR,2011,46.307503
Bahrain,BHR,2012,47.681168
Bahrain,BHR,2013,44.12748
Bahrain,BHR,2014,44.78666
Bahrain,BHR,2015,45.643986
Bahrain,BHR,2016,46.763176
Bahrain,BHR,2017,48.7281
Bahrain,BHR,2018,50.262833
Bahrain,BHR,2019,52.90458
Bahrain,BHR,2020,54.40779
Bahrain,BHR,2021,47.501553
Bahrain,BHR,2022,50.307377
Bahrain,BHR,2023,57.056225
Bahrain,BHR,2024,58.367725
Bangladesh,BGD,1970,1.99937
Bangladesh,BGD,1972,2.14809
Bangladesh,BGD,1973,2.13985
Bangladesh,BGD,1974,2.67875
Bangladesh,BGD,1976,2.15117
Bangladesh,BGD,1977,2.39166
Bangladesh,BGD,1978,1.97737
Bangladesh,BGD,1979,2.90539
Bangladesh,BGD,1980,2.9322
Bangladesh,BGD,1981,2.92474
Bangladesh,BGD,1982,3.59086
Bangladesh,BGD,1983,4.55328
Bangladesh,BGD,1984,5.03801
Bangladesh,BGD,1985,5.20755
Bangladesh,BGD,1986,5.14064
Bangladesh,BGD,1987,4.47926
Bangladesh,BGD,1988,3.86227
Bangladesh,BGD,1989,3.81795
Bangladesh,BGD,1990,4.36
Bangladesh,BGD,1999,5.28647
Bangladesh,BGD,2000,5.25166
Bangladesh,BGD,2001,6.17244
Bangladesh,BGD,2002,5.9156
Bangladesh,BGD,2003,5.99128
Bangladesh,BGD,2004,5.55667
Bangladesh,BGD,2005,6.13484
Bangladesh,BGD,2006,7.0704
Bangladesh,BGD,2007,7.66305
Bangladesh,BGD,2008,8.62266
Bangladesh,BGD,2009,10.49393
Bangladesh,BGD,2011,13.266325
Bangladesh,BGD,2012,13.42116
Bangladesh,BGD,2013,13.490058
Bangladesh,BGD,2014,13.57774
Bangladesh,BGD,2015,15.573993
Bangladesh,BGD,2016,17.398521
Bangladesh,BGD,2017,18.517561
Bangladesh,BGD,2018,19.571049
Bangladesh,BGD,2019,22.709465
Bangladesh,BGD,2020,22.692303
Bangladesh,BGD,2021,23.900682
Bangladesh,BGD,2022,23.500505
Bangladesh,BGD,2023,24.200344
Bangladesh,BGD,2024,23.72956
Barbados,BRB,1971,3.27201
Barbados,BRB,1972,4.37745
Barbados,BRB,1973,5.37354
Barbados,BRB,1974,6.0022
Barbados,BRB,1981,15.15539
Barbados,BRB,1982,18.32146
Barbados,BRB,1984,19.06902
Barbados,BRB,1985,19.98547
Barbados,BRB,1989,18.08882
Barbados,BRB,1990,18.15536
Barbados,BRB,1991,28.36731
Barbados,BRB,1992,29.54955
Barbados,BRB,1993,27.23946
Barbados,BRB,1999,36.05694
Barbados,BRB,2000,41.92543
Barbados,BRB,2001,41.20746
Barbados,BRB,2007,60.23874
Barbados,BRB,2009,74.20608
Barbados,BRB,2010,69.59533
Barbados,BRB,2011,66.946396
Barbados,BRB,2012,70.02898
Barbados,BRB,2013,73.18077
Barbados,BRB,2014,71.268265
Barbados,BRB,2015,57.281445
Barbados,BRB,2016,52.05337
Barbados,BRB,2017,51.01067
Barbados,BRB,2018,45.8752
Barbados,BRB,2019,48.935497
Barbados,BRB,2020,52.97163
Barbados,BRB,2021,54.672
Barbados,BRB,2022,55.06009
Barbados,BRB,2023,54.26004
Barbados,BRB,2024,53.581566
Barbados,BRB,2025,50.80108
Belarus,BLR,1971,38.18567
Belarus,BLR,1976,36.54473
Belarus,BLR,1980,37.88864
Belarus,BLR,1981,39.14792
Belarus,BLR,1982,39.61351
Belarus,BLR,1983,41.56571
Belarus,BLR,1984,43.17533
Belarus,BLR,1985,45.11993
Belarus,BLR,1986,46.2769
Belarus,BLR,1987,47.32519
Belarus,BLR,1988,47.8895
Belarus,BLR,1989,48.53461
Belarus,BLR,1990,48.92114
Belarus,BLR,1991,47.97934
Belarus,BLR,1992,44.38925
Belarus,BLR,1993,43.46348
Belarus,BLR,1994,41.382
Belarus,BLR,1995,40.57948
Belarus,BLR,1996,44.4671
Belarus,BLR,1997,44.7906
Belarus,BLR,1998,48.63891
Belarus,BLR,1999,51.91741
Belarus,BLR,2000,54.51084
Belarus,BLR,2001,56.58857
Belarus,BLR,2002,58.97199
Belarus,BLR,2003,61.65845
Belarus,BLR,2004,62.95851
Belarus,BLR,2005,65.46012
Belarus,BLR,2006,68.31409
Belarus,BLR,2007,71.10509
Belarus,BLR,2008,71.31635
Belarus,BLR,2009,75.36785
Belarus,BLR,2010,80.11697
Belarus,BLR,2011,87.33737
Belarus,BLR,2012,93.47296
Belarus,BLR,2013,95.4975
Belarus,BLR,2014,94.31636
Belarus,BLR,2015,93.788826
Belarus,BLR,2016,91.520676
Belarus,BLR,2017,89.47065
Belarus,BLR,2018,84.70978
Belarus,BLR,2019,81.2922
Belarus,BLR,2020,79.90016
Belarus,BLR,2021,78.602715
Belarus,BLR,2022,77.09773
Belarus,BLR,2023,72.82502
Belarus,BLR,2024,70.11075
Belgium,BEL,2001,56.71489
Belgium,BEL,2002,58.11008
Belgium,BEL,2003,59.61246
Belgium,BEL,2004,62.04115
Belgium,BEL,2005,62.82033
Belgium,BEL,2006,63.37174
Belgium,BEL,2007,62.46184
Belgium,BEL,2008,62.76421
Belgium,BEL,2009,64.97984
Belgium,BEL,2010,66.85789
Belgium,BEL,2011,67.70341
Belgium,BEL,2012,69.74906
Belgium,BEL,2013,71.78411
Belgium,BEL,2014,74.03973
Belgium,BEL,2015,76.42394
Belgium,BEL,2016,77.24351
Belgium,BEL,2017,80.77382
Belgium,BEL,2018,79.12375
Belgium,BEL,2019,79.30448
Belgium,BEL,2020,79.4996
Belgium,BEL,2021,82.6882
Belgium,BEL,2022,83.57365
Belgium,BEL,2023,82.14756
Belize,BLZ,1971,1.07938
Belize,BLZ,1972,0.86878
Belize,BLZ,1974,0.91476
Belize,BLZ,1975,0.97095
Belize,BLZ,2001,15.19622
Belize,BLZ,2002,17.09462
Belize,BLZ,2003,16.29382
Belize,BLZ,2004,15.69062
Belize,BLZ,2005,16.14225
Belize,BLZ,2006,16.94152
Belize,BLZ,2007,17.92532
Belize,BLZ,2008,18.78538
Belize,BLZ,2009,22.05631
Belize,BLZ,2010,21.565731
Belize,BLZ,2011,21.5464
Belize,BLZ,2012,24.02716
Belize,BLZ,2013,24.004534
Belize,BLZ,2014,24.015463
Belize,BLZ,2015,23.435062
Belize,BLZ,2016,24.476013
Belize,BLZ,2017,24.731691
Belize,BLZ,2018,24.588345
Belize,BLZ,2019,25.138737
Belize,BLZ,2020,25.94217
Belize,BLZ,2021,23.681395
Belize,BLZ,2022,23.976772
Belize,BLZ,2023,22.37341
Belize,BLZ,2024,24.809864
Benin,BEN,1971,0.1215
Benin,BEN,1972,0.22286
Benin,BEN,1973,0.40863
Benin,BEN,1974,0.6738
Benin,BEN,1975,0.65045
Benin,BEN,1976,0.70258
Benin,BEN,1977,0.92827
Benin,BEN,1978,1.0202
Benin,BEN,1979,0.9008
Benin,BEN,1980,0.97485
Benin,BEN,1981,1.33399
Benin,BEN,1982,1.5822
Benin,BEN,1983,1.70726
Benin,BEN,1984,1.76052
Benin,BEN,1985,1.81952
Benin,BEN,1986,2.18576
Benin,BEN,1987,2.07451
Benin,BEN,1988,2.01651
Benin,BEN,1989,2.15107
Benin,BEN,1990,1.96794
Benin,BEN,1991,2.25592
Benin,BEN,1992,2.13378
Benin,BEN,1993,1.94243
Benin,BEN,1994,1.89842
Benin,BEN,1995,1.97397
Benin,BEN,1996,1.99114
Benin,BEN,1997,2.4333
Benin,BEN,1999,3.09658
Benin,BEN,2000,3.49605
Benin,BEN,2001,4.20039
Benin,BEN,2002,4.92834
Benin,BEN,2003,5.43203
Benin,BEN,2004,5.47938
Benin,BEN,2005,5.4112
Benin,BEN,2006,6.20295
Benin,BEN,2007,7.43086
Benin,BEN,2008,7.34216
Benin,BEN,2009,9.34625
Benin,BEN,2010,12.60819
Benin,BEN,2011,11.80886
Benin,BEN,2012,12.86054
Benin,BEN,2013,14.77522
Benin,BEN,2014,14.69162
Benin,BEN,2015,12.48518
Benin,BEN,2016,11.95299
Benin,BEN,2017,11.33793
Benin,BEN,2018,11.57391
Benin,BEN,2019,10.39068
Benin,BEN,2020,10.3808
Benin,BEN,2021,9.82797
Benin,BEN,2022,10.23501
Bermuda,BMU,1979,8.89026
Bermuda,BMU,1980,12.17522
Bermuda,BMU,1981,13.14595
Bermuda,BMU,2006,32.55187
Bermuda,BMU,2007,29.23202
Bermuda,BMU,2008,29.99176
Bermuda,BMU,2009,38.37079
Bermuda,BMU,2010,36.54954
Bermuda,BMU,2011,37.82772
Bermuda,BMU,2012,36.91508
Bermuda,BMU,2013,35.19977
Bermuda,BMU,2014,33.33333
Bermuda,BMU,2015,30.61674
Bermuda,BMU,2017,21.80937
Bermuda,BMU,2018,22.34076
Bermuda,BMU,2023,17.33571
Bhutan,BTN,1978,0.39962
Bhutan,BTN,1979,0.72987
Bhutan,BTN,1980,0.86202
Bhutan,BTN,1983,0.69619
Bhutan,BTN,1999,2.69046
Bhutan,BTN,2005,4.87233
Bhutan,BTN,2006,5.12222
Bhutan,BTN,2007,5.54622
Bhutan,BTN,2008,6.58205
Bhutan,BTN,2009,6.29682
Bhutan,BTN,2010,6.5771813
Bhutan,BTN,2011,7.705025
Bhutan,BTN,2012,7.6080604
Bhutan,BTN,2013,10.362939
Bhutan,BTN,2017,14.835499
Bhutan,BTN,2018,14.930381
Bhutan,BTN,2019,15.942029
Bhutan,BTN,2020,16.865074
Bhutan,BTN,2021,14.738245
Bhutan,BTN,2022,14.57807
Bhutan,BTN,2023,15.0075
Bhutan,BTN,2024,13.011259
Bosnia and Herzegovina,BIH,2000,15.39454
Bosnia and Herzegovina,BIH,2001,16.78247
Bosnia and Herzegovina,BIH,2002,17.03574
Bosnia and Herzegovina,BIH,2003,18.85903
Bosnia and Herzegovina,BIH,2004,21.1273
Bosnia and Herzegovina,BIH,2005,24.15943
Bosnia and Herzegovina,BIH,2006,27.03784
Bosnia and Herzegovina,BIH,2007,30.71714
Bosnia and Herzegovina,BIH,2008,34.47395
Bosnia and Herzegovina,BIH,2009,36.95757
Bosnia and Herzegovina,BIH,2010,38.53346
Bosnia and Herzegovina,BIH,2011,41.97696
Bosnia and Herzegovina,BIH,2012,44.70155
Bosnia and Herzegovina,BIH,2013,51.36009
Bosnia and Herzegovina,BIH,2014,54.16558
Bosnia and Herzegovina,BIH,2015,55.53366
Bosnia and Herzegovina,BIH,2016,56.95461
Bosnia and Herzegovina,BIH,2017,54.52868
Bosnia and Herzegovina,BIH,2018,49.79875
Bosnia and Herzegovina,BIH,2019,46.66779
Bosnia and Herzegovina,BIH,2020,43.80392
Bosnia and Herzegovina,BIH,2021,45.05895
Bosnia and Herzegovina,BIH,2022,45.60635
Bosnia and Herzegovina,BIH,2023,45.50276
Botswana,BWA,1970,0
Botswana,BWA,1971,0
Botswana,BWA,1972,0.37457
Botswana,BWA,1973,0.4327
Botswana,BWA,1974,0.47574
Botswana,BWA,1975,0.71987
Botswana,BWA,1976,0.75266
Botswana,BWA,1977,0.82951
Botswana,BWA,1978,0.95195
Botswana,BWA,1979,0.99824
Botswana,BWA,1980,1.18773
Botswana,BWA,1981,1.27292
Botswana,BWA,1982,1.41904
Botswana,BWA,1983,1.501
Botswana,BWA,1984,1.71985
Botswana,BWA,1985,1.90848
Botswana,BWA,1986,2.26826
Botswana,BWA,1987,2.52163
Botswana,BWA,1991,4.35687
Botswana,BWA,1993,5.16587
Botswana,BWA,1994,5.62314
Botswana,BWA,1995,5.28648
Botswana,BWA,1996,5.66146
Botswana,BWA,1998,5.96113
Botswana,BWA,1999,6.25281
Botswana,BWA,2000,6.98083
Botswana,BWA,2001,7.48678
Botswana,BWA,2002,7.80341
Botswana,BWA,2003,9.0796
Botswana,BWA,2004,9.56878
Botswana,BWA,2005,9.23078
Botswana,BWA,2006,10.06981
Botswana,BWA,2007,10.22328
Botswana,BWA,2008,14.26594
Botswana,BWA,2009,21.9871
Botswana,BWA,2010,19.53989
Botswana,BWA,2011,17.51345
Botswana,BWA,2012,21.66636
Botswana,BWA,2013,26.3371
Botswana,BWA,2014,24.835566
Botswana,BWA,2015,26.869293
Botswana,BWA,2016,22.660585
Botswana,BWA,2017,21.476288
Botswana,BWA,2019,21.496548
Botswana,BWA,2020,22.401787
Botswana,BWA,2021,21.20329
Botswana,BWA,2022,20.709562
Botswana,BWA,2023,20.565823
Botswana,BWA,2024,21.40879
Brazil,BRA,2012,43.83441
Brazil,BRA,2013,44.99667
Brazil,BRA,2014,47.81319
Brazil,BRA,2015,49.0805
Brazil,BRA,2016,48.96658
Brazil,BRA,2017,50.73263
Brazil,BRA,2018,52.05713
Brazil,BRA,2019,53.62154
Brazil,BRA,2020,55.52911
Brazil,BRA,2021,57.6312
Brazil,BRA,2022,61.00009
Brazil,BRA,2024,69.73177
British Virgin Islands,VGB,1999,57.79878
British Virgin Islands,VGB,2000,49.8008
British Virgin Islands,VGB,2001,43.8401
British Virgin Islands,VGB,2002,47.82334
British Virgin Islands,VGB,2004,65.43779
British Virgin Islands,VGB,2009,70.48894
British Virgin Islands,VGB,2015,40.341465
British Virgin Islands,VGB,2016,39.17332
British Virgin Islands,VGB,2018,17.755102
British Virgin Islands,VGB,2019,24.253233
British Virgin Islands,VGB,2020,30.475763
British Virgin Islands,VGB,2021,30.366726
British Virgin Islands,VGB,2022,29.040972
British Virgin Islands,VGB,2023,26.649305
British Virgin Islands,VGB,2024,29.560532
Brunei,BRN,1977,1.7612
Brunei,BRN,1979,2.11527
Brunei,BRN,1983,0.92616
Brunei,BRN,1984,2.5237
Brunei,BRN,1986,2.42632
Brunei,BRN,1987,3.75074
Brunei,BRN,1992,5.49681
Brunei,BRN,1993,5.81065
Brunei,BRN,1994,6.15674
Brunei,BRN,1998,10.63318
Brunei,BRN,1999,13.02514
Brunei,BRN,2000,13.49593
Brunei,BRN,2001,14.66841
Brunei,BRN,2002,14.11547
Brunei,BRN,2003,14.25749
Brunei,BRN,2004,15.17078
Brunei,BRN,2005,15.24986
Brunei,BRN,2006,15.20688
Brunei,BRN,2007,15.4847
Brunei,BRN,2008,15.73851
Brunei,BRN,2009,16.56585
Brunei,BRN,2010,15.33316
Brunei,BRN,2011,17.42446
Brunei,BRN,2012,22.07335
Brunei,BRN,2013,23.46492
Brunei,BRN,2014,30.07991
Brunei,BRN,2015,28.66413
Brunei,BRN,2016,28.66441
Brunei,BRN,2017,31.243391
Brunei,BRN,2018,27.928598
Brunei,BRN,2019,27.771502
Brunei,BRN,2020,27.469255
Brunei,BRN,2021,27.425894
Brunei,BRN,2022,31.192537
Brunei,BRN,2023,36.418274
Bulgaria,BGR,2001,41.04078
Bulgaria,BGR,2002,41.42901
Bulgaria,BGR,2003,42.85361
Bulgaria,BGR,2004,43.69357
Bulgaria,BGR,2005,46.22527
Bulgaria,BGR,2006,47.79483
Bulgaria,BGR,2007,51.24034
Bulgaria,BGR,2008,52.65041
Bulgaria,BGR,2009,55.00837
Bulgaria,BGR,2010,58.35485
Bulgaria,BGR,2011,59.82468
Bulgaria,BGR,2012,62.16165
Bulgaria,BGR,2013,68.20134
Bulgaria,BGR,2014,72.98156
Bulgaria,BGR,2015,78.29996
Bulgaria,BGR,2016,80.63996
Bulgaria,BGR,2017,81.22459
Bulgaria,BGR,2018,83.13488
Bulgaria,BGR,2019,84.75031
Bulgaria,BGR,2020,85.53311
Bulgaria,BGR,2021,85.30175
Bulgaria,BGR,2022,84.12936
Bulgaria,BGR,2023,79.85323
Bulgaria,BGR,2024,69.54604
Burkina Faso,BFA,1971,0.03913
Burkina Faso,BFA,1972,0.04993
Burkina Faso,BFA,1973,0.05923
Burkina Faso,BFA,1974,0.09186
Burkina Faso,BFA,1975,0.10689
Burkina Faso,BFA,1976,0.21173
Burkina Faso,BFA,1977,0.18965
Burkina Faso,BFA,1978,0.22741
Burkina Faso,BFA,1979,0.23164
Burkina Faso,BFA,1980,0.2137
Burkina Faso,BFA,1981,0.27729
Burkina Faso,BFA,1982,0.41978
Burkina Faso,BFA,1983,0.48893
Burkina Faso,BFA,1984,0.52306
Burkina Faso,BFA,1985,0.57281
Burkina Faso,BFA,1986,0.59141
Burkina Faso,BFA,1987,0.61817
Burkina Faso,BFA,1988,0.65949
Burkina Faso,BFA,1989,0.73739
Burkina Faso,BFA,1990,0.74449
Burkina Faso,BFA,1991,0.69536
Burkina Faso,BFA,1992,0.92877
Burkina Faso,BFA,1993,1.08373
Burkina Faso,BFA,1994,1.05732
Burkina Faso,BFA,1995,1.10002
Burkina Faso,BFA,1996,1.05686
Burkina Faso,BFA,1997,0.96895
Burkina Faso,BFA,1999,0.98364
Burkina Faso,BFA,2001,1.11435
Burkina Faso,BFA,2002,1.34107
Burkina Faso,BFA,2003,1.50509
Burkina Faso,BFA,2005,2.14314
Burkina Faso,BFA,2006,2.25788
Burkina Faso,BFA,2007,2.4055
Burkina Faso,BFA,2008,2.92968
Burkina Faso,BFA,2009,3.26683
Burkina Faso,BFA,2010,3.3494458
Burkina Faso,BFA,2011,3.9190693
Burkina Faso,BFA,2012,4.337927
Burkina Faso,BFA,2013,4.5733833
Burkina Faso,BFA,2014,4.895399
Burkina Faso,BFA,2015,4.9035687
Burkina Faso,BFA,2016,5.4054146
Burkina Faso,BFA,2017,5.834188
Burkina Faso,BFA,2018,6.318261
Burkina Faso,BFA,2019,6.905326
Burkina Faso,BFA,2020,7.642771
Burkina Faso,BFA,2021,9.305131
Burkina Faso,BFA,2022,9.670695
Burkina Faso,BFA,2023,10.107876
Burkina Faso,BFA,2024,10.041967
Burundi,BDI,1971,0.15344
Burundi,BDI,1972,0.15276
Burundi,BDI,1973,0.15539
Burundi,BDI,1974,0.22686
Burundi,BDI,1975,0.2279
Burundi,BDI,1976,0.2812
Burundi,BDI,1979,0.44721
Burundi,BDI,1980,0.46268
Burundi,BDI,1981,0.44308
Burundi,BDI,1982,0.49097
Burundi,BDI,1984,0.55841
Burundi,BDI,1985,0.57861
Burundi,BDI,1986,0.63943
Burundi,BDI,1987,0.62334
Burundi,BDI,1988,0.7278
Burundi,BDI,1989,0.72693
Burundi,BDI,1990,0.68138
Burundi,BDI,1991,0.7557
Burundi,BDI,1992,0.78634
Burundi,BDI,1993,0.82892
Burundi,BDI,1998,0.86451
Burundi,BDI,1999,0.91691
Burundi,BDI,2000,1.05475
Burundi,BDI,2001,1.0306
Burundi,BDI,2002,1.60112
Burundi,BDI,2004,2.1011
Burundi,BDI,2005,2.13503
Burundi,BDI,2006,2.16555
Burundi,BDI,2007,2.26626
Burundi,BDI,2008,2.49793
Burundi,BDI,2009,2.67791
Burundi,BDI,2010,3.0552893
Burundi,BDI,2012,2.9205272
Burundi,BDI,2013,3.7034163
Burundi,BDI,2014,4.4689207
Burundi,BDI,2015,5.2585654
Burundi,BDI,2016,3.9790893
Burundi,BDI,2017,4.30528
Burundi,BDI,2018,4.5528193
Burundi,BDI,2023,6.02546
Burundi,BDI,2025,6.38454
Cambodia,KHM,1971,1.49797
Cambodia,KHM,1972,1.66655
Cambodia,KHM,1973,1.55952
Cambodia,KHM,1980,0.11569
Cambodia,KHM,1981,0.09887
Cambodia,KHM,1982,0.09564
Cambodia,KHM,1983,0.11806
Cambodia,KHM,1984,0.20021
Cambodia,KHM,1985,0.28138
Cambodia,KHM,1986,0.30716
Cambodia,KHM,1989,0.64936
Cambodia,KHM,1990,0.68598
Cambodia,KHM,1991,0.82029
Cambodia,KHM,1992,1.07731
Cambodia,KHM,1993,1.30535
Cambodia,KHM,1994,1.51788
Cambodia,KHM,1995,1.53399
Cambodia,KHM,1996,1.7953
Cambodia,KHM,1997,1.2273
Cambodia,KHM,2000,1.86558
Cambodia,KHM,2001,1.97913
Cambodia,KHM,2002,2.33661
Cambodia,KHM,2003,3.0146
Cambodia,KHM,2004,3.07344
Cambodia,KHM,2005,3.77036
Cambodia,KHM,2006,6.20006
Cambodia,KHM,2007,7.67417
Cambodia,KHM,2008,8.92995
Cambodia,KHM,2009,10.67474
Cambodia,KHM,2010,12.19986
Cambodia,KHM,2011,11.490286
Cambodia,KHM,2015,13.615485
Cambodia,KHM,2017,12.518153
Cambodia,KHM,2018,13.267174
Cambodia,KHM,2019,12.940985
Cambodia,KHM,2020,13.876758
Cambodia,KHM,2021,13.500564
Cambodia,KHM,2022,14.606952
Cambodia,KHM,2023,17.436237
Cambodia,KHM,2024,21.443743
Cameroon,CMR,1971,0.50514
Cameroon,CMR,1972,0.62873
Cameroon,CMR,1973,0.79002
Cameroon,CMR,1974,0.93852
Cameroon,CMR,1975,1.05918
Cameroon,CMR,1979,1.60098
Cameroon,CMR,1980,1.79465
Cameroon,CMR,1981,1.57134
Cameroon,CMR,1982,1.62293
Cameroon,CMR,1983,1.75986
Cameroon,CMR,1984,1.98712
Cameroon,CMR,1985,2.1941
Cameroon,CMR,1987,2.46875
Cameroon,CMR,1988,2.63008
Cameroon,CMR,1989,2.60481
Cameroon,CMR,1990,2.95227
Cameroon,CMR,1991,3.23773
Cameroon,CMR,1999,4.94322
Cameroon,CMR,2000,4.6901
Cameroon,CMR,2001,4.71602
Cameroon,CMR,2002,5.15588
Cameroon,CMR,2003,5.22031
Cameroon,CMR,2004,5.22725
Cameroon,CMR,2005,6.03904
Cameroon,CMR,2006,7.07693
Cameroon,CMR,2007,7.57397
Cameroon,CMR,2008,8.20875
Cameroon,CMR,2009,9.40401
Cameroon,CMR,2010,11.574572
Cameroon,CMR,2011,12.510244
Cameroon,CMR,2012,13.53633
Cameroon,CMR,2013,15.77128
Cameroon,CMR,2014,16.75359
Cameroon,CMR,2015,17.297075
Cameroon,CMR,2016,12.704656
Cameroon,CMR,2017,12.981816
Cameroon,CMR,2018,14.544955
Cameroon,CMR,2019,15.052861
Cameroon,CMR,2020,15.551956
Cameroon,CMR,2021,17.158184
Cameroon,CMR,2022,16.437153
Cameroon,CMR,2023,16.04044
Cameroon,CMR,2024,16.66143
Canada,CAN,2000,58.51912
Canada,CAN,2002,58.41315
Canada,CAN,2007,63.82981
Canada,CAN,2008,64.30741
Canada,CAN,2009,63.6237
Canada,CAN,2010,61.88459
Canada,CAN,2011,63.1587
Canada,CAN,2012,63.60327
Canada,CAN,2013,65.74772
Canada,CAN,2014,67.1677
Canada,CAN,2015,67.2691
Canada,CAN,2016,69.24594
Canada,CAN,2017,70.26871
Canada,CAN,2018,69.35072
Canada,CAN,2019,73.11288
Canada,CAN,2020,75.23891
Canada,CAN,2021,79.76573
Canada,CAN,2022,78.84883
Canada,CAN,2023,76.26669
Cape Verde,CPV,1999,1.54689
Cape Verde,CPV,2000,1.77747
Cape Verde,CPV,2001,1.54462
Cape Verde,CPV,2002,3.76714
Cape Verde,CPV,2003,4.45262
Cape Verde,CPV,2004,5.89057
Cape Verde,CPV,2005,7.33845
Cape Verde,CPV,2006,8.33227
Cape Verde,CPV,2007,9.42764
Cape Verde,CPV,2008,11.64515
Cape Verde,CPV,2009,14.58452
Cape Verde,CPV,2010,17.23968
Cape Verde,CPV,2011,19.817469
Cape Verde,CPV,2012,19.895128
Cape Verde,CPV,2013,22.246813
Cape Verde,CPV,2014,23.270397
Cape Verde,CPV,2015,22.524027
Cape Verde,CPV,2016,23.693497
Cape Verde,CPV,2017,24.559465
Cape Verde,CPV,2018,24.290596
Cayman Islands,CYM,1999,15.8396
Cayman Islands,CYM,2000,21.1358
Cayman Islands,CYM,2001,21.80258
Cayman Islands,CYM,2002,19.21899
Cayman Islands,CYM,2003,19.80898
Cayman Islands,CYM,2006,19.45779
Cayman Islands,CYM,2007,22.10452
Cayman Islands,CYM,2008,33.01955
Central African Republic,CAF,1971,0.08446
Central African Republic,CAF,1974,0.18607
Central African Republic,CAF,1975,0.19978
Central African Republic,CAF,1976,0.31686
Central African Republic,CAF,1977,0.34483
Central African Republic,CAF,1978,0.46018
Central African Republic,CAF,1979,0.66406
Central African Republic,CAF,1980,0.91988
Central African Republic,CAF,1981,0.74357
Central African Republic,CAF,1982,1.08675
Central African Republic,CAF,1983,0.90918
Central African Republic,CAF,1984,1.00156
Central African Republic,CAF,1985,1.03317
Central African Republic,CAF,1986,1.07129
Central African Republic,CAF,1987,0.9764
Central African Republic,CAF,1988,1.08145
Central African Republic,CAF,1989,1.18874
Central African Republic,CAF,1990,1.32114
Central African Republic,CAF,1991,1.43099
Central African Republic,CAF,1992,1.34974
Central African Republic,CAF,1999,2.01588
Central African Republic,CAF,2000,1.9437
Central African Republic,CAF,2004,1.66786
Central African Republic,CAF,2006,1.08675
Central African Republic,CAF,2008,2.16496
Central African Republic,CAF,2009,2.30814
Central African Republic,CAF,2010,2.53881
Central African Republic,CAF,2011,2.95498
Central African Republic,CAF,2012,2.7752
Central and Southern Asia (SDG),,1999,9.213
Central and Southern Asia (SDG),,2000,9.30105
Central and Southern Asia (SDG),,2001,9.57599
Central and Southern Asia (SDG),,2002,9.91881
Central and Southern Asia (SDG),,2003,10.35886
Central and Southern Asia (SDG),,2004,10.78658
Central and Southern Asia (SDG),,2005,10.91216
Central and Southern Asia (SDG),,2006,11.77041
Central and Southern Asia (SDG),,2007,13.2634
Central and Southern Asia (SDG),,2008,14.98421
Central and Southern Asia (SDG),,2009,15.88883
Central and Southern Asia (SDG),,2010,17.57325
Central and Southern Asia (SDG),,2011,21.07956
Central and Southern Asia (SDG),,2012,22.43642
Central and Southern Asia (SDG),,2013,22.17851
Central and Southern Asia (SDG),,2014,23.45342
Central and Southern Asia (SDG),,2015,24.54496
Central and Southern Asia (SDG),,2016,24.44679
Central and Southern Asia (SDG),,2017,24.8246
Central and Southern Asia (SDG),,2018,25.17494
Central and Southern Asia (SDG),,2019,26.10648
Central and Southern Asia (SDG),,2020,26.61981
Central and Southern Asia (SDG),,2021,27.97519
Central and Southern Asia (SDG),,2022,28.73542
Central and Southern Asia (SDG),,2023,30.01442
Central and Southern Asia (SDG),,2024,30.70385
Chad,TCD,1971,0
Chad,TCD,1972,0.01369
Chad,TCD,1973,0.06949
Chad,TCD,1974,0.16876
Chad,TCD,1975,0.11478
Chad,TCD,1976,0.14758
Chad,TCD,1977,0.20201
Chad,TCD,1985,0.37254
Chad,TCD,1989,0.57456
Chad,TCD,1996,0.50379
Chad,TCD,1997,0.54332
Chad,TCD,1998,0.67288
Chad,TCD,2000,0.79297
Chad,TCD,2001,0.81611
Chad,TCD,2003,0.94214
Chad,TCD,2004,1.20976
Chad,TCD,2005,1.41597
Chad,TCD,2008,1.95049
Chad,TCD,2009,2.01651
Chad,TCD,2010,2.0962732
Chad,TCD,2011,2.213129
Chad,TCD,2014,3.3882062
Chad,TCD,2015,3.2275069
Chad,TCD,2020,4.39666
Chile,CHL,2000,35.43132
Chile,CHL,2002,40.2665
Chile,CHL,2003,43.5182
Chile,CHL,2004,44.32846
Chile,CHL,2005,50.27356
Chile,CHL,2006,49.32169
Chile,CHL,2007,54.72305
Chile,CHL,2008,56.7744
Chile,CHL,2009,59.99129
Chile,CHL,2010,66.34452
Chile,CHL,2011,70.82418
Chile,CHL,2012,75.07707
Chile,CHL,2013,79.87034
Chile,CHL,2014,83.66298
Chile,CHL,2015,86.41811
Chile,CHL,2016,88.84589
Chile,CHL,2017,89.92199
Chile,CHL,2018,91.19748
Chile,CHL,2019,92.06597
Chile,CHL,2020,89.11249
Chile,CHL,2021,96.22279
Chile,CHL,2022,99.33728
Chile,CHL,2023,104.73406
Chile,CHL,2024,110.1769
China,CHN,1970,0.12702
China,CHN,1973,0.20355
China,CHN,1974,0.32569
China,CHN,1975,0.44931
China,CHN,1976,0.55236
China,CHN,1977,0.62394
China,CHN,1978,0.69222
China,CHN,1979,1.00965
China,CHN,1980,1.28212
China,CHN,1981,2.04294
China,CHN,1984,1.91119
China,CHN,1985,2.19702
China,CHN,1986,2.78308
China,CHN,1987,3.05594
China,CHN,1988,3.09079
China,CHN,1989,3.01722
China,CHN,1990,3.00203
China,CHN,1991,2.88314
China,CHN,1992,2.81714
China,CHN,1993,2.93351
China,CHN,1994,3.77007
China,CHN,1995,4.65805
China,CHN,1996,5.27504
China,CHN,1997,5.7958
China,CHN,1998,6.25878
China,CHN,1999,6.61047
China,CHN,2000,7.57778
China,CHN,2001,9.28069
China,CHN,2002,11.80508
China,CHN,2003,14.51397
China,CHN,2004,16.90044
China,CHN,2005,18.65652
China,CHN,2006,20.56677
China,CHN,2007,21.47156
China,CHN,2008,21.86674
China,CHN,2009,23.28863
China,CHN,2010,25.288307
China,CHN,2011,26.787504
China,CHN,2012,29.308191
China,CHN,2013,32.719162
China,CHN,2014,43.711006
China,CHN,2015,47.119263
China,CHN,2016,49.30908
China,CHN,2017,51.067883
China,CHN,2018,53.3988
China,CHN,2019,56.60509
China,CHN,2020,61.61247
China,CHN,2021,66.81861
China,CHN,2022,71.57995
China,CHN,2023,74.5933
China,CHN,2024,76.875786
Colombia,COL,2000,25.50969
Colombia,COL,2001,26.38126
Colombia,COL,2002,26.5131
Colombia,COL,2004,29.50346
Colombia,COL,2005,32.25398
Colombia,COL,2006,34.36621
Colombia,COL,2007,35.47853
Colombia,COL,2008,37.9448
Colombia,COL,2009,39.5088
Colombia,COL,2010,41.52967
Colombia,COL,2011,45.28733
Colombia,COL,2012,47.46699
Colombia,COL,2013,50.74749
Colombia,COL,2014,53.17944
Colombia,COL,2015,54.79613
Colombia,COL,2016,57.14375
Colombia,COL,2017,58.39604
Colombia,COL,2018,57.32054
Colombia,COL,2019,56.6663
Colombia,COL,2020,55.73311
Colombia,COL,2021,58.31592
Colombia,COL,2022,59.29014
Comoros,COM,1990,0.61715
Comoros,COM,1992,0.55556
Comoros,COM,1993,0.57801
Comoros,COM,1996,0.90144
Comoros,COM,1999,1.5177
Comoros,COM,2000,1.60367
Comoros,COM,2003,3.4207
Comoros,COM,2007,4.39438
Comoros,COM,2009,6.19504
Comoros,COM,2010,7.9040523
Comoros,COM,2011,9.481933
Comoros,COM,2012,10.536064
Comoros,COM,2013,9.13248
Comoros,COM,2014,9.592724
Comoros,COM,2017,18.819029
Congo,COG,1971,1.46164
Congo,COG,1972,1.15779
Congo,COG,1973,1.57868
Congo,COG,1974,1.86175
Congo,COG,1975,2.11066
Congo,COG,1976,2.23813
Congo,COG,1977,2.54932
Congo,COG,1978,2.99479
Congo,COG,1979,3.47443
Congo,COG,1980,4.22951
Congo,COG,1981,4.33963
Congo,COG,1982,5.14447
Congo,COG,1983,5.28028
Congo,COG,1984,5.37424
Congo,COG,1985,5.39251
Congo,COG,1986,5.30334
Congo,COG,1987,5.2737
Congo,COG,1988,5.57554
Congo,COG,1989,4.61791
Congo,COG,1990,4.5737
Congo,COG,1991,4.54329
Congo,COG,1992,4.98357
Congo,COG,1993,5.57453
Congo,COG,1999,3.67139
Congo,COG,2000,5.2435
Congo,COG,2001,4.20175
Congo,COG,2002,3.76164
Congo,COG,2003,3.79619
Congo,COG,2009,5.87968
Congo,COG,2011,7.95888
Congo,COG,2012,9.09545
Congo,COG,2013,8.56632
Congo,COG,2017,12.14619
Congo,COG,2023,10.38121
Cook Islands,COK,2012,37.973763
Cook Islands,COK,2014,54.952312
Cook Islands,COK,2015,60.194176
Cook Islands,COK,2023,1.5267175
Cook Islands,COK,2024,12.486188
Costa Rica,CRI,2004,25.80568
Costa Rica,CRI,2011,44.67119
Costa Rica,CRI,2012,46.68854
Costa Rica,CRI,2013,47.50571
Costa Rica,CRI,2014,50.33428
Costa Rica,CRI,2015,51.28458
Costa Rica,CRI,2016,51.65164
Costa Rica,CRI,2017,54.44923
Costa Rica,CRI,2018,52.61409
Costa Rica,CRI,2019,55.02029
Cote d'Ivoire,CIV,1971,1.01452
Cote d'Ivoire,CIV,1972,1.01679
Cote d'Ivoire,CIV,1973,1.17733
Cote d'Ivoire,CIV,1974,1.20426
Cote d'Ivoire,CIV,1976,1.2764
Cote d'Ivoire,CIV,1977,1.50358
Cote d'Ivoire,CIV,1978,1.6972
Cote d'Ivoire,CIV,1979,1.98238
Cote d'Ivoire,CIV,1980,2.17178
Cote d'Ivoire,CIV,1981,2.79007
Cote d'Ivoire,CIV,1982,2.50741
Cote d'Ivoire,CIV,1984,2.24982
Cote d'Ivoire,CIV,1985,2.22502
Cote d'Ivoire,CIV,1987,2.43722
Cote d'Ivoire,CIV,1992,2.47029
Cote d'Ivoire,CIV,1993,2.93564
Cote d'Ivoire,CIV,1994,3.64606
Cote d'Ivoire,CIV,1995,3.59754
Cote d'Ivoire,CIV,1997,5.41807
Cote d'Ivoire,CIV,1999,5.49134
Cote d'Ivoire,CIV,2007,7.86978
Cote d'Ivoire,CIV,2008,7.40332
Cote d'Ivoire,CIV,2009,7.25688
Cote d'Ivoire,CIV,2010,6.530995
Cote d'Ivoire,CIV,2011,2.9210176
Cote d'Ivoire,CIV,2013,7.354265
Cote d'Ivoire,CIV,2014,7.7389765
Cote d'Ivoire,CIV,2015,8.464333
Cote d'Ivoire,CIV,2016,8.895578
Cote d'Ivoire,CIV,2017,9.524888
Cote d'Ivoire,CIV,2019,10.325698
Cote d'Ivoire,CIV,2020,10.266409
Cote d'Ivoire,CIV,2021,10.772583
Cote d'Ivoire,CIV,2022,11.113493
Cote d'Ivoire,CIV,2023,11.572427
Cote d'Ivoire,CIV,2024,11.35851
Croatia,HRV,2001,36.37405
Croatia,HRV,2002,39.16183
Croatia,HRV,2003,42.38098
Croatia,HRV,2004,44.07622
Croatia,HRV,2005,47.29472
Croatia,HRV,2006,48.59751
Croatia,HRV,2007,50.53059
Croatia,HRV,2008,52.35145
Croatia,HRV,2009,51.9583
Croatia,HRV,2010,57.0686
Croatia,HRV,2011,59.33886
Croatia,HRV,2012,62.02566
Croatia,HRV,2013,66.71111
Croatia,HRV,2014,68.63925
Croatia,HRV,2015,68.4414
Croatia,HRV,2016,69.58895
Croatia,HRV,2017,71.37759
Croatia,HRV,2018,72.86254
Croatia,HRV,2019,74.05012
Croatia,HRV,2020,74.73804
Croatia,HRV,2021,78.00679
Croatia,HRV,2022,80.76267
Croatia,HRV,2023,81.17752
Cuba,CUB,1971,3.58807
Cuba,CUB,1972,4.91187
Cuba,CUB,1973,6.36695
Cuba,CUB,1974,7.15511
Cuba,CUB,1975,8.71579
Cuba,CUB,1976,10.52238
Cuba,CUB,1977,13.54625
Cuba,CUB,1978,14.98664
Cuba,CUB,1979,15.80814
Cuba,CUB,1980,16.58272
Cuba,CUB,1981,16.1749
Cuba,CUB,1982,16.41096
Cuba,CUB,1983,16.1227
Cuba,CUB,1984,17.05711
Cuba,CUB,1985,18.14607
Cuba,CUB,1986,19.7975
Cuba,CUB,1987,21.52161
Cuba,CUB,1988,22.07186
Cuba,CUB,1989,21.23138
Cuba,CUB,1990,20.67047
Cuba,CUB,1991,20.87483
Cuba,CUB,1992,19.68795
Cuba,CUB,1993,17.94839
Cuba,CUB,1994,16.70409
Cuba,CUB,1995,14.2621
Cuba,CUB,1996,13.4059
Cuba,CUB,1997,13.29271
Cuba,CUB,1998,13.4775
Cuba,CUB,1999,21.15401
Cuba,CUB,2000,22.99567
Cuba,CUB,2001,26.07194
Cuba,CUB,2002,27.42347
Cuba,CUB,2003,32.56879
Cuba,CUB,2004,52.44116
Cuba,CUB,2005,60.11512
Cuba,CUB,2006,84.74473
Cuba,CUB,2007,105.01745
Cuba,CUB,2008,117.16307
Cuba,CUB,2009,113.82709
Cuba,CUB,2010,93.54474
Cuba,CUB,2011,78.479164
Cuba,CUB,2012,61.351986
Cuba,CUB,2013,47.99384
Cuba,CUB,2014,40.80572
Cuba,CUB,2015,36.751026
Cuba,CUB,2016,35.0524
Cuba,CUB,2017,41.170242
Cuba,CUB,2018,42.35064
Cuba,CUB,2019,44.779182
Cuba,CUB,2020,46.735725
Cuba,CUB,2021,51.888557
Cuba,CUB,2023,49.72857
Cuba,CUB,2024,43.10407
Curacao,CUW,2013,23.0842
Cyprus,CYP,2001,21.61252
Cyprus,CYP,2002,25.10229
Cyprus,CYP,2003,31.95523
Cyprus,CYP,2004,36.02046
Cyprus,CYP,2005,34.10218
Cyprus,CYP,2006,34.30195
Cyprus,CYP,2007,36.2316
Cyprus,CYP,2008,40.84917
Cyprus,CYP,2009,47.69645
Cyprus,CYP,2010,48.31158
Cyprus,CYP,2011,46.53973
Cyprus,CYP,2012,45.86359
Cyprus,CYP,2013,47.47089
Cyprus,CYP,2014,52.10838
Cyprus,CYP,2015,59.86406
Cyprus,CYP,2016,68.37547
Cyprus,CYP,2017,79.82752
Cyprus,CYP,2018,86.58993
Cyprus,CYP,2019,93.92607
Cyprus,CYP,2020,102.39076
Cyprus,CYP,2021,106.36293
Cyprus,CYP,2022,105.38498
Cyprus,CYP,2023,107.26212
Cyprus,CYP,2024,120.87727
Czechia,CZE,2001,32.02678
Czechia,CZE,2002,36.88766
Czechia,CZE,2003,39.20789
Czechia,CZE,2004,45.42428
Czechia,CZE,2005,49.11814
Czechia,CZE,2006,49.88113
Czechia,CZE,2007,54.1809
Czechia,CZE,2008,57.91717
Czechia,CZE,2009,61.41157
Czechia,CZE,2010,64.93277
Czechia,CZE,2011,66.79682
Czechia,CZE,2012,66.92877
Czechia,CZE,2013,66.32432
Czechia,CZE,2014,67.39597
Czechia,CZE,2015,67.23036
Czechia,CZE,2016,67.50564
Czechia,CZE,2017,67.71422
Czechia,CZE,2018,66.79022
Czechia,CZE,2019,66.88022
Czechia,CZE,2020,67.18437
Czechia,CZE,2021,69.83693
Czechia,CZE,2022,70.81459
Czechia,CZE,2023,66.72829
Democratic Republic of Congo,COD,1971,0.67839
Democratic Republic of Congo,COD,1972,0.81124
Democratic Republic of Congo,COD,1973,0.84996
Democratic Republic of Congo,COD,1974,0.94789
Democratic Republic of Congo,COD,1975,1.05741
Democratic Republic of Congo,COD,1976,1.21746
Democratic Republic of Congo,COD,1977,1.22378
Democratic Republic of Congo,COD,1978,1.2628
Democratic Republic of Congo,COD,1979,1.25702
Democratic Republic of Congo,COD,1980,1.13154
Democratic Republic of Congo,COD,1981,1.16973
Democratic Republic of Congo,COD,1982,1.34798
Democratic Republic of Congo,COD,1983,1.25703
Democratic Republic of Congo,COD,1984,1.41753
Democratic Republic of Congo,COD,1985,1.37082
Democratic Republic of Congo,COD,1986,1.39964
Democratic Republic of Congo,COD,1987,1.517
Democratic Republic of Congo,COD,1988,1.6946
Democratic Republic of Congo,COD,1989,1.91014
Democratic Republic of Congo,COD,1990,2.01208
Democratic Republic of Congo,COD,1991,2.34064
Democratic Republic of Congo,COD,1995,2.3109
Democratic Republic of Congo,COD,1999,1.45258
Democratic Republic of Congo,COD,2006,4.20873
Democratic Republic of Congo,COD,2007,4.20303
Democratic Republic of Congo,COD,2008,5.27933
Democratic Republic of Congo,COD,2009,6.26155
Democratic Republic of Congo,COD,2011,7.55884
Democratic Republic of Congo,COD,2012,7.63979
Democratic Republic of Congo,COD,2013,6.3728
Democratic Republic of Congo,COD,2016,5.90037
Democratic Republic of Congo,COD,2020,6.37988
Denmark,DNK,2001,61.36731
Denmark,DNK,2002,64.22347
Denmark,DNK,2003,68.17125
Denmark,DNK,2004,74.96651
Denmark,DNK,2005,80.81246
Denmark,DNK,2006,78.50577
Denmark,DNK,2007,78.24329
Denmark,DNK,2008,74.86063
Denmark,DNK,2009,73.11063
Denmark,DNK,2010,72.49515
Denmark,DNK,2011,75.93002
Denmark,DNK,2012,77.74655
Denmark,DNK,2013,80.41868
Denmark,DNK,2014,81.31436
Denmark,DNK,2015,83.30041
Denmark,DNK,2016,82.17149
Denmark,DNK,2017,81.32201
Denmark,DNK,2018,81.14055
Denmark,DNK,2019,81.69459
Denmark,DNK,2020,82.66433
Denmark,DNK,2021,83.98229
Denmark,DNK,2022,84.58661
Denmark,DNK,2023,81.23082
Denmark,DNK,2024,78.96041
Djibouti,DJI,1976,0
Djibouti,DJI,1981,0
Djibouti,DJI,1986,0
Djibouti,DJI,1991,0
Djibouti,DJI,1992,0.08583
Djibouti,DJI,1993,0.10596
Djibouti,DJI,1994,0.12442
Djibouti,DJI,1996,0.20966
Djibouti,DJI,1997,0.25101
Djibouti,DJI,1999,0.24491
Djibouti,DJI,2000,0.25736
Djibouti,DJI,2001,0.65482
Djibouti,DJI,2002,0.93447
Djibouti,DJI,2003,1.14008
Djibouti,DJI,2004,1.43495
Djibouti,DJI,2005,2.15187
Djibouti,DJI,2006,2.4364
Djibouti,DJI,2007,2.70821
Djibouti,DJI,2008,2.89696
Djibouti,DJI,2009,3.63387
Djibouti,DJI,2010,3.61855
Djibouti,DJI,2011,5.16012
Dominica,DMA,1981,0.74786
Dominica,DMA,1984,0.66913
Dominica,DMA,1985,0.69164
Dominica,DMA,1989,0.85011
Dominica,DMA,1991,5.67882
Dominica,DMA,1992,8.95604
Dominica,DMA,1993,6.94803
Dominican Republic,DOM,1971,5.7693
Dominican Republic,DOM,1972,7.07579
Dominican Republic,DOM,1973,7.67028
Dominican Republic,DOM,1975,8.30643
Dominican Republic,DOM,1986,17.90571
Dominican Republic,DOM,1997,21.46653
Dominican Republic,DOM,2003,33.67511
Dominican Republic,DOM,2012,48.629005
Dominican Republic,DOM,2014,49.319267
Dominican Republic,DOM,2015,51.747116
Dominican Republic,DOM,2016,54.498997
Dominican Republic,DOM,2017,59.915592
Dominican Republic,DOM,2020,58.72641
Dominican Republic,DOM,2021,56.46908
Dominican Republic,DOM,2022,55.16653
Dominican Republic,DOM,2023,58.242805
Dominican Republic,DOM,2024,57.650948
East Asia and Pacific (WB),WB_EAP,1970,9.52993
East Asia and Pacific (WB),WB_EAP,1971,2.97591
East Asia and Pacific (WB),WB_EAP,1972,3.07947
East Asia and Pacific (WB),WB_EAP,1973,3.14942
East Asia and Pacific (WB),WB_EAP,1974,3.35064
East Asia and Pacific (WB),WB_EAP,1975,3.57665
East Asia and Pacific (WB),WB_EAP,1976,3.91329
East Asia and Pacific (WB),WB_EAP,1977,4.09468
East Asia and Pacific (WB),WB_EAP,1978,4.52277
East Asia and Pacific (WB),WB_EAP,1979,5.07028
East Asia and Pacific (WB),WB_EAP,1980,5.68713
East Asia and Pacific (WB),WB_EAP,1981,6.27251
East Asia and Pacific (WB),WB_EAP,1982,6.42841
East Asia and Pacific (WB),WB_EAP,1983,6.39443
East Asia and Pacific (WB),WB_EAP,1984,6.46175
East Asia and Pacific (WB),WB_EAP,1985,6.53018
East Asia and Pacific (WB),WB_EAP,1986,6.87367
East Asia and Pacific (WB),WB_EAP,1987,7.86422
East Asia and Pacific (WB),WB_EAP,1988,7.26129
East Asia and Pacific (WB),WB_EAP,1989,8.02837
East Asia and Pacific (WB),WB_EAP,1990,7.4877
East Asia and Pacific (WB),WB_EAP,1991,8.14141
East Asia and Pacific (WB),WB_EAP,1992,8.27671
East Asia and Pacific (WB),WB_EAP,1993,9.50734
East Asia and Pacific (WB),WB_EAP,1994,10.25002
East Asia and Pacific (WB),WB_EAP,1995,10.84008
East Asia and Pacific (WB),WB_EAP,1996,12.55209
East Asia and Pacific (WB),WB_EAP,1997,14.01189
East Asia and Pacific (WB),WB_EAP,1998,14.19698
East Asia and Pacific (WB),WB_EAP,1999,15.05126
East Asia and Pacific (WB),WB_EAP,2000,16.55685
East Asia and Pacific (WB),WB_EAP,2001,17.46986
East Asia and Pacific (WB),WB_EAP,2002,19.07022
East Asia and Pacific (WB),WB_EAP,2003,20.79429
East Asia and Pacific (WB),WB_EAP,2004,22.31888
East Asia and Pacific (WB),WB_EAP,2005,23.49888
East Asia and Pacific (WB),WB_EAP,2006,24.68121
East Asia and Pacific (WB),WB_EAP,2007,25.53366
East Asia and Pacific (WB),WB_EAP,2008,26.19201
East Asia and Pacific (WB),WB_EAP,2009,27.37561
East Asia and Pacific (WB),WB_EAP,2010,29.01851
East Asia and Pacific (WB),WB_EAP,2011,30.53349
East Asia and Pacific (WB),WB_EAP,2012,32.61581
East Asia and Pacific (WB),WB_EAP,2013,35.00635
East Asia and Pacific (WB),WB_EAP,2014,41.89162
East Asia and Pacific (WB),WB_EAP,2015,44.25877
East Asia and Pacific (WB),WB_EAP,2016,45.93897
East Asia and Pacific (WB),WB_EAP,2017,46.55908
East Asia and Pacific (WB),WB_EAP,2018,47.40098
East Asia and Pacific (WB),WB_EAP,2019,49.48087
East Asia and Pacific (WB),WB_EAP,2020,52.65188
East Asia and Pacific (WB),WB_EAP,2021,56.08347
East Asia and Pacific (WB),WB_EAP,2022,59.33214
East Asia and Pacific (WB),WB_EAP,2023,61.89186
East Asia and Pacific (WB),WB_EAP,2024,63.33185
East Timor,TLS,2002,8.40393
East Timor,TLS,2009,16.5156
East Timor,TLS,2010,17.70291
East Timor,TLS,2023,30.961111
Eastern and South-Eastern Asia (SDG),,1970,9.49133
Eastern and South-Eastern Asia (SDG),,1971,2.83331
Eastern and South-Eastern Asia (SDG),,1972,2.91617
Eastern and South-Eastern Asia (SDG),,1973,2.97738
Eastern and South-Eastern Asia (SDG),,1974,3.16224
Eastern and South-Eastern Asia (SDG),,1975,3.37699
Eastern and South-Eastern Asia (SDG),,1976,3.69981
Eastern and South-Eastern Asia (SDG),,1977,3.87743
Eastern and South-Eastern Asia (SDG),,1978,4.30287
Eastern and South-Eastern Asia (SDG),,1979,4.84515
Eastern and South-Eastern Asia (SDG),,1980,5.45809
Eastern and South-Eastern Asia (SDG),,1981,6.04589
Eastern and South-Eastern Asia (SDG),,1982,6.21861
Eastern and South-Eastern Asia (SDG),,1983,6.19202
Eastern and South-Eastern Asia (SDG),,1984,6.26223
Eastern and South-Eastern Asia (SDG),,1985,6.33946
Eastern and South-Eastern Asia (SDG),,1986,6.67378
Eastern and South-Eastern Asia (SDG),,1987,7.67212
Eastern and South-Eastern Asia (SDG),,1988,7.0452
Eastern and South-Eastern Asia (SDG),,1989,7.80936
Eastern and South-Eastern Asia (SDG),,1990,7.24535
Eastern and South-Eastern Asia (SDG),,1991,7.87376
Eastern and South-Eastern Asia (SDG),,1992,7.98504
Eastern and South-Eastern Asia (SDG),,1993,9.02152
Eastern and South-Eastern Asia (SDG),,1994,9.74733
Eastern and South-Eastern Asia (SDG),,1995,10.31359
Eastern and South-Eastern Asia (SDG),,1996,12.00725
Eastern and South-Eastern Asia (SDG),,1997,13.41701
Eastern and South-Eastern Asia (SDG),,1998,13.29251
Eastern and South-Eastern Asia (SDG),,1999,14.16109
Eastern and South-Eastern Asia (SDG),,2000,15.69895
Eastern and South-Eastern Asia (SDG),,2001,16.62981
Eastern and South-Eastern Asia (SDG),,2002,18.24536
Eastern and South-Eastern Asia (SDG),,2003,19.98494
Eastern and South-Eastern Asia (SDG),,2004,21.53367
Eastern and South-Eastern Asia (SDG),,2005,22.73887
Eastern and South-Eastern Asia (SDG),,2006,23.9432
Eastern and South-Eastern Asia (SDG),,2007,24.81123
Eastern and South-Eastern Asia (SDG),,2008,25.47287
Eastern and South-Eastern Asia (SDG),,2009,26.66514
Eastern and South-Eastern Asia (SDG),,2010,28.31577
Eastern and South-Eastern Asia (SDG),,2011,29.83304
Eastern and South-Eastern Asia (SDG),,2012,31.92686
Eastern and South-Eastern Asia (SDG),,2013,34.32872
Eastern and South-Eastern Asia (SDG),,2014,41.29829
Eastern and South-Eastern Asia (SDG),,2015,43.68716
Eastern and South-Eastern Asia (SDG),,2016,45.3849
Eastern and South-Eastern Asia (SDG),,2017,46.1081
Eastern and South-Eastern Asia (SDG),,2018,47.03085
Eastern and South-Eastern Asia (SDG),,2019,49.08832
Eastern and South-Eastern Asia (SDG),,2020,52.33725
Eastern and South-Eastern Asia (SDG),,2021,55.83238
Eastern and South-Eastern Asia (SDG),,2022,59.21697
Eastern and South-Eastern Asia (SDG),,2023,61.83024
Eastern and South-Eastern Asia (SDG),,2024,63.30561
Ecuador,ECU,2008,38.18718
Ecuador,ECU,2012,39.25247
Ecuador,ECU,2013,39.77344
Ecuador,ECU,2015,44.537148
Ecuador,ECU,2018,47.331184
Ecuador,ECU,2019,47.262783
Ecuador,ECU,2020,56.90663
Ecuador,ECU,2022,59.879784
Ecuador,ECU,2023,67.88512
Egypt,EGY,1971,7.20743
Egypt,EGY,1972,7.86927
Egypt,EGY,1973,8.84186
Egypt,EGY,1974,9.82719
Egypt,EGY,1975,11.07195
Egypt,EGY,1976,12.67531
Egypt,EGY,1977,14.61917
Egypt,EGY,1978,15.35595
Egypt,EGY,1979,15.53427
Egypt,EGY,1980,15.99577
Egypt,EGY,1981,16.92823
Egypt,EGY,1982,17.935
Egypt,EGY,1983,18.54697
Egypt,EGY,1984,19.0926
Egypt,EGY,1985,17.85723
Egypt,EGY,1986,17.76848
Egypt,EGY,1987,17.88469
Egypt,EGY,1988,17.41287
Egypt,EGY,1989,14.77373
Egypt,EGY,1990,13.51565
Egypt,EGY,1991,11.17295
Egypt,EGY,1999,28.60167
Egypt,EGY,2001,27.89225
Egypt,EGY,2002,28.91824
Egypt,EGY,2003,26.02451
Egypt,EGY,2004,27.28621
Egypt,EGY,2005,28.4127
Egypt,EGY,2006,28.36959
Egypt,EGY,2007,28.83992
Egypt,EGY,2008,28.68611
Egypt,EGY,2009,29.26931
Egypt,EGY,2010,30.072739
Egypt,EGY,2011,25.590181
Egypt,EGY,2012,26.227156
Egypt,EGY,2013,28.347982
Egypt,EGY,2014,29.113432
Egypt,EGY,2015,32.8849
Egypt,EGY,2016,31.87313
Egypt,EGY,2017,33.10189
Egypt,EGY,2018,36.123
Egypt,EGY,2019,33.622826
Egypt,EGY,2020,38.774
Egypt,EGY,2021,35.11853
Egypt,EGY,2022,36.46223
Egypt,EGY,2023,37.90056
Egypt,EGY,2024,37.57813
Egypt,EGY,2025,38.039833
El Salvador,SLV,1970,2.92133
El Salvador,SLV,1971,3.82533
El Salvador,SLV,1973,5.7609
El Salvador,SLV,1974,7.25927
El Salvador,SLV,1975,7.64947
El Salvador,SLV,1977,7.79929
El Salvador,SLV,1978,7.84211
El Salvador,SLV,1982,10.3386
El Salvador,SLV,1983,12.23478
El Salvador,SLV,1984,13.08546
El Salvador,SLV,1985,14.12166
El Salvador,SLV,1986,14.42814
El Salvador,SLV,1988,14.53304
El Salvador,SLV,1989,15.11894
El Salvador,SLV,1990,14.69229
El Salvador,SLV,1991,16.12099
El Salvador,SLV,1993,17.64099
El Salvador,SLV,1994,19.53355
El Salvador,SLV,1995,20.68008
El Salvador,SLV,1996,19.89665
El Salvador,SLV,1998,20.47992
El Salvador,SLV,1999,20.48242
El Salvador,SLV,2000,19.75534
El Salvador,SLV,2001,18.96634
El Salvador,SLV,2002,19.71878
El Salvador,SLV,2003,20.5765
El Salvador,SLV,2004,21.64256
El Salvador,SLV,2005,22.45427
El Salvador,SLV,2006,23.2542
El Salvador,SLV,2007,24.74371
El Salvador,SLV,2008,25.54418
El Salvador,SLV,2009,25.92168
El Salvador,SLV,2010,26.31517
El Salvador,SLV,2011,27.32486
El Salvador,SLV,2012,28.09791
El Salvador,SLV,2013,28.27313
El Salvador,SLV,2014,27.5441
El Salvador,SLV,2015,27.39293
El Salvador,SLV,2016,27.17948
El Salvador,SLV,2017,27.6415
El Salvador,SLV,2018,28.20588
El Salvador,SLV,2019,28.52984
El Salvador,SLV,2020,30.99864
El Salvador,SLV,2021,30.30433
El Salvador,SLV,2022,31.45389
El Salvador,SLV,2023,32.38026
El Salvador,SLV,2024,32.83471
Equatorial Guinea,GNQ,1982,4.13538
Equatorial Guinea,GNQ,1991,1.39267
Equatorial Guinea,GNQ,2000,1.84453
Eritrea,ERI,1995,1.73021
Eritrea,ERI,1996,1.4296
Eritrea,ERI,1998,1.49975
Eritrea,ERI,1999,1.9558
Eritrea,ERI,2000,2.00988
Eritrea,ERI,2001,2.69305
Eritrea,ERI,2002,2.54442
Eritrea,ERI,2004,1.97108
Eritrea,ERI,2009,3.67762
Eritrea,ERI,2010,4.35516
Eritrea,ERI,2014,4.12872
Eritrea,ERI,2015,3.51575
Eritrea,ERI,2016,3.20262
Estonia,EST,2001,58.71748
Estonia,EST,2002,61.7471
Estonia,EST,2003,64.22227
Estonia,EST,2004,65.7774
Estonia,EST,2005,67.98435
Estonia,EST,2006,68.79508
Estonia,EST,2007,68.82206
Estonia,EST,2008,67.83561
Estonia,EST,2009,67.84942
Estonia,EST,2010,68.71016
Estonia,EST,2011,71.02353
Estonia,EST,2012,72.93647
Estonia,EST,2013,75.45232
Estonia,EST,2014,76.20245
Estonia,EST,2015,74.58328
Estonia,EST,2016,73.03343
Estonia,EST,2017,72.13698
Estonia,EST,2018,72.06596
Estonia,EST,2019,72.70603
Estonia,EST,2020,72.04436
Estonia,EST,2021,73.15021
Estonia,EST,2022,71.42519
Estonia,EST,2023,67.61793
Estonia,EST,2024,65.66923
Eswatini,SWZ,1970,0.48121
Eswatini,SWZ,1971,0.59791
Eswatini,SWZ,1972,0.62347
Eswatini,SWZ,1973,0.63896
Eswatini,SWZ,1974,1.2448
Eswatini,SWZ,1975,2.13493
Eswatini,SWZ,1976,2.13174
Eswatini,SWZ,1977,2.65423
Eswatini,SWZ,1979,2.72587
Eswatini,SWZ,1980,3.54235
Eswatini,SWZ,1981,3.10337
Eswatini,SWZ,1984,4.76379
Eswatini,SWZ,1985,4.37491
Eswatini,SWZ,1986,3.92166
Eswatini,SWZ,1987,3.68917
Eswatini,SWZ,1988,4.42677
Eswatini,SWZ,1990,3.92527
Eswatini,SWZ,1991,3.75163
Eswatini,SWZ,1992,3.34717
Eswatini,SWZ,1993,4.43349
Eswatini,SWZ,1996,5.94147
Eswatini,SWZ,1999,4.54554
Eswatini,SWZ,2000,4.26582
Eswatini,SWZ,2002,4.41732
Eswatini,SWZ,2004,5.39188
Eswatini,SWZ,2005,4.78245
Eswatini,SWZ,2006,4.60428
Eswatini,SWZ,2011,7.028401
Eswatini,SWZ,2013,6.4354577
Ethiopia,ETH,1971,0.18452
Ethiopia,ETH,1972,0.20315
Ethiopia,ETH,1973,0.15995
Ethiopia,ETH,1974,0.26023
Ethiopia,ETH,1977,0.26178
Ethiopia,ETH,1978,0.40079
Ethiopia,ETH,1979,0.47921
Ethiopia,ETH,1980,0.52453
Ethiopia,ETH,1981,0.49379
Ethiopia,ETH,1982,0.48263
Ethiopia,ETH,1983,0.49595
Ethiopia,ETH,1984,0.47472
Ethiopia,ETH,1986,0.74849
Ethiopia,ETH,1987,0.79569
Ethiopia,ETH,1988,0.74078
Ethiopia,ETH,1989,0.75868
Ethiopia,ETH,1990,0.78732
Ethiopia,ETH,1991,0.776
Ethiopia,ETH,1994,0.60223
Ethiopia,ETH,1995,0.66038
Ethiopia,ETH,1996,0.68653
Ethiopia,ETH,1997,0.80171
Ethiopia,ETH,1998,0.838
Ethiopia,ETH,1999,0.93181
Ethiopia,ETH,2000,1.17115
Ethiopia,ETH,2001,1.47605
Ethiopia,ETH,2002,1.68374
Ethiopia,ETH,2003,2.40168
Ethiopia,ETH,2004,2.72982
Ethiopia,ETH,2005,2.94168
Ethiopia,ETH,2008,3.53212
Ethiopia,ETH,2009,5.09216
Ethiopia,ETH,2010,6.96483
Ethiopia,ETH,2011,7.27566
Ethiopia,ETH,2012,7.62417
Ethiopia,ETH,2014,5.919251
Europe and Central Asia (WB),WB_ECA,1999,43.6435
Europe and Central Asia (WB),WB_ECA,2000,45.83085
Europe and Central Asia (WB),WB_ECA,2001,48.13793
Europe and Central Asia (WB),WB_ECA,2002,50.69711
Europe and Central Asia (WB),WB_ECA,2003,53.21607
Europe and Central Asia (WB),WB_ECA,2004,54.42884
Europe and Central Asia (WB),WB_ECA,2005,56.08241
Europe and Central Asia (WB),WB_ECA,2006,57.5958
Europe and Central Asia (WB),WB_ECA,2007,58.69616
Europe and Central Asia (WB),WB_ECA,2008,59.49515
Europe and Central Asia (WB),WB_ECA,2009,60.63894
Europe and Central Asia (WB),WB_ECA,2010,62.19607
Europe and Central Asia (WB),WB_ECA,2011,63.15005
Europe and Central Asia (WB),WB_ECA,2012,63.84296
Europe and Central Asia (WB),WB_ECA,2013,64.9022
Europe and Central Asia (WB),WB_ECA,2014,66.41922
Europe and Central Asia (WB),WB_ECA,2015,67.40496
Europe and Central Asia (WB),WB_ECA,2016,68.91276
Europe and Central Asia (WB),WB_ECA,2017,70.5332
Europe and Central Asia (WB),WB_ECA,2018,72.04094
Europe and Central Asia (WB),WB_ECA,2019,73.67009
Europe and Central Asia (WB),WB_ECA,2020,75.65361
Europe and Central Asia (WB),WB_ECA,2021,79.15058
Europe and Central Asia (WB),WB_ECA,2022,81.04771
Europe and Central Asia (WB),WB_ECA,2023,81.52059
Europe and Central Asia (WB),WB_ECA,2024,84.89056
Europe and Northern America (SDG),,1999,55.33197
Europe and Northern America (SDG),,2000,56.12645
Europe and Northern America (SDG),,2001,59.54256
Europe and Northern America (SDG),,2002,63.12055
Europe and Northern America (SDG),,2003,65.524
Europe and Northern America (SDG),,2004,67.05119
Europe and Northern America (SDG),,2005,68.24429
Europe and Northern America (SDG),,2006,70.02946
Europe and Northern America (SDG),,2007,71.37064
Europe and Northern America (SDG),,2008,72.44415
Europe and Northern America (SDG),,2009,73.9807
Europe and Northern America (SDG),,2010,74.79323
Europe and Northern America (SDG),,2011,75.57793
Europe and Northern America (SDG),,2012,75.75516
Europe and Northern America (SDG),,2013,76.15435
Europe and Northern America (SDG),,2014,76.93326
Europe and Northern America (SDG),,2015,77.10221
Europe and Northern America (SDG),,2016,77.46416
Europe and Northern America (SDG),,2017,77.72617
Europe and Northern America (SDG),,2018,78.25748
Europe and Northern America (SDG),,2019,78.99821
Europe and Northern America (SDG),,2020,79.89754
Europe and Northern America (SDG),,2021,80.98322
Europe and Northern America (SDG),,2022,80.41032
Europe and Northern America (SDG),,2023,81.9379
Europe and Northern America (SDG),,2024,82.20233
European Union (27),OWID_EU27,1999,49.10697
European Union (27),OWID_EU27,2000,50.91172
European Union (27),OWID_EU27,2001,53.32623
European Union (27),OWID_EU27,2002,55.68699
European Union (27),OWID_EU27,2003,57.96213
European Union (27),OWID_EU27,2004,59.97363
European Union (27),OWID_EU27,2005,61.56769
European Union (27),OWID_EU27,2006,62.81056
European Union (27),OWID_EU27,2007,63.49309
European Union (27),OWID_EU27,2008,64.52426
European Union (27),OWID_EU27,2009,65.6139
European Union (27),OWID_EU27,2010,66.89665
European Union (27),OWID_EU27,2011,67.51227
European Union (27),OWID_EU27,2012,67.37532
European Union (27),OWID_EU27,2013,67.56269
European Union (27),OWID_EU27,2014,68.73971
European Union (27),OWID_EU27,2015,69.76872
European Union (27),OWID_EU27,2016,70.51403
European Union (27),OWID_EU27,2017,71.78745
European Union (27),OWID_EU27,2018,72.91495
European Union (27),OWID_EU27,2019,74.04014
European Union (27),OWID_EU27,2020,75.0071
European Union (27),OWID_EU27,2021,77.85757
European Union (27),OWID_EU27,2022,79.63302
European Union (27),OWID_EU27,2023,79.49973
European Union (27),OWID_EU27,2024,79.49973
Fiji,FJI,1970,0.69713
Fiji,FJI,1971,1.04355
Fiji,FJI,1972,1.29038
Fiji,FJI,1973,1.60629
Fiji,FJI,1974,2.12106
Fiji,FJI,1975,2.81669
Fiji,FJI,1980,2.38317
Fiji,FJI,1981,2.46146
Fiji,FJI,1982,2.71577
Fiji,FJI,1984,2.50851
Fiji,FJI,1985,2.97018
Fiji,FJI,1986,2.83618
Fiji,FJI,1989,4.6411
Fiji,FJI,1991,10.79473
Fiji,FJI,2003,14.77187
Fiji,FJI,2004,14.57267
Fiji,FJI,2005,14.4559
Fiji,FJI,2014,69.43276
Fiji,FJI,2015,68.416794
Fiji,FJI,2016,77.56012
Fiji,FJI,2017,82.34355
Fiji,FJI,2018,79.14642
Fiji,FJI,2019,77.5562
Fiji,FJI,2020,83.76137
Fiji,FJI,2021,76.70302
Fiji,FJI,2022,68.77949
Fiji,FJI,2023,60.967907
Fiji,FJI,2024,75.00897
Finland,FIN,2001,85.95105
Finland,FIN,2002,86.78893
Finland,FIN,2003,88.28698
Finland,FIN,2004,90.13793
Finland,FIN,2005,91.94094
Finland,FIN,2006,93.43099
Finland,FIN,2007,95.08348
Finland,FIN,2008,95.86685
Finland,FIN,2009,92.01547
Finland,FIN,2010,93.18676
Finland,FIN,2011,93.28843
Finland,FIN,2012,91.55338
Finland,FIN,2013,91.23653
Finland,FIN,2014,89.99388
Finland,FIN,2015,89.65738
Finland,FIN,2016,89.328
Finland,FIN,2017,90.69839
Finland,FIN,2018,92.385
Finland,FIN,2019,94.58912
Finland,FIN,2020,96.47263
Finland,FIN,2021,100.86807
Finland,FIN,2022,104.94422
Finland,FIN,2023,108.13041
Finland,FIN,2024,110.3045
France,FRA,2001,50.44729
France,FRA,2002,50.25169
France,FRA,2003,52.31698
France,FRA,2004,53.45763
France,FRA,2005,53.88233
France,FRA,2006,53.87542
France,FRA,2007,52.94754
France,FRA,2008,52.47552
France,FRA,2009,52.7731
France,FRA,2010,54.88172
France,FRA,2011,55.62573
France,FRA,2012,57.90901
France,FRA,2013,59.84876
France,FRA,2014,61.51048
France,FRA,2015,62.78593
France,FRA,2016,64.72768
France,FRA,2017,65.80223
France,FRA,2018,67.54352
France,FRA,2019,67.73313
France,FRA,2020,68.87094
France,FRA,2021,69.93979
France,FRA,2022,71.51073
France,FRA,2023,70.45364
France,FRA,2024,71.53469
French Polynesia,PYF,1992,1.45678
Gabon,GAB,1971,0.37681
Gabon,GAB,1972,0.65558
Gabon,GAB,1973,0.74
Gabon,GAB,1974,1.33374
Gabon,GAB,1975,1.95166
Gabon,GAB,1976,1.96204
Gabon,GAB,1977,2.35043
Gabon,GAB,1978,2.35891
Gabon,GAB,1979,2.27062
Gabon,GAB,1980,2.87463
Gabon,GAB,1983,4.68356
Gabon,GAB,1984,4.8938
Gabon,GAB,1987,5.63495
Gabon,GAB,1988,5.40331
Gabon,GAB,1989,5.17159
Gabon,GAB,1990,5.09428
Gabon,GAB,1999,6.65823
Gabon,GAB,2001,7.45747
Gabon,GAB,2003,7.65526
Gambia,GMB,1995,1.44264
Gambia,GMB,1999,1.00466
Gambia,GMB,2004,1.07393
Gambia,GMB,2010,1.7978212
Gambia,GMB,2011,2.7968159
Gambia,GMB,2012,1.1808945
Gambia,GMB,2024,13.47659
Georgia,GEO,1981,28.70825
Georgia,GEO,1991,37.0882
Georgia,GEO,1995,46.40124
Georgia,GEO,1996,43.82298
Georgia,GEO,1997,47.18145
Georgia,GEO,1999,38.48262
Georgia,GEO,2000,40.65971
Georgia,GEO,2001,41.77147
Georgia,GEO,2002,44.09446
Georgia,GEO,2003,45.27261
Georgia,GEO,2004,44.49884
Georgia,GEO,2005,49.7897
Georgia,GEO,2006,42.33203
Georgia,GEO,2007,41.55396
Georgia,GEO,2008,38.64074
Georgia,GEO,2009,28.66686
Georgia,GEO,2010,32.73609
Georgia,GEO,2011,35.920555
Georgia,GEO,2012,33.61647
Georgia,GEO,2013,40.587067
Georgia,GEO,2014,46.329052
Georgia,GEO,2015,51.905067
Georgia,GEO,2016,58.198807
Georgia,GEO,2017,63.53504
Georgia,GEO,2018,66.74781
Georgia,GEO,2019,69.64639
Georgia,GEO,2020,71.80645
Georgia,GEO,2021,77.23031
Georgia,GEO,2022,79.32534
Georgia,GEO,2023,78.26523
Georgia,GEO,2025,89.48612
Germany,DEU,2013,60.89845
Germany,DEU,2014,65.18448
Germany,DEU,2015,68.23291
Germany,DEU,2016,67.94641
Germany,DEU,2017,68.46923
Germany,DEU,2018,69.16343
Germany,DEU,2019,72.70508
Germany,DEU,2020,72.38942
Germany,DEU,2021,75.66554
Germany,DEU,2022,77.3657
Germany,DEU,2023,78.59475
Germany,DEU,2024,76.70969
Ghana,GHA,1971,0.74236
Ghana,GHA,1972,0.76669
Ghana,GHA,1973,0.82116
Ghana,GHA,1974,0.92927
Ghana,GHA,1975,0.96163
Ghana,GHA,1976,1.04252
Ghana,GHA,1982,1.35178
Ghana,GHA,1991,0.91093
Ghana,GHA,1992,1.05234
Ghana,GHA,1993,1.25376
Ghana,GHA,1994,1.28397
Ghana,GHA,2005,5.351
Ghana,GHA,2006,4.77281
Ghana,GHA,2007,5.92381
Ghana,GHA,2008,7.91365
Ghana,GHA,2009,8.2978
Ghana,GHA,2011,11.282447
Ghana,GHA,2012,11.49389
Ghana,GHA,2013,13.42054
Ghana,GHA,2014,15.080945
Ghana,GHA,2015,15.561887
Ghana,GHA,2016,15.606271
Ghana,GHA,2017,16.20657
Ghana,GHA,2018,15.90456
Ghana,GHA,2019,17.360725
Ghana,GHA,2020,18.613995
Ghana,GHA,2021,19.20052
Ghana,GHA,2022,20.445593
Ghana,GHA,2023,22.095825
Ghana,GHA,2024,21.33081
Greece,GRC,2000,52.67263
Greece,GRC,2001,59.92491
Greece,GRC,2002,66.89084
Greece,GRC,2003,72.91167
Greece,GRC,2004,80.41484
Greece,GRC,2005,90.34747
Greece,GRC,2006,95.07754
Greece,GRC,2007,90.54043
Greece,GRC,2010,101.69405
Greece,GRC,2011,105.81269
Greece,GRC,2012,110.12298
Greece,GRC,2013,112.70583
Greece,GRC,2014,119.10421
Greece,GRC,2016,131.40321
Greece,GRC,2017,135.33392
Greece,GRC,2018,140.95032
Greece,GRC,2019,143.96272
Greece,GRC,2020,143.69334
Greece,GRC,2021,150.60548
Greece,GRC,2022,166.38956
Greece,GRC,2023,165.11342
Grenada,GRD,1979,1.37912
Grenada,GRD,1980,5.44568
Grenada,GRD,1982,7.98896
Grenada,GRD,1983,4.44463
Grenada,GRD,1984,4.61127
Grenada,GRD,2009,56.85508
Grenada,GRD,2015,96.79313
Grenada,GRD,2016,96.79514
Grenada,GRD,2017,98.69934
Grenada,GRD,2018,99.9892
Guatemala,GTM,1970,3.21841
Guatemala,GTM,1971,3.39384
Guatemala,GTM,1972,3.71368
Guatemala,GTM,1973,4.05812
Guatemala,GTM,1974,3.60951
Guatemala,GTM,1975,3.98037
Guatemala,GTM,1976,4.37675
Guatemala,GTM,1977,4.82056
Guatemala,GTM,1978,5.52104
Guatemala,GTM,1981,5.44156
Guatemala,GTM,1983,6.47464
Guatemala,GTM,1984,6.58987
Guatemala,GTM,1985,6.82185
Guatemala,GTM,1986,7.14702
Guatemala,GTM,1993,8.2478
Guatemala,GTM,1994,8.60204
Guatemala,GTM,1995,8.65815
Guatemala,GTM,2002,9.50202
Guatemala,GTM,2007,17.29775
Guatemala,GTM,2009,15.09726
Guatemala,GTM,2010,15.752311
Guatemala,GTM,2011,16.434437
Guatemala,GTM,2012,16.875368
Guatemala,GTM,2013,19.573704
Guatemala,GTM,2014,18.255293
Guatemala,GTM,2015,21.957369
Guatemala,GTM,2019,22.559502
Guatemala,GTM,2023,27.294888
Guinea,GIN,1971,0.52646
Guinea,GIN,1975,2.45329
Guinea,GIN,1976,3.06225
Guinea,GIN,1977,3.4679
Guinea,GIN,1978,4.73149
Guinea,GIN,1979,4.90068
Guinea,GIN,1981,4.147
Guinea,GIN,1982,2.91578
Guinea,GIN,1983,2.84494
Guinea,GIN,1984,2.58398
Guinea,GIN,1985,2.17641
Guinea,GIN,1986,1.7436
Guinea,GIN,1987,1.2979
Guinea,GIN,1988,1.1045
Guinea,GIN,1989,1.13119
Guinea,GIN,1990,1.04196
Guinea,GIN,1991,0.9054
Guinea,GIN,1992,0.84777
Guinea,GIN,1993,1.17283
Guinea,GIN,1994,1.09438
Guinea,GIN,1995,1.21479
Guinea,GIN,1996,1.12723
Guinea,GIN,1997,1.16132
Guinea,GIN,1998,1.22134
Guinea,GIN,2004,2.29848
Guinea,GIN,2005,3.08171
Guinea,GIN,2006,5.37416
Guinea,GIN,2007,8.27205
Guinea,GIN,2008,9.3256
Guinea,GIN,2009,9.34879
Guinea,GIN,2010,10.54398
Guinea,GIN,2011,10.61846
Guinea,GIN,2012,10.00857
Guinea,GIN,2013,10.4364
Guinea,GIN,2014,10.85472
Guinea-Bissau,GNB,1989,0.50034
Guinea-Bissau,GNB,2005,2.26421
Guinea-Bissau,GNB,2006,2.62031
Guyana,GUY,1971,1.52156
Guyana,GUY,1972,1.62589
Guyana,GUY,1973,1.77298
Guyana,GUY,1976,3.4706
Guyana,GUY,1979,3.06389
Guyana,GUY,1980,2.89735
Guyana,GUY,1981,2.85572
Guyana,GUY,1982,3.15843
Guyana,GUY,1983,2.35477
Guyana,GUY,1984,2.4304
Guyana,GUY,1985,2.65282
Guyana,GUY,1986,2.70142
Guyana,GUY,1988,4.35448
Guyana,GUY,1990,5.64599
Guyana,GUY,1994,9.5621
Guyana,GUY,1995,8.95621
Guyana,GUY,1996,10.04171
Guyana,GUY,1997,11.91568
Guyana,GUY,2003,7.17659
Guyana,GUY,2004,10.32849
Guyana,GUY,2005,10.87242
Guyana,GUY,2006,10.99426
Guyana,GUY,2007,11.12786
Guyana,GUY,2008,10.61487
Guyana,GUY,2009,10.07909
Guyana,GUY,2010,10.9517
Guyana,GUY,2011,11.26869
Guyana,GUY,2012,11.70276
Guyana,GUY,2023,25.152077
Guyana,GUY,2024,26.43158
Haiti,HTI,1976,0.62624
Haiti,HTI,1977,0.60391
Haiti,HTI,1978,0.7731
Haiti,HTI,1979,0.80084
Haiti,HTI,1980,0.80464
Haiti,HTI,1981,0.8614
Haiti,HTI,1983,0.93979
Haiti,HTI,1984,1.09305
Haiti,HTI,1986,1.05141
High-income countries,OWID_HIC,1999,54.43688
High-income countries,OWID_HIC,2000,56.61916
High-income countries,OWID_HIC,2001,59.51391
High-income countries,OWID_HIC,2002,62.52764
High-income countries,OWID_HIC,2003,64.60868
High-income countries,OWID_HIC,2004,65.92483
High-income countries,OWID_HIC,2005,66.98193
High-income countries,OWID_HIC,2006,68.32157
High-income countries,OWID_HIC,2007,69.45185
High-income countries,OWID_HIC,2008,70.3825
High-income countries,OWID_HIC,2009,71.66956
High-income countries,OWID_HIC,2010,72.72507
High-income countries,OWID_HIC,2011,73.46731
High-income countries,OWID_HIC,2012,73.96604
High-income countries,OWID_HIC,2013,74.67115
High-income countries,OWID_HIC,2014,75.57223
High-income countries,OWID_HIC,2015,76.16471
High-income countries,OWID_HIC,2016,76.81882
High-income countries,OWID_HIC,2017,76.98163
High-income countries,OWID_HIC,2018,77.31137
High-income countries,OWID_HIC,2019,78.15051
High-income countries,OWID_HIC,2020,78.89421
High-income countries,OWID_HIC,2021,80.36604
High-income countries,OWID_HIC,2022,80.00001
High-income countries,OWID_HIC,2023,81.38266
High-income countries,OWID_HIC,2024,82.03565
Honduras,HND,1974,3.42278
Honduras,HND,1975,3.80191
Honduras,HND,1976,4.80838
Honduras,HND,1977,6.10382
Honduras,HND,1978,6.87114
Honduras,HND,1980,7.26313
Honduras,HND,1981,8.42592
Honduras,HND,1982,8.93837
Honduras,HND,1983,9.03865
Honduras,HND,1984,9.15006
Honduras,HND,1985,9.12496
Honduras,HND,1987,8.83266
Honduras,HND,1988,9.84448
Honduras,HND,1989,9.75243
Honduras,HND,1990,9.24248
Honduras,HND,1991,9.16545
Honduras,HND,1992,9.41639
Honduras,HND,1993,9.12376
Honduras,HND,1994,9.9648
Honduras,HND,1995,9.81442
Honduras,HND,1996,10.38733
Honduras,HND,1997,11.05475
Honduras,HND,1998,12.71515
Honduras,HND,1999,12.40827
Honduras,HND,2000,12.86947
Honduras,HND,2003,15.88897
Honduras,HND,2004,15.94164
Honduras,HND,2008,17.53043
Honduras,HND,2010,19.275755
Honduras,HND,2012,18.944292
Honduras,HND,2013,19.447676
Honduras,HND,2014,19.724186
Honduras,HND,2015,20.315264
Honduras,HND,2016,21.002544
Honduras,HND,2017,24.55856
Honduras,HND,2018,26.383823
Honduras,HND,2019,25.32314
Honduras,HND,2024,23.31779
Hong Kong,HKG,2003,32.21685
Hong Kong,HKG,2004,32.29646
Hong Kong,HKG,2005,32.98549
Hong Kong,HKG,2006,33.7221
Hong Kong,HKG,2007,42.6143
Hong Kong,HKG,2008,55.80186
Hong Kong,HKG,2009,56.58055
Hong Kong,HKG,2010,59.032555
Hong Kong,HKG,2011,60.220837
Hong Kong,HKG,2012,60.95279
Hong Kong,HKG,2013,68.0859
Hong Kong,HKG,2014,69.68815
Hong Kong,HKG,2015,68.700874
Hong Kong,HKG,2016,70.331635
Hong Kong,HKG,2017,72.92285
Hong Kong,HKG,2018,78.24632
Hong Kong,HKG,2019,83.85421
Hong Kong,HKG,2020,89.94791
Hong Kong,HKG,2021,97.381325
Hong Kong,HKG,2022,100.77631
Hong Kong,HKG,2023,105.46174
Hong Kong,HKG,2024,120.08978
Hungary,HUN,2001,42.34789
Hungary,HUN,2002,47.35742
Hungary,HUN,2003,54.63464
Hungary,HUN,2004,61.50714
Hungary,HUN,2005,64.9774
Hungary,HUN,2006,66.39867
Hungary,HUN,2007,66.2653
Hungary,HUN,2008,63.97384
Hungary,HUN,2009,61.97717
Hungary,HUN,2010,60.74876
Hungary,HUN,2011,59.99849
Hungary,HUN,2012,60.6758
Hungary,HUN,2013,57.52122
Hungary,HUN,2014,53.42459
Hungary,HUN,2015,50.97974
Hungary,HUN,2016,50.73615
Hungary,HUN,2017,51.38406
Hungary,HUN,2018,52.56294
Hungary,HUN,2019,54.21229
Hungary,HUN,2020,56.60718
Hungary,HUN,2021,58.65361
Hungary,HUN,2022,60.27468
Hungary,HUN,2023,56.59244
Hungary,HUN,2024,60.51687
Iceland,ISL,1971,9.82776
Iceland,ISL,1972,10.96821
Iceland,ISL,1973,12.2866
Iceland,ISL,1974,12.83962
Iceland,ISL,1975,13.8596
Iceland,ISL,1976,14.95092
Iceland,ISL,1977,15.29354
Iceland,ISL,1978,15.71222
Iceland,ISL,1980,19.55606
Iceland,ISL,1981,20.27571
Iceland,ISL,1982,21.35309
Iceland,ISL,1983,23.03519
Iceland,ISL,1984,23.40999
Iceland,ISL,1985,20.88713
Iceland,ISL,1986,21.40268
Iceland,ISL,1987,21.39797
Iceland,ISL,1988,21.32124
Iceland,ISL,1989,22.71283
Iceland,ISL,1990,25.32197
Iceland,ISL,1991,25.37147
Iceland,ISL,1992,30.09623
Iceland,ISL,1993,27.50194
Iceland,ISL,1994,33.68969
Iceland,ISL,1995,35.51676
Iceland,ISL,1996,35.73543
Iceland,ISL,1997,37.4769
Iceland,ISL,1998,39.21379
Iceland,ISL,1999,41.31029
Iceland,ISL,2000,45.91745
Iceland,ISL,2001,46.93736
Iceland,ISL,2002,52.60911
Iceland,ISL,2003,60.02698
Iceland,ISL,2004,66.58218
Iceland,ISL,2005,69.83243
Iceland,ISL,2006,72.96821
Iceland,ISL,2007,73.13702
Iceland,ISL,2008,73.57547
Iceland,ISL,2009,72.46755
Iceland,ISL,2010,78.50309
Iceland,ISL,2011,79.91942
Iceland,ISL,2012,79.58248
Iceland,ISL,2013,78.37239
Iceland,ISL,2014,80.39509
Iceland,ISL,2015,75.642
Iceland,ISL,2016,74.70063
Iceland,ISL,2017,71.33725
Iceland,ISL,2018,69.34023
Iceland,ISL,2019,70.60935
Iceland,ISL,2020,74.59061
Iceland,ISL,2021,86.52321
Iceland,ISL,2022,84.98524
Iceland,ISL,2023,76.52007
India,IND,1971,4.91587
India,IND,1973,5.05735
India,IND,1976,5.04935
India,IND,1977,4.86921
India,IND,1978,4.99063
India,IND,1979,4.95719
India,IND,1980,4.95105
India,IND,1981,5.23958
India,IND,1982,4.93535
India,IND,1983,5.54861
India,IND,1984,5.85371
India,IND,1985,5.83143
India,IND,1986,5.99415
India,IND,1987,6.32631
India,IND,1988,5.52787
India,IND,1989,5.74146
India,IND,1990,5.93025
India,IND,1991,6.00928
India,IND,1995,5.47798
India,IND,1996,6.1985
India,IND,1997,6.47068
India,IND,2000,9.93826
India,IND,2001,10.02735
India,IND,2002,10.55865
India,IND,2003,11.05764
India,IND,2004,11.39268
India,IND,2005,11.12773
India,IND,2006,11.96281
India,IND,2007,13.65648
India,IND,2008,15.64852
India,IND,2009,16.67751
India,IND,2010,18.697184
India,IND,2011,23.825369
India,IND,2012,24.940208
India,IND,2013,24.390638
India,IND,2014,25.991325
India,IND,2015,27.284567
India,IND,2016,27.304358
India,IND,2017,27.909052
India,IND,2018,28.531687
India,IND,2019,29.02336
India,IND,2020,29.81964
India,IND,2021,31.574177
India,IND,2022,32.670307
India,IND,2023,34.239433
India,IND,2024,34.418465
India,IND,2025,34.446503
Indonesia,IDN,1970,2.79954
Indonesia,IDN,1972,2.72563
Indonesia,IDN,1973,2.65714
Indonesia,IDN,1974,2.55683
Indonesia,IDN,1975,2.55684
Indonesia,IDN,1976,2.59382
Indonesia,IDN,1977,2.29891
Indonesia,IDN,1978,2.43842
Indonesia,IDN,1979,2.34166
Indonesia,IDN,1980,3.3689
Indonesia,IDN,1981,3.84966
Indonesia,IDN,1982,3.86715
Indonesia,IDN,1983,4.075
Indonesia,IDN,1984,5.33014
Indonesia,IDN,1985,6.09567
Indonesia,IDN,1986,6.33362
Indonesia,IDN,1987,7.50644
Indonesia,IDN,1988,6.79021
Indonesia,IDN,1989,7.84709
Indonesia,IDN,1990,8.29506
Indonesia,IDN,1991,8.55127
Indonesia,IDN,1992,9.37844
Indonesia,IDN,1993,9.33967
Indonesia,IDN,1994,10.49641
Indonesia,IDN,1995,11.30174
Indonesia,IDN,1996,11.52229
Indonesia,IDN,1997,13.36384
Indonesia,IDN,1998,13.3348
Indonesia,IDN,1999,14.68638
Indonesia,IDN,2000,14.81064
Indonesia,IDN,2001,14.12298
Indonesia,IDN,2002,14.68246
Indonesia,IDN,2003,15.77228
Indonesia,IDN,2004,16.17663
Indonesia,IDN,2005,16.69671
Indonesia,IDN,2006,16.76724
Indonesia,IDN,2007,17.5766
Indonesia,IDN,2008,20.52095
Indonesia,IDN,2009,22.69333
Indonesia,IDN,2010,23.415909
Indonesia,IDN,2011,25.027445
Indonesia,IDN,2012,29.04254
Indonesia,IDN,2013,29.89453
Indonesia,IDN,2014,29.990492
Indonesia,IDN,2015,32.45902
Indonesia,IDN,2016,34.83072
Indonesia,IDN,2017,35.96701
Indonesia,IDN,2018,36.149487
Indonesia,IDN,2019,37.323086
Indonesia,IDN,2020,38.165062
Indonesia,IDN,2021,40.629326
Indonesia,IDN,2022,42.32604
Indonesia,IDN,2023,44.8813
Iran,IRN,1971,2.80574
Iran,IRN,1972,3.30086
Iran,IRN,1973,3.76118
Iran,IRN,1974,3.855
Iran,IRN,1975,4.06624
Iran,IRN,1976,4.37568
Iran,IRN,1977,4.2752
Iran,IRN,1978,4.31859
Iran,IRN,1995,17.33696
Iran,IRN,1996,18.96324
Iran,IRN,1999,18.79256
Iran,IRN,2000,18.78018
Iran,IRN,2001,19.49188
Iran,IRN,2002,18.27587
Iran,IRN,2003,19.40579
Iran,IRN,2004,21.37068
Iran,IRN,2005,22.68419
Iran,IRN,2006,25.30704
Iran,IRN,2007,29.82138
Iran,IRN,2008,36.19394
Iran,IRN,2009,36.48332
Iran,IRN,2010,42.54822
Iran,IRN,2011,48.05961
Iran,IRN,2012,53.90025
Iran,IRN,2013,56.46327
Iran,IRN,2014,64.49991
Iran,IRN,2015,70.68585
Iran,IRN,2016,67.91123
Iran,IRN,2017,66.35145
Iran,IRN,2018,60.86115
Iran,IRN,2019,58.11695
Iran,IRN,2020,55.63667
Iran,IRN,2021,54.3052
Iran,IRN,2022,58.68386
Iraq,IRQ,1971,4.89181
Iraq,IRQ,1972,5.34452
Iraq,IRQ,1973,5.83083
Iraq,IRQ,1974,6.55296
Iraq,IRQ,1975,7.71451
Iraq,IRQ,1976,8.71099
Iraq,IRQ,1977,9.56842
Iraq,IRQ,1978,9.72103
Iraq,IRQ,1979,9.44149
Iraq,IRQ,1980,10.212
Iraq,IRQ,1981,9.65489
Iraq,IRQ,1982,9.48904
Iraq,IRQ,1983,9.21845
Iraq,IRQ,1984,8.76388
Iraq,IRQ,1985,9.38534
Iraq,IRQ,1986,10.75013
Iraq,IRQ,1987,10.41363
Iraq,IRQ,1988,10.87001
Iraq,IRQ,1989,12.05308
Iraq,IRQ,1999,11.6205
Iraq,IRQ,2000,12.0502
Iraq,IRQ,2002,12.61592
Iraq,IRQ,2004,15.51049
Iraq,IRQ,2005,15.5581
Ireland,IRL,2001,50.6748
Ireland,IRL,2002,53.5348
Ireland,IRL,2003,55.84617
Ireland,IRL,2004,58.92191
Ireland,IRL,2005,58.86932
Ireland,IRL,2006,58.44118
Ireland,IRL,2007,58.30199
Ireland,IRL,2008,54.01747
Ireland,IRL,2009,56.50398
Ireland,IRL,2010,63.12644
Ireland,IRL,2011,67.79859
Ireland,IRL,2012,68.19725
Ireland,IRL,2013,71.69955
Ireland,IRL,2014,73.81323
Ireland,IRL,2015,77.23215
Ireland,IRL,2016,77.55714
Ireland,IRL,2017,77.51911
Ireland,IRL,2018,76.76047
Ireland,IRL,2019,74.44458
Ireland,IRL,2020,74.1962
Ireland,IRL,2021,78.46133
Ireland,IRL,2022,77.59334
Israel,ISR,2001,51.11471
Israel,ISR,2002,55.83581
Israel,ISR,2003,55.20733
Israel,ISR,2004,54.50267
Israel,ISR,2005,55.64519
Israel,ISR,2006,54.73314
Israel,ISR,2007,57.30985
Israel,ISR,2008,56.7789
Israel,ISR,2009,59.53009
Israel,ISR,2010,62.12857
Israel,ISR,2011,62.76045
Israel,ISR,2012,64.23547
Israel,ISR,2013,62.65194
Israel,ISR,2014,62.62244
Israel,ISR,2015,61.62718
Israel,ISR,2016,61.44265
Israel,ISR,2017,60.34346
Israel,ISR,2018,58.61099
Israel,ISR,2019,57.45645
Israel,ISR,2020,57.63386
Israel,ISR,2021,60.25855
Israel,ISR,2022,58.95006
Israel,ISR,2023,57.14344
Israel,ISR,2024,56.25611
Italy,ITA,2001,53.45319
Italy,ITA,2002,56.31539
Italy,ITA,2003,60.00559
Italy,ITA,2004,63.33273
Italy,ITA,2005,65.32703
Italy,ITA,2006,67.28351
Italy,ITA,2007,68.8726
Italy,ITA,2008,67.57999
Italy,ITA,2009,66.95163
Italy,ITA,2010,65.37904
Italy,ITA,2011,64.24925
Italy,ITA,2012,62.34474
Italy,ITA,2013,60.89253
Italy,ITA,2014,60.88315
Italy,ITA,2015,60.94129
Italy,ITA,2016,61.3571
Italy,ITA,2017,62.6958
Italy,ITA,2018,64.47533
Italy,ITA,2019,65.68951
Italy,ITA,2020,68.72311
Italy,ITA,2021,71.27452
Italy,ITA,2022,73.89621
Italy,ITA,2023,75.94965
Jamaica,JAM,1971,4.93428
Jamaica,JAM,1972,5.28368
Jamaica,JAM,1973,5.63439
Jamaica,JAM,1974,5.44795
Jamaica,JAM,1977,6.88652
Jamaica,JAM,1981,6.52339
Jamaica,JAM,1987,5.02426
Jamaica,JAM,1989,5.17812
Jamaica,JAM,1991,6.82578
Jamaica,JAM,1992,6.77874
Jamaica,JAM,1999,8.55789
Jamaica,JAM,2000,13.86941
Jamaica,JAM,2001,16.05485
Jamaica,JAM,2002,16.84879
Jamaica,JAM,2003,18.80192
Jamaica,JAM,2004,18.99832
Jamaica,JAM,2005,17.27659
Jamaica,JAM,2006,17.26866
Jamaica,JAM,2008,22.31929
Jamaica,JAM,2009,22.23214
Jamaica,JAM,2010,25.377089
Jamaica,JAM,2011,24.768463
Jamaica,JAM,2012,27.068678
Jamaica,JAM,2013,25.621214
Jamaica,JAM,2015,26.233414
Japan,JPN,2013,62.64227
Japan,JPN,2014,62.83349
Japan,JPN,2015,62.44985
Japan,JPN,2016,62.49754
Japan,JPN,2017,63.28754
Japan,JPN,2018,62.60585
Japan,JPN,2019,62.40084
Japan,JPN,2020,62.29874
Japan,JPN,2021,62.04125
Japan,JPN,2022,63.37523
Japan,JPN,2023,64.49076
Jordan,JOR,1971,3.32487
Jordan,JOR,1972,3.58576
Jordan,JOR,1973,4.38414
Jordan,JOR,1974,5.18059
Jordan,JOR,1975,5.62445
Jordan,JOR,1976,6.86829
Jordan,JOR,1977,9.09902
Jordan,JOR,1978,9.13053
Jordan,JOR,1979,10.32919
Jordan,JOR,1980,14.51348
Jordan,JOR,1981,16.72409
Jordan,JOR,1982,19.5602
Jordan,JOR,1983,20.20121
Jordan,JOR,1984,21.8304
Jordan,JOR,1985,19.77327
Jordan,JOR,1986,18.7174
Jordan,JOR,1987,20.01798
Jordan,JOR,1988,17.70758
Jordan,JOR,1989,19.7054
Jordan,JOR,1990,19.6619
Jordan,JOR,1991,19.51921
Jordan,JOR,1992,19.44661
Jordan,JOR,1993,19.50528
Jordan,JOR,1994,18.2145
Jordan,JOR,1995,18.0741
Jordan,JOR,1996,20.21093
Jordan,JOR,1997,23.02358
Jordan,JOR,2000,28.79681
Jordan,JOR,2002,32.2784
Jordan,JOR,2003,36.05582
Jordan,JOR,2004,40.46783
Jordan,JOR,2005,39.70749
Jordan,JOR,2006,37.8664
Jordan,JOR,2007,38.73384
Jordan,JOR,2008,41.36847
Jordan,JOR,2009,42.06302
Jordan,JOR,2010,37.758133
Jordan,JOR,2011,37.42164
Jordan,JOR,2012,43.916145
Jordan,JOR,2015,36.62843
Jordan,JOR,2016,34.061264
Jordan,JOR,2017,28.621058
Jordan,JOR,2018,31.5563
Jordan,JOR,2019,30.11084
Jordan,JOR,2020,30.287966
Jordan,JOR,2021,30.451315
Jordan,JOR,2022,32.511982
Jordan,JOR,2023,33.056705
Jordan,JOR,2024,35.9184
Kazakhstan,KAZ,1981,32.94321
Kazakhstan,KAZ,1986,37.1261
Kazakhstan,KAZ,1988,38.47112
Kazakhstan,KAZ,1989,38.13241
Kazakhstan,KAZ,1990,37.29985
Kazakhstan,KAZ,1991,36.3715
Kazakhstan,KAZ,1992,35.25563
Kazakhstan,KAZ,1994,32.86656
Kazakhstan,KAZ,1995,33.14546
Kazakhstan,KAZ,1996,29.14631
Kazakhstan,KAZ,1999,24.02783
Kazakhstan,KAZ,2000,30.79926
Kazakhstan,KAZ,2006,54.52406
Kazakhstan,KAZ,2010,46.722935
Kazakhstan,KAZ,2011,50.42751
Kazakhstan,KAZ,2012,52.152504
Kazakhstan,KAZ,2013,45.86693
Kazakhstan,KAZ,2014,51.087772
Kazakhstan,KAZ,2015,48.34646
Kazakhstan,KAZ,2016,46.049225
Kazakhstan,KAZ,2017,49.97121
Kazakhstan,KAZ,2018,51.966263
Kazakhstan,KAZ,2019,57.342113
Kazakhstan,KAZ,2020,62.292137
Kazakhstan,KAZ,2021,59.38494
Kazakhstan,KAZ,2022,57.245926
Kazakhstan,KAZ,2023,54.6564
Kazakhstan,KAZ,2024,53.45642
Kazakhstan,KAZ,2025,52.861286
Kenya,KEN,1970,0.82382
Kenya,KEN,1971,0.88676
Kenya,KEN,1972,0.84662
Kenya,KEN,1973,0.97665
Kenya,KEN,1974,1.09474
Kenya,KEN,1976,0.81314
Kenya,KEN,1977,0.75035
Kenya,KEN,1978,0.76767
Kenya,KEN,1979,0.86191
Kenya,KEN,1980,0.90379
Kenya,KEN,1981,0.88395
Kenya,KEN,1983,1.10283
Kenya,KEN,1984,1.14204
Kenya,KEN,1985,1.18039
Kenya,KEN,1987,1.33835
Kenya,KEN,1989,1.38806
Kenya,KEN,2000,2.81501
Kenya,KEN,2001,2.883
Kenya,KEN,2002,2.87672
Kenya,KEN,2004,2.96267
Kenya,KEN,2005,3.001
Kenya,KEN,2009,3.9923
Kenya,KEN,2015,9.253195
Kenya,KEN,2016,11.6347885
Kenya,KEN,2017,11.804923
Kenya,KEN,2019,10.49756
Kenya,KEN,2023,8.676767
Kenya,KEN,2024,10.418596
Kiribati,KIR,2024,4.96088
Kuwait,KWT,1971,3.45755
Kuwait,KWT,1972,4.3276
Kuwait,KWT,1973,4.90721
Kuwait,KWT,1974,5.67803
Kuwait,KWT,1975,5.75842
Kuwait,KWT,1976,7.33261
Kuwait,KWT,1977,8.20639
Kuwait,KWT,1978,9.44508
Kuwait,KWT,1979,8.26847
Kuwait,KWT,1980,8.41647
Kuwait,KWT,1981,8.93431
Kuwait,KWT,1982,9.93744
Kuwait,KWT,1983,10.97345
Kuwait,KWT,1984,11.42849
Kuwait,KWT,1985,13.05598
Kuwait,KWT,1986,13.84452
Kuwait,KWT,1987,14.55666
Kuwait,KWT,1988,15.29211
Kuwait,KWT,1989,15.43981
Kuwait,KWT,1990,12.65001
Kuwait,KWT,1992,16.09301
Kuwait,KWT,1993,15.5385
Kuwait,KWT,1994,17.94147
Kuwait,KWT,1995,22.52605
Kuwait,KWT,1996,23.08589
Kuwait,KWT,1997,21.09896
Kuwait,KWT,1999,19.73402
Kuwait,KWT,2001,18.32074
Kuwait,KWT,2002,19.27953
Kuwait,KWT,2003,19.58906
Kuwait,KWT,2004,19.97464
Kuwait,KWT,2014,55.89313
Kuwait,KWT,2015,58.943455
Kuwait,KWT,2016,59.22134
Kuwait,KWT,2017,54.915962
Kuwait,KWT,2018,52.10669
Kuwait,KWT,2019,50.44006
Kuwait,KWT,2020,53.73188
Kuwait,KWT,2021,51.896717
Kyrgyzstan,KGZ,1986,27.05337
Kyrgyzstan,KGZ,1988,27.56756
Kyrgyzstan,KGZ,1989,27.11749
Kyrgyzstan,KGZ,1990,26.28767
Kyrgyzstan,KGZ,1991,24.89641
Kyrgyzstan,KGZ,1992,23.96273
Kyrgyzstan,KGZ,1993,22.0966
Kyrgyzstan,KGZ,1994,21.56087
Kyrgyzstan,KGZ,1995,20.68993
Kyrgyzstan,KGZ,1996,21.92033
Kyrgyzstan,KGZ,1997,23.83728
Kyrgyzstan,KGZ,1998,27.4005
Kyrgyzstan,KGZ,1999,28.02135
Kyrgyzstan,KGZ,2000,33.69287
Kyrgyzstan,KGZ,2001,39.26721
Kyrgyzstan,KGZ,2002,42.22812
Kyrgyzstan,KGZ,2003,39.49114
Kyrgyzstan,KGZ,2004,39.111
Kyrgyzstan,KGZ,2005,40.61578
Kyrgyzstan,KGZ,2006,41.64268
Kyrgyzstan,KGZ,2007,41.45374
Kyrgyzstan,KGZ,2008,45.58422
Kyrgyzstan,KGZ,2009,43.43287
Kyrgyzstan,KGZ,2010,42.218204
Kyrgyzstan,KGZ,2011,42.437473
Kyrgyzstan,KGZ,2012,45.233063
Kyrgyzstan,KGZ,2013,48.57279
Kyrgyzstan,KGZ,2014,46.36032
Kyrgyzstan,KGZ,2015,46.549587
Kyrgyzstan,KGZ,2016,44.588604
Kyrgyzstan,KGZ,2017,41.57603
Kyrgyzstan,KGZ,2018,39.567955
Kyrgyzstan,KGZ,2019,40.8257
Kyrgyzstan,KGZ,2020,45.332783
Kyrgyzstan,KGZ,2021,51.623924
Kyrgyzstan,KGZ,2022,54.218452
Kyrgyzstan,KGZ,2023,53.58882
Kyrgyzstan,KGZ,2024,53.17436
Kyrgyzstan,KGZ,2025,53.876175
Laos,LAO,1971,0.17527
Laos,LAO,1972,0.18276
Laos,LAO,1973,0.15098
Laos,LAO,1974,0.32615
Laos,LAO,1975,0.30311
Laos,LAO,1980,0.37024
Laos,LAO,1981,0.43911
Laos,LAO,1982,0.87638
Laos,LAO,1983,1.15067
Laos,LAO,1984,1.3603
Laos,LAO,1985,1.42267
Laos,LAO,1986,1.43428
Laos,LAO,1988,1.3323
Laos,LAO,1990,1.11592
Laos,LAO,1993,1.31794
Laos,LAO,1994,1.30735
Laos,LAO,1995,1.63366
Laos,LAO,1996,2.36983
Laos,LAO,1997,2.52199
Laos,LAO,1998,2.00583
Laos,LAO,1999,2.30977
Laos,LAO,2000,2.64692
Laos,LAO,2001,3.04714
Laos,LAO,2002,4.05916
Laos,LAO,2003,4.79726
Laos,LAO,2004,5.57943
Laos,LAO,2005,7.60128
Laos,LAO,2006,8.78626
Laos,LAO,2007,11.26266
Laos,LAO,2008,13.0783
Laos,LAO,2009,16.21235
Laos,LAO,2010,16.66383
Laos,LAO,2011,17.49547
Laos,LAO,2012,17.330767
Laos,LAO,2013,18.922445
Laos,LAO,2014,18.495495
Laos,LAO,2015,18.157484
Laos,LAO,2016,17.088072
Laos,LAO,2017,15.411258
Laos,LAO,2018,14.496975
Laos,LAO,2019,13.740402
Laos,LAO,2020,12.561912
Laos,LAO,2021,12.439665
Laos,LAO,2022,13.677812
Laos,LAO,2023,14.88417
Latin America and Caribbean (WB),WB_LAC,1999,22.59139
Latin America and Caribbean (WB),WB_LAC,2000,23.81767
Latin America and Caribbean (WB),WB_LAC,2001,25.27629
Latin America and Caribbean (WB),WB_LAC,2002,27.10144
Latin America and Caribbean (WB),WB_LAC,2003,28.66923
Latin America and Caribbean (WB),WB_LAC,2004,30.12743
Latin America and Caribbean (WB),WB_LAC,2005,31.82725
Latin America and Caribbean (WB),WB_LAC,2006,38.61389
Latin America and Caribbean (WB),WB_LAC,2007,36.35473
Latin America and Caribbean (WB),WB_LAC,2008,39.26508
Latin America and Caribbean (WB),WB_LAC,2009,40.2503
Latin America and Caribbean (WB),WB_LAC,2010,41.7595
Latin America and Caribbean (WB),WB_LAC,2011,43.24927
Latin America and Caribbean (WB),WB_LAC,2012,44.42986
Latin America and Caribbean (WB),WB_LAC,2013,45.47111
Latin America and Caribbean (WB),WB_LAC,2014,47.10781
Latin America and Caribbean (WB),WB_LAC,2015,48.39565
Latin America and Caribbean (WB),WB_LAC,2016,50.38434
Latin America and Caribbean (WB),WB_LAC,2017,51.75692
Latin America and Caribbean (WB),WB_LAC,2018,52.44605
Latin America and Caribbean (WB),WB_LAC,2019,53.35772
Latin America and Caribbean (WB),WB_LAC,2020,54.86866
Latin America and Caribbean (WB),WB_LAC,2021,56.76388
Latin America and Caribbean (WB),WB_LAC,2022,58.23508
Latin America and Caribbean (WB),WB_LAC,2023,60.62251
Latin America and Caribbean (WB),WB_LAC,2024,58.90271
Latin America and the Caribbean (SDG),,1999,22.59085
Latin America and the Caribbean (SDG),,2000,23.81712
Latin America and the Caribbean (SDG),,2001,25.2757
Latin America and the Caribbean (SDG),,2002,27.10078
Latin America and the Caribbean (SDG),,2003,28.66853
Latin America and the Caribbean (SDG),,2004,30.12668
Latin America and the Caribbean (SDG),,2005,31.82648
Latin America and the Caribbean (SDG),,2006,38.61296
Latin America and the Caribbean (SDG),,2007,36.35389
Latin America and the Caribbean (SDG),,2008,39.2643
Latin America and the Caribbean (SDG),,2009,40.24955
Latin America and the Caribbean (SDG),,2010,41.75876
Latin America and the Caribbean (SDG),,2011,43.2485
Latin America and the Caribbean (SDG),,2012,44.42904
Latin America and the Caribbean (SDG),,2013,45.47023
Latin America and the Caribbean (SDG),,2014,47.10684
Latin America and the Caribbean (SDG),,2015,48.39463
Latin America and the Caribbean (SDG),,2016,50.38325
Latin America and the Caribbean (SDG),,2017,51.75579
Latin America and the Caribbean (SDG),,2018,52.44491
Latin America and the Caribbean (SDG),,2019,53.35658
Latin America and the Caribbean (SDG),,2020,54.8675
Latin America and the Caribbean (SDG),,2021,56.7627
Latin America and the Caribbean (SDG),,2022,58.23385
Latin America and the Caribbean (SDG),,2023,60.62112
Latin America and the Caribbean (SDG),,2024,58.90136
Latvia,LVA,2001,63.49176
Latvia,LVA,2002,67.8093
Latvia,LVA,2003,71.03424
Latvia,LVA,2004,74.60856
Latvia,LVA,2005,75.4192
Latvia,LVA,2006,74.59651
Latvia,LVA,2007,73.0433
Latvia,LVA,2008,72.36354
Latvia,LVA,2009,73.05489
Latvia,LVA,2010,69.05104
Latvia,LVA,2011,67.95347
Latvia,LVA,2012,66.64355
Latvia,LVA,2013,69.0766
Latvia,LVA,2014,70.89794
Latvia,LVA,2015,74.29988
Latvia,LVA,2016,80.60481
Latvia,LVA,2017,88.05743
Latvia,LVA,2018,93.02448
Latvia,LVA,2019,94.86453
Latvia,LVA,2020,94.51083
Latvia,LVA,2021,93.48393
Latvia,LVA,2022,91.33037
Latvia,LVA,2023,85.73606
Latvia,LVA,2024,82.91735
Lebanon,LBN,1971,18.58555
Lebanon,LBN,1972,18.00131
Lebanon,LBN,1975,20.43755
Lebanon,LBN,1979,25.99754
Lebanon,LBN,1980,27.4139
Lebanon,LBN,1981,24.80799
Lebanon,LBN,1982,21.53601
Lebanon,LBN,1983,22.14731
Lebanon,LBN,1985,20.89544
Lebanon,LBN,1986,23.34706
Lebanon,LBN,1987,24.22208
Lebanon,LBN,1992,23.67548
Lebanon,LBN,1996,21.61947
Lebanon,LBN,1999,28.09186
Lebanon,LBN,2000,28.10948
Lebanon,LBN,2001,31.80847
Lebanon,LBN,2002,33.23994
Lebanon,LBN,2003,33.00077
Lebanon,LBN,2004,34.89773
Lebanon,LBN,2005,36.91552
Lebanon,LBN,2006,38.10554
Lebanon,LBN,2007,40.49169
Lebanon,LBN,2008,41.77462
Lebanon,LBN,2009,41.89639
Lebanon,LBN,2010,42.177704
Lebanon,LBN,2011,45.535122
Lebanon,LBN,2012,44.932613
Lebanon,LBN,2013,48.30892
Lebanon,LBN,2014,42.93534
Lebanon,LBN,2015,39.290524
Lebanon,LBN,2016,42.507477
Lebanon,LBN,2017,44.187878
Lebanon,LBN,2018,47.229626
Lebanon,LBN,2019,50.148396
Lebanon,LBN,2020,51.567734
Lebanon,LBN,2021,56.865788
Lebanon,LBN,2022,58.176113
Lebanon,LBN,2023,54.401257
Lesotho,LSO,1970,0.49274
Lesotho,LSO,1971,0.40798
Lesotho,LSO,1972,0.3657
Lesotho,LSO,1973,0.48803
Lesotho,LSO,1974,0.5504
Lesotho,LSO,1975,0.48763
Lesotho,LSO,1976,0.61902
Lesotho,LSO,1977,0.79039
Lesotho,LSO,1978,0.85806
Lesotho,LSO,1979,0.97047
Lesotho,LSO,1980,0.88814
Lesotho,LSO,1981,0.96135
Lesotho,LSO,1982,0.99735
Lesotho,LSO,1983,1.0022
Lesotho,LSO,1984,0.94124
Lesotho,LSO,1985,1.18793
Lesotho,LSO,1986,1.22451
Lesotho,LSO,1987,1.37178
Lesotho,LSO,1988,1.47161
Lesotho,LSO,1989,1.44328
Lesotho,LSO,1990,1.20951
Lesotho,LSO,1991,1.24199
Lesotho,LSO,1992,2.14563
Lesotho,LSO,1993,2.27322
Lesotho,LSO,1994,2.42086
Lesotho,LSO,1995,2.3625
Lesotho,LSO,1996,2.4087
Lesotho,LSO,1999,1.93276
Lesotho,LSO,2000,2.08551
Lesotho,LSO,2001,2.27313
Lesotho,LSO,2002,2.24501
Lesotho,LSO,2003,2.70279
Lesotho,LSO,2005,3.44802
Lesotho,LSO,2006,3.67537
Lesotho,LSO,2012,10.852841
Lesotho,LSO,2013,10.455838
Lesotho,LSO,2014,10.416897
Lesotho,LSO,2015,9.725178
Lesotho,LSO,2017,10.313066
Lesotho,LSO,2018,9.938443
Liberia,LBR,1970,0.89861
Liberia,LBR,1971,0.94982
Liberia,LBR,1972,1.06754
Liberia,LBR,1973,1.2668
Liberia,LBR,1975,1.66963
Liberia,LBR,1978,1.69557
Liberia,LBR,1979,2.30365
Liberia,LBR,1987,2.43641
Liberia,LBR,1999,7.76495
Liberia,LBR,2000,18.52715
Liberia,LBR,2010,9.00753
Liberia,LBR,2012,10.83852
Libya,LBY,1971,3.20125
Libya,LBY,1972,3.65626
Libya,LBY,1973,4.56132
Libya,LBY,1974,4.86212
Libya,LBY,1975,5.49082
Libya,LBY,1976,5.53093
Libya,LBY,1977,5.10903
Libya,LBY,1978,5.23839
Libya,LBY,1979,4.91189
Libya,LBY,1980,4.66008
Libya,LBY,1981,5.62007
Libya,LBY,1982,6.37325
Libya,LBY,1983,7.60285
Libya,LBY,1985,8.86346
Libya,LBY,1990,11.2165
Libya,LBY,1992,14.90247
Libya,LBY,1999,50.36187
Libya,LBY,2000,46.53939
Libya,LBY,2001,51.06422
Libya,LBY,2002,56.24029
Libya,LBY,2003,58.5437
Liechtenstein,LIE,2003,20.75472
Liechtenstein,LIE,2004,24.60685
Liechtenstein,LIE,2005,24.47747
Liechtenstein,LIE,2006,29.81716
Liechtenstein,LIE,2007,31.59624
Liechtenstein,LIE,2008,36.73095
Liechtenstein,LIE,2009,34.49222
Liechtenstein,LIE,2010,36.01831
Liechtenstein,LIE,2011,43.6751
Liechtenstein,LIE,2012,42.49668
Liechtenstein,LIE,2014,37.48871
Liechtenstein,LIE,2015,33.54204
Liechtenstein,LIE,2016,35.02262
Liechtenstein,LIE,2017,35.62193
Liechtenstein,LIE,2018,38.30027
Liechtenstein,LIE,2019,41.16584
Liechtenstein,LIE,2020,42.59861
Liechtenstein,LIE,2021,46.01896
Lithuania,LTU,2001,57.34761
Lithuania,LTU,2002,63.07008
Lithuania,LTU,2003,69.63042
Lithuania,LTU,2004,74.90138
Lithuania,LTU,2005,79.72981
Lithuania,LTU,2006,82.45318
Lithuania,LTU,2007,82.51583
Lithuania,LTU,2008,85.74509
Lithuania,LTU,2009,89.25217
Lithuania,LTU,2010,86.57257
Lithuania,LTU,2011,84.05559
Lithuania,LTU,2012,79.75163
Lithuania,LTU,2013,74.39682
Lithuania,LTU,2014,72.03454
Lithuania,LTU,2015,72.11633
Lithuania,LTU,2016,74.08583
Lithuania,LTU,2017,76.53898
Lithuania,LTU,2018,77.35777
Lithuania,LTU,2019,75.09423
Lithuania,LTU,2020,73.58929
Lithuania,LTU,2021,75.03147
Lithuania,LTU,2022,76.91546
Lithuania,LTU,2023,77.00642
Lithuania,LTU,2024,75.61774
Low-income countries,OWID_LIC,1970,3.6603
Low-income countries,OWID_LIC,1971,3.56983
Low-income countries,OWID_LIC,1972,3.7112
Low-income countries,OWID_LIC,1973,3.80737
Low-income countries,OWID_LIC,1974,4.07375
Low-income countries,OWID_LIC,1975,4.28124
Low-income countries,OWID_LIC,1976,4.36883
Low-income countries,OWID_LIC,1977,4.49496
Low-income countries,OWID_LIC,1978,4.60984
Low-income countries,OWID_LIC,1979,4.61585
Low-income countries,OWID_LIC,1980,4.58893
Low-income countries,OWID_LIC,1981,4.74576
Low-income countries,OWID_LIC,1982,4.88577
Low-income countries,OWID_LIC,1983,4.93847
Low-income countries,OWID_LIC,1984,5.02209
Low-income countries,OWID_LIC,1985,5.11684
Low-income countries,OWID_LIC,1986,5.19492
Low-income countries,OWID_LIC,1987,5.18932
Low-income countries,OWID_LIC,1988,5.24444
Low-income countries,OWID_LIC,1989,5.18119
Low-income countries,OWID_LIC,1990,5.11653
Low-income countries,OWID_LIC,1991,5.05625
Low-income countries,OWID_LIC,1992,4.87667
Low-income countries,OWID_LIC,1993,4.71951
Low-income countries,OWID_LIC,1994,4.46164
Low-income countries,OWID_LIC,1995,4.28111
Low-income countries,OWID_LIC,1996,4.17021
Low-income countries,OWID_LIC,1997,4.10145
Low-income countries,OWID_LIC,1998,4.17963
Low-income countries,OWID_LIC,1999,4.26265
Low-income countries,OWID_LIC,2000,4.48729
Low-income countries,OWID_LIC,2001,4.71783
Low-income countries,OWID_LIC,2002,4.92111
Low-income countries,OWID_LIC,2003,5.08629
Low-income countries,OWID_LIC,2004,5.43169
Low-income countries,OWID_LIC,2005,5.80955
Low-income countries,OWID_LIC,2006,6.18628
Low-income countries,OWID_LIC,2007,6.41929
Low-income countries,OWID_LIC,2008,6.8662
Low-income countries,OWID_LIC,2009,7.43793
Low-income countries,OWID_LIC,2010,7.93958
Low-income countries,OWID_LIC,2011,8.07408
Low-income countries,OWID_LIC,2012,8.42776
Low-income countries,OWID_LIC,2013,8.53175
Low-income countries,OWID_LIC,2014,8.91011
Low-income countries,OWID_LIC,2015,8.86391
Low-income countries,OWID_LIC,2016,8.71317
Low-income countries,OWID_LIC,2017,8.79467
Low-income countries,OWID_LIC,2018,8.8823
Low-income countries,OWID_LIC,2019,9.01314
Low-income countries,OWID_LIC,2020,9.19797
Low-income countries,OWID_LIC,2021,9.28015
Lower-middle-income countries,OWID_LMC,1974,8.05393
Lower-middle-income countries,OWID_LMC,1975,8.0161
Lower-middle-income countries,OWID_LMC,1976,3.81908
Lower-middle-income countries,OWID_LMC,1977,3.92183
Lower-middle-income countries,OWID_LMC,1978,4.17138
Lower-middle-income countries,OWID_LMC,1979,4.40287
Lower-middle-income countries,OWID_LMC,1980,4.53841
Lower-middle-income countries,OWID_LMC,1981,4.81966
Lower-middle-income countries,OWID_LMC,1982,4.8556
Lower-middle-income countries,OWID_LMC,1983,5.2818
Lower-middle-income countries,OWID_LMC,1984,5.62608
Lower-middle-income countries,OWID_LMC,1985,5.63572
Lower-middle-income countries,OWID_LMC,1986,5.68365
Lower-middle-income countries,OWID_LMC,1987,5.89059
Lower-middle-income countries,OWID_LMC,1988,5.6276
Lower-middle-income countries,OWID_LMC,1989,5.79366
Lower-middle-income countries,OWID_LMC,1990,5.9082
Lower-middle-income countries,OWID_LMC,1991,5.98909
Lower-middle-income countries,OWID_LMC,1992,8.46774
Lower-middle-income countries,OWID_LMC,1993,8.58592
Lower-middle-income countries,OWID_LMC,1994,8.67026
Lower-middle-income countries,OWID_LMC,1995,6.39604
Lower-middle-income countries,OWID_LMC,1996,7.06134
Lower-middle-income countries,OWID_LMC,1997,7.48794
Lower-middle-income countries,OWID_LMC,1998,9.44723
Lower-middle-income countries,OWID_LMC,1999,9.67064
Lower-middle-income countries,OWID_LMC,2000,9.76397
Lower-middle-income countries,OWID_LMC,2001,10.04356
Lower-middle-income countries,OWID_LMC,2002,10.42853
Lower-middle-income countries,OWID_LMC,2003,10.66997
Lower-middle-income countries,OWID_LMC,2004,11.06087
Lower-middle-income countries,OWID_LMC,2005,11.27116
Lower-middle-income countries,OWID_LMC,2006,11.8482
Lower-middle-income countries,OWID_LMC,2007,12.93418
Lower-middle-income countries,OWID_LMC,2008,14.09534
Lower-middle-income countries,OWID_LMC,2009,14.89296
Lower-middle-income countries,OWID_LMC,2010,16.17507
Lower-middle-income countries,OWID_LMC,2011,18.6026
Lower-middle-income countries,OWID_LMC,2012,19.55114
Lower-middle-income countries,OWID_LMC,2013,19.65977
Lower-middle-income countries,OWID_LMC,2014,20.78686
Lower-middle-income countries,OWID_LMC,2015,21.69711
Lower-middle-income countries,OWID_LMC,2016,21.85191
Lower-middle-income countries,OWID_LMC,2017,22.032
Lower-middle-income countries,OWID_LMC,2018,22.33859
Lower-middle-income countries,OWID_LMC,2019,23.10196
Lower-middle-income countries,OWID_LMC,2020,23.79045
Lower-middle-income countries,OWID_LMC,2021,24.95808
Lower-middle-income countries,OWID_LMC,2022,25.67421
Lower-middle-income countries,OWID_LMC,2023,26.79348
Lower-middle-income countries,OWID_LMC,2024,27.44047
Luxembourg,LUX,2001,9.91816
Luxembourg,LUX,2002,11.6311
Luxembourg,LUX,2003,12.06099
Luxembourg,LUX,2006,9.85431
Luxembourg,LUX,2008,10.67163
Luxembourg,LUX,2010,18.20213
Luxembourg,LUX,2012,19.11779
Luxembourg,LUX,2015,20.29071
Luxembourg,LUX,2016,19.92036
Luxembourg,LUX,2017,19.59902
Luxembourg,LUX,2018,19.39152
Luxembourg,LUX,2019,19.39695
Luxembourg,LUX,2020,19.96139
Luxembourg,LUX,2021,20.73415
Luxembourg,LUX,2022,21.0326
Luxembourg,LUX,2023,21.53717
Luxembourg,LUX,2024,22.41037
Macao,MAC,2001,50.43058
Macao,MAC,2002,66.03755
Macao,MAC,2003,80.2272
Macao,MAC,2004,69.07254
Macao,MAC,2005,57.06072
Macao,MAC,2006,49.7756
Macao,MAC,2007,46.43218
Macao,MAC,2008,48.17041
Macao,MAC,2009,56.21475
Macao,MAC,2010,63.404247
Macao,MAC,2011,70.346214
Macao,MAC,2012,53.934742
Macao,MAC,2013,61.861916
Macao,MAC,2014,69.29812
Macao,MAC,2015,76.16584
Macao,MAC,2016,79.925
Macao,MAC,2017,81.26551
Macao,MAC,2018,76.7935
Macao,MAC,2019,80.09112
Macao,MAC,2020,86.79567
Macao,MAC,2021,98.96962
Macao,MAC,2022,116.23219
Macao,MAC,2023,129.15105
Macao,MAC,2024,141.86479
Madagascar,MDG,1971,0.96924
Madagascar,MDG,1972,1.04871
Madagascar,MDG,1973,1.18882
Madagascar,MDG,1975,1.29619
Madagascar,MDG,1976,1.13002
Madagascar,MDG,1977,1.48313
Madagascar,MDG,1978,1.74049
Madagascar,MDG,1979,1.94868
Madagascar,MDG,1980,2.67796
Madagascar,MDG,1981,2.58996
Madagascar,MDG,1982,3.35801
Madagascar,MDG,1983,3.56868
Madagascar,MDG,1984,3.65321
Madagascar,MDG,1985,3.93228
Madagascar,MDG,1986,3.87501
Madagascar,MDG,1987,3.43509
Madagascar,MDG,1988,3.42289
Madagascar,MDG,1989,3.35433
Madagascar,MDG,1990,3.23319
Madagascar,MDG,1991,3.00562
Madagascar,MDG,1993,3.32565
Madagascar,MDG,1994,2.7063
Madagascar,MDG,1995,2.18761
Madagascar,MDG,1996,2.03707
Madagascar,MDG,1997,1.83174
Madagascar,MDG,1998,2.04869
Madagascar,MDG,1999,1.99398
Madagascar,MDG,2000,2.02373
Madagascar,MDG,2001,1.89466
Madagascar,MDG,2002,1.9286
Madagascar,MDG,2003,2.09989
Madagascar,MDG,2004,2.44068
Madagascar,MDG,2005,2.54629
Madagascar,MDG,2006,2.74632
Madagascar,MDG,2007,3.13453
Madagascar,MDG,2008,3.23573
Madagascar,MDG,2009,3.4489
Madagascar,MDG,2010,3.6103284
Madagascar,MDG,2011,3.9924676
Madagascar,MDG,2012,4.0498757
Madagascar,MDG,2013,4.18672
Madagascar,MDG,2014,4.6853313
Madagascar,MDG,2015,4.6590466
Madagascar,MDG,2016,4.6583858
Madagascar,MDG,2017,5.0752506
Madagascar,MDG,2018,5.1187787
Madagascar,MDG,2019,5.28586
Madagascar,MDG,2020,5.1733613
Madagascar,MDG,2021,5.3135676
Madagascar,MDG,2022,5.8756266
Madagascar,MDG,2023,6.1466637
Malawi,MWI,1973,0.46514
Malawi,MWI,1974,0.47089
Malawi,MWI,1975,0.47424
Malawi,MWI,1976,0.41599
Malawi,MWI,1977,0.42404
Malawi,MWI,1978,0.3928
Malawi,MWI,1979,0.41882
Malawi,MWI,1980,0.4619
Malawi,MWI,1981,0.45026
Malawi,MWI,1982,0.44269
Malawi,MWI,1983,0.42719
Malawi,MWI,1984,0.42555
Malawi,MWI,1985,0.42875
Malawi,MWI,1986,0.42462
Malawi,MWI,1987,0.44026
Malawi,MWI,1988,0.41278
Malawi,MWI,1989,0.43398
Malawi,MWI,1990,0.51695
Malawi,MWI,1991,0.53712
Malawi,MWI,1992,0.54043
Malawi,MWI,1993,0.53981
Malawi,MWI,1994,0.57446
Malawi,MWI,1995,0.58935
Malawi,MWI,1996,0.5977
Malawi,MWI,1999,0.30914
Malawi,MWI,2000,0.33154
Malawi,MWI,2001,0.36478
Malawi,MWI,2002,0.38529
Malawi,MWI,2003,0.39152
Malawi,MWI,2004,0.46271
Malawi,MWI,2005,0.4533
Malawi,MWI,2006,0.47941
Malawi,MWI,2007,0.47712
Malawi,MWI,2010,1.2622589
Malawi,MWI,2011,1.5518304
Malawi,MWI,2012,0.8388203
Malawi,MWI,2014,0.82777786
Malawi,MWI,2015,0.809801
Malawi,MWI,2018,1.6942403
Malawi,MWI,2020,2.4021738
Malawi,MWI,2021,2.3979805
Malawi,MWI,2022,2.7081368
Malaysia,MYS,1979,3.99016
Malaysia,MYS,1980,4.2295
Malaysia,MYS,1982,4.61836
Malaysia,MYS,1983,4.58163
Malaysia,MYS,1984,5.07356
Malaysia,MYS,1985,5.98676
Malaysia,MYS,1986,6.94837
Malaysia,MYS,1987,7.50099
Malaysia,MYS,1988,7.47222
Malaysia,MYS,1989,6.66065
Malaysia,MYS,1990,7.25777
Malaysia,MYS,1991,8.06015
Malaysia,MYS,1992,9.16377
Malaysia,MYS,1993,9.45716
Malaysia,MYS,1994,10.39804
Malaysia,MYS,1995,11.26133
Malaysia,MYS,1998,22.92799
Malaysia,MYS,1999,24.18534
Malaysia,MYS,2000,27.5523
Malaysia,MYS,2001,26.96088
Malaysia,MYS,2002,28.92991
Malaysia,MYS,2003,31.26417
Malaysia,MYS,2004,29.7799
Malaysia,MYS,2005,27.1163
Malaysia,MYS,2006,27.67036
Malaysia,MYS,2007,29.37579
Malaysia,MYS,2008,32.9037
Malaysia,MYS,2009,35.06021
Malaysia,MYS,2010,36.67743
Malaysia,MYS,2011,35.566177
Malaysia,MYS,2012,36.825516
Malaysia,MYS,2013,38.0701
Malaysia,MYS,2014,38.391914
Malaysia,MYS,2015,44.28991
Malaysia,MYS,2016,45.403465
Malaysia,MYS,2017,42.293213
Malaysia,MYS,2018,43.310028
Malaysia,MYS,2019,40.808296
Malaysia,MYS,2020,39.744568
Malaysia,MYS,2021,38.19
Malaysia,MYS,2022,36.98531
Malaysia,MYS,2023,37.274582
Malaysia,MYS,2024,38.501396
Maldives,MDV,2003,0.21357
Maldives,MDV,2007,10.32705
Maldives,MDV,2008,11.39263
Maldives,MDV,2014,13.684376
Maldives,MDV,2017,33.3295
Maldives,MDV,2019,24.648006
Maldives,MDV,2020,27.080582
Maldives,MDV,2021,23.79464
Maldives,MDV,2022,48.496864
Mali,MLI,1971,0.13255
Mali,MLI,1974,0.31749
Mali,MLI,1975,0.41273
Mali,MLI,1976,0.48851
Mali,MLI,1977,0.58727
Mali,MLI,1978,0.68153
Mali,MLI,1979,0.76172
Mali,MLI,1980,0.82526
Mali,MLI,1982,0.67581
Mali,MLI,1983,0.85231
Mali,MLI,1984,1.02558
Mali,MLI,1985,1.04269
Mali,MLI,1986,0.93849
Mali,MLI,1987,0.75596
Mali,MLI,1989,0.60167
Mali,MLI,1990,0.61521
Mali,MLI,1991,0.59589
Mali,MLI,1992,0.75949
Mali,MLI,1993,0.87981
Mali,MLI,1995,0.90017
Mali,MLI,1996,1.00971
Mali,MLI,1997,1.38881
Mali,MLI,1998,1.35442
Mali,MLI,1999,1.75007
Mali,MLI,2000,1.77692
Mali,MLI,2001,1.89024
Mali,MLI,2002,1.88522
Mali,MLI,2008,4.7901
Mali,MLI,2009,5.29626
Mali,MLI,2010,5.505895
Mali,MLI,2011,4.968969
Mali,MLI,2012,6.4186172
Mali,MLI,2013,5.941235
Mali,MLI,2014,5.535049
Mali,MLI,2015,5.1275096
Malta,MLT,2001,24.99495
Malta,MLT,2002,24.25569
Malta,MLT,2003,30.08677
Malta,MLT,2004,26.62357
Malta,MLT,2005,32.20536
Malta,MLT,2006,31.22528
Malta,MLT,2007,34.66907
Malta,MLT,2008,33.32161
Malta,MLT,2009,35.78787
Malta,MLT,2010,36.83442
Malta,MLT,2011,39.44866
Malta,MLT,2012,42.54733
Malta,MLT,2013,44.48139
Malta,MLT,2014,45.41035
Malta,MLT,2015,48.03897
Malta,MLT,2016,49.21719
Malta,MLT,2017,54.08902
Malta,MLT,2018,57.84076
Malta,MLT,2019,58.49851
Malta,MLT,2020,61.47671
Malta,MLT,2021,70.23135
Malta,MLT,2022,74.59013
Malta,MLT,2023,80.52501
Marshall Islands,MHL,2002,16.04763
Marshall Islands,MHL,2012,29.366306
Marshall Islands,MHL,2015,34.320988
Marshall Islands,MHL,2016,36.66093
Marshall Islands,MHL,2019,37.362637
Marshall Islands,MHL,2022,41.335045
Marshall Islands,MHL,2024,37.685307
Mauritania,MRT,1978,0.4228
Mauritania,MRT,1985,1.77372
Mauritania,MRT,1986,2.72984
Mauritania,MRT,1987,3.11893
Mauritania,MRT,1988,3.02065
Mauritania,MRT,1989,3.13382
Mauritania,MRT,1990,3.07738
Mauritania,MRT,1991,2.74048
Mauritania,MRT,1992,2.91265
Mauritania,MRT,1993,3.51755
Mauritania,MRT,1994,3.48555
Mauritania,MRT,1995,3.42461
Mauritania,MRT,1996,3.70656
Mauritania,MRT,1997,3.99487
Mauritania,MRT,1998,3.90361
Mauritania,MRT,1999,4.19634
Mauritania,MRT,2001,3.47914
Mauritania,MRT,2002,3.08365
Mauritania,MRT,2003,3.29282
Mauritania,MRT,2004,3.34153
Mauritania,MRT,2005,3.07908
Mauritania,MRT,2006,3.48699
Mauritania,MRT,2007,3.95002
Mauritania,MRT,2008,4.07179
Mauritania,MRT,2009,4.12409
Mauritania,MRT,2010,4.6676965
Mauritania,MRT,2011,5.0664716
Mauritania,MRT,2012,5.4933505
Mauritania,MRT,2013,5.7960143
Mauritania,MRT,2015,5.88425
Mauritania,MRT,2016,5.5624585
Mauritania,MRT,2017,5.1561403
Mauritania,MRT,2018,5.132755
Mauritania,MRT,2019,5.88824
Mauritania,MRT,2020,5.9719434
Mauritius,MUS,1970,2.39052
Mauritius,MUS,1971,1.54385
Mauritius,MUS,1972,1.40795
Mauritius,MUS,1973,1.41987
Mauritius,MUS,1974,1.34859
Mauritius,MUS,1975,1.09932
Mauritius,MUS,1976,1.39078
Mauritius,MUS,1977,1.49008
Mauritius,MUS,1978,1.33517
Mauritius,MUS,1979,1.14462
Mauritius,MUS,1980,0.96363
Mauritius,MUS,1981,0.81892
Mauritius,MUS,1982,0.82022
Mauritius,MUS,1983,0.60663
Mauritius,MUS,1984,0.67535
Mauritius,MUS,1985,0.98709
Mauritius,MUS,1986,0.95388
Mauritius,MUS,1987,1.40631
Mauritius,MUS,1988,1.9363
Mauritius,MUS,1989,2.06077
Mauritius,MUS,1990,3.39675
Mauritius,MUS,1991,4.01714
Mauritius,MUS,1993,5.99556
Mauritius,MUS,1994,5.46364
Mauritius,MUS,1995,5.95722
Mauritius,MUS,1996,6.69427
Mauritius,MUS,1997,6.51308
Mauritius,MUS,1999,9.55496
Mauritius,MUS,2000,10.67603
Mauritius,MUS,2001,16.44857
Mauritius,MUS,2002,15.12411
Mauritius,MUS,2003,15.75773
Mauritius,MUS,2004,17.2851
Mauritius,MUS,2005,21.05296
Mauritius,MUS,2006,23.60546
Mauritius,MUS,2007,24.52385
Mauritius,MUS,2008,27.0272
Mauritius,MUS,2009,31.39938
Mauritius,MUS,2010,33.07999
Mauritius,MUS,2011,34.226505
Mauritius,MUS,2012,40.37495
Mauritius,MUS,2013,41.402397
Mauritius,MUS,2014,40.0382
Mauritius,MUS,2015,37.76074
Mauritius,MUS,2016,38.41077
Mauritius,MUS,2017,39.66188
Mauritius,MUS,2018,40.40781
Mauritius,MUS,2019,42.98787
Mauritius,MUS,2020,42.53784
Mauritius,MUS,2021,43.95772
Mauritius,MUS,2022,44.202682
Mauritius,MUS,2023,43.338688
Mauritius,MUS,2024,45.777115
Mexico,MEX,2000,20.52597
Mexico,MEX,2001,21.37764
Mexico,MEX,2002,22.31536
Mexico,MEX,2003,23.04779
Mexico,MEX,2004,23.70315
Mexico,MEX,2005,24.13099
Mexico,MEX,2006,24.56897
Mexico,MEX,2007,25.14743
Mexico,MEX,2008,25.77894
Mexico,MEX,2009,26.21059
Mexico,MEX,2010,27.16702
Mexico,MEX,2011,28.03616
Mexico,MEX,2012,29.34965
Mexico,MEX,2013,30.33016
Mexico,MEX,2014,31.20529
Mexico,MEX,2015,31.97186
Mexico,MEX,2016,38.58977
Mexico,MEX,2017,40.33907
Mexico,MEX,2018,41.63828
Mexico,MEX,2019,43.04414
Mexico,MEX,2020,45.16545
Mexico,MEX,2021,45.65062
Mexico,MEX,2022,46.40613
Mexico,MEX,2023,47.47468
Mexico,MEX,2024,48.20344
Micronesia (country),FSM,1978,8.07839
Micronesia (country),FSM,1979,23.2428
Micronesia (country),FSM,1980,17.58634
Micronesia (country),FSM,1981,27.36504
Micronesia (country),FSM,1982,20.00749
Micronesia (country),FSM,1999,13.36047
Micronesia (country),FSM,2000,13.35822
Moldova,MDA,2010,38.145363
Moldova,MDA,2011,39.448044
Moldova,MDA,2012,40.108643
Moldova,MDA,2013,41.277172
Moldova,MDA,2014,52.151516
Moldova,MDA,2015,52.10005
Moldova,MDA,2016,52.843582
Moldova,MDA,2017,51.949028
Moldova,MDA,2018,52.842308
Moldova,MDA,2019,54.781204
Moldova,MDA,2020,56.24982
Moldova,MDA,2021,61.301403
Moldova,MDA,2022,68.057236
Moldova,MDA,2023,71.1679
Moldova,MDA,2024,74.71094
Monaco,MCO,2016,53.5668
Monaco,MCO,2024,77.48069
Mongolia,MNG,1970,24.0346
Mongolia,MNG,1971,22.21036
Mongolia,MNG,1972,20.73248
Mongolia,MNG,1973,19.59165
Mongolia,MNG,1974,19.45494
Mongolia,MNG,1975,20.45055
Mongolia,MNG,1976,21.30178
Mongolia,MNG,1977,22.59894
Mongolia,MNG,1978,22.70432
Mongolia,MNG,1979,23.03313
Mongolia,MNG,1980,22.87597
Mongolia,MNG,1981,23.13938
Mongolia,MNG,1982,23.12536
Mongolia,MNG,1983,23.43973
Mongolia,MNG,1984,23.74303
Mongolia,MNG,1985,23.20705
Mongolia,MNG,1986,23.26156
Mongolia,MNG,1987,22.60055
Mongolia,MNG,1988,22.27502
Mongolia,MNG,1989,20.37752
Mongolia,MNG,1990,18.55286
Mongolia,MNG,1991,16.26093
Mongolia,MNG,1992,14.43739
Mongolia,MNG,1993,12.40177
Mongolia,MNG,1994,12.82279
Mongolia,MNG,1995,14.13764
Mongolia,MNG,1996,15.70196
Mongolia,MNG,1997,17.72033
Mongolia,MNG,1998,20.3455
Mongolia,MNG,1999,25.94514
Mongolia,MNG,2000,29.27602
Mongolia,MNG,2001,33.28659
Mongolia,MNG,2002,34.79811
Mongolia,MNG,2003,36.87885
Mongolia,MNG,2004,39.59999
Mongolia,MNG,2005,43.48302
Mongolia,MNG,2006,46.81483
Mongolia,MNG,2007,46.97723
Mongolia,MNG,2008,49.1746
Mongolia,MNG,2009,53.18067
Mongolia,MNG,2010,56.07768
Mongolia,MNG,2011,56.748215
Mongolia,MNG,2012,61.3067
Mongolia,MNG,2013,64.81717
Mongolia,MNG,2014,66.67923
Mongolia,MNG,2015,70.35873
Mongolia,MNG,2016,65.24771
Mongolia,MNG,2017,64.40557
Mongolia,MNG,2018,65.10305
Mongolia,MNG,2019,67.97082
Mongolia,MNG,2020,66.255745
Mongolia,MNG,2021,67.4261
Mongolia,MNG,2022,67.699875
Mongolia,MNG,2023,67.9414
Mongolia,MNG,2024,69.04406
Montenegro,MNE,2000,18.11127
Montenegro,MNE,2001,18.93154
Montenegro,MNE,2002,17.7185
Montenegro,MNE,2003,18.68009
Montenegro,MNE,2004,22.1097
Montenegro,MNE,2005,24.92925
Montenegro,MNE,2006,29.19429
Montenegro,MNE,2007,36.32749
Montenegro,MNE,2008,43.55713
Montenegro,MNE,2009,51.66014
Montenegro,MNE,2010,55.29635
Montenegro,MNE,2011,59.01151
Montenegro,MNE,2012,60.30925
Montenegro,MNE,2013,60.43477
Montenegro,MNE,2014,63.21964
Montenegro,MNE,2015,63.93727
Montenegro,MNE,2016,59.18392
Montenegro,MNE,2017,60.91022
Montenegro,MNE,2018,58.18315
Montenegro,MNE,2019,56.26332
Montenegro,MNE,2020,58.09447
Montenegro,MNE,2021,57.96139
Montenegro,MNE,2022,57.43179
Montenegro,MNE,2023,55.1743
Montserrat,MSR,2008,17.64706
Montserrat,MSR,2009,19.85816
Montserrat,MSR,2010,21.47887
Morocco,MAR,1971,1.28502
Morocco,MAR,1972,1.27804
Morocco,MAR,1973,1.60415
Morocco,MAR,1974,1.77579
Morocco,MAR,1975,2.28599
Morocco,MAR,1976,2.92935
Morocco,MAR,1977,2.81333
Morocco,MAR,1978,4.04607
Morocco,MAR,1979,3.59035
Morocco,MAR,1981,5.99504
Morocco,MAR,1982,6.43935
Morocco,MAR,1983,5.62167
Morocco,MAR,1984,6.33792
Morocco,MAR,1986,8.16674
Morocco,MAR,1987,8.55086
Morocco,MAR,1988,9.29787
Morocco,MAR,1989,9.93112
Morocco,MAR,1990,10.67276
Morocco,MAR,1991,10.54826
Morocco,MAR,1992,10.27834
Morocco,MAR,1993,10.64261
Morocco,MAR,1994,10.77955
Morocco,MAR,1995,11.26445
Morocco,MAR,1997,11.55301
Morocco,MAR,1998,9.10352
Morocco,MAR,1999,9.54483
Morocco,MAR,2000,10.14612
Morocco,MAR,2001,10.50713
Morocco,MAR,2002,10.61684
Morocco,MAR,2003,11.0415
Morocco,MAR,2004,11.1358
Morocco,MAR,2005,11.69873
Morocco,MAR,2006,12.16537
Morocco,MAR,2007,11.60392
Morocco,MAR,2008,12.63737
Morocco,MAR,2009,13.09868
Morocco,MAR,2010,13.989644
Morocco,MAR,2011,15.853998
Morocco,MAR,2012,19.047228
Morocco,MAR,2013,22.40689
Morocco,MAR,2014,25.311241
Morocco,MAR,2015,28.551912
Morocco,MAR,2016,32.095257
Morocco,MAR,2017,33.473545
Morocco,MAR,2018,35.319187
Morocco,MAR,2019,37.721203
Morocco,MAR,2020,39.685806
Morocco,MAR,2021,42.531967
Morocco,MAR,2022,45.94002
Morocco,MAR,2023,47.468704
Morocco,MAR,2024,48.18396
Mozambique,MOZ,1971,0.29387
Mozambique,MOZ,1973,0.36082
Mozambique,MOZ,1977,0.10165
Mozambique,MOZ,1978,0.08351
Mozambique,MOZ,1979,0.07765
Mozambique,MOZ,1980,0.08081
Mozambique,MOZ,1981,0.1008
Mozambique,MOZ,1982,0.12278
Mozambique,MOZ,1985,0.13997
Mozambique,MOZ,1987,0.2236
Mozambique,MOZ,1992,0.36843
Mozambique,MOZ,1993,0.40835
Mozambique,MOZ,1994,0.45329
Mozambique,MOZ,1995,0.45011
Mozambique,MOZ,1996,0.47035
Mozambique,MOZ,1999,0.60235
Mozambique,MOZ,2000,0.61349
Mozambique,MOZ,2001,0.60258
Mozambique,MOZ,2002,0.68208
Mozambique,MOZ,2003,0.92853
Mozambique,MOZ,2004,1.15551
Mozambique,MOZ,2005,1.43203
Mozambique,MOZ,2006,2.1277
Mozambique,MOZ,2007,3.03947
Mozambique,MOZ,2008,3.5194
Mozambique,MOZ,2009,3.82146
Mozambique,MOZ,2010,4.6029334
Mozambique,MOZ,2011,4.9037037
Mozambique,MOZ,2012,5.199514
Mozambique,MOZ,2013,5.5934477
Mozambique,MOZ,2014,6.250491
Mozambique,MOZ,2015,6.7318172
Mozambique,MOZ,2016,7.341973
Mozambique,MOZ,2017,7.245731
Mozambique,MOZ,2018,7.463051
Myanmar,MMR,1971,1.68379
Myanmar,MMR,1972,1.75553
Myanmar,MMR,1973,1.78326
Myanmar,MMR,1974,1.74172
Myanmar,MMR,1975,1.76207
Myanmar,MMR,1976,1.80239
Myanmar,MMR,1977,2.63472
Myanmar,MMR,1979,3.66933
Myanmar,MMR,1981,4.71817
Myanmar,MMR,1982,4.667
Myanmar,MMR,1984,4.85865
Myanmar,MMR,1985,4.99931
Myanmar,MMR,1986,4.662
Myanmar,MMR,1987,6.56205
Myanmar,MMR,1988,5.57743
Myanmar,MMR,1989,5.48439
Myanmar,MMR,1990,5.35703
Myanmar,MMR,1992,4.656
Myanmar,MMR,1993,5.73017
Myanmar,MMR,1994,5.46827
Myanmar,MMR,1995,5.63516
Myanmar,MMR,1998,7.36062
Myanmar,MMR,2001,11.68479
Myanmar,MMR,2007,11.05081
Myanmar,MMR,2011,14.3246
Myanmar,MMR,2012,13.7377
Myanmar,MMR,2018,20.37233
Namibia,NAM,1991,2.84933
Namibia,NAM,1994,6.21911
Namibia,NAM,1995,7.09803
Namibia,NAM,1997,5.321
Namibia,NAM,1998,6.53712
Namibia,NAM,2001,7.4027
Namibia,NAM,2002,6.05017
Namibia,NAM,2003,6.39103
Namibia,NAM,2005,7.10705
Namibia,NAM,2006,6.75278
Namibia,NAM,2008,9.49369
Namibia,NAM,2012,16.90486
Namibia,NAM,2013,17.4604
Namibia,NAM,2014,18.465307
Namibia,NAM,2015,19.655151
Namibia,NAM,2016,21.436703
Namibia,NAM,2017,22.480175
Namibia,NAM,2018,23.700169
Namibia,NAM,2019,25.89665
Namibia,NAM,2020,25.98705
Namibia,NAM,2021,26.605734
Namibia,NAM,2022,26.109266
Nepal,NPL,1981,3.35882
Nepal,NPL,1982,3.3222
Nepal,NPL,1983,3.00207
Nepal,NPL,1984,3.37065
Nepal,NPL,1985,3.22163
Nepal,NPL,1986,4.53498
Nepal,NPL,1987,4.70387
Nepal,NPL,1988,5.2547
Nepal,NPL,1989,5.5063
Nepal,NPL,1990,4.94332
Nepal,NPL,1991,5.65021
Nepal,NPL,1992,5.17172
Nepal,NPL,1993,4.95915
Nepal,NPL,1994,4.64684
Nepal,NPL,1995,4.26434
Nepal,NPL,1996,4.72989
Nepal,NPL,2000,4.12185
Nepal,NPL,2001,4.40957
Nepal,NPL,2002,4.98775
Nepal,NPL,2003,4.91135
Nepal,NPL,2004,5.69478
Nepal,NPL,2005,7.15422
Nepal,NPL,2006,7.62672
Nepal,NPL,2007,9.50374
Nepal,NPL,2008,10.4749
Nepal,NPL,2009,10.44674
Nepal,NPL,2010,13.323648
Nepal,NPL,2011,13.286738
Nepal,NPL,2013,15.471956
Nepal,NPL,2014,13.238054
Nepal,NPL,2015,12.2828865
Nepal,NPL,2016,11.093275
Nepal,NPL,2017,11.435782
Nepal,NPL,2018,12.613696
Nepal,NPL,2019,13.807282
Nepal,NPL,2020,14.200239
Nepal,NPL,2021,15.243139
Nepal,NPL,2022,14.843588
Nepal,NPL,2023,19.03576
Nepal,NPL,2024,21.29156
Netherlands,NLD,2001,52.97898
Netherlands,NLD,2002,54.25123
Netherlands,NLD,2003,54.99593
Netherlands,NLD,2004,56.77099
Netherlands,NLD,2005,58.7895
Netherlands,NLD,2006,59.82651
Netherlands,NLD,2007,60.39404
Netherlands,NLD,2008,61.01706
Netherlands,NLD,2009,61.42801
Netherlands,NLD,2010,63.70498
Netherlands,NLD,2011,75.5188
Netherlands,NLD,2012,75.81416
Netherlands,NLD,2015,80.16015
Netherlands,NLD,2016,79.84549
Netherlands,NLD,2017,83.20099
Netherlands,NLD,2018,83.65247
Netherlands,NLD,2020,85.33708
Netherlands,NLD,2021,89.38986
Netherlands,NLD,2023,86.59383
New Zealand,NZL,2013,80.38854
New Zealand,NZL,2014,80.71001
New Zealand,NZL,2015,82.18185
New Zealand,NZL,2016,81.86336
New Zealand,NZL,2017,81.26986
New Zealand,NZL,2018,81.25131
New Zealand,NZL,2019,77.58437
New Zealand,NZL,2020,75.73483
New Zealand,NZL,2021,79.41289
New Zealand,NZL,2022,77.01047
New Zealand,NZL,2023,76.38114
New Zealand,NZL,2024,77.24065
Nicaragua,NIC,1970,4.08608
Nicaragua,NIC,1971,3.87568
Nicaragua,NIC,1972,4.95261
Nicaragua,NIC,1973,4.39486
Nicaragua,NIC,1974,4.89707
Nicaragua,NIC,1975,6.64049
Nicaragua,NIC,1976,7.42764
Nicaragua,NIC,1977,7.26767
Nicaragua,NIC,1979,8.78431
Nicaragua,NIC,1980,11.14542
Nicaragua,NIC,1982,9.825
Nicaragua,NIC,1983,10.372
Nicaragua,NIC,1984,9.02091
Nicaragua,NIC,1985,8.04187
Nicaragua,NIC,1986,7.23101
Nicaragua,NIC,1987,7.05287
Nicaragua,NIC,1990,7.3201
Nicaragua,NIC,1991,7.24826
Nicaragua,NIC,1992,7.94035
Nicaragua,NIC,1995,10.23337
Nicaragua,NIC,1997,10.46131
Nicaragua,NIC,2002,17.9655
Nicaragua,NIC,2023,30.36351
Niger,NER,1971,0
Niger,NER,1972,0
Niger,NER,1973,0.04876
Niger,NER,1974,0.06141
Niger,NER,1975,0.07569
Niger,NER,1976,0.11131
Niger,NER,1977,0.15283
Niger,NER,1978,0.15213
Niger,NER,1979,0.1769
Niger,NER,1980,0.17323
Niger,NER,1981,0.25495
Niger,NER,1982,0.31998
Niger,NER,1983,0.35572
Niger,NER,1984,0.40051
Niger,NER,1985,0.45593
Niger,NER,1987,0.50157
Niger,NER,1989,0.54215
Niger,NER,1990,0.63098
Niger,NER,1992,0.59945
Niger,NER,2003,0.82786
Niger,NER,2004,0.79603
Niger,NER,2005,0.95158
Niger,NER,2006,0.96017
Niger,NER,2007,0.90551
Niger,NER,2008,1.0377
Niger,NER,2009,1.25635
Niger,NER,2010,1.3015211
Niger,NER,2011,1.3481665
Niger,NER,2012,1.5428414
Niger,NER,2015,3.2425783
Niger,NER,2016,3.4504364
Niger,NER,2017,3.66742
Niger,NER,2018,4.3380194
Niger,NER,2019,4.151707
Nigeria,NGA,1975,0.74165
Nigeria,NGA,1976,0.81975
Nigeria,NGA,1977,1.04461
Nigeria,NGA,1978,1.17616
Nigeria,NGA,1979,1.63015
Nigeria,NGA,1980,1.86969
Nigeria,NGA,1981,2.36317
Nigeria,NGA,1982,2.7089
Nigeria,NGA,1983,2.88541
Nigeria,NGA,1984,3.03947
Nigeria,NGA,1985,3.41905
Nigeria,NGA,1986,3.56057
Nigeria,NGA,1987,3.47397
Nigeria,NGA,1988,3.82962
Nigeria,NGA,1989,4.08633
Nigeria,NGA,1999,5.80226
Nigeria,NGA,2003,9.28292
Nigeria,NGA,2004,9.52008
Nigeria,NGA,2005,10.0969
Nigeria,NGA,2010,9.211876
Nigeria,NGA,2011,9.741533
North America (WB),WB_NA,1999,69.57221
North America (WB),WB_NA,2000,66.90407
North America (WB),WB_NA,2001,71.47569
North America (WB),WB_NA,2002,76.04705
North America (WB),WB_NA,2003,77.62006
North America (WB),WB_NA,2004,79.18456
North America (WB),WB_NA,2005,78.81736
North America (WB),WB_NA,2006,81.1329
North America (WB),WB_NA,2007,82.11361
North America (WB),WB_NA,2008,83.03995
North America (WB),WB_NA,2009,85.34717
North America (WB),WB_NA,2010,85.42384
North America (WB),WB_NA,2011,85.7932
North America (WB),WB_NA,2012,86.08149
North America (WB),WB_NA,2013,86.53401
North America (WB),WB_NA,2014,86.56869
North America (WB),WB_NA,2015,86.81314
North America (WB),WB_NA,2016,86.95028
North America (WB),WB_NA,2017,86.42506
North America (WB),WB_NA,2018,86.42709
North America (WB),WB_NA,2019,86.41676
North America (WB),WB_NA,2020,86.3354
North America (WB),WB_NA,2021,84.36038
North America (WB),WB_NA,2022,79.31057
North America (WB),WB_NA,2023,82.23172
North America (WB),WB_NA,2024,79.0442
North Korea,PRK,2009,30.12538
North Korea,PRK,2011,29.81806
North Korea,PRK,2015,27.93935
North Korea,PRK,2018,26.72062
North Macedonia,MKD,1971,17.57821
North Macedonia,MKD,1976,19.78996
North Macedonia,MKD,1981,25.25497
North Macedonia,MKD,1982,24.75125
North Macedonia,MKD,1983,24.07452
North Macedonia,MKD,1984,23.35469
North Macedonia,MKD,1985,22.55331
North Macedonia,MKD,1986,21.79589
North Macedonia,MKD,1987,20.4034
North Macedonia,MKD,1988,19.78194
North Macedonia,MKD,1989,18.60752
North Macedonia,MKD,1990,17.01105
North Macedonia,MKD,1991,15.4305
North Macedonia,MKD,1992,15.93332
North Macedonia,MKD,1993,15.90663
North Macedonia,MKD,1994,16.90346
North Macedonia,MKD,1995,18.17585
North Macedonia,MKD,1996,18.34138
North Macedonia,MKD,1997,18.96662
North Macedonia,MKD,1998,19.63328
North Macedonia,MKD,1999,21.36153
North Macedonia,MKD,2000,22.40848
North Macedonia,MKD,2001,24.36287
North Macedonia,MKD,2002,26.80729
North Macedonia,MKD,2003,27.82206
North Macedonia,MKD,2004,28.25047
North Macedonia,MKD,2005,29.79065
North Macedonia,MKD,2006,29.2526
North Macedonia,MKD,2007,35.24329
North Macedonia,MKD,2008,39.63885
North Macedonia,MKD,2009,39.83772
North Macedonia,MKD,2010,38.14759
North Macedonia,MKD,2012,39.79611
North Macedonia,MKD,2013,38.9499
North Macedonia,MKD,2014,39.32149
North Macedonia,MKD,2015,42.08118
North Macedonia,MKD,2017,43.50977
North Macedonia,MKD,2018,43.85479
North Macedonia,MKD,2019,43.1991
North Macedonia,MKD,2020,43.78217
North Macedonia,MKD,2021,44.30202
North Macedonia,MKD,2022,53.16012
North Macedonia,MKD,2023,55.0082
Northern Africa and Western Asia (SDG),,1970,17.59641
Northern Africa and Western Asia (SDG),,1971,5.8246
Northern Africa and Western Asia (SDG),,1972,6.0165
Northern Africa and Western Asia (SDG),,1973,6.28478
Northern Africa and Western Asia (SDG),,1974,7.33153
Northern Africa and Western Asia (SDG),,1975,7.3113
Northern Africa and Western Asia (SDG),,1976,8.67186
Northern Africa and Western Asia (SDG),,1977,8.45561
Northern Africa and Western Asia (SDG),,1978,8.29254
Northern Africa and Western Asia (SDG),,1979,8.35045
Northern Africa and Western Asia (SDG),,1980,8.39088
Northern Africa and Western Asia (SDG),,1981,8.76482
Northern Africa and Western Asia (SDG),,1982,8.95797
Northern Africa and Western Asia (SDG),,1983,9.20748
Northern Africa and Western Asia (SDG),,1984,9.59599
Northern Africa and Western Asia (SDG),,1985,10.36816
Northern Africa and Western Asia (SDG),,1986,10.41809
Northern Africa and Western Asia (SDG),,1987,10.51335
Northern Africa and Western Asia (SDG),,1988,13.69274
Northern Africa and Western Asia (SDG),,1989,10.78066
Northern Africa and Western Asia (SDG),,1990,11.10861
Northern Africa and Western Asia (SDG),,1991,11.15717
Northern Africa and Western Asia (SDG),,1992,12.17918
Northern Africa and Western Asia (SDG),,1993,12.78872
Northern Africa and Western Asia (SDG),,1994,14.37937
Northern Africa and Western Asia (SDG),,1995,14.8384
Northern Africa and Western Asia (SDG),,1996,16.7056
Northern Africa and Western Asia (SDG),,1997,17.18856
Northern Africa and Western Asia (SDG),,1998,17.89753
Northern Africa and Western Asia (SDG),,1999,19.05482
Northern Africa and Western Asia (SDG),,2000,19.50998
Northern Africa and Western Asia (SDG),,2001,19.9919
Northern Africa and Western Asia (SDG),,2002,20.87812
Northern Africa and Western Asia (SDG),,2003,21.53023
Northern Africa and Western Asia (SDG),,2004,22.5762
Northern Africa and Western Asia (SDG),,2005,23.81108
Northern Africa and Western Asia (SDG),,2006,24.76135
Northern Africa and Western Asia (SDG),,2007,25.58454
Northern Africa and Western Asia (SDG),,2008,26.44001
Northern Africa and Western Asia (SDG),,2009,27.99177
Northern Africa and Western Asia (SDG),,2010,30.06257
Northern Africa and Western Asia (SDG),,2011,30.35293
Northern Africa and Western Asia (SDG),,2012,32.73241
Northern Africa and Western Asia (SDG),,2013,35.60968
Northern Africa and Western Asia (SDG),,2014,38.04174
Northern Africa and Western Asia (SDG),,2015,40.77194
Northern Africa and Western Asia (SDG),,2016,42.73702
Northern Africa and Western Asia (SDG),,2017,44.56515
Northern Africa and Western Asia (SDG),,2018,46.29537
Northern Africa and Western Asia (SDG),,2019,46.95777
Northern Africa and Western Asia (SDG),,2020,47.78102
Northern Africa and Western Asia (SDG),,2021,48.48845
Northern Africa and Western Asia (SDG),,2022,48.49326
Northern Africa and Western Asia (SDG),,2023,48.72246
Northern Africa and Western Asia (SDG),,2024,50.14184
Norway,NOR,2001,69.96308
Norway,NOR,2002,72.31733
Norway,NOR,2003,77.97059
Norway,NOR,2004,78.61255
Norway,NOR,2005,78.44503
Norway,NOR,2006,77.93107
Norway,NOR,2007,77.03736
Norway,NOR,2008,73.59147
Norway,NOR,2009,73.06745
Norway,NOR,2010,72.11708
Norway,NOR,2011,71.06142
Norway,NOR,2012,71.70476
Norway,NOR,2013,75.86358
Norway,NOR,2014,78.10998
Norway,NOR,2015,79.20643
Norway,NOR,2016,81.88273
Norway,NOR,2017,83.73534
Norway,NOR,2018,85.38835
Norway,NOR,2019,85.76338
Norway,NOR,2020,87.16853
Norway,NOR,2021,93.9243
Norway,NOR,2022,97.64198
Norway,NOR,2023,95.05738
Norway,NOR,2024,95.49876
Oceania (excluding Australia and New Zealand) (SDG),,1971,2.29823
Oceania (excluding Australia and New Zealand) (SDG),,1972,2.36692
Oceania (excluding Australia and New Zealand) (SDG),,1973,2.48181
Oceania (excluding Australia and New Zealand) (SDG),,1974,2.51296
Oceania (excluding Australia and New Zealand) (SDG),,1975,2.57148
Oceania (excluding Australia and New Zealand) (SDG),,1976,2.50815
Oceania (excluding Australia and New Zealand) (SDG),,1977,2.44372
Oceania (excluding Australia and New Zealand) (SDG),,1978,2.37425
Oceania (excluding Australia and New Zealand) (SDG),,1979,2.56255
Oceania (excluding Australia and New Zealand) (SDG),,1980,2.39014
Oceania (excluding Australia and New Zealand) (SDG),,1981,2.63734
Oceania (excluding Australia and New Zealand) (SDG),,1982,2.37415
Oceania (excluding Australia and New Zealand) (SDG),,1983,2.28445
Oceania (excluding Australia and New Zealand) (SDG),,1984,2.57814
Oceania (excluding Australia and New Zealand) (SDG),,1985,2.41623
Oceania (excluding Australia and New Zealand) (SDG),,1986,2.54193
Oceania (excluding Australia and New Zealand) (SDG),,1987,2.73619
Oceania (excluding Australia and New Zealand) (SDG),,1988,2.92561
Oceania (excluding Australia and New Zealand) (SDG),,1989,3.10772
Oceania (excluding Australia and New Zealand) (SDG),,1990,3.62401
Oceania (excluding Australia and New Zealand) (SDG),,1991,4.12106
Oceania (excluding Australia and New Zealand) (SDG),,1992,4.22889
Oceania (excluding Australia and New Zealand) (SDG),,1993,4.32131
Oceania (excluding Australia and New Zealand) (SDG),,1994,4.41629
Oceania (excluding Australia and New Zealand) (SDG),,1995,4.52472
Oceania (excluding Australia and New Zealand) (SDG),,1996,4.75412
Oceania (excluding Australia and New Zealand) (SDG),,1997,4.24925
Oceania (excluding Australia and New Zealand) (SDG),,1998,3.73081
Oceania (excluding Australia and New Zealand) (SDG),,1999,3.75721
Oceania (excluding Australia and New Zealand) (SDG),,2000,3.713
Oman,OMN,1977,0.02736
Oman,OMN,1978,0.02702
Oman,OMN,1979,0.01574
Oman,OMN,1980,0.01714
Oman,OMN,1981,0.01949
Oman,OMN,1982,0.01437
Oman,OMN,1983,0.02827
Oman,OMN,1984,0.08447
Oman,OMN,1985,0.32631
Oman,OMN,1986,0.81415
Oman,OMN,1987,1.64734
Oman,OMN,1988,2.38622
Oman,OMN,1989,2.96789
Oman,OMN,1990,3.6088
Oman,OMN,1991,3.75335
Oman,OMN,1992,4.22149
Oman,OMN,1993,4.19745
Oman,OMN,1994,4.31107
Oman,OMN,1995,5.00131
Oman,OMN,1996,4.77463
Oman,OMN,1997,5.80454
Oman,OMN,1998,7.2173
Oman,OMN,2003,14.33136
Oman,OMN,2004,15.15001
Oman,OMN,2005,17.11777
Oman,OMN,2006,19.23296
Oman,OMN,2007,20.40865
Oman,OMN,2008,20.44621
Oman,OMN,2009,21.9679
Oman,OMN,2010,27.852686
Oman,OMN,2011,31.55635
Oman,OMN,2013,35.149616
Oman,OMN,2014,41.181858
Oman,OMN,2015,45.189896
Oman,OMN,2016,46.823505
Oman,OMN,2017,43.576782
Oman,OMN,2018,44.95402
Oman,OMN,2019,45.172318
Oman,OMN,2020,48.37544
Oman,OMN,2021,43.84336
Oman,OMN,2024,42.22692
Pakistan,PAK,1971,2.19048
Pakistan,PAK,1972,1.90061
Pakistan,PAK,1973,1.87023
Pakistan,PAK,1974,1.85336
Pakistan,PAK,1975,1.82008
Pakistan,PAK,1976,1.9374
Pakistan,PAK,1977,1.93304
Pakistan,PAK,1978,2.05768
Pakistan,PAK,1979,2.03956
Pakistan,PAK,1980,1.98511
Pakistan,PAK,1986,2.80441
Pakistan,PAK,1987,2.77641
Pakistan,PAK,1988,3.14147
Pakistan,PAK,1990,2.8773
Pakistan,PAK,1992,1.96154
Pakistan,PAK,2003,2.37435
Pakistan,PAK,2004,2.97887
Pakistan,PAK,2005,4.32808
Pakistan,PAK,2006,4.39565
Pakistan,PAK,2007,4.95792
Pakistan,PAK,2008,4.87824
Pakistan,PAK,2009,5.97273
Pakistan,PAK,2010,7.0330386
Pakistan,PAK,2011,7.3173957
Pakistan,PAK,2012,8.333036
Pakistan,PAK,2013,8.71836
Pakistan,PAK,2014,8.745692
Pakistan,PAK,2015,8.435567
Pakistan,PAK,2016,8.319739
Pakistan,PAK,2017,8.622281
Pakistan,PAK,2018,8.206831
Pakistan,PAK,2019,11.103639
Pakistan,PAK,2020,11.724598
Pakistan,PAK,2021,12.381001
Pakistan,PAK,2022,10.505717
Pakistan,PAK,2023,10.477031
Pakistan,PAK,2024,10.856413
Palau,PLW,2000,45.78221
Palau,PLW,2001,36.33611
Palau,PLW,2002,36.33634
Palau,PLW,2013,67.31669
Palau,PLW,2022,51.527496
Palau,PLW,2023,41.130604
Palau,PLW,2024,71.84284
Palestine,PSE,1996,15.83265
Palestine,PSE,1997,18.39671
Palestine,PSE,1998,20.16867
Palestine,PSE,1999,22.77114
Palestine,PSE,2000,23.62487
Palestine,PSE,2001,25.77277
Palestine,PSE,2002,27.50373
Palestine,PSE,2003,31.26013
Palestine,PSE,2004,35.17191
Palestine,PSE,2005,38.40075
Palestine,PSE,2006,40.14375
Palestine,PSE,2007,43.54498
Palestine,PSE,2008,44.70157
Palestine,PSE,2009,43.40915
Palestine,PSE,2010,45.094376
Palestine,PSE,2011,47.509438
Palestine,PSE,2012,47.0417
Palestine,PSE,2013,45.235485
Palestine,PSE,2014,44.845123
Palestine,PSE,2015,46.087185
Palestine,PSE,2016,45.39249
Palestine,PSE,2017,45.50441
Palestine,PSE,2018,46.485218
Palestine,PSE,2019,45.633045
Palestine,PSE,2020,45.389538
Palestine,PSE,2021,44.20812
Palestine,PSE,2022,45.79828
Palestine,PSE,2023,44.490463
Panama,PAN,1970,6.38378
Panama,PAN,1971,10.3769
Panama,PAN,1972,12.12234
Panama,PAN,1973,13.93454
Panama,PAN,1974,15.08661
Panama,PAN,1975,15.81008
Panama,PAN,1976,17.75878
Panama,PAN,1977,19.62491
Panama,PAN,1978,18.77792
Panama,PAN,1979,19.60287
Panama,PAN,1980,20.6318
Panama,PAN,1981,20.92324
Panama,PAN,1982,21.4403
Panama,PAN,1983,20.50857
Panama,PAN,1984,23.31387
Panama,PAN,1985,24.0265
Panama,PAN,1986,26.36026
Panama,PAN,1987,23.11742
Panama,PAN,1988,21.06229
Panama,PAN,1989,20.32716
Panama,PAN,1990,20.96815
Panama,PAN,1991,22.73397
Panama,PAN,1992,24.42858
Panama,PAN,1993,26.27088
Panama,PAN,1994,26.04929
Panama,PAN,1995,28.6425
Panama,PAN,1996,30.06196
Panama,PAN,1998,37.60589
Panama,PAN,1999,39.53243
Panama,PAN,2000,42.53711
Panama,PAN,2001,41.64673
Panama,PAN,2002,40.78412
Panama,PAN,2003,44.27291
Panama,PAN,2004,43.04508
Panama,PAN,2005,41.66499
Panama,PAN,2006,42.6925
Panama,PAN,2007,42.92148
Panama,PAN,2008,43.09927
Panama,PAN,2009,43.02785
Panama,PAN,2010,43.963947
Panama,PAN,2011,41.88588
Panama,PAN,2012,43.66265
Panama,PAN,2014,44.62535
Panama,PAN,2015,47.581944
Panama,PAN,2016,48.379997
Panama,PAN,2020,44.937294
Panama,PAN,2021,52.714783
Panama,PAN,2022,57.816284
Panama,PAN,2023,53.694965
Papua New Guinea,PNG,1972,2.42389
Papua New Guinea,PNG,1973,2.48432
Papua New Guinea,PNG,1980,1.79691
Papua New Guinea,PNG,1983,1.53884
Papua New Guinea,PNG,1984,1.86334
Papua New Guinea,PNG,1985,1.51299
Papua New Guinea,PNG,1986,1.86075
Papua New Guinea,PNG,1995,3.21866
Papua New Guinea,PNG,1996,3.52104
Papua New Guinea,PNG,1998,2.00098
Papua New Guinea,PNG,1999,1.94981
Paraguay,PRY,1970,3.95134
Paraguay,PRY,1971,4.83398
Paraguay,PRY,1972,5.10807
Paraguay,PRY,1973,5.43009
Paraguay,PRY,1974,6.05002
Paraguay,PRY,1975,7.61552
Paraguay,PRY,1980,9.38541
Paraguay,PRY,1981,9.67519
Paraguay,PRY,1982,9.34625
Paraguay,PRY,1983,10.61979
Paraguay,PRY,1984,9.92349
Paraguay,PRY,1985,9.27098
Paraguay,PRY,1986,8.94862
Paraguay,PRY,1987,8.49324
Paraguay,PRY,1988,8.43584
Paraguay,PRY,1989,8.34115
Paraguay,PRY,1990,8.72241
Paraguay,PRY,1993,10.9477
Paraguay,PRY,1995,9.94644
Paraguay,PRY,1996,10.04903
Paraguay,PRY,1999,14.31298
Paraguay,PRY,2000,17.29184
Paraguay,PRY,2001,19.33654
Paraguay,PRY,2002,28.31646
Paraguay,PRY,2003,26.91515
Paraguay,PRY,2004,27.13203
Paraguay,PRY,2005,27.7762
Paraguay,PRY,2007,31.08776
Paraguay,PRY,2008,36.88519
Paraguay,PRY,2009,39.77247
Paraguay,PRY,2010,37.617928
Peru,PER,1970,9.83128
Peru,PER,1971,9.79691
Peru,PER,1972,10.19792
Peru,PER,1973,11.45389
Peru,PER,1974,12.5311
Peru,PER,1975,13.22002
Peru,PER,1976,13.3339
Peru,PER,1977,14.9395
Peru,PER,1979,16.47939
Peru,PER,1980,17.94711
Peru,PER,1981,20.64312
Peru,PER,1982,20.94929
Peru,PER,1983,21.55197
Peru,PER,1984,22.15261
Peru,PER,1985,22.87042
Peru,PER,1986,26.08957
Peru,PER,1987,27.09591
Peru,PER,1988,28.60172
Peru,PER,1989,29.67066
Peru,PER,1990,29.88574
Peru,PER,1991,31.33023
Peru,PER,1992,30.83649
Peru,PER,1993,27.47075
Peru,PER,1994,26.31751
Peru,PER,1995,26.71305
Peru,PER,1996,25.35579
Peru,PER,1997,25.38665
Peru,PER,1999,38.01249
Peru,PER,2000,33.41377
Peru,PER,2001,29.9192
Peru,PER,2002,30.25581
Peru,PER,2003,30.31958
Peru,PER,2004,32.16589
Peru,PER,2005,32.46089
Peru,PER,2006,33.91842
Peru,PER,2016,73.22232
Peru,PER,2017,71.24047
Philippines,PHL,1971,16.33575
Philippines,PHL,1972,16.83622
Philippines,PHL,1973,16.71656
Philippines,PHL,1974,16.79842
Philippines,PHL,1975,15.87221
Philippines,PHL,1976,16.2668
Philippines,PHL,1977,16.49024
Philippines,PHL,1978,18.81973
Philippines,PHL,1979,21.09376
Philippines,PHL,1980,21.34571
Philippines,PHL,1981,22.37201
Philippines,PHL,1982,22.82419
Philippines,PHL,1983,23.55297
Philippines,PHL,1984,25.78509
Philippines,PHL,1985,24.86449
Philippines,PHL,1986,22.36879
Philippines,PHL,1987,21.49128
Philippines,PHL,1988,22.83452
Philippines,PHL,1989,24.43668
Philippines,PHL,1990,23.27427
Philippines,PHL,1991,25.92233
Philippines,PHL,1992,25.01415
Philippines,PHL,1995,27.07126
Philippines,PHL,1996,28.52301
Philippines,PHL,1998,26.64955
Philippines,PHL,1999,27.5218
Philippines,PHL,2001,28.64768
Philippines,PHL,2002,28.34815
Philippines,PHL,2003,27.23011
Philippines,PHL,2004,26.54576
Philippines,PHL,2005,25.82343
Philippines,PHL,2006,26.24681
Philippines,PHL,2008,27.12899
Philippines,PHL,2009,26.60558
Philippines,PHL,2010,27.754923
Philippines,PHL,2011,29.070915
Philippines,PHL,2012,29.629894
Philippines,PHL,2013,31.870419
Philippines,PHL,2014,33.87419
Philippines,PHL,2015,35.874588
Philippines,PHL,2016,38.34474
Philippines,PHL,2017,33.6841
Philippines,PHL,2018,28.116623
Philippines,PHL,2019,30.054869
Philippines,PHL,2020,31.63176
Philippines,PHL,2021,33.61662
Philippines,PHL,2022,38.40114
Philippines,PHL,2023,44.23942
Philippines,PHL,2024,47.413498
Poland,POL,2001,56.34569
Poland,POL,2002,59.53614
Poland,POL,2003,60.62147
Poland,POL,2004,61.7437
Poland,POL,2005,63.77914
Poland,POL,2006,65.09007
Poland,POL,2007,66.94247
Poland,POL,2008,70.29463
Poland,POL,2009,72.67936
Poland,POL,2010,76.55712
Poland,POL,2011,75.8021
Poland,POL,2012,75.03829
Poland,POL,2013,73.31727
Poland,POL,2014,70.23897
Poland,POL,2015,69.3732
Poland,POL,2016,69.85038
Poland,POL,2017,70.61746
Poland,POL,2018,71.02174
Poland,POL,2019,70.9065
Poland,POL,2020,70.97304
Poland,POL,2021,72.20606
Poland,POL,2022,75.29111
Poland,POL,2023,76.87941
Poland,POL,2024,80.91496
Portugal,PRT,2015,61.79602
Portugal,PRT,2016,63.23875
Portugal,PRT,2017,64.20402
Portugal,PRT,2018,65.11274
Portugal,PRT,2019,66.09206
Portugal,PRT,2020,68.15689
Portugal,PRT,2021,72.51224
Portugal,PRT,2022,75.07148
Portugal,PRT,2023,77.67782
Puerto Rico,PRI,2007,78.60921
Puerto Rico,PRI,2008,84.4571
Puerto Rico,PRI,2009,86.69726
Puerto Rico,PRI,2010,90.73087
Puerto Rico,PRI,2011,91.797745
Puerto Rico,PRI,2012,94.00748
Puerto Rico,PRI,2013,95.37157
Puerto Rico,PRI,2014,97.20165
Puerto Rico,PRI,2015,100.70656
Puerto Rico,PRI,2016,100.64341
Puerto Rico,PRI,2017,100.7394
Puerto Rico,PRI,2018,107.50238
Puerto Rico,PRI,2019,95.6915
Puerto Rico,PRI,2020,88.414856
Puerto Rico,PRI,2021,88.532745
Puerto Rico,PRI,2022,82.01533
Puerto Rico,PRI,2023,77.92636
Qatar,QAT,1971,0
Qatar,QAT,1976,3.12012
Qatar,QAT,1977,3.25337
Qatar,QAT,1980,5.91431
Qatar,QAT,1981,6.47712
Qatar,QAT,1982,8.47453
Qatar,QAT,1983,11.55495
Qatar,QAT,1984,12.90161
Qatar,QAT,1985,15.19633
Qatar,QAT,1986,17.34502
Qatar,QAT,1987,16.97798
Qatar,QAT,1988,16.49443
Qatar,QAT,1989,17.2536
Qatar,QAT,1990,17.96845
Qatar,QAT,1991,17.25652
Qatar,QAT,1992,16.95363
Qatar,QAT,1993,18.66909
Qatar,QAT,1994,18.96983
Qatar,QAT,1995,20.5343
Qatar,QAT,1996,22.48165
Qatar,QAT,1997,23.92784
Qatar,QAT,1998,21.5737
Qatar,QAT,1999,19.76452
Qatar,QAT,2001,18.68747
Qatar,QAT,2002,17.28736
Qatar,QAT,2003,15.75123
Qatar,QAT,2004,16.8916
Qatar,QAT,2005,14.72423
Qatar,QAT,2006,12.83554
Qatar,QAT,2007,11.81967
Qatar,QAT,2008,11.34216
Qatar,QAT,2009,10.16549
Qatar,QAT,2010,9.642733
Qatar,QAT,2011,12.600855
Qatar,QAT,2012,12.286695
Qatar,QAT,2013,14.870729
Qatar,QAT,2014,17.306362
Qatar,QAT,2015,15.9339905
Qatar,QAT,2016,14.816357
Qatar,QAT,2017,16.777437
Qatar,QAT,2018,17.445826
Qatar,QAT,2019,21.093142
Qatar,QAT,2020,23.764921
Qatar,QAT,2021,31.281397
Qatar,QAT,2022,35.08549
Qatar,QAT,2023,38.20589
Qatar,QAT,2024,43.01789
Romania,ROU,2001,28.05443
Romania,ROU,2002,33.70169
Romania,ROU,2003,38.9064
Romania,ROU,2004,41.79974
Romania,ROU,2005,45.46373
Romania,ROU,2006,54.13893
Romania,ROU,2007,60.28312
Romania,ROU,2008,73.44707
Romania,ROU,2009,81.53315
Romania,ROU,2010,75.22903
Romania,ROU,2011,66.78658
Romania,ROU,2012,54.95349
Romania,ROU,2013,51.38261
Romania,ROU,2014,51.09504
Romania,ROU,2015,49.36099
Romania,ROU,2016,49.91132
Romania,ROU,2017,50.51082
Romania,ROU,2018,51.99435
Romania,ROU,2019,52.44397
Romania,ROU,2020,53.49111
Romania,ROU,2021,55.26561
Romania,ROU,2022,58.23904
Romania,ROU,2023,55.16829
Russia,RUS,1970,43.61076
Russia,RUS,1971,43.49877
Russia,RUS,1972,43.35697
Russia,RUS,1973,43.23614
Russia,RUS,1974,43.34256
Russia,RUS,1975,43.46678
Russia,RUS,1976,43.23578
Russia,RUS,1977,43.70474
Russia,RUS,1978,43.76211
Russia,RUS,1979,43.82222
Russia,RUS,1980,44.43857
Russia,RUS,1981,45.90199
Russia,RUS,1982,46.95663
Russia,RUS,1983,49.39852
Russia,RUS,1984,51.72908
Russia,RUS,1985,54.22555
Russia,RUS,1986,55.59371
Russia,RUS,1987,56.27174
Russia,RUS,1988,54.97522
Russia,RUS,1989,53.54814
Russia,RUS,1990,52.37426
Russia,RUS,1991,50.46633
Russia,RUS,1992,48.44639
Russia,RUS,1993,46.18377
Russia,RUS,1994,44.21004
Russia,RUS,1995,42.86084
Russia,RUS,1996,43.89724
Russia,RUS,1997,45.28582
Russia,RUS,1998,47.27941
Russia,RUS,1999,52.12624
Russia,RUS,2000,55.21366
Russia,RUS,2001,60.3867
Russia,RUS,2002,65.01042
Russia,RUS,2003,69.03521
Russia,RUS,2004,69.81872
Russia,RUS,2005,72.2228
Russia,RUS,2006,73.43989
Russia,RUS,2007,76.13055
Russia,RUS,2008,77.53397
Russia,RUS,2009,77.86856
Russia,RUS,2011,80.16297
Russia,RUS,2012,80.53235
Russia,RUS,2013,82.80096
Russia,RUS,2014,84.518135
Russia,RUS,2015,84.235565
Russia,RUS,2016,83.86005
Russia,RUS,2017,81.7051
Russia,RUS,2018,81.568115
Russia,RUS,2019,80.95207
Russia,RUS,2020,57.223286
Russia,RUS,2021,54.954247
Russia,RUS,2022,53.915195
Russia,RUS,2023,93.72777
Russia,RUS,2024,60.389122
Rwanda,RWA,1971,0.14958
Rwanda,RWA,1973,0.17245
Rwanda,RWA,1974,0.16235
Rwanda,RWA,1975,0.21755
Rwanda,RWA,1976,0.2287
Rwanda,RWA,1977,0.22424
Rwanda,RWA,1978,0.22198
Rwanda,RWA,1979,0.23274
Rwanda,RWA,1980,0.24493
Rwanda,RWA,1981,0.24339
Rwanda,RWA,1984,0.31497
Rwanda,RWA,1985,0.34276
Rwanda,RWA,1986,0.35844
Rwanda,RWA,1987,0.36239
Rwanda,RWA,1988,0.40025
Rwanda,RWA,1989,0.45925
Rwanda,RWA,1990,0.57689
Rwanda,RWA,1999,0.70521
Rwanda,RWA,2000,1.12785
Rwanda,RWA,2001,1.54309
Rwanda,RWA,2002,1.87186
Rwanda,RWA,2003,2.34144
Rwanda,RWA,2004,2.73149
Rwanda,RWA,2005,2.85112
Rwanda,RWA,2006,3.6423
Rwanda,RWA,2007,3.88546
Rwanda,RWA,2008,4.183
Rwanda,RWA,2009,5.07192
Rwanda,RWA,2010,5.7731667
Rwanda,RWA,2011,6.83723
Rwanda,RWA,2012,6.709387
Rwanda,RWA,2013,6.231491
Rwanda,RWA,2014,7.358618
Rwanda,RWA,2015,7.5312486
Rwanda,RWA,2016,7.5780725
Rwanda,RWA,2017,7.344883
Rwanda,RWA,2018,6.7609463
Rwanda,RWA,2019,6.314289
Rwanda,RWA,2020,7.5670958
Rwanda,RWA,2022,7.413259
Rwanda,RWA,2023,8.886243
Rwanda,RWA,2024,9.411739
Saint Kitts and Nevis,KNA,1979,1.24752
Saint Kitts and Nevis,KNA,1980,0.79491
Saint Kitts and Nevis,KNA,1984,1.36846
Saint Kitts and Nevis,KNA,1985,1.2442
Saint Kitts and Nevis,KNA,1986,4.66447
Saint Kitts and Nevis,KNA,1987,6.14177
Saint Kitts and Nevis,KNA,1988,4.72364
Saint Kitts and Nevis,KNA,1992,6.12078
Saint Kitts and Nevis,KNA,1993,10.48151
Saint Kitts and Nevis,KNA,2008,19.88426
Saint Kitts and Nevis,KNA,2014,90.96
Saint Kitts and Nevis,KNA,2015,93.92236
Saint Lucia,LCA,1977,2.28808
Saint Lucia,LCA,1978,2.26618
Saint Lucia,LCA,1979,2.09663
Saint Lucia,LCA,1980,1.91509
Saint Lucia,LCA,1981,2.22009
Saint Lucia,LCA,1982,2.59291
Saint Lucia,LCA,1983,2.7774
Saint Lucia,LCA,1984,2.60819
Saint Lucia,LCA,1985,2.17706
Saint Lucia,LCA,1987,2.26264
Saint Lucia,LCA,1988,2.4048
Saint Lucia,LCA,1993,5.70679
Saint Lucia,LCA,1996,17.30516
Saint Lucia,LCA,2004,13.34229
Saint Lucia,LCA,2005,12.79185
Saint Lucia,LCA,2006,9.52158
Saint Lucia,LCA,2007,8.46231
Saint Lucia,LCA,2008,15.72492
Saint Lucia,LCA,2009,17.46954
Saint Lucia,LCA,2010,12.4684
Saint Lucia,LCA,2011,16.2694
Saint Lucia,LCA,2012,10.27347
Saint Lucia,LCA,2013,14.0192
Saint Lucia,LCA,2014,17.08318
Saint Lucia,LCA,2015,17.03011
Saint Lucia,LCA,2016,19.7992
Saint Lucia,LCA,2017,20.74713
Saint Lucia,LCA,2018,14.65636
Saint Lucia,LCA,2019,15.94671
Saint Lucia,LCA,2020,16.81997
Saint Lucia,LCA,2022,16.18088
Saint Lucia,LCA,2023,15.03964
Saint Vincent and the Grenadines,VCT,1979,3.02053
Saint Vincent and the Grenadines,VCT,1980,2.42691
Saint Vincent and the Grenadines,VCT,1986,6.10839
Saint Vincent and the Grenadines,VCT,1987,6.69699
Saint Vincent and the Grenadines,VCT,1990,6.06251
Saint Vincent and the Grenadines,VCT,2010,13.454698
Saint Vincent and the Grenadines,VCT,2011,20.601707
Saint Vincent and the Grenadines,VCT,2012,19.801674
Saint Vincent and the Grenadines,VCT,2013,19.765512
Saint Vincent and the Grenadines,VCT,2014,23.94054
Saint Vincent and the Grenadines,VCT,2015,23.61863
Saint Vincent and the Grenadines,VCT,2016,23.668308
Saint Vincent and the Grenadines,VCT,2017,25.721542
Saint Vincent and the Grenadines,VCT,2018,26.014036
Saint Vincent and the Grenadines,VCT,2019,29.685396
Saint Vincent and the Grenadines,VCT,2020,33.669228
Saint Vincent and the Grenadines,VCT,2021,35.703224
Saint Vincent and the Grenadines,VCT,2022,41.49833
Samoa,WSM,1970,0.96016
Samoa,WSM,1971,1.04547
Samoa,WSM,1973,1.73424
Samoa,WSM,1975,1.77023
Samoa,WSM,1977,2.53966
Samoa,WSM,1978,2.5364
Samoa,WSM,1981,3.54294
Samoa,WSM,1983,2.99478
Samoa,WSM,1998,8.5551
Samoa,WSM,1999,11.03249
Samoa,WSM,2000,7.1876
Samoa,WSM,2017,13.2597
Samoa,WSM,2018,14.163354
Samoa,WSM,2019,13.579212
Samoa,WSM,2020,17.330345
Samoa,WSM,2021,19.140968
Samoa,WSM,2022,18.55084
Samoa,WSM,2023,14.610663
Samoa,WSM,2024,16.02639
San Marino,SMR,2000,59.3199
San Marino,SMR,2008,65.98011
San Marino,SMR,2010,66.40681
San Marino,SMR,2011,64.29558
San Marino,SMR,2012,59.849007
San Marino,SMR,2018,45.42102
San Marino,SMR,2019,50.235573
San Marino,SMR,2020,55.096096
San Marino,SMR,2021,57.670456
San Marino,SMR,2022,53.79888
San Marino,SMR,2023,51.135735
San Marino,SMR,2024,57.548748
Sao Tome and Principe,STP,2009,3.92682
Sao Tome and Principe,STP,2010,4.22901
Sao Tome and Principe,STP,2012,7.83568
Sao Tome and Principe,STP,2014,9.24397
Sao Tome and Principe,STP,2015,12.82108
Saudi Arabia,SAU,1971,2.79197
Saudi Arabia,SAU,1972,2.899
Saudi Arabia,SAU,1973,3.25169
Saudi Arabia,SAU,1974,4.00077
Saudi Arabia,SAU,1975,4.99658
Saudi Arabia,SAU,1976,6.30016
Saudi Arabia,SAU,1977,7.35587
Saudi Arabia,SAU,1978,9.30595
Saudi Arabia,SAU,1979,9.45937
Saudi Arabia,SAU,1980,9.96796
Saudi Arabia,SAU,1981,11.14629
Saudi Arabia,SAU,1982,11.99078
Saudi Arabia,SAU,1983,13.17364
Saudi Arabia,SAU,1984,13.36197
Saudi Arabia,SAU,1985,14.94279
Saudi Arabia,SAU,1986,15.77484
Saudi Arabia,SAU,1987,15.39358
Saudi Arabia,SAU,1989,15.08399
Saudi Arabia,SAU,1990,16.32626
Saudi Arabia,SAU,1991,17.20998
Saudi Arabia,SAU,1992,17.46797
Saudi Arabia,SAU,1993,19.59485
Saudi Arabia,SAU,1994,19.47999
Saudi Arabia,SAU,1995,21.51111
Saudi Arabia,SAU,1996,22.00518
Saudi Arabia,SAU,1997,22.67202
Saudi Arabia,SAU,1998,23.25146
Saudi Arabia,SAU,1999,27.5409
Saudi Arabia,SAU,2000,28.37595
Saudi Arabia,SAU,2001,27.23773
Saudi Arabia,SAU,2002,25.10497
Saudi Arabia,SAU,2003,26.62303
Saudi Arabia,SAU,2004,26.26313
Saudi Arabia,SAU,2005,25.19837
Saudi Arabia,SAU,2006,24.51377
Saudi Arabia,SAU,2007,24.30004
Saudi Arabia,SAU,2008,24.46598
Saudi Arabia,SAU,2009,25.03531
Saudi Arabia,SAU,2010,29.32448
Saudi Arabia,SAU,2011,28.94195
Saudi Arabia,SAU,2012,36.04441
Saudi Arabia,SAU,2013,43.1635
Saudi Arabia,SAU,2014,53.180386
Saudi Arabia,SAU,2015,57.089275
Saudi Arabia,SAU,2016,63.982662
Saudi Arabia,SAU,2017,70.74713
Saudi Arabia,SAU,2018,73.197174
Saudi Arabia,SAU,2019,77.96649
Saudi Arabia,SAU,2020,73.75108
Saudi Arabia,SAU,2021,74.39249
Saudi Arabia,SAU,2022,73.74921
Saudi Arabia,SAU,2024,83.88413
Senegal,SEN,1971,1.23822
Senegal,SEN,1972,1.35909
Senegal,SEN,1977,1.9196
Senegal,SEN,1978,1.99461
Senegal,SEN,1980,2.5228
Senegal,SEN,1981,2.71761
Senegal,SEN,1982,2.46195
Senegal,SEN,1983,2.57022
Senegal,SEN,1984,2.19626
Senegal,SEN,1985,2.25065
Senegal,SEN,1986,2.39744
Senegal,SEN,1992,3.05017
Senegal,SEN,1997,3.11024
Senegal,SEN,1999,3.20563
Senegal,SEN,2004,4.75203
Senegal,SEN,2005,5.26141
Senegal,SEN,2006,5.46575
Senegal,SEN,2007,6.12232
Senegal,SEN,2008,7.75537
Senegal,SEN,2009,7.91508
Senegal,SEN,2010,7.6297975
Senegal,SEN,2011,10.12111
Senegal,SEN,2012,10.263554
Senegal,SEN,2013,10.572539
Senegal,SEN,2014,10.8787565
Senegal,SEN,2015,10.840937
Senegal,SEN,2016,10.887599
Senegal,SEN,2017,11.349442
Senegal,SEN,2018,12.417837
Senegal,SEN,2019,12.608252
Senegal,SEN,2020,13.313663
Senegal,SEN,2021,14.682356
Senegal,SEN,2022,15.647898
Senegal,SEN,2023,16.071005
Senegal,SEN,2024,15.33024
Serbia,SRB,2001,37.76188
Serbia,SRB,2002,35.66372
Serbia,SRB,2003,39.61336
Serbia,SRB,2004,40.9338
Serbia,SRB,2005,44.20525
Serbia,SRB,2006,46.81958
Serbia,SRB,2007,47.96687
Serbia,SRB,2008,48.66538
Serbia,SRB,2009,49.84967
Serbia,SRB,2010,49.08251
Serbia,SRB,2011,51.59377
Serbia,SRB,2012,53.50003
Serbia,SRB,2013,56.38088
Serbia,SRB,2014,58.05497
Serbia,SRB,2015,58.28769
Serbia,SRB,2016,62.13697
Serbia,SRB,2017,66.48674
Serbia,SRB,2018,67.15866
Serbia,SRB,2019,67.78984
Serbia,SRB,2020,68.14311
Serbia,SRB,2021,69.18002
Serbia,SRB,2022,69.80468
Serbia,SRB,2023,73.206
Serbia,SRB,2024,70.58265
Seychelles,SYC,2011,2.9175673
Seychelles,SYC,2012,1.5559359
Seychelles,SYC,2013,3.5015447
Seychelles,SYC,2014,7.291193
Seychelles,SYC,2015,16.497301
Seychelles,SYC,2016,25.635891
Seychelles,SYC,2017,42.208202
Seychelles,SYC,2018,38.85813
Seychelles,SYC,2019,41.297043
Seychelles,SYC,2020,26.934263
Seychelles,SYC,2021,26.870153
Seychelles,SYC,2022,13.930414
Seychelles,SYC,2023,14.034137
Seychelles,SYC,2024,14.53425
Sierra Leone,SLE,1971,0.52241
Sierra Leone,SLE,1972,0.57135
Sierra Leone,SLE,1973,0.60523
Sierra Leone,SLE,1974,0.6312
Sierra Leone,SLE,1975,0.68821
Sierra Leone,SLE,1976,0.67003
Sierra Leone,SLE,1977,0.63752
Sierra Leone,SLE,1978,0.61707
Sierra Leone,SLE,1981,0.77348
Sierra Leone,SLE,1984,0.65586
Sierra Leone,SLE,1985,0.66399
Sierra Leone,SLE,1986,1.77252
Sierra Leone,SLE,1988,1.61062
Sierra Leone,SLE,1989,1.48411
Sierra Leone,SLE,1990,1.40814
Sierra Leone,SLE,1991,1.24685
Sierra Leone,SLE,2000,1.67453
Sierra Leone,SLE,2001,2.11301
Sierra Leone,SLE,2002,1.98783
Singapore,SGP,2010,93.269684
Singapore,SGP,2011,95.98174
Singapore,SGP,2012,101.99681
Singapore,SGP,2016,83.94098
Singapore,SGP,2017,84.792915
Singapore,SGP,2018,88.886444
Singapore,SGP,2019,91.08899
Singapore,SGP,2020,93.134766
Singapore,SGP,2021,97.09891
Singapore,SGP,2022,98.022224
Singapore,SGP,2023,97.28866
Sint Maarten (Dutch part),SXM,2012,7.840502
Sint Maarten (Dutch part),SXM,2014,7.328119
Sint Maarten (Dutch part),SXM,2015,7.9345603
Sint Maarten (Dutch part),SXM,2017,9.856084
Sint Maarten (Dutch part),SXM,2022,8.259449
Sint Maarten (Dutch part),SXM,2023,7.652843
Slovakia,SVK,2001,30.81649
Slovakia,SVK,2002,32.74224
Slovakia,SVK,2003,34.55059
Slovakia,SVK,2004,36.65996
Slovakia,SVK,2005,40.77106
Slovakia,SVK,2006,45.03269
Slovakia,SVK,2007,50.55636
Slovakia,SVK,2008,54.16371
Slovakia,SVK,2009,56.7701
Slovakia,SVK,2010,58.04424
Slovakia,SVK,2011,57.15249
Slovakia,SVK,2012,57.03844
Slovakia,SVK,2013,55.25398
Slovakia,SVK,2014,53.8843
Slovakia,SVK,2015,52.72067
Slovakia,SVK,2016,50.30145
Slovakia,SVK,2017,49.12561
Slovakia,SVK,2018,47.81383
Slovakia,SVK,2019,48.19024
Slovakia,SVK,2020,48.379
Slovakia,SVK,2021,50.73425
Slovakia,SVK,2022,52.49591
Slovakia,SVK,2023,53.41761
Slovakia,SVK,2024,54.47432
Slovenia,SVN,2001,60.84551
Slovenia,SVN,2002,66.65457
Slovenia,SVN,2003,69.60477
Slovenia,SVN,2004,73.34888
Slovenia,SVN,2005,81.27281
Slovenia,SVN,2006,85.27389
Slovenia,SVN,2007,87.26517
Slovenia,SVN,2008,88.59871
Slovenia,SVN,2009,87.96533
Slovenia,SVN,2010,90.25149
Slovenia,SVN,2011,87.18871
Slovenia,SVN,2012,89.02156
Slovenia,SVN,2013,87.85721
Slovenia,SVN,2014,84.37803
Slovenia,SVN,2015,82.19978
Slovenia,SVN,2016,79.47475
Slovenia,SVN,2017,79.27035
Slovenia,SVN,2018,77.3016
Slovenia,SVN,2019,76.47201
Slovenia,SVN,2020,75.81668
Slovenia,SVN,2021,82.24004
Slovenia,SVN,2022,82.39226
Slovenia,SVN,2023,80.08069
Somalia,SOM,1971,0.26764
Somalia,SOM,1972,0.2539
Somalia,SOM,1975,0.38158
Somalia,SOM,1976,0.48856
Somalia,SOM,1987,2.41033
South Africa,ZAF,1970,3.98838
South Africa,ZAF,1973,4.39185
South Africa,ZAF,1988,10.52101
South Africa,ZAF,1989,11.32593
South Africa,ZAF,1990,11.4363
South Africa,ZAF,1991,11.84507
South Africa,ZAF,1992,12.32732
South Africa,ZAF,1993,13.6233
South Africa,ZAF,1994,15.7045
South Africa,ZAF,2012,17.944723
South Africa,ZAF,2013,18.608822
South Africa,ZAF,2014,18.481335
South Africa,ZAF,2015,19.033295
South Africa,ZAF,2016,18.929298
South Africa,ZAF,2017,21.09029
South Africa,ZAF,2018,22.351543
South Africa,ZAF,2019,22.244247
South Africa,ZAF,2020,22.614874
South Africa,ZAF,2021,22.343128
South Africa,ZAF,2022,23.727104
South Africa,ZAF,2023,23.493769
South Asia (WB),WB_SA,1999,9.23464
South Asia (WB),WB_SA,2000,9.22157
South Asia (WB),WB_SA,2001,9.43124
South Asia (WB),WB_SA,2002,9.87176
South Asia (WB),WB_SA,2003,10.30954
South Asia (WB),WB_SA,2004,10.57214
South Asia (WB),WB_SA,2005,10.46513
South Asia (WB),WB_SA,2006,11.30785
South Asia (WB),WB_SA,2007,12.8671
South Asia (WB),WB_SA,2008,14.70313
South Asia (WB),WB_SA,2009,15.80385
South Asia (WB),WB_SA,2010,17.62074
South Asia (WB),WB_SA,2011,21.80571
South Asia (WB),WB_SA,2012,23.11867
South Asia (WB),WB_SA,2013,22.69034
South Asia (WB),WB_SA,2014,24.04139
South Asia (WB),WB_SA,2015,25.36422
South Asia (WB),WB_SA,2016,25.51595
South Asia (WB),WB_SA,2017,26.07987
South Asia (WB),WB_SA,2018,26.87663
South Asia (WB),WB_SA,2019,27.66256
South Asia (WB),WB_SA,2020,28.21941
South Asia (WB),WB_SA,2021,29.82686
South Asia (WB),WB_SA,2022,30.94211
South Asia (WB),WB_SA,2023,32.43842
South Asia (WB),WB_SA,2024,32.78332
South Korea,KOR,2000,74.68986
South Korea,KOR,2001,77.34335
South Korea,KOR,2002,80.71605
South Korea,KOR,2003,84.45639
South Korea,KOR,2004,89.8009
South Korea,KOR,2005,95.37001
South Korea,KOR,2006,99.94931
South Korea,KOR,2007,102.94927
South Korea,KOR,2008,103.13618
South Korea,KOR,2009,102.65845
South Korea,KOR,2010,101.67329
South Korea,KOR,2011,100.81968
South Korea,KOR,2012,98.28698
South Korea,KOR,2013,96.3375
South Korea,KOR,2014,94.44217
South Korea,KOR,2015,93.96765
South Korea,KOR,2016,93.65772
South Korea,KOR,2017,93.72302
South Korea,KOR,2018,93.32818
South Korea,KOR,2019,93.99892
South Korea,KOR,2020,96.87677
South Korea,KOR,2021,100.35988
South Korea,KOR,2022,102.81306
South Korea,KOR,2023,106.70917
South Korea,KOR,2024,111.8533
Spain,ESP,2001,61.00422
Spain,ESP,2002,63.74008
Spain,ESP,2003,65.53221
Spain,ESP,2004,67.47357
Spain,ESP,2005,68.13583
Spain,ESP,2006,68.96462
Spain,ESP,2007,69.22977
Spain,ESP,2008,69.40194
Spain,ESP,2009,71.43117
Spain,ESP,2010,76.38291
Spain,ESP,2011,80.72409
Spain,ESP,2012,82.89209
Spain,ESP,2013,85.18263
Spain,ESP,2014,87.93585
Spain,ESP,2015,88.53053
Spain,ESP,2016,89.81079
Spain,ESP,2017,92.07018
Spain,ESP,2018,92.51949
Spain,ESP,2019,91.53877
Spain,ESP,2020,91.59912
Spain,ESP,2021,95.3769
Spain,ESP,2022,95.02716
Spain,ESP,2023,93.73035
Spain,ESP,2024,93.76897
Sri Lanka,LKA,1970,1.05988
Sri Lanka,LKA,1971,1.19072
Sri Lanka,LKA,1973,1.14608
Sri Lanka,LKA,1974,1.15386
Sri Lanka,LKA,1975,1.19477
Sri Lanka,LKA,1977,1.22844
Sri Lanka,LKA,1978,1.24626
Sri Lanka,LKA,1979,2.90394
Sri Lanka,LKA,1981,2.93469
Sri Lanka,LKA,1982,3.75755
Sri Lanka,LKA,1983,4.16412
Sri Lanka,LKA,1984,4.30904
Sri Lanka,LKA,1985,3.89485
Sri Lanka,LKA,1986,3.96416
Sri Lanka,LKA,1994,4.75038
Sri Lanka,LKA,2010,15.844056
Sri Lanka,LKA,2011,14.672719
Sri Lanka,LKA,2012,16.322805
Sri Lanka,LKA,2013,17.765505
Sri Lanka,LKA,2014,17.870192
Sri Lanka,LKA,2015,18.172646
Sri Lanka,LKA,2016,17.151049
Sri Lanka,LKA,2017,17.19413
Sri Lanka,LKA,2018,17.886976
Sri Lanka,LKA,2019,19.456316
Sri Lanka,LKA,2020,20.161488
Sri Lanka,LKA,2021,20.782429
Sri Lanka,LKA,2022,22.367992
Sri Lanka,LKA,2023,20.741262
Sub-Saharan Africa (SDG),,1970,0.89534
Sub-Saharan Africa (SDG),,1971,0.86479
Sub-Saharan Africa (SDG),,1972,0.96243
Sub-Saharan Africa (SDG),,1973,0.97218
Sub-Saharan Africa (SDG),,1974,1.06165
Sub-Saharan Africa (SDG),,1975,1.13259
Sub-Saharan Africa (SDG),,1976,1.21079
Sub-Saharan Africa (SDG),,1977,1.31599
Sub-Saharan Africa (SDG),,1978,1.44369
Sub-Saharan Africa (SDG),,1979,1.5998
Sub-Saharan Africa (SDG),,1980,1.71741
Sub-Saharan Africa (SDG),,1981,1.8788
Sub-Saharan Africa (SDG),,1982,2.05223
Sub-Saharan Africa (SDG),,1983,2.12084
Sub-Saharan Africa (SDG),,1984,2.18139
Sub-Saharan Africa (SDG),,1985,2.32545
Sub-Saharan Africa (SDG),,1986,2.44849
Sub-Saharan Africa (SDG),,1987,2.50392
Sub-Saharan Africa (SDG),,1988,2.65488
Sub-Saharan Africa (SDG),,1989,2.81074
Sub-Saharan Africa (SDG),,1990,2.87286
Sub-Saharan Africa (SDG),,1991,3.00474
Sub-Saharan Africa (SDG),,1992,3.14261
Sub-Saharan Africa (SDG),,1993,3.30743
Sub-Saharan Africa (SDG),,1994,3.48678
Sub-Saharan Africa (SDG),,1995,3.56549
Sub-Saharan Africa (SDG),,1996,3.65718
Sub-Saharan Africa (SDG),,1997,3.77374
Sub-Saharan Africa (SDG),,1998,3.86872
Sub-Saharan Africa (SDG),,1999,3.91643
Sub-Saharan Africa (SDG),,2000,4.27745
Sub-Saharan Africa (SDG),,2001,4.57643
Sub-Saharan Africa (SDG),,2002,4.89216
Sub-Saharan Africa (SDG),,2003,5.32193
Sub-Saharan Africa (SDG),,2004,5.51414
Sub-Saharan Africa (SDG),,2005,5.80152
Sub-Saharan Africa (SDG),,2006,5.93443
Sub-Saharan Africa (SDG),,2007,6.13287
Sub-Saharan Africa (SDG),,2008,6.41829
Sub-Saharan Africa (SDG),,2009,6.81212
Sub-Saharan Africa (SDG),,2010,7.26382
Sub-Saharan Africa (SDG),,2011,7.62896
Sub-Saharan Africa (SDG),,2012,7.94943
Sub-Saharan Africa (SDG),,2013,8.20238
Sub-Saharan Africa (SDG),,2014,8.40363
Sub-Saharan Africa (SDG),,2015,8.51841
Sub-Saharan Africa (SDG),,2016,8.52774
Sub-Saharan Africa (SDG),,2017,8.66662
Sub-Saharan Africa (SDG),,2018,8.76459
Sub-Saharan Africa (SDG),,2019,8.78657
Sub-Saharan Africa (SDG),,2020,8.89536
Sub-Saharan Africa (SDG),,2021,8.97366
Sub-Saharan Africa (WB),WB_SSA,1970,1.41486
Sub-Saharan Africa (WB),WB_SSA,1971,1.37776
Sub-Saharan Africa (WB),WB_SSA,1972,1.45712
Sub-Saharan Africa (WB),WB_SSA,1973,1.45457
Sub-Saharan Africa (WB),WB_SSA,1974,1.52421
Sub-Saharan Africa (WB),WB_SSA,1975,1.5767
Sub-Saharan Africa (WB),WB_SSA,1976,1.63738
Sub-Saharan Africa (WB),WB_SSA,1977,1.72324
Sub-Saharan Africa (WB),WB_SSA,1978,1.83096
Sub-Saharan Africa (WB),WB_SSA,1979,1.96464
Sub-Saharan Africa (WB),WB_SSA,1980,2.06377
Sub-Saharan Africa (WB),WB_SSA,1981,2.20421
Sub-Saharan Africa (WB),WB_SSA,1982,2.3564
Sub-Saharan Africa (WB),WB_SSA,1983,2.41129
Sub-Saharan Africa (WB),WB_SSA,1984,2.4607
Sub-Saharan Africa (WB),WB_SSA,1985,2.58813
Sub-Saharan Africa (WB),WB_SSA,1986,2.69553
Sub-Saharan Africa (WB),WB_SSA,1987,2.74096
Sub-Saharan Africa (WB),WB_SSA,1988,2.87684
Sub-Saharan Africa (WB),WB_SSA,1989,3.01756
Sub-Saharan Africa (WB),WB_SSA,1990,3.07053
Sub-Saharan Africa (WB),WB_SSA,1991,3.19055
Sub-Saharan Africa (WB),WB_SSA,1992,3.31671
Sub-Saharan Africa (WB),WB_SSA,1993,3.46866
Sub-Saharan Africa (WB),WB_SSA,1994,3.63605
Sub-Saharan Africa (WB),WB_SSA,1995,3.70559
Sub-Saharan Africa (WB),WB_SSA,1996,3.78945
Sub-Saharan Africa (WB),WB_SSA,1997,3.8979
Sub-Saharan Africa (WB),WB_SSA,1998,3.98571
Sub-Saharan Africa (WB),WB_SSA,1999,4.03235
Sub-Saharan Africa (WB),WB_SSA,2000,4.38448
Sub-Saharan Africa (WB),WB_SSA,2001,4.7372
Sub-Saharan Africa (WB),WB_SSA,2002,5.08393
Sub-Saharan Africa (WB),WB_SSA,2003,5.46747
Sub-Saharan Africa (WB),WB_SSA,2004,5.7287
Sub-Saharan Africa (WB),WB_SSA,2005,6.05515
Sub-Saharan Africa (WB),WB_SSA,2006,6.24377
Sub-Saharan Africa (WB),WB_SSA,2007,6.42029
Sub-Saharan Africa (WB),WB_SSA,2008,6.74999
Sub-Saharan Africa (WB),WB_SSA,2009,7.13791
Sub-Saharan Africa (WB),WB_SSA,2010,7.58255
Sub-Saharan Africa (WB),WB_SSA,2011,7.91926
Sub-Saharan Africa (WB),WB_SSA,2012,8.23979
Sub-Saharan Africa (WB),WB_SSA,2013,8.5615
Sub-Saharan Africa (WB),WB_SSA,2014,8.72679
Sub-Saharan Africa (WB),WB_SSA,2015,8.83661
Sub-Saharan Africa (WB),WB_SSA,2016,8.84762
Sub-Saharan Africa (WB),WB_SSA,2017,8.98321
Sub-Saharan Africa (WB),WB_SSA,2018,9.08198
Sub-Saharan Africa (WB),WB_SSA,2019,9.09492
Sub-Saharan Africa (WB),WB_SSA,2020,9.19791
Sub-Saharan Africa (WB),WB_SSA,2021,9.27116
Sudan,SDN,1999,6.56864
Sudan,SDN,2000,6.69481
Sudan,SDN,2001,8.25727
Sudan,SDN,2002,9.3131
Sudan,SDN,2003,8.65738
Sudan,SDN,2004,10.54906
Sudan,SDN,2005,11.82332
Sudan,SDN,2006,13.33741
Sudan,SDN,2007,13.01655
Sudan,SDN,2008,14.39219
Sudan,SDN,2009,14.60982
Sudan,SDN,2010,14.80353
Sudan,SDN,2011,14.51207
Sudan,SDN,2012,14.81814
Sudan,SDN,2013,16.66763
Sudan,SDN,2014,15.95859
Sudan,SDN,2015,15.86457
Suriname,SUR,1981,5.96962
Suriname,SUR,1982,6.34395
Suriname,SUR,1983,6.71598
Suriname,SUR,1984,6.51151
Suriname,SUR,1985,6.19052
Suriname,SUR,1986,5.80343
Suriname,SUR,1987,7.21634
Suriname,SUR,1988,7.90399
Suriname,SUR,1989,8.75041
Suriname,SUR,1990,9.56166
Suriname,SUR,2002,11.26045
Suriname,SUR,2019,5.2643514
Suriname,SUR,2020,5.305747
Suriname,SUR,2021,8.454163
Suriname,SUR,2022,5.0248737
Suriname,SUR,2023,4.937851
Suriname,SUR,2024,2.5664246
Sweden,SWE,2001,70.01152
Sweden,SWE,2002,74.74143
Sweden,SWE,2003,80.49029
Sweden,SWE,2004,83.03498
Sweden,SWE,2005,81.73909
Sweden,SWE,2006,79.33523
Sweden,SWE,2007,75.39437
Sweden,SWE,2008,71.15807
Sweden,SWE,2009,71.01158
Sweden,SWE,2010,73.08183
Sweden,SWE,2011,71.91841
Sweden,SWE,2012,68.7423
Sweden,SWE,2013,65.78209
Sweden,SWE,2014,64.95419
Sweden,SWE,2015,66.42832
Sweden,SWE,2016,68.30604
Sweden,SWE,2017,70.43425
Sweden,SWE,2018,73.40838
Sweden,SWE,2019,75.11485
Sweden,SWE,2020,79.11964
Sweden,SWE,2021,85.94262
Sweden,SWE,2022,83.89761
Sweden,SWE,2023,81.39982
Sweden,SWE,2024,83.99881
Switzerland,CHE,2000,38.11276
Switzerland,CHE,2001,39.2238
Switzerland,CHE,2002,39.96029
Switzerland,CHE,2003,43.05054
Switzerland,CHE,2004,44.88052
Switzerland,CHE,2005,45.24653
Switzerland,CHE,2006,46.28478
Switzerland,CHE,2007,47.81555
Switzerland,CHE,2008,49.68888
Switzerland,CHE,2009,50.30345
Switzerland,CHE,2010,52.80406
Switzerland,CHE,2011,53.13528
Switzerland,CHE,2012,54.83562
Switzerland,CHE,2013,56.18124
Switzerland,CHE,2014,58.06506
Switzerland,CHE,2015,60.81856
Switzerland,CHE,2016,61.19399
Switzerland,CHE,2017,62.45972
Switzerland,CHE,2018,64.35339
Switzerland,CHE,2019,66.30934
Switzerland,CHE,2020,68.06764
Switzerland,CHE,2021,71.89393
Switzerland,CHE,2022,74.15268
Switzerland,CHE,2023,74.00609
Switzerland,CHE,2024,73.54305
Syria,SYR,1971,7.44881
Syria,SYR,1972,9.05167
Syria,SYR,1973,8.76581
Syria,SYR,1974,9.25118
Syria,SYR,1975,10.09572
Syria,SYR,1976,10.5725
Syria,SYR,1977,12.51495
Syria,SYR,1978,13.64564
Syria,SYR,1979,14.89266
Syria,SYR,1980,14.26315
Syria,SYR,1981,16.71655
Syria,SYR,1982,16.69463
Syria,SYR,1983,16.39206
Syria,SYR,1984,16.37621
Syria,SYR,1985,17.08321
Syria,SYR,1986,17.19591
Syria,SYR,1987,16.7907
Syria,SYR,1988,18.11584
Syria,SYR,1989,17.16626
Syria,SYR,1990,17.38627
Syria,SYR,1991,17.31624
Syria,SYR,1992,16.54081
Syria,SYR,1993,16.54763
Syria,SYR,1994,15.12822
Syria,SYR,1995,14.57297
Syria,SYR,2002,12.64827
Syria,SYR,2003,13.232
Syria,SYR,2004,15.24206
Syria,SYR,2005,18.29764
Syria,SYR,2006,20.84999
Syria,SYR,2007,21.33541
Syria,SYR,2008,21.8033
Syria,SYR,2009,22.90304
Syria,SYR,2010,24.7345
Syria,SYR,2011,24.52826
Syria,SYR,2012,28.83594
Syria,SYR,2013,31.41272
Syria,SYR,2014,44.46098
Syria,SYR,2015,47.8359
Syria,SYR,2016,43.76066
Tajikistan,TJK,1981,24.23094
Tajikistan,TJK,1986,20.7211
Tajikistan,TJK,1988,20.37051
Tajikistan,TJK,1989,20.27368
Tajikistan,TJK,1990,21.24533
Tajikistan,TJK,1991,21.27904
Tajikistan,TJK,1992,21.0363
Tajikistan,TJK,1993,20.74306
Tajikistan,TJK,1994,20.41269
Tajikistan,TJK,1995,20.39158
Tajikistan,TJK,1999,16.64286
Tajikistan,TJK,2000,17.19971
Tajikistan,TJK,2001,16.7239
Tajikistan,TJK,2002,16.93507
Tajikistan,TJK,2003,18.30574
Tajikistan,TJK,2004,19.58406
Tajikistan,TJK,2005,20.15195
Tajikistan,TJK,2006,21.30249
Tajikistan,TJK,2007,22.28645
Tajikistan,TJK,2008,22.75123
Tajikistan,TJK,2009,22.52393
Tajikistan,TJK,2010,22.83089
Tajikistan,TJK,2011,22.31994
Tajikistan,TJK,2012,22.69236
Tajikistan,TJK,2013,22.61644
Tajikistan,TJK,2014,24.22601
Tajikistan,TJK,2015,26.06691
Tajikistan,TJK,2016,28.51791
Tajikistan,TJK,2017,30.23747
Tajikistan,TJK,2020,34.667645
Tajikistan,TJK,2021,37.42207
Tajikistan,TJK,2022,37.28344
Tajikistan,TJK,2023,34.968964
Tajikistan,TJK,2024,35.639843
Tanzania,TZA,1970,0.16954
Tanzania,TZA,1971,0.18234
Tanzania,TZA,1972,0.21648
Tanzania,TZA,1973,0.23678
Tanzania,TZA,1974,0.26335
Tanzania,TZA,1975,0.22793
Tanzania,TZA,1976,0.22223
Tanzania,TZA,1977,0.17566
Tanzania,TZA,1978,0.32803
Tanzania,TZA,1979,0.26315
Tanzania,TZA,1982,0.26651
Tanzania,TZA,1983,0.26862
Tanzania,TZA,1984,0.2774
Tanzania,TZA,1985,0.27393
Tanzania,TZA,1986,0.27425
Tanzania,TZA,1987,0.32134
Tanzania,TZA,1989,0.25668
Tanzania,TZA,1991,0.33186
Tanzania,TZA,1992,0.33853
Tanzania,TZA,1993,0.37897
Tanzania,TZA,1994,0.39409
Tanzania,TZA,1995,0.44847
Tanzania,TZA,1996,0.50594
Tanzania,TZA,1997,0.60357
Tanzania,TZA,1998,0.5218
Tanzania,TZA,1999,0.60271
Tanzania,TZA,2000,0.64341
Tanzania,TZA,2001,0.66246
Tanzania,TZA,2002,0.69742
Tanzania,TZA,2003,0.89796
Tanzania,TZA,2004,1.21524
Tanzania,TZA,2005,1.42772
Tanzania,TZA,2007,1.46311
Tanzania,TZA,2010,2.1391363
Tanzania,TZA,2012,3.9646194
Tanzania,TZA,2013,3.6733742
Tanzania,TZA,2015,3.9836109
Tanzania,TZA,2016,3.7289393
Tanzania,TZA,2017,4.7820535
Tanzania,TZA,2018,4.279965
Tanzania,TZA,2019,2.855889
Tanzania,TZA,2020,7.181883
Tanzania,TZA,2021,3.591643
Tanzania,TZA,2022,5.3215904
Tanzania,TZA,2023,5.168878
Tanzania,TZA,2024,4.01881
Thailand,THA,1971,2.80616
Thailand,THA,1972,2.95397
Thailand,THA,1973,2.93899
Thailand,THA,1974,2.95044
Thailand,THA,1975,3.5044
Thailand,THA,1976,3.24949
Thailand,THA,1977,4.21242
Thailand,THA,1978,5.03537
Thailand,THA,1979,8.43536
Thailand,THA,1980,10.2965
Thailand,THA,1981,7.61797
Thailand,THA,1982,18.59924
Thailand,THA,1983,20.86728
Thailand,THA,1984,21.38312
Thailand,THA,1985,19.85006
Thailand,THA,1986,18.43567
Thailand,THA,1988,14.97239
Thailand,THA,1990,15.92812
Thailand,THA,1993,19.88548
Thailand,THA,1995,21.10484
Thailand,THA,1996,22.2135
Thailand,THA,1997,24.77796
Thailand,THA,1998,28.7876
Thailand,THA,1999,34.58131
Thailand,THA,2000,35.30387
Thailand,THA,2001,38.93448
Thailand,THA,2002,40.12571
Thailand,THA,2003,41.15515
Thailand,THA,2004,42.1446
Thailand,THA,2005,44.33672
Thailand,THA,2006,44.17618
Thailand,THA,2007,47.5542
Thailand,THA,2008,46.35213
Thailand,THA,2009,46.20234
Thailand,THA,2010,46.378376
Thailand,THA,2011,52.733276
Thailand,THA,2012,50.74031
Thailand,THA,2013,49.687943
Thailand,THA,2014,49.909184
Thailand,THA,2015,45.713135
Thailand,THA,2016,49.32273
Thailand,THA,2017,47.42749
Thailand,THA,2018,46.16678
Thailand,THA,2019,44.988003
Thailand,THA,2020,42.590088
Thailand,THA,2021,43.46904
Thailand,THA,2022,43.29485
Thailand,THA,2023,45.44078
Thailand,THA,2024,44.984573
Thailand,THA,2025,49.077644
Togo,TGO,1971,0.43632
Togo,TGO,1972,0.67388
Togo,TGO,1973,0.6816
Togo,TGO,1974,0.66281
Togo,TGO,1975,0.71446
Togo,TGO,1976,1.01695
Togo,TGO,1977,1.17577
Togo,TGO,1978,1.30627
Togo,TGO,1979,1.28177
Togo,TGO,1980,1.43621
Togo,TGO,1981,1.81998
Togo,TGO,1982,1.59472
Togo,TGO,1983,1.43869
Togo,TGO,1984,1.45352
Togo,TGO,1987,1.91432
Togo,TGO,1988,2.10569
Togo,TGO,1989,2.13784
Togo,TGO,1990,2.16569
Togo,TGO,1991,2.39435
Togo,TGO,1992,2.63255
Togo,TGO,1993,2.21612
Togo,TGO,1994,2.38979
Togo,TGO,1995,2.71032
Togo,TGO,1996,2.69524
Togo,TGO,1998,3.07287
Togo,TGO,2006,4.95071
Togo,TGO,2007,5.56284
Togo,TGO,2010,8.906783
Togo,TGO,2011,9.669681
Togo,TGO,2012,10.707913
Togo,TGO,2013,10.839787
Togo,TGO,2014,10.538494
Togo,TGO,2015,10.814648
Togo,TGO,2016,12.091334
Togo,TGO,2017,12.306866
Togo,TGO,2018,12.90316
Togo,TGO,2019,13.155148
Togo,TGO,2020,14.902989
Tonga,TON,1970,0
Tonga,TON,1978,2.07337
Tonga,TON,1979,1.81057
Tonga,TON,1981,7.14212
Tonga,TON,1984,6.82388
Tonga,TON,1985,6.88948
Tonga,TON,1999,3.42492
Tonga,TON,2000,5.37393
Tonga,TON,2001,4.6267
Tonga,TON,2002,6.1287
Tonga,TON,2003,6.82399
Tonga,TON,2020,21.2783
Tonga,TON,2023,42.861176
Trinidad and Tobago,TTO,1971,2.25334
Trinidad and Tobago,TTO,1972,2.35697
Trinidad and Tobago,TTO,1973,2.36375
Trinidad and Tobago,TTO,1974,2.41043
Trinidad and Tobago,TTO,1975,2.4781
Trinidad and Tobago,TTO,1976,4.07423
Trinidad and Tobago,TTO,1977,4.17497
Trinidad and Tobago,TTO,1978,4.19003
Trinidad and Tobago,TTO,1979,3.99438
Trinidad and Tobago,TTO,1980,4.30335
Trinidad and Tobago,TTO,1981,4.24424
Trinidad and Tobago,TTO,1982,4.32866
Trinidad and Tobago,TTO,1983,3.98224
Trinidad and Tobago,TTO,1984,3.9196
Trinidad and Tobago,TTO,1985,4.66696
Trinidad and Tobago,TTO,1986,5.6508
Trinidad and Tobago,TTO,1987,5.8212
Trinidad and Tobago,TTO,1988,5.73892
Trinidad and Tobago,TTO,1989,6.58446
Trinidad and Tobago,TTO,1991,6.57351
Trinidad and Tobago,TTO,1992,6.72268
Trinidad and Tobago,TTO,1993,7.21655
Trinidad and Tobago,TTO,1999,5.81036
Trinidad and Tobago,TTO,2000,5.75815
Trinidad and Tobago,TTO,2001,6.25368
Trinidad and Tobago,TTO,2002,8.58696
Trinidad and Tobago,TTO,2003,8.70432
Trinidad and Tobago,TTO,2004,11.8308
Trinidad and Tobago,TTO,2024,23.8493
Tunisia,TUN,1971,2.30263
Tunisia,TUN,1972,2.36744
Tunisia,TUN,1973,2.22186
Tunisia,TUN,1974,2.41461
Tunisia,TUN,1975,2.64432
Tunisia,TUN,1976,3.73266
Tunisia,TUN,1977,4.0742
Tunisia,TUN,1978,4.55638
Tunisia,TUN,1979,4.76606
Tunisia,TUN,1980,4.81237
Tunisia,TUN,1981,4.91017
Tunisia,TUN,1982,4.87855
Tunisia,TUN,1983,4.86413
Tunisia,TUN,1984,4.84456
Tunisia,TUN,1985,5.0775
Tunisia,TUN,1986,5.26847
Tunisia,TUN,1987,5.06817
Tunisia,TUN,1988,5.37072
Tunisia,TUN,1989,6.6363
Tunisia,TUN,1990,7.63667
Tunisia,TUN,1991,8.36276
Tunisia,TUN,1992,9.21153
Tunisia,TUN,1993,10.39854
Tunisia,TUN,1994,11.02461
Tunisia,TUN,1995,11.47889
Tunisia,TUN,1996,12.33485
Tunisia,TUN,1997,13.08724
Tunisia,TUN,1998,14.46643
Tunisia,TUN,1999,16.0546
Tunisia,TUN,2000,18.24727
Tunisia,TUN,2001,20.59634
Tunisia,TUN,2002,22.05709
Tunisia,TUN,2003,25.97429
Tunisia,TUN,2004,28.32205
Tunisia,TUN,2005,30.42635
Tunisia,TUN,2006,31.58846
Tunisia,TUN,2007,32.14168
Tunisia,TUN,2008,33.58275
Tunisia,TUN,2009,35.30818
Tunisia,TUN,2010,36.04253
Tunisia,TUN,2011,35.9428
Tunisia,TUN,2012,36.06931
Tunisia,TUN,2013,34.21301
Tunisia,TUN,2014,33.72523
Tunisia,TUN,2015,33.37385
Tunisia,TUN,2016,31.21281
Tunisia,TUN,2017,30.92775
Tunisia,TUN,2018,30.95947
Tunisia,TUN,2019,31.44109
Tunisia,TUN,2020,32.5182
Tunisia,TUN,2021,33.27403
Tunisia,TUN,2022,37.12769
Tunisia,TUN,2023,38.12195
Turkey,TUR,1971,4.93923
Turkey,TUR,1972,4.77829
Turkey,TUR,1973,4.69334
Turkey,TUR,1974,4.90436
Turkey,TUR,1975,6.8088
Turkey,TUR,1976,8.24015
Turkey,TUR,1977,8.8138
Turkey,TUR,1978,8.52856
Turkey,TUR,1979,7.79946
Turkey,TUR,1980,6.26225
Turkey,TUR,1981,5.35658
Turkey,TUR,1982,5.39509
Turkey,TUR,1983,5.78889
Turkey,TUR,1984,6.68755
Turkey,TUR,1985,8.11946
Turkey,TUR,1986,8.93927
Turkey,TUR,1987,9.41249
Turkey,TUR,1988,9.7649
Turkey,TUR,1989,10.6391
Turkey,TUR,1990,12.02
Turkey,TUR,1991,12.90681
Turkey,TUR,1992,13.75321
Turkey,TUR,1993,15.48983
Turkey,TUR,1994,18.94961
Turkey,TUR,1995,19.24971
Turkey,TUR,1997,22.79952
Turkey,TUR,1998,22.00106
Turkey,TUR,1999,22.4772
Turkey,TUR,2001,25.03845
Turkey,TUR,2002,25.93343
Turkey,TUR,2003,29.72105
Turkey,TUR,2004,30.76625
Turkey,TUR,2005,33.22252
Turkey,TUR,2006,37.31024
Turkey,TUR,2007,39.3874
Turkey,TUR,2008,40.77296
Turkey,TUR,2009,46.94046
Turkey,TUR,2010,56.75062
Turkey,TUR,2011,61.5163
Turkey,TUR,2012,70.1045
Turkey,TUR,2013,79.64696
Turkey,TUR,2014,86.99768
Turkey,TUR,2015,95.56451
Turkey,TUR,2016,103.71558
Turkey,TUR,2017,110.53407
Turkey,TUR,2018,115.46246
Turkey,TUR,2019,117.00547
Turkey,TUR,2020,118.88368
Turkey,TUR,2021,125.76379
Turkey,TUR,2022,127.57797
Turkey,TUR,2023,105.88606
Turkmenistan,TKM,1981,22.2725
Turkmenistan,TKM,1986,22.13294
Turkmenistan,TKM,1988,11.66553
Turkmenistan,TKM,1989,11.31083
Turkmenistan,TKM,1990,11.79921
Turkmenistan,TKM,1991,21.02491
Turkmenistan,TKM,2014,7.0009365
Turkmenistan,TKM,2019,11.050771
Turkmenistan,TKM,2020,12.40857
Turkmenistan,TKM,2021,14.542599
Turkmenistan,TKM,2022,16.731602
Turkmenistan,TKM,2023,18.80842
Turkmenistan,TKM,2024,20.425035
Turks and Caicos Islands,TCA,2008,0.11648
Turks and Caicos Islands,TCA,2010,0.30979
Turks and Caicos Islands,TCA,2014,13.516068
Turks and Caicos Islands,TCA,2015,12.380953
Turks and Caicos Islands,TCA,2016,11.061947
Turks and Caicos Islands,TCA,2017,11.817125
Turks and Caicos Islands,TCA,2018,11.300076
Turks and Caicos Islands,TCA,2019,11.7383175
Turks and Caicos Islands,TCA,2022,16.97318
Turks and Caicos Islands,TCA,2023,25.253708
Tuvalu,TUV,2023,19.350962
Uganda,UGA,1970,0.47233
Uganda,UGA,1971,0.47066
Uganda,UGA,1972,0.53787
Uganda,UGA,1974,0.54193
Uganda,UGA,1975,0.51513
Uganda,UGA,1976,0.47197
Uganda,UGA,1977,0.56336
Uganda,UGA,1978,0.59227
Uganda,UGA,1979,0.52276
Uganda,UGA,1980,0.48564
Uganda,UGA,1981,0.53538
Uganda,UGA,1982,0.58364
Uganda,UGA,1985,0.73501
Uganda,UGA,1986,0.77583
Uganda,UGA,1987,0.84725
Uganda,UGA,1988,0.9214
Uganda,UGA,1989,0.92414
Uganda,UGA,1990,1.05559
Uganda,UGA,1991,1.23332
Uganda,UGA,1992,1.20323
Uganda,UGA,1993,1.30782
Uganda,UGA,1994,1.45316
Uganda,UGA,1995,1.55666
Uganda,UGA,1996,1.78656
Uganda,UGA,1999,1.9514
Uganda,UGA,2000,2.61232
Uganda,UGA,2001,2.85116
Uganda,UGA,2002,3.54375
Uganda,UGA,2003,3.77904
Uganda,UGA,2004,3.65948
Uganda,UGA,2006,3.56147
Uganda,UGA,2008,3.80543
Uganda,UGA,2009,4.19194
Uganda,UGA,2010,3.91661
Uganda,UGA,2011,4.37658
Uganda,UGA,2012,3.74987
Uganda,UGA,2014,4.619
Ukraine,UKR,1971,41.98277
Ukraine,UKR,1976,38.91486
Ukraine,UKR,1981,41.19201
Ukraine,UKR,1982,42.13129
Ukraine,UKR,1983,43.46853
Ukraine,UKR,1984,43.47799
Ukraine,UKR,1985,45.14483
Ukraine,UKR,1986,46.03893
Ukraine,UKR,1988,48.8078
Ukraine,UKR,1989,45.80546
Ukraine,UKR,1990,46.61475
Ukraine,UKR,1991,45.60676
Ukraine,UKR,1992,45.64646
Ukraine,UKR,1993,43.97205
Ukraine,UKR,1994,41.64655
Ukraine,UKR,1995,43.58487
Ukraine,UKR,1996,43.07639
Ukraine,UKR,1998,46.25608
Ukraine,UKR,1999,48.15698
Ukraine,UKR,2000,50.50712
Ukraine,UKR,2001,52.91011
Ukraine,UKR,2002,56.64568
Ukraine,UKR,2003,60.25532
Ukraine,UKR,2004,63.44075
Ukraine,UKR,2005,66.88986
Ukraine,UKR,2006,71.93981
Ukraine,UKR,2007,76.26276
Ukraine,UKR,2008,79.73252
Ukraine,UKR,2009,82.49925
Ukraine,UKR,2010,81.90825
Ukraine,UKR,2011,84.7981
Ukraine,UKR,2012,83.8799
Ukraine,UKR,2013,81.53201
Ukraine,UKR,2014,83.78422
Ukraine,UKR,2015,76.864655
Ukraine,UKR,2016,77.03984
Ukraine,UKR,2017,80.19903
Ukraine,UKR,2018,81.494675
Ukraine,UKR,2019,84.48135
Ukraine,UKR,2020,82.1346
Ukraine,UKR,2021,75.90794
Ukraine,UKR,2023,82.55336
Ukraine,UKR,2024,87.192
United Arab Emirates,ARE,2018,53.211327
United Arab Emirates,ARE,2019,53.881466
United Arab Emirates,ARE,2020,54.9747
United Arab Emirates,ARE,2021,56.452034
United Arab Emirates,ARE,2022,60.418823
United Arab Emirates,ARE,2023,61.34561
United Arab Emirates,ARE,2024,63.738445
United Kingdom,GBR,2000,57.36512
United Kingdom,GBR,2001,57.4873
United Kingdom,GBR,2002,61.12822
United Kingdom,GBR,2003,61.45597
United Kingdom,GBR,2004,59.45267
United Kingdom,GBR,2005,59.2745
United Kingdom,GBR,2006,59.19072
United Kingdom,GBR,2007,58.84509
United Kingdom,GBR,2008,57.43099
United Kingdom,GBR,2009,59.10113
United Kingdom,GBR,2010,59.84673
United Kingdom,GBR,2011,59.34267
United Kingdom,GBR,2012,59.15357
United Kingdom,GBR,2013,56.77948
United Kingdom,GBR,2014,56.52403
United Kingdom,GBR,2015,56.44613
United Kingdom,GBR,2016,58.08387
United Kingdom,GBR,2017,59.62821
United Kingdom,GBR,2018,61.13777
United Kingdom,GBR,2019,65.51199
United Kingdom,GBR,2020,69.40766
United Kingdom,GBR,2021,76.75436
United Kingdom,GBR,2022,79.76951
United Kingdom,GBR,2023,80.41465
United States,USA,1971,46.75178
United States,USA,1972,47.98798
United States,USA,1973,48.31675
United States,USA,1974,48.39281
United States,USA,1975,50.14085
United States,USA,1976,53.61024
United States,USA,1977,51.78696
United States,USA,1978,52.43584
United States,USA,1979,51.81013
United States,USA,1980,52.87824
United States,USA,1981,55.34802
United States,USA,1982,56.88193
United States,USA,1983,57.54935
United States,USA,1984,58.75491
United States,USA,1985,59.24207
United States,USA,1986,60.95349
United States,USA,1987,64.01674
United States,USA,1988,66.82406
United States,USA,1989,68.58268
United States,USA,1990,71.49573
United States,USA,1991,72.8128
United States,USA,1992,77.06266
United States,USA,1993,78.71442
United States,USA,1994,79.47643
United States,USA,1995,80.34253
United States,USA,1996,79.33733
United States,USA,1998,70.89962
United States,USA,1999,71.37549
United States,USA,2005,80.63483
United States,USA,2013,88.72642
United States,USA,2014,88.62687
United States,USA,2015,88.88941
United States,USA,2016,88.83505
United States,USA,2017,88.16739
United States,USA,2018,88.29918
United States,USA,2019,87.88871
United States,USA,2020,87.56766
United States,USA,2021,84.85509
United States,USA,2022,79.36193
United States Virgin Islands,VIR,1982,30.10157
United States Virgin Islands,VIR,1983,29.60086
United States Virgin Islands,VIR,1986,27.96947
United States Virgin Islands,VIR,1987,28.98633
United States Virgin Islands,VIR,1991,29.53647
United States Virgin Islands,VIR,1992,31.27172
United States Virgin Islands,VIR,1993,33.55135
Upper-middle-income countries,OWID_UMC,1970,7.11038
Upper-middle-income countries,OWID_UMC,1971,3.39778
Upper-middle-income countries,OWID_UMC,1972,3.65343
Upper-middle-income countries,OWID_UMC,1973,4.77342
Upper-middle-income countries,OWID_UMC,1974,4.48202
Upper-middle-income countries,OWID_UMC,1975,4.55344
Upper-middle-income countries,OWID_UMC,1976,4.89794
Upper-middle-income countries,OWID_UMC,1977,5.35728
Upper-middle-income countries,OWID_UMC,1978,5.52084
Upper-middle-income countries,OWID_UMC,1979,5.96789
Upper-middle-income countries,OWID_UMC,1980,6.55031
Upper-middle-income countries,OWID_UMC,1981,6.87576
Upper-middle-income countries,OWID_UMC,1982,7.02058
Upper-middle-income countries,OWID_UMC,1983,6.92133
Upper-middle-income countries,OWID_UMC,1984,9.7515
Upper-middle-income countries,OWID_UMC,1985,10.11081
Upper-middle-income countries,OWID_UMC,1986,7.52627
Upper-middle-income countries,OWID_UMC,1987,8.52946
Upper-middle-income countries,OWID_UMC,1988,7.85821
Upper-middle-income countries,OWID_UMC,1989,8.47538
Upper-middle-income countries,OWID_UMC,1990,8.05681
Upper-middle-income countries,OWID_UMC,1991,8.6209
Upper-middle-income countries,OWID_UMC,1992,9.20166
Upper-middle-income countries,OWID_UMC,1993,8.70341
Upper-middle-income countries,OWID_UMC,1994,10.04581
Upper-middle-income countries,OWID_UMC,1995,12.9723
Upper-middle-income countries,OWID_UMC,1996,11.5314
Upper-middle-income countries,OWID_UMC,1997,15.02286
Upper-middle-income countries,OWID_UMC,1998,13.45189
Upper-middle-income countries,OWID_UMC,1999,14.36242
Upper-middle-income countries,OWID_UMC,2000,15.3637
Upper-middle-income countries,OWID_UMC,2001,16.5188
Upper-middle-income countries,OWID_UMC,2002,18.32539
Upper-middle-income countries,OWID_UMC,2003,20.42538
Upper-middle-income countries,OWID_UMC,2004,22.15608
Upper-middle-income countries,OWID_UMC,2005,23.55562
Upper-middle-income countries,OWID_UMC,2006,26.24037
Upper-middle-income countries,OWID_UMC,2007,26.4565
Upper-middle-income countries,OWID_UMC,2008,27.74705
Upper-middle-income countries,OWID_UMC,2009,29.04009
Upper-middle-income countries,OWID_UMC,2010,30.99677
Upper-middle-income countries,OWID_UMC,2011,32.87067
Upper-middle-income countries,OWID_UMC,2012,35.34407
Upper-middle-income countries,OWID_UMC,2013,37.85076
Upper-middle-income countries,OWID_UMC,2014,44.07663
Upper-middle-income countries,OWID_UMC,2015,46.64995
Upper-middle-income countries,OWID_UMC,2016,48.63045
Upper-middle-income countries,OWID_UMC,2017,50.1707
Upper-middle-income countries,OWID_UMC,2018,51.44511
Upper-middle-income countries,OWID_UMC,2019,53.27105
Upper-middle-income countries,OWID_UMC,2020,56.02167
Upper-middle-income countries,OWID_UMC,2021,58.98314
Upper-middle-income countries,OWID_UMC,2022,61.78022
Upper-middle-income countries,OWID_UMC,2023,64.09775
Upper-middle-income countries,OWID_UMC,2024,64.59947
Uruguay,URY,1974,12.00899
Uruguay,URY,1975,14.70605
Uruguay,URY,1977,17.31859
Uruguay,URY,1979,16.42931
Uruguay,URY,1980,15.51973
Uruguay,URY,1981,17.25129
Uruguay,URY,1982,22.47282
Uruguay,URY,1983,23.95789
Uruguay,URY,1989,29.25181
Uruguay,URY,1990,30.11084
Uruguay,URY,1991,30.7542
Uruguay,URY,1992,28.08597
Uruguay,URY,1996,29.96432
Uruguay,URY,1998,35.4384
Uruguay,URY,1999,33.61979
Uruguay,URY,2000,33.84145
Uruguay,URY,2001,37.77916
Uruguay,URY,2002,39.58323
Uruguay,URY,2003,41.76297
Uruguay,URY,2004,42.76561
Uruguay,URY,2005,44.38367
Uruguay,URY,2006,45.33998
Uruguay,URY,2007,50.39213
Uruguay,URY,2008,51.06276
Uruguay,URY,2009,50.94381
Uruguay,URY,2010,51.88843
Uruguay,URY,2011,52.555817
Uruguay,URY,2012,54.70691
Uruguay,URY,2013,59.95126
Uruguay,URY,2014,59.826706
Uruguay,URY,2015,57.789722
Uruguay,URY,2016,59.646294
Uruguay,URY,2017,59.751892
Uruguay,URY,2018,60.278133
Uruguay,URY,2019,61.964428
Uruguay,URY,2020,64.93321
Uruguay,URY,2021,75.17139
Uruguay,URY,2022,76.39774
Uruguay,URY,2023,79.95369
Uzbekistan,UZB,1986,15.16388
Uzbekistan,UZB,1988,15.76347
Uzbekistan,UZB,1989,15.98439
Uzbekistan,UZB,1990,16.85455
Uzbekistan,UZB,1991,17.0047
Uzbekistan,UZB,1992,16.43744
Uzbekistan,UZB,1999,12.97968
Uzbekistan,UZB,2000,13.00811
Uzbekistan,UZB,2001,13.29787
Uzbekistan,UZB,2002,13.738
Uzbekistan,UZB,2003,13.83506
Uzbekistan,UZB,2004,13.85279
Uzbekistan,UZB,2005,9.84445
Uzbekistan,UZB,2006,9.96053
Uzbekistan,UZB,2007,9.83143
Uzbekistan,UZB,2008,9.89934
Uzbekistan,UZB,2009,9.81611
Uzbekistan,UZB,2010,8.856532
Uzbekistan,UZB,2011,8.584979
Uzbekistan,UZB,2012,7.84954
Uzbekistan,UZB,2013,7.9767694
Uzbekistan,UZB,2014,7.9923186
Uzbekistan,UZB,2015,8.053208
Uzbekistan,UZB,2016,8.339583
Uzbekistan,UZB,2017,8.647503
Uzbekistan,UZB,2018,9.958555
Uzbekistan,UZB,2019,13.031667
Uzbekistan,UZB,2020,15.9720955
Uzbekistan,UZB,2021,22.0939
Uzbekistan,UZB,2022,31.701937
Uzbekistan,UZB,2023,45.75918
Uzbekistan,UZB,2024,56.51748
Uzbekistan,UZB,2025,59.808697
Vanuatu,VUT,1999,4.55673
Vanuatu,VUT,2000,4.5442
Vanuatu,VUT,2001,4.50631
Vanuatu,VUT,2002,5.41702
Vanuatu,VUT,2003,4.86403
Vanuatu,VUT,2004,4.87792
Venezuela,VEN,1971,9.16673
Venezuela,VEN,1972,10.60823
Venezuela,VEN,1973,11.8262
Venezuela,VEN,1974,12.68838
Venezuela,VEN,1975,14.14566
Venezuela,VEN,1976,15.42676
Venezuela,VEN,1978,17.81869
Venezuela,VEN,1979,18.34263
Venezuela,VEN,1980,18.96914
Venezuela,VEN,1981,18.9722
Venezuela,VEN,1982,20.01556
Venezuela,VEN,1983,20.6762
Venezuela,VEN,1984,21.8268
Venezuela,VEN,1985,21.60808
Venezuela,VEN,1986,24.58148
Venezuela,VEN,1987,23.5751
Venezuela,VEN,1988,24.52081
Venezuela,VEN,1989,25.8284
Venezuela,VEN,1990,26.87698
Venezuela,VEN,1991,27.49104
Venezuela,VEN,1992,27.04346
Venezuela,VEN,2000,27.81149
Venezuela,VEN,2002,37.51897
Venezuela,VEN,2003,39.20634
Venezuela,VEN,2004,41.20583
Venezuela,VEN,2008,78.2515
Venezuela,VEN,2009,78.26992
Vietnam,VNM,1976,1.68051
Vietnam,VNM,1977,1.98197
Vietnam,VNM,1978,2.33301
Vietnam,VNM,1979,2.50336
Vietnam,VNM,1980,2.45199
Vietnam,VNM,1981,2.07333
Vietnam,VNM,1986,2.08524
Vietnam,VNM,1989,2.97109
Vietnam,VNM,1990,3.05396
Vietnam,VNM,1991,2.04989
Vietnam,VNM,1992,1.62645
Vietnam,VNM,1993,2.01602
Vietnam,VNM,1994,2.24715
Vietnam,VNM,1995,2.832
Vietnam,VNM,1996,4.06363
Vietnam,VNM,1997,6.84088
Vietnam,VNM,1998,9.5381
Vietnam,VNM,1999,10.41742
Vietnam,VNM,2000,9.24741
Vietnam,VNM,2001,9.30103
Vietnam,VNM,2002,9.55723
Vietnam,VNM,2003,9.91793
Vietnam,VNM,2005,15.87602
Vietnam,VNM,2006,16.80525
Vietnam,VNM,2007,18.95045
Vietnam,VNM,2008,20.0552
Vietnam,VNM,2009,21.50072
Vietnam,VNM,2010,23.925098
Vietnam,VNM,2011,25.867474
Vietnam,VNM,2012,25.748709
Vietnam,VNM,2013,25.62494
Vietnam,VNM,2014,31.330639
Vietnam,VNM,2015,29.72508
Vietnam,VNM,2016,29.081198
Vietnam,VNM,2017,25.952631
Vietnam,VNM,2019,30.22412
Vietnam,VNM,2021,41.955498
Vietnam,VNM,2022,44.753685
Vietnam,VNM,2023,32.841515
Vietnam,VNM,2024,37.592365
World,OWID_WRL,1971,8.73325
World,OWID_WRL,1972,10.65334
World,OWID_WRL,1973,9.73458
World,OWID_WRL,1974,11.34683
World,OWID_WRL,1975,11.53435
World,OWID_WRL,1976,10.71454
World,OWID_WRL,1977,10.92667
World,OWID_WRL,1978,11.18167
World,OWID_WRL,1979,11.44263
World,OWID_WRL,1980,11.86206
World,OWID_WRL,1981,12.22305
World,OWID_WRL,1982,12.35591
World,OWID_WRL,1983,12.26918
World,OWID_WRL,1984,13.67915
World,OWID_WRL,1985,13.61817
World,OWID_WRL,1986,12.5482
World,OWID_WRL,1987,13.04585
World,OWID_WRL,1988,12.97195
World,OWID_WRL,1989,13.33851
World,OWID_WRL,1990,13.30745
World,OWID_WRL,1991,13.5429
World,OWID_WRL,1992,14.88646
World,OWID_WRL,1993,15.3052
World,OWID_WRL,1994,15.84
World,OWID_WRL,1995,16.33529
World,OWID_WRL,1996,16.39226
World,OWID_WRL,1997,17.93274
World,OWID_WRL,1998,18.05853
World,OWID_WRL,1999,18.78472
World,OWID_WRL,2000,19.48416
World,OWID_WRL,2001,20.39295
World,OWID_WRL,2002,21.64284
World,OWID_WRL,2003,22.75039
World,OWID_WRL,2004,23.62348
World,OWID_WRL,2005,24.32945
World,OWID_WRL,2006,25.70148
World,OWID_WRL,2007,26.30332
World,OWID_WRL,2008,27.35087
World,OWID_WRL,2009,28.29096
World,OWID_WRL,2010,29.57834
World,OWID_WRL,2011,31.14361
World,OWID_WRL,2012,32.31134
World,OWID_WRL,2013,33.09154
World,OWID_WRL,2014,35.56448
World,OWID_WRL,2015,36.613
World,OWID_WRL,2016,37.14309
World,OWID_WRL,2017,37.49931
World,OWID_WRL,2018,37.8524
World,OWID_WRL,2019,38.66873
World,OWID_WRL,2020,39.70727
World,OWID_WRL,2021,41.0741
World,OWID_WRL,2022,42.04642
World,OWID_WRL,2023,43.1977
World,OWID_WRL,2024,43.61498
Yemen,YEM,1992,3.99025
Yemen,YEM,1997,3.97207
Yemen,YEM,1999,9.01143
Yemen,YEM,2002,9.18376
Yemen,YEM,2003,8.78117
Yemen,YEM,2004,8.35861
Yemen,YEM,2005,8.3372
Yemen,YEM,2006,8.00743
Yemen,YEM,2007,9.04864
Yemen,YEM,2008,9.2086
Yemen,YEM,2009,9.69779
Yemen,YEM,2010,9.26154
Yemen,YEM,2011,8.8069
Zambia,ZMB,1970,0.39258
Zambia,ZMB,1974,1.12231
Zambia,ZMB,1975,1.95813
Zambia,ZMB,1976,1.98498
Zambia,ZMB,1977,1.54307
Zambia,ZMB,1978,1.54533
Zambia,ZMB,1979,1.49785
Zambia,ZMB,1981,1.42612
Zambia,ZMB,1982,1.46258
Zambia,ZMB,1983,1.52307
Zambia,ZMB,1984,1.46135
Zambia,ZMB,1986,2.24835
Zambia,ZMB,1987,1.95635
Zambia,ZMB,1988,2.15345
Zambia,ZMB,1989,2.03008
Zambia,ZMB,1990,2.08488
Zambia,ZMB,1998,2.399
Zambia,ZMB,1999,2.38266
Zambia,ZMB,2011,3.9906216
Zambia,ZMB,2012,3.9615974
Zimbabwe,ZWE,1971,1.58315
Zimbabwe,ZWE,1972,1.55431
Zimbabwe,ZWE,1973,1.58052
Zimbabwe,ZWE,1974,1.46367
Zimbabwe,ZWE,1975,1.54043
Zimbabwe,ZWE,1976,1.59922
Zimbabwe,ZWE,1977,1.50283
Zimbabwe,ZWE,1978,1.49999
Zimbabwe,ZWE,1979,1.50475
Zimbabwe,ZWE,1980,1.48163
Zimbabwe,ZWE,1981,1.86025
Zimbabwe,ZWE,1982,2.1947
Zimbabwe,ZWE,1983,1.42452
Zimbabwe,ZWE,1984,1.62802
Zimbabwe,ZWE,1985,1.8955
Zimbabwe,ZWE,1986,2.29884
Zimbabwe,ZWE,1989,6.10327
Zimbabwe,ZWE,1990,5.23507
Zimbabwe,ZWE,1991,5.29876
Zimbabwe,ZWE,1992,6.01518
Zimbabwe,ZWE,2010,6.945772
Zimbabwe,ZWE,2011,7.1112266
Zimbabwe,ZWE,2012,7.1287413
Zimbabwe,ZWE,2013,7.3187366
Zimbabwe,ZWE,2015,11.0489025
Zimbabwe,ZWE,2024,7.74913